{
"type": "FeatureCollection",
"name": "dri_2015_fan_zones_epsg5070",
"crs": { "type": "name", "properties": { "name": "urn:ogc:def:crs:EPSG::5070" } },
"features": [
{ "type": "Feature", "properties": { "fan_class": "active", "confidence": "moderate for broad extents; low-moderate for small polygons", "source": "DRI 2015 presentation page 20 color-classified/georeferenced from PDF graticule" }, "geometry": { "type": "MultiPolygon", "coordinates": [ [ [ [ -1875728.721778463339433, 1336861.589476436609402 ], [ -1875731.482712074648589, 1336848.942578444955871 ], [ -1875718.64321615616791, 1336846.139608992962167 ], [ -1875721.404130403185263, 1336833.492709007347003 ], [ -1875708.564611397217959, 1336830.689754616934806 ], [ -1875719.608188137412071, 1336780.102159488713369 ], [ -1875745.287373150931671, 1336785.70812046341598 ], [ -1875778.418512238189578, 1336633.94563886965625 ], [ -1875765.578695040894672, 1336631.142599280225113 ], [ -1875784.905029581394047, 1336542.614597997860983 ], [ -1875772.065075904829428, 1336539.811548714293167 ], [ -1875791.391255328198895, 1336451.283623112598434 ], [ -1875765.711070825345814, 1336445.677524351514876 ], [ -1875787.797802694374695, 1336344.502814257983118 ], [ -1875774.957552971551195, 1336341.699760653311387 ], [ -1875777.718373459298164, 1336329.052927372278646 ], [ -1875790.558642080519348, 1336331.855985102243721 ], [ -1875793.319481001701206, 1336319.209158079698682 ], [ -1875819.000043477863073, 1336324.815339354565367 ], [ -1875821.760919730644673, 1336312.168522715801373 ], [ -1875847.441503246780485, 1336317.774788994342089 ], [ -1875850.202416830463335, 1336305.127982742153108 ], [ -1875888.723317386116832, 1336313.537538444856182 ], [ -1875891.484287199564278, 1336300.890746704535559 ], [ -1875904.324597907019779, 1336303.693974440451711 ], [ -1875907.08558615250513, 1336291.047188964206725 ], [ -1875932.766232795314863, 1336296.653710250742733 ], [ -1875935.527258372865617, 1336284.006935155484825 ], [ -1875961.207926054019481, 1336289.61354144429788 ], [ -1875969.491113379830495, 1336251.673253734130412 ], [ -1875982.33149763266556, 1336254.476598038570955 ], [ -1876004.420127852121368, 1336153.302624403499067 ], [ -1876017.260659103281796, 1336156.106020902981982 ], [ -1876020.021754680899903, 1336143.459287937730551 ], [ -1876071.38391339359805, 1336154.673082324210554 ], [ -1876076.906254340428859, 1336129.379655793542042 ], [ -1876089.746821341104805, 1336132.183160611893982 ], [ -1876092.508010013028979, 1336119.536454679910094 ], [ -1876105.348591725109145, 1336122.339982813689858 ], [ -1876108.109798829769716, 1336109.69328313996084 ], [ -1876120.950395248597488, 1336112.496834587771446 ], [ -1876126.472845856100321, 1336087.203449899563566 ], [ -1876152.154101718449965, 1336092.810626862803474 ], [ -1876154.915364118758589, 1336080.163945978041738 ], [ -1876219.118524954887107, 1336094.182244817027822 ], [ -1876213.595810703234747, 1336119.475567461689934 ], [ -1876226.436392506351694, 1336122.279276540270075 ], [ -1876223.675015781540424, 1336134.92593694338575 ], [ -1876236.515574494376779, 1336137.729661083780229 ], [ -1876230.992781850509346, 1336163.022980039007962 ], [ -1876218.152260934701189, 1336160.219264149665833 ], [ -1876215.390882812207565, 1336172.865930957021192 ], [ -1876202.550376602914184, 1336170.062238383106887 ], [ -1876199.789016911527142, 1336182.708911455934867 ], [ -1876174.108029723167419, 1336177.101592124672607 ], [ -1876168.585384538164362, 1336202.394961167825386 ], [ -1876155.744922457262874, 1336199.591338537167758 ], [ -1876144.699702084530145, 1336250.178118760697544 ], [ -1876131.859311408130452, 1336247.374531823443249 ], [ -1876129.098024048143998, 1336260.021236340748146 ], [ -1876116.257648078724742, 1336257.217672717524692 ], [ -1876113.496379152173176, 1336269.864383493317291 ], [ -1876100.656017893925309, 1336267.060843183891848 ], [ -1876092.372265009675175, 1336305.001000711461529 ], [ -1876079.53195625776425, 1336302.197491969913244 ], [ -1876060.203315504593775, 1336390.724629798904061 ], [ -1876073.043491967022419, 1336393.528109656181186 ], [ -1876070.282236811472103, 1336406.17484804126434 ], [ -1876083.122390186414123, 1336408.978342960355803 ], [ -1876080.361115666572005, 1336421.625079354271293 ], [ -1876118.881493961438537, 1336430.035666860407218 ], [ -1876116.120162279345095, 1336442.682393012102693 ], [ -1876141.800355731975287, 1336448.289539034944028 ], [ -1876139.038985786493868, 1336460.936259068548679 ], [ -1876151.879057331476361, 1336463.739856733707711 ], [ -1876149.117668022401631, 1336476.386574770556763 ], [ -1876161.957716477103531, 1336479.190187497297302 ], [ -1876159.196307803038508, 1336491.836903544142842 ], [ -1876172.036333170020953, 1336494.640531332464889 ], [ -1876160.990618220064789, 1336545.227400357834995 ], [ -1876263.710065580438823, 1336567.656981352949515 ], [ -1876266.471646204823628, 1336555.010293909581378 ], [ -1876471.910038843285292, 1336599.873205866431817 ], [ -1876466.386272381525487, 1336625.166450823890045 ], [ -1876453.546442062128335, 1336622.362383176805452 ], [ -1876448.022711532423273, 1336647.655644924845546 ], [ -1876422.34311392204836, 1336642.047583700856194 ], [ -1876419.58128575515002, 1336654.69422602863051 ], [ -1876381.061914606019855, 1336646.282290477538481 ], [ -1876378.300142667721957, 1336658.928947321604937 ], [ -1876365.460362803423777, 1336656.125011306256056 ], [ -1876362.698609298327938, 1336668.771674408577383 ], [ -1876311.339523531263694, 1336657.55613872106187 ], [ -1876308.577845153165981, 1336670.202820469625294 ], [ -1876257.218767944024876, 1336658.987608281429857 ], [ -1876251.69556097779423, 1336684.281011189566925 ], [ -1876226.016072829021141, 1336678.673536724410951 ], [ -1876223.254506443860009, 1336691.32024963432923 ], [ -1876210.414774981793016, 1336688.516545308521017 ], [ -1876207.653227029368281, 1336701.163264476694167 ], [ -1876194.813510277774185, 1336698.359583464916795 ], [ -1876192.051980759017169, 1336711.006308890180662 ], [ -1876166.372572482097894, 1336705.39901268016547 ], [ -1876163.611080292612314, 1336718.045748497592285 ], [ -1876150.771388769615442, 1336715.242133300984278 ], [ -1876148.009915014496073, 1336727.888875372475013 ], [ -1876135.170238198013976, 1336725.085283486871049 ], [ -1876132.408782875165343, 1336737.732031821040437 ], [ -1876119.569120770087466, 1336734.928463250864297 ], [ -1876116.807683879742399, 1336747.57521784468554 ], [ -1876091.128384897485375, 1336741.968146515311673 ], [ -1876088.36698533850722, 1336754.614911498501897 ], [ -1876062.687707393663004, 1336749.007925169775262 ], [ -1876059.926345166517422, 1336761.654700534185395 ], [ -1876034.247088261414319, 1336756.047799204709008 ], [ -1876031.485763365169987, 1336768.694584958488122 ], [ -1875954.448005503276363, 1336751.874366212170571 ], [ -1875951.686793533852324, 1336764.52117885183543 ], [ -1875926.007545198081061, 1336758.91460101515986 ], [ -1875923.24637055885978, 1336771.561424048151821 ], [ -1875910.406759004341438, 1336768.75816803611815 ], [ -1875902.123288990231231, 1336806.698662297800183 ], [ -1875863.604599284706637, 1336798.289046517340466 ], [ -1875860.843498376430944, 1336810.935894588008523 ], [ -1875809.485262386733666, 1336799.723358665825799 ], [ -1875806.72423660964705, 1336812.370225365506485 ], [ -1875793.884686039527878, 1336809.567143477499485 ], [ -1875785.601662608096376, 1336847.507768760435283 ], [ -1875772.762164543149993, 1336844.70471843611449 ], [ -1875770.001174701144919, 1336857.351601918227971 ], [ -1875757.161691348534077, 1336854.548574906308204 ], [ -1875754.40071993903257, 1336867.195464648073539 ], [ -1875728.721778463339433, 1336861.589476436609402 ] ], [ [ -1875960.242837585974485, 1336355.650708293076605 ], [ -1875921.722125826170668, 1336347.240831967210397 ], [ -1875913.439040707191452, 1336385.181195662356913 ], [ -1875951.959582379786298, 1336393.591034854762256 ], [ -1875960.242837585974485, 1336355.650708293076605 ] ] ], [ [ [ -1873227.265195081708953, 1347273.710466340649873 ], [ -1873214.441277304664254, 1347270.911239029606804 ], [ -1873219.963227312313393, 1347245.613798381993547 ], [ -1873207.13926754752174, 1347242.814581979997456 ], [ -1873212.661177920876071, 1347217.517141469987109 ], [ -1873225.48517548898235, 1347220.316366124199703 ], [ -1873264.138761441456154, 1347043.234575253911316 ], [ -1873276.963019444607198, 1347046.033876832341775 ], [ -1873321.138738755136728, 1346843.655256827361882 ], [ -1873308.314178329892457, 1346840.855889237252995 ], [ -1873311.075137991691008, 1346828.207239198032767 ], [ -1873298.250554479658604, 1346825.407886645291001 ], [ -1873301.011494782287627, 1346812.75923457974568 ], [ -1873288.186888187890872, 1346809.959897064603865 ], [ -1873293.708729615202174, 1346784.662590980064124 ], [ -1873280.88408103515394, 1346781.863264378393069 ], [ -1873289.166783036896959, 1346743.917308613425121 ], [ -1873276.342073569539934, 1346741.117988798301667 ], [ -1873287.385594217339531, 1346690.523393999552354 ], [ -1873274.560804958920926, 1346687.724076847080141 ], [ -1873277.321665074443445, 1346675.075429266551509 ], [ -1873264.496852733660489, 1346672.276127152843401 ], [ -1873267.257693489314988, 1346659.627477549947798 ], [ -1873254.432858062209561, 1346656.828190475236624 ], [ -1873257.193679457530379, 1346644.179538847180083 ], [ -1873231.543958255788311, 1346638.581013941671699 ], [ -1873234.304741390515119, 1346625.932356160134077 ], [ -1873221.479855610989034, 1346623.133118329104036 ], [ -1873224.240619387477636, 1346610.484458515187725 ], [ -1873211.415710526052862, 1346607.685235721990466 ], [ -1873219.697942398255691, 1346569.73925652098842 ], [ -1873206.872972649987787, 1346566.940040516899899 ], [ -1873242.762350716628134, 1346402.507628704886883 ], [ -1873229.937131067505106, 1346399.708378235576674 ], [ -1873232.697830346645787, 1346387.059741749661043 ], [ -1873219.872587610734627, 1346384.260506319347769 ], [ -1873222.633267531171441, 1346371.611867805477232 ], [ -1873158.506896609906107, 1346357.615957508329302 ], [ -1873155.746311196126044, 1346370.264616647968069 ], [ -1873130.095771348802373, 1346364.666394936153665 ], [ -1873127.33522328059189, 1346377.31506442441605 ], [ -1873114.50996598508209, 1346374.515986442100257 ], [ -1873111.74943635915406, 1346387.164662156021222 ], [ -1873098.924193780403584, 1346384.365607463521883 ], [ -1873096.163682596990839, 1346397.014289408922195 ], [ -1873070.513222698122263, 1346391.416245769709349 ], [ -1873067.75274886097759, 1346404.064938057679683 ], [ -1872990.801382186124101, 1346387.271291858050972 ], [ -1872988.041021297918633, 1346399.920011000707746 ], [ -1872923.914861890487373, 1346385.925853502936661 ], [ -1872921.15459505142644, 1346398.574595370562747 ], [ -1872767.251612703083083, 1346364.990621729753911 ], [ -1872770.011652723420411, 1346352.341830366291106 ], [ -1872731.535756335360929, 1346343.946255802875385 ], [ -1872728.775773019529879, 1346356.595059538492933 ], [ -1872703.125192319974303, 1346350.998113904381171 ], [ -1872700.365246349480003, 1346363.646927988389507 ], [ -1872674.714686728315428, 1346358.050067264586687 ], [ -1872677.474594895727932, 1346345.4012449325528 ], [ -1872664.649289910681546, 1346342.602839194005355 ], [ -1872667.40917871822603, 1346329.954014836577699 ], [ -1872654.583850647555664, 1346327.155624138424173 ], [ -1872657.34372009546496, 1346314.506797757465392 ], [ -1872644.518368943594396, 1346311.708422102266923 ], [ -1872647.278219030238688, 1346299.059593703132123 ], [ -1872634.452844795538113, 1346296.261233088560402 ], [ -1872637.212675523944199, 1346283.612402657046914 ], [ -1872611.561876703286543, 1346278.015730674378574 ], [ -1872614.321669169235975, 1346265.366894099162892 ], [ -1872498.892697376897559, 1346240.182781763141975 ], [ -1872501.652319269487634, 1346227.533910174621269 ], [ -1872450.350369705120102, 1346216.34145316760987 ], [ -1872453.109915532870218, 1346203.692567181540653 ], [ -1872414.633352750446647, 1346195.298413295997307 ], [ -1872420.152329621138051, 1346170.00062288204208 ], [ -1872381.675615797517821, 1346161.606616743374616 ], [ -1872384.435046840226278, 1346148.957712318049744 ], [ -1872345.958238680846989, 1346140.563866302603856 ], [ -1872348.717612559674308, 1346127.914951608283445 ], [ -1872335.891982576809824, 1346125.117037144489586 ], [ -1872338.651337096700445, 1346112.468120423611253 ], [ -1872313.000026782276109, 1346106.872340745525435 ], [ -1872315.759343039477244, 1346094.223417880944908 ], [ -1872290.107978197513148, 1346088.627706621075049 ], [ -1872292.867256192723289, 1346075.97877760999836 ], [ -1872254.390120868803933, 1346067.585342095000669 ], [ -1872257.149341701762751, 1346054.936402809107676 ], [ -1872205.846360465046018, 1346043.745407288661227 ], [ -1872208.605505231535062, 1346031.096453616861254 ], [ -1872195.779730569105595, 1346028.298748527420685 ], [ -1872198.538855975260958, 1346015.649792833020911 ], [ -1872160.061450196197256, 1346007.25678019458428 ], [ -1872162.820518438238651, 1345994.607814233982936 ], [ -1872111.51717659807764, 1345983.417382550658658 ], [ -1872089.445222686510533, 1346084.609301009681076 ], [ -1872153.573633460560814, 1346098.597223611548543 ], [ -1872150.81454265024513, 1346111.246202257229015 ], [ -1872163.640193363185972, 1346114.043840152444318 ], [ -1872160.881083192769438, 1346126.692816777154803 ], [ -1872186.532334268791601, 1346132.28814181801863 ], [ -1872183.773185836616904, 1346144.937112296232954 ], [ -1872209.424382388591766, 1346150.532505755312741 ], [ -1872206.665195694658905, 1346163.181470085633919 ], [ -1872219.490768796531484, 1346165.979191440623254 ], [ -1872216.731562743196264, 1346178.628153746016324 ], [ -1872242.382658602902666, 1346184.223645706661046 ], [ -1872239.623414287343621, 1346196.872601868351921 ], [ -1872252.4489370433148, 1346199.670372474007308 ], [ -1872249.689673366956413, 1346212.319326616125181 ], [ -1872275.340668534627184, 1346217.914917078567669 ], [ -1872272.581366598140448, 1346230.563865065574646 ], [ -1872285.406839007744566, 1346233.361684922361746 ], [ -1872282.647517710225657, 1346246.010630892589688 ], [ -1872295.472967039095238, 1346248.808465791167691 ], [ -1872292.713626381708309, 1346261.457409739261493 ], [ -1872318.364474688423797, 1346267.053128784056753 ], [ -1872315.605095769511536, 1346279.702066584257409 ], [ -1872341.255889549152926, 1346285.297854045638815 ], [ -1872338.496472369879484, 1346297.946785692358389 ], [ -1872376.972574981162325, 1346306.340598254930228 ], [ -1872365.934674855321646, 1346356.936296379659325 ], [ -1872340.284095177426934, 1346351.340435160789639 ], [ -1872343.043533091666177, 1346338.691499235806987 ], [ -1872266.09158030571416, 1346321.904350806726143 ], [ -1872268.850904351100326, 1346309.255392238963395 ], [ -1872230.374814810696989, 1346300.862064387183636 ], [ -1872233.134081693599001, 1346288.213095546001568 ], [ -1872181.832494835136458, 1346277.022243569139391 ], [ -1872184.591685652500018, 1346264.373260334832594 ], [ -1872171.766259584808722, 1346261.575591129716486 ], [ -1872174.525431040441617, 1346248.926605880260468 ], [ -1872161.699981887824833, 1346246.12895171972923 ], [ -1872167.218285624170676, 1346220.830979260383174 ], [ -1872064.614239488029853, 1346198.450369961094111 ], [ -1872067.373239453649148, 1346185.801353897200897 ], [ -1872016.071040444308892, 1346174.611492732539773 ], [ -1872018.829964343225583, 1346161.962462282506749 ], [ -1871980.353214488364756, 1346153.57025528117083 ], [ -1871983.112081225030124, 1346140.921214556321502 ], [ -1871944.635237044654787, 1346132.529167679604143 ], [ -1871947.394046616507694, 1346119.880116691347212 ], [ -1871896.091453574597836, 1346108.690972686279565 ], [ -1871898.850187079980969, 1346096.041907309088856 ], [ -1871860.373141703428701, 1346087.650238179368898 ], [ -1871863.131818045163527, 1346075.001162533182651 ], [ -1871824.654678342863917, 1346066.609653529711068 ], [ -1871827.413297520717606, 1346053.96056761732325 ], [ -1871788.936063492903486, 1346045.56921873986721 ], [ -1871791.694625506876037, 1346032.920122559648007 ], [ -1871778.868853570427746, 1346030.123040477279574 ], [ -1871781.627396223833784, 1346017.473942276090384 ], [ -1871743.149998626671731, 1346009.082798660267144 ], [ -1871745.90848411549814, 1345996.433690195670351 ], [ -1871707.430992194917053, 1345988.042706708656624 ], [ -1871710.189420520327985, 1345975.393587972270325 ], [ -1871697.363562619313598, 1345972.596627685707062 ], [ -1871700.121971584390849, 1345959.947506932541728 ], [ -1871661.644316093763337, 1345951.556728705530986 ], [ -1871664.402667894028127, 1345938.907597687561065 ], [ -1871651.576755470829085, 1345936.110705823404714 ], [ -1871654.335087911924347, 1345923.461572777247056 ], [ -1871628.683212723117322, 1345917.86783830402419 ], [ -1871631.441506901290268, 1345905.218699121382087 ], [ -1871618.615544135216624, 1345902.421856512315571 ], [ -1871621.373818953055888, 1345889.772715307306498 ], [ -1871608.54783310345374, 1345886.975887741427869 ], [ -1871611.306088560493663, 1345874.326744518242776 ], [ -1871585.654066521208733, 1345868.733138644369319 ], [ -1871591.170500454725698, 1345843.434842004207894 ], [ -1871578.344445363152772, 1345840.638059573480859 ], [ -1871581.102642740122974, 1345827.988910284824669 ], [ -1871568.276564566651359, 1345825.192142900079489 ], [ -1871573.792920141248032, 1345799.893842386547476 ], [ -1871560.96679998212494, 1345797.097085922490805 ], [ -1871563.724958181381226, 1345784.447934690630063 ], [ -1871550.898814943153411, 1345781.651193272555247 ], [ -1871570.205777189461514, 1345693.107164648128673 ], [ -1871557.379497457528487, 1345690.310413544531912 ], [ -1871562.895730456802994, 1345665.012130323098972 ], [ -1871537.243082843488082, 1345659.418669131351635 ], [ -1871540.001160851679742, 1345646.769522430142388 ], [ -1871527.1748118752148, 1345643.972816464491189 ], [ -1871529.932870522607118, 1345631.323667743708938 ], [ -1871440.148178352043033, 1345611.747233802918345 ], [ -1871442.906104226596653, 1345599.098058333620429 ], [ -1871430.079684012802318, 1345596.301497459644452 ], [ -1871432.837590527720749, 1345583.652319967979565 ], [ -1871420.011147230863571, 1345580.855774139985442 ], [ -1871422.769034383818507, 1345568.206594633171335 ], [ -1871409.942568008089438, 1345565.410063851159066 ], [ -1871412.700435803038999, 1345552.760882314760238 ], [ -1871399.873946343548596, 1345549.964366578729823 ], [ -1871402.631794776534662, 1345537.315183031372726 ], [ -1871389.805282238405198, 1345534.518682341324165 ], [ -1871392.563111311057582, 1345521.869496774394065 ], [ -1871379.736575689399615, 1345519.073011129163206 ], [ -1871385.252194656059146, 1345493.774638054892421 ], [ -1871372.425617053406313, 1345490.978163335938007 ], [ -1871375.183406947413459, 1345478.328975830227137 ], [ -1871349.530201401561499, 1345472.736075652763247 ], [ -1871352.287953031715006, 1345460.086882011732087 ], [ -1871339.461325088515878, 1345457.290456553455442 ], [ -1871342.219057359267026, 1345444.641260885866359 ], [ -1871329.392406332539394, 1345441.844850473571569 ], [ -1871332.150119243189692, 1345429.195652789436281 ], [ -1871319.323445137823001, 1345426.399257423123345 ], [ -1871322.081138687906787, 1345413.750057719415054 ], [ -1871309.254441499244422, 1345410.953677397686988 ], [ -1871312.012115688296035, 1345398.304475677199662 ], [ -1871299.18539542122744, 1345395.508110404480249 ], [ -1871304.700704620685428, 1345370.20970502612181 ], [ -1871291.873942370293662, 1345367.413350679678842 ], [ -1871294.631577379070222, 1345354.764147027395666 ], [ -1871268.978002535644919, 1345349.171487593557686 ], [ -1871271.735599283827469, 1345336.522277793614194 ], [ -1871246.081969924038276, 1345330.929686789168045 ], [ -1871248.839528408367187, 1345318.280470855534077 ], [ -1871223.185844526859, 1345312.687948279315606 ], [ -1871225.943364748265594, 1345300.038726206170395 ], [ -1871213.116497639100999, 1345297.242489548400044 ], [ -1871229.66149593074806, 1345221.347176533192396 ], [ -1871216.834511227207258, 1345218.550934319384396 ], [ -1871222.349469186039641, 1345193.252505227690563 ], [ -1871145.387246401282027, 1345176.475405029254034 ], [ -1871142.629881064873189, 1345189.124643244547769 ], [ -1871129.802848209859803, 1345186.328531086444855 ], [ -1871132.560194643912837, 1345173.679288749815896 ], [ -1871068.424873190466315, 1345159.698994875187054 ], [ -1871065.667621267726645, 1345172.348257812438533 ], [ -1871052.840563345700502, 1345169.552260661963373 ], [ -1871055.597796366084367, 1345156.902993603609502 ], [ -1871042.770715363556519, 1345154.107011500513181 ], [ -1871045.527929024072364, 1345141.457742422819138 ], [ -1871032.70082494080998, 1345138.661775368731469 ], [ -1871035.458019240293652, 1345126.012504275422543 ], [ -1871048.28514222544618, 1345128.808475450845435 ], [ -1871056.556779082166031, 1345090.860687141073868 ], [ -1871043.729599389946088, 1345088.064703606069088 ], [ -1871046.486791856586933, 1345075.415440919809043 ], [ -1871033.659589081769809, 1345072.619472431018949 ], [ -1871036.416762187611312, 1345059.970207729376853 ], [ -1871023.589536334387958, 1345057.174254290759563 ], [ -1871026.346690079430118, 1345044.524987572338432 ], [ -1871013.519441143842414, 1345041.729049179935828 ], [ -1871016.27657552738674, 1345029.079780449159443 ], [ -1870990.622027321951464, 1345023.48795293061994 ], [ -1870993.379123443737626, 1345010.838678056141362 ], [ -1870954.897213090909645, 1345002.451068179914728 ], [ -1870949.383133804192767, 1345027.749644745141268 ], [ -1870923.728581621078774, 1345022.158017150359228 ], [ -1870929.242585298372433, 1344996.859424104448408 ], [ -1870942.069901284761727, 1344999.655236558523029 ], [ -1870950.340960069093853, 1344961.707375128753483 ], [ -1870937.513587375637144, 1344958.911550315096974 ], [ -1870940.270587151637301, 1344946.26226325542666 ], [ -1870914.615791429532692, 1344940.670662893215194 ], [ -1870917.37275294191204, 1344928.021369699854404 ], [ -1870891.717902705306187, 1344922.429837774252519 ], [ -1870894.474825955694541, 1344909.780538440216333 ], [ -1870881.64737566630356, 1344906.984797109151259 ], [ -1870895.431890526320785, 1344843.738311406923458 ], [ -1870882.604341549100354, 1344840.942568646743894 ], [ -1870890.874988256953657, 1344802.994690107414499 ], [ -1870878.047378395684063, 1344800.19895415683277 ], [ -1870880.804240810219198, 1344787.549661407945678 ], [ -1870867.97660786868073, 1344784.753940504742786 ], [ -1870870.73345092474483, 1344772.104645727900788 ], [ -1870806.595129035413265, 1344758.12630815547891 ], [ -1870803.838380490895361, 1344770.775623529916629 ], [ -1870778.183060295879841, 1344765.184430920518935 ], [ -1870772.669637443497777, 1344790.483084448147565 ], [ -1870759.842008885694668, 1344787.68752513686195 ], [ -1870757.085315673612058, 1344800.336859177099541 ], [ -1870744.257701840717345, 1344797.541323154233396 ], [ -1870747.01437615044415, 1344784.891984994057566 ], [ -1870721.359098144574091, 1344779.300962214823812 ], [ -1870724.115734191378579, 1344766.65161791536957 ], [ -1870711.28807002143003, 1344763.856131160398945 ], [ -1870714.0446867053397, 1344751.206784856971353 ], [ -1870701.216999453259632, 1344748.411313149379566 ], [ -1870703.973596778465435, 1344735.761964819161221 ], [ -1870678.318171941442415, 1344730.171070676296949 ], [ -1870681.074731002794579, 1344717.521716212388128 ], [ -1870655.419251649640501, 1344711.930890504503623 ], [ -1870658.175772447371855, 1344699.281529911328107 ], [ -1870619.69246538169682, 1344690.895422760862857 ], [ -1870622.448929014150053, 1344678.246051909867674 ], [ -1870609.621132736327127, 1344675.45071707945317 ], [ -1870612.377577007981017, 1344662.80134421470575 ], [ -1870599.549757647560909, 1344660.006024433299899 ], [ -1870602.306182557251304, 1344647.356649557361379 ], [ -1870589.478340120054781, 1344644.56134482473135 ], [ -1870592.234745670109987, 1344631.911967927822843 ], [ -1870566.579010459361598, 1344626.321407736511901 ], [ -1870569.335377744864672, 1344613.672024708706886 ], [ -1870543.679588019149378, 1344608.081532955169678 ], [ -1870546.435917040565982, 1344595.432143796468154 ], [ -1870495.124211857095361, 1344584.251373845618218 ], [ -1870492.367958445334807, 1344596.900779479416087 ], [ -1870479.540040607564151, 1344594.105639032553881 ], [ -1870490.564975895918906, 1344543.508012635633349 ], [ -1870477.736978274071589, 1344540.712874884018674 ], [ -1870480.493192047346383, 1344528.063469427404925 ], [ -1870467.665171345695853, 1344525.268346727127209 ], [ -1870470.421365757705644, 1344512.618939255364239 ], [ -1870457.593321974622086, 1344509.82383160549216 ], [ -1870476.886537703219801, 1344421.278009402565658 ], [ -1870464.058357427828014, 1344418.48289209115319 ], [ -1870472.326814867788926, 1344380.534701792756096 ], [ -1870459.498573708115146, 1344377.739591294899583 ], [ -1870462.254706368548796, 1344365.090194618795067 ], [ -1870449.426442129770294, 1344362.295099172741175 ], [ -1870452.18255542893894, 1344349.645700482884422 ], [ -1870426.525976613629609, 1344344.055558861233294 ], [ -1870429.282051648944616, 1344331.406154040480033 ], [ -1870390.797095394227654, 1344323.021073028678074 ], [ -1870393.553113263798878, 1344310.371657955925912 ], [ -1870380.724767254199833, 1344307.576665173750371 ], [ -1870383.480765761807561, 1344294.927248089807108 ], [ -1870319.33887856407091, 1344280.952551134396344 ], [ -1870316.582974568940699, 1344293.601988808717579 ], [ -1870290.926228257827461, 1344288.012252451619133 ], [ -1870288.170361608732492, 1344300.661700470140204 ], [ -1870262.513636398594826, 1344295.072049030102789 ], [ -1870259.757807096466422, 1344307.721507390029728 ], [ -1870246.929457127116621, 1344304.926714543020353 ], [ -1870244.173646268434823, 1344317.576179127208889 ], [ -1870192.860280245775357, 1344306.397215908858925 ], [ -1870195.616015494102612, 1344293.747734853997827 ], [ -1870157.130890418076888, 1344285.36370137007907 ], [ -1870159.886568499961868, 1344272.714210067177191 ], [ -1870147.058166220318526, 1344269.919566460885108 ], [ -1870149.813824940938503, 1344257.270073144230992 ], [ -1870111.328536335378885, 1344248.886244993889704 ], [ -1870114.084137888625264, 1344236.236741430824623 ], [ -1870075.598754990613088, 1344227.853073457721621 ], [ -1870078.354299379512668, 1344215.203559638001025 ], [ -1870065.52581115742214, 1344212.409037868957967 ], [ -1870068.281336182495579, 1344199.759522046661004 ], [ -1870055.452824884094298, 1344196.96501533058472 ], [ -1870077.496857361635193, 1344095.768931572325528 ], [ -1870064.668190666008741, 1344092.974411084782332 ], [ -1870072.934638568898663, 1344055.025902064749971 ], [ -1870047.277179231634364, 1344049.43689389526844 ], [ -1870052.788066597189754, 1344024.137881936738268 ], [ -1870039.95929286046885, 1344021.343398373108357 ], [ -1870042.714716952294111, 1344008.693891436560079 ], [ -1870029.885920137166977, 1344005.899422924732789 ], [ -1870038.152132952585816, 1343967.950902393553406 ], [ -1870025.323275251081213, 1343965.156440700870007 ], [ -1870030.834043695125729, 1343939.857429313007742 ], [ -1870018.005144014721736, 1343937.062978554982692 ], [ -1870023.515872819814831, 1343911.763967348495498 ], [ -1870010.686931155854836, 1343908.969527526758611 ], [ -1870016.197620319202542, 1343883.670516517013311 ], [ -1870003.368636676575989, 1343880.876087632728741 ], [ -1870008.879286200040951, 1343855.577076809946448 ], [ -1869996.050260576419532, 1343852.782658861717209 ], [ -1870004.316174712730572, 1343814.834146071923897 ], [ -1869991.487088205292821, 1343812.03973494283855 ], [ -1869994.242373096756637, 1343799.390230776276439 ], [ -1869981.41326350835152, 1343796.595834698993713 ], [ -1869986.923794110305607, 1343771.296824448509142 ], [ -1869974.094642543233931, 1343768.502439308678731 ], [ -1869979.605133504606783, 1343743.203429250512272 ], [ -1869966.775939956540242, 1343740.409055046970025 ], [ -1869969.531165846856311, 1343727.75954905920662 ], [ -1869956.701949217589572, 1343724.965189908631146 ], [ -1869959.457155746174976, 1343712.315681911306456 ], [ -1869946.627916041528806, 1343709.52133781532757 ], [ -1869949.383103208150715, 1343696.871827808208764 ], [ -1869936.553840425098315, 1343694.077498766826466 ], [ -1869939.309008229989558, 1343681.427986750146374 ], [ -1869913.650432328926399, 1343675.839377946453169 ], [ -1869916.405561869498342, 1343663.189859804464504 ], [ -1869877.91760999429971, 1343654.8070780322887 ], [ -1869880.672682368429378, 1343642.157549641095102 ], [ -1869829.355279134353623, 1343630.980759211350232 ], [ -1869823.845285149058327, 1343656.279851032653823 ], [ -1869811.015961705474183, 1343653.485709586413577 ], [ -1869802.751023994758725, 1343691.434375470969826 ], [ -1869789.921753086615354, 1343688.640265548601747 ], [ -1869795.431674214079976, 1343663.341144618112594 ], [ -1869782.602361324708909, 1343660.547045632265508 ], [ -1869785.357302297372371, 1343647.897484210319817 ], [ -1869772.527966330060735, 1343645.103400278836489 ], [ -1869780.7927297858987, 1343607.154716308927163 ], [ -1869716.645703774876893, 1343593.184522473718971 ], [ -1869713.890877596102655, 1343605.834102271124721 ], [ -1869688.232075770385563, 1343600.246167171280831 ], [ -1869685.477286936948076, 1343612.895757314283401 ], [ -1869672.647898665862158, 1343610.101822637952864 ], [ -1869669.893128277268261, 1343622.751419001026079 ], [ -1869657.063754733419046, 1343619.957507611718029 ], [ -1869651.554250384680927, 1343645.256714895600453 ], [ -1869625.89556638058275, 1343639.668966097990051 ], [ -1869620.38613580702804, 1343664.968198277754709 ], [ -1869607.556825349573046, 1343662.174360870849341 ], [ -1869604.80212827748619, 1343674.823984235757962 ], [ -1869591.972832545405254, 1343672.030170114710927 ], [ -1869589.218153917929158, 1343684.679799702716991 ], [ -1869576.388872916577384, 1343681.886008870089427 ], [ -1869573.634212732547894, 1343694.535644680727273 ], [ -1869547.975676008034497, 1343688.948128761257976 ], [ -1869558.994162767427042, 1343638.349565224722028 ], [ -1869533.335458123357967, 1343632.762093060882762 ], [ -1869536.090040860697627, 1343620.112449210137129 ], [ -1869523.260663373395801, 1343617.318737768568099 ], [ -1869526.015226749004796, 1343604.669091909658164 ], [ -1869487.527012527920306, 1343596.288060266058892 ], [ -1869484.77250586100854, 1343608.937718473142013 ], [ -1869471.943111672531813, 1343606.144083717605099 ], [ -1869469.188623449765146, 1343618.793748148949817 ], [ -1869353.724058040650561, 1343593.651935110799968 ], [ -1869356.47837613732554, 1343581.002233634935692 ], [ -1869343.648940206272528, 1343578.208790596108884 ], [ -1869346.403238940984011, 1343565.559087112080306 ], [ -1869333.573779930593446, 1343562.765659126220271 ], [ -1869336.328059303807095, 1343550.115953634027392 ], [ -1869323.498577218269929, 1343547.322540704160929 ], [ -1869326.252837229054421, 1343534.672833205200732 ], [ -1869313.42333206650801, 1343531.879435331327841 ], [ -1869316.17757271672599, 1343519.229725818382576 ], [ -1869290.518512062262744, 1343513.642979356925935 ], [ -1869293.272714446764439, 1343500.993263725889847 ], [ -1869267.613599287578836, 1343495.406585718039423 ], [ -1869270.367763408459723, 1343482.756863954709843 ], [ -1869231.879002653062344, 1343474.376978384563699 ], [ -1869234.633109606103972, 1343461.727246383205056 ], [ -1869221.803495438303798, 1343458.933985420735553 ], [ -1869224.557583028683439, 1343446.28425141540356 ], [ -1869186.068658770993352, 1343437.904571214225143 ], [ -1869183.314627889776602, 1343450.554317566333339 ], [ -1869131.996079384582117, 1343439.381695496384054 ], [ -1869129.242123655509204, 1343452.031460422091186 ], [ -1869116.412494999123737, 1343449.238356948597357 ], [ -1869113.658557713963091, 1343461.888128097401932 ], [ -1869087.999325682874769, 1343456.301986898994073 ], [ -1869082.491525350837037, 1343481.601551969302818 ], [ -1869069.661940881749615, 1343478.808518358506262 ], [ -1869064.154176521347836, 1343504.108100086683407 ], [ -1869000.006380597362295, 1343490.143260759767145 ], [ -1868997.252592244418338, 1343502.793075361289084 ], [ -1868971.593482465250418, 1343497.207282061455771 ], [ -1868974.347233012085781, 1343484.557459230069071 ], [ -1868961.517652960726991, 1343481.764587223995477 ], [ -1868964.271384145598859, 1343469.114762384677306 ], [ -1868938.612173715373501, 1343463.52906765579246 ], [ -1868941.365866634761915, 1343450.879236695356667 ], [ -1868864.388021757127717, 1343434.122587943449616 ], [ -1868867.141600800212473, 1343421.472734395647421 ], [ -1868854.311926478520036, 1343418.680022590793669 ], [ -1868857.065486158477142, 1343406.030167041812092 ], [ -1868792.916957434266806, 1343392.066875020740554 ], [ -1868795.670422140974551, 1343379.417000998510048 ], [ -1868770.010943631641567, 1343373.831810164730996 ], [ -1868772.764370072865859, 1343361.181930021382868 ], [ -1868747.104837065096945, 1343355.596807645400986 ], [ -1868749.858225240604952, 1343342.946921383962035 ], [ -1868737.028433574829251, 1343340.154384841909632 ], [ -1868742.535170744871721, 1343314.854610404465348 ], [ -1868729.705337099963799, 1343312.062084804289043 ], [ -1868732.45868609379977, 1343299.41219663224183 ], [ -1868706.798968476010486, 1343293.827194717945531 ], [ -1868709.552279205294326, 1343281.177300421055406 ], [ -1868696.722395234741271, 1343278.384824108332396 ], [ -1868702.228977509308606, 1343253.085033617913723 ], [ -1868689.39905155915767, 1343250.292568248463795 ], [ -1868700.412134991958737, 1343199.692996093537658 ], [ -1868687.582129254005849, 1343196.90053344052285 ], [ -1868693.088630412006751, 1343171.600751778809354 ], [ -1868680.258582697017118, 1343168.808300067670643 ], [ -1868688.518274282570928, 1343130.858631045557559 ], [ -1868662.858052912401035, 1343125.273760454263538 ], [ -1868665.611244717380032, 1343112.623866766225547 ], [ -1868652.781108870636672, 1343109.831456117099151 ], [ -1868655.534281313885003, 1343097.181560420896858 ], [ -1868629.873959296382964, 1343091.596788410330191 ], [ -1868635.38022719277069, 1343066.2969868874643 ], [ -1868596.889599447138608, 1343057.91994798113592 ], [ -1868602.395752089563757, 1343032.620130204129964 ], [ -1868512.583876667078584, 1343013.074319540522993 ], [ -1868509.830932897748426, 1343025.724256174406037 ], [ -1868497.000667193904519, 1343022.932078312616795 ], [ -1868494.247741870349273, 1343035.582021165173501 ], [ -1868481.417490895371884, 1343032.789866590406746 ], [ -1868484.170397315872833, 1343020.139919625129551 ], [ -1868445.679562650853768, 1343011.763558594975621 ], [ -1868448.432411903748289, 1342999.113601391669363 ], [ -1868435.602106434758753, 1342996.321515280520543 ], [ -1868438.354936324292794, 1342983.671556077664718 ], [ -1868412.694275062996894, 1342978.087433145614341 ], [ -1868415.447066687513143, 1342965.43746782024391 ], [ -1868402.616710892645642, 1342962.645431000972167 ], [ -1868405.369483154732734, 1342949.995463671628386 ], [ -1868392.539104286581278, 1342947.203441912541166 ], [ -1868395.291857186937705, 1342934.553472575033084 ], [ -1868382.461455243639648, 1342931.761465874733403 ], [ -1868385.214188781334087, 1342919.111494536278769 ], [ -1868372.383763759862632, 1342916.319502894533798 ], [ -1868375.136477936292067, 1342903.669529546285048 ], [ -1868362.306029841769487, 1342900.877552964957431 ], [ -1868365.058724655536935, 1342888.227577615762129 ], [ -1868352.228253482375294, 1342885.435616092989221 ], [ -1868354.980928934412077, 1342872.785638737026602 ], [ -1868342.150434688897803, 1342869.993692274438217 ], [ -1868344.903090778971091, 1342857.34371291147545 ], [ -1868319.242051964392886, 1342851.759869278641418 ], [ -1868321.994669788051397, 1342839.109883800381795 ], [ -1868309.164125219685957, 1342836.317986630136147 ], [ -1868311.916723681613803, 1342823.667999147903174 ], [ -1868299.086156035307795, 1342820.87611703760922 ], [ -1868304.591313776792958, 1342795.576140163931996 ], [ -1868291.760704154148698, 1342792.784269 ], [ -1868297.265822252025828, 1342767.484292341629043 ], [ -1868284.435170648153871, 1342764.692432123469189 ], [ -1868287.187710105441511, 1342752.042442845413461 ], [ -1868312.849046945339069, 1342757.626190678682178 ], [ -1868315.601623751921579, 1342744.97621172782965 ], [ -1868354.093654430704191, 1342753.351989618036896 ], [ -1868362.351552223553881, 1342715.402102458290756 ], [ -1868375.182277481770143, 1342718.194079107604921 ], [ -1868383.440227855695412, 1342680.244223260553554 ], [ -1868396.271005651215091, 1342683.036231423960999 ], [ -1868401.776341411517933, 1342657.736346302321181 ], [ -1868427.437960101757199, 1342663.320436604321003 ], [ -1868430.190665100933984, 1342650.670505430083722 ], [ -1868455.852304908446968, 1342656.254680653568357 ], [ -1868458.605047253426164, 1342643.604759824695066 ], [ -1868471.435879800701514, 1342646.396880310727283 ], [ -1868474.188640592386946, 1342633.746965693542734 ], [ -1868499.850330978399143, 1342639.331272414186969 ], [ -1868505.355926795164123, 1342614.031465972773731 ], [ -1868518.186803535092622, 1342616.823656319873407 ], [ -1868531.950879560783505, 1342553.574197695357725 ], [ -1868506.288932876195759, 1342547.989795038010925 ], [ -1868514.547259564278647, 1342510.040120492689312 ], [ -1868476.054138112580404, 1342501.663623287575319 ], [ -1868478.806856046663597, 1342489.013723654206842 ], [ -1868465.975788312964141, 1342486.221592154121026 ], [ -1868468.728486886015162, 1342473.571690512588248 ], [ -1868455.897396079031751, 1342470.779574072686955 ], [ -1868464.155432331375778, 1342432.829869473585859 ], [ -1868541.142254848498851, 1342449.582929765572771 ], [ -1868549.400627226568758, 1342411.633318200008944 ], [ -1868510.907064615050331, 1342403.2566647476051 ], [ -1868513.65979777998291, 1342390.606786104151979 ], [ -1868462.334913602564484, 1342379.438166819745675 ], [ -1868465.087570696137846, 1342366.7882738285698 ], [ -1868452.256320319138467, 1342363.99616282992065 ], [ -1868457.76159531972371, 1342338.696374965133145 ], [ -1868444.93030296289362, 1342335.904274913948029 ], [ -1868453.188155312091112, 1342297.954596594441682 ], [ -1868440.356802073540166, 1342295.16250337800011 ], [ -1868448.614593580365181, 1342257.212831708835438 ], [ -1868435.78317946032621, 1342254.420745327137411 ], [ -1868441.288333694450557, 1342229.120966544840485 ], [ -1868428.45687759318389, 1342226.328891110373661 ], [ -1868431.209435118129477, 1342213.679000771837309 ], [ -1868418.377955943346024, 1342210.886940397787839 ], [ -1868421.130494107492268, 1342198.237048050854355 ], [ -1868382.635974837932736, 1342189.860969639383256 ], [ -1868385.388455831212923, 1342177.211067071417347 ], [ -1868346.893842302262783, 1342168.835148890968412 ], [ -1868349.646266127936542, 1342156.185236089397222 ], [ -1868298.319980731932446, 1342145.017597176600248 ], [ -1868301.072328484850004, 1342132.367670034291223 ], [ -1868275.409122950630262, 1342126.783957401523367 ], [ -1868278.161432437133044, 1342114.13402414531447 ], [ -1868201.171602283604443, 1342097.3833217616193 ], [ -1868198.419406217057258, 1342110.033279692754149 ], [ -1868185.587772160768509, 1342107.241567189106718 ], [ -1868182.83559453766793, 1342119.891531345900148 ], [ -1868170.003975211177021, 1342117.099842126248404 ], [ -1868167.25181603198871, 1342129.749812508933246 ], [ -1868128.756989735644311, 1342121.374872240005061 ], [ -1868126.004886808805168, 1342134.024857065407559 ], [ -1868113.17328860424459, 1342131.23325277143158 ], [ -1868110.421204119920731, 1342143.883243826916441 ], [ -1868071.92644118424505, 1342135.508558332221583 ], [ -1868069.174412952037528, 1342148.1585638304241 ], [ -1868056.342835868010297, 1342145.367044460726902 ], [ -1868050.838815832976252, 1342170.667070013005286 ], [ -1868038.007272382033989, 1342167.875578041886911 ], [ -1868032.503288316307589, 1342193.175620265770704 ], [ -1868019.671778503339738, 1342190.384155694395304 ], [ -1868022.423751862719655, 1342177.734129413263872 ], [ -1867996.760681913234293, 1342172.151249570772052 ], [ -1868002.264551638392732, 1342146.851186900632456 ], [ -1867989.432972600916401, 1342144.059767515398562 ], [ -1867992.184887872310355, 1342131.409735229332 ], [ -1867979.353285760385916, 1342128.618330908706412 ], [ -1867982.105181668652222, 1342115.968296624254435 ], [ -1867969.273556481581181, 1342113.176907365210354 ], [ -1867974.777309114579111, 1342087.876836898736656 ], [ -1867961.945641947444528, 1342085.085458588553593 ], [ -1867964.697498671943322, 1342072.435422407696024 ], [ -1867977.529184742830694, 1342075.226804829202592 ], [ -1867985.78480887087062, 1342037.27672129473649 ], [ -1867934.45781272300519, 1342026.111257313517854 ], [ -1867931.70601408649236, 1342038.761299496050924 ], [ -1867906.04252879275009, 1342033.178690779954195 ], [ -1867903.290767503902316, 1342045.828743296908215 ], [ -1867890.459037504857406, 1342043.03747181291692 ], [ -1867887.70729466015473, 1342055.68753055552952 ], [ -1867874.875579393468797, 1342052.896282358793542 ], [ -1867869.372130134375766, 1342078.196414394536987 ], [ -1867856.540448503568769, 1342075.405193597543985 ], [ -1867853.788742087781429, 1342088.055266899289563 ], [ -1867840.957075186772272, 1342085.264069387922063 ], [ -1867835.453698786906898, 1342110.564230537042022 ], [ -1867822.622065524570644, 1342107.773060425650328 ], [ -1867819.870395540492609, 1342120.423148274654523 ], [ -1867794.20715430798009, 1342114.840873798821121 ], [ -1867796.958786485018209, 1342102.190777725540102 ], [ -1867771.295490763848647, 1342096.608571725897491 ], [ -1867774.047084676101804, 1342083.958469534758478 ], [ -1867761.215411653276533, 1342081.167391184950247 ], [ -1867766.718560293549672, 1342055.867184910457581 ], [ -1867753.886845295317471, 1342053.076117512537166 ], [ -1867756.63840002194047, 1342040.426013434771448 ], [ -1867743.80666194926016, 1342037.634961099829525 ], [ -1867746.558197314385325, 1342024.98485501552932 ], [ -1867733.726436167955399, 1342022.193817743565887 ], [ -1867736.477952170418575, 1342009.543709659483284 ], [ -1867723.646167946746573, 1342006.752687450498343 ], [ -1867737.403646552702412, 1341943.502158138435334 ], [ -1867698.907985309371725, 1341935.129144888371229 ], [ -1867701.659422943135723, 1341922.479033022653311 ], [ -1867663.163667452754453, 1341914.106180014787242 ], [ -1867668.66642792080529, 1341888.805937947938219 ], [ -1867655.83446327643469, 1341886.015017071738839 ], [ -1867658.585823917528614, 1341873.364895095815882 ], [ -1867645.753836199175566, 1341870.573989285388961 ], [ -1867648.505177477840334, 1341857.923865306889638 ], [ -1867635.673166683176532, 1341855.132974559674039 ], [ -1867641.175810055574402, 1341829.832724716281518 ], [ -1867615.511700342176482, 1341824.250984301092103 ], [ -1867618.262983533088118, 1341811.600854321848601 ], [ -1867605.430903518106788, 1341808.810008766595274 ], [ -1867608.182167346356437, 1341796.159876786405221 ], [ -1867595.35006425762549, 1341793.369046296924353 ], [ -1867598.101308722281829, 1341780.718912319745868 ], [ -1867559.604917719960213, 1341772.346523566404358 ], [ -1867562.356105014448985, 1341759.696379367029294 ], [ -1867549.523947436595336, 1341756.905617356533185 ], [ -1867552.27511536818929, 1341744.255471157375723 ], [ -1867539.442934714490548, 1341741.464724210090935 ], [ -1867550.447526236530393, 1341690.864144078223035 ], [ -1867537.615265799919143, 1341688.073399862740189 ], [ -1867540.366393628530204, 1341675.423255998874083 ], [ -1867514.701822435483336, 1341669.841816872591153 ], [ -1867517.45291199744679, 1341657.191666897851974 ], [ -1867504.620601243106648, 1341654.400971988448873 ], [ -1867507.371671442408115, 1341641.750820012297481 ], [ -1867468.874657445354387, 1341633.378838003380224 ], [ -1867466.123643956612796, 1341646.029002312105149 ], [ -1867453.29131652135402, 1341643.238384104333818 ], [ -1867464.295292104594409, 1341592.637723105726764 ], [ -1867451.462884882465005, 1341589.847107631387189 ], [ -1867454.213858727598563, 1341577.196943543618545 ], [ -1867441.381428434047848, 1341574.406343133654445 ], [ -1867444.132382914656773, 1341561.756177056347951 ], [ -1867431.299929547356442, 1341558.965591710759327 ], [ -1867434.05086466553621, 1341546.31542363227345 ], [ -1867421.218388222623616, 1341543.524853352690116 ], [ -1867423.969303977675736, 1341530.874683275818825 ], [ -1867411.13680446264334, 1341528.084128060610965 ], [ -1867413.887700855033472, 1341515.433955983957276 ], [ -1867401.055178266949952, 1341512.643415835918859 ], [ -1867403.806055296678096, 1341499.993241759715602 ], [ -1867390.973509634612128, 1341497.20271667628549 ], [ -1867393.724367300746962, 1341484.552540604490787 ], [ -1867380.891798562370241, 1341481.76203058543615 ], [ -1867383.642636865144596, 1341469.111852516885847 ], [ -1867370.810045056277886, 1341466.321357563603669 ], [ -1867373.560863996855915, 1341453.671177493873984 ], [ -1867360.728249113541096, 1341450.88069760799408 ], [ -1867363.479048691689968, 1341438.230515537085012 ], [ -1867350.646410733228549, 1341435.440050715580583 ], [ -1867353.397190947085619, 1341422.789866650709882 ], [ -1867340.564529916970059, 1341419.999416894977912 ], [ -1867343.315290769096464, 1341407.349230827530846 ], [ -1867317.649918389972299, 1341401.768380624009296 ], [ -1867320.400640974286944, 1341389.118188452441245 ], [ -1867307.567929627373815, 1341386.327788005815819 ], [ -1867310.318632849724963, 1341373.677593831671402 ], [ -1867297.485898429295048, 1341370.887208451051265 ], [ -1867300.236582287820056, 1341358.237012282945216 ], [ -1867274.57106312783435, 1341352.656290827319026 ], [ -1867277.321708720177412, 1341340.006088548339903 ], [ -1867251.656135074095801, 1341334.425435578916222 ], [ -1867254.406742399092764, 1341321.775227195816115 ], [ -1867241.573930419050157, 1341318.98492536554113 ], [ -1867244.324518380686641, 1341306.334714984055609 ], [ -1867205.826000709319487, 1341297.963912222534418 ], [ -1867200.324937748955563, 1341323.264359760563821 ], [ -1867187.492127994308248, 1341320.474138747667894 ], [ -1867201.244687431957573, 1341257.223015194991603 ], [ -1867188.411778986686841, 1341254.432792808162048 ], [ -1867191.162270592758432, 1341241.782570325070992 ], [ -1867178.329339076532051, 1341238.992363004246727 ], [ -1867181.079811319243163, 1341226.342138522770256 ], [ -1867155.413897968828678, 1341220.761773189995438 ], [ -1867158.164331945823506, 1341208.111542597413063 ], [ -1867132.498364112339914, 1341202.531245753634721 ], [ -1867135.248759820591658, 1341189.881009061355144 ], [ -1867122.415750743821263, 1341187.090885293902829 ], [ -1867125.166127090808004, 1341174.440646596485749 ], [ -1867099.500058626290411, 1341168.86044837301597 ], [ -1867102.250396704301238, 1341156.210203577298671 ], [ -1867089.417337313992903, 1341153.420129120117053 ], [ -1867092.167656029574573, 1341140.769882327411324 ], [ -1867079.334573564119637, 1341137.979822937399149 ], [ -1867084.835171810351312, 1341112.679327464196831 ], [ -1867072.002047370187938, 1341109.889279031660408 ], [ -1867074.75232689967379, 1341097.239030358381569 ], [ -1867023.419711827300489, 1341086.079011960420758 ], [ -1867026.169915283098817, 1341073.428748957579955 ], [ -1867013.336732189636678, 1341070.638788191135973 ], [ -1867016.086916281841695, 1341057.988523194100708 ], [ -1867003.253710115328431, 1341055.198577495058998 ], [ -1867006.003874844172969, 1341042.54831049987115 ], [ -1866993.17064560460858, 1341039.758379869395867 ], [ -1866995.92079097032547, 1341027.108110877219588 ], [ -1866983.087538656312972, 1341024.318195312516764 ], [ -1866985.837664657272398, 1341011.667924332199618 ], [ -1866960.171109717339277, 1341006.08814251748845 ], [ -1866962.921197453513741, 1340993.437865421641618 ], [ -1866950.087894824333489, 1340990.64799917023629 ], [ -1866952.83796319598332, 1340977.997720084851608 ], [ -1866940.004637495847419, 1340975.207868900615722 ], [ -1866942.754686504835263, 1340962.557587816612795 ], [ -1866929.921337730251253, 1340959.767751701176167 ], [ -1866932.671367375645787, 1340947.11746862041764 ], [ -1866919.837995529873297, 1340944.327647572383285 ], [ -1866922.588005812140182, 1340931.677362497430295 ], [ -1866909.754610894015059, 1340928.887556517962366 ], [ -1866918.004582271445543, 1340890.936701649101451 ], [ -1866905.171126472996548, 1340888.146902518579736 ], [ -1866907.921097109792754, 1340875.496617677388713 ], [ -1866882.254135196097195, 1340869.917068729409948 ], [ -1866885.004067565547302, 1340857.266777785727754 ], [ -1866872.170561452396214, 1340854.477027969667688 ], [ -1866877.670387005899101, 1340829.176444200100377 ], [ -1866864.836838914547116, 1340826.386705342913046 ], [ -1866867.586732097435743, 1340813.736412522615865 ], [ -1866854.753160935360938, 1340810.946688732830808 ], [ -1866857.503034754190594, 1340798.296393922762945 ], [ -1866844.669440519297495, 1340795.506685201544315 ], [ -1866850.169148972257972, 1340770.206093695247546 ], [ -1866837.335512759396806, 1340767.416395934065804 ], [ -1866842.835181566886604, 1340742.115804661298171 ], [ -1866830.001503379317001, 1340739.326117859221995 ], [ -1866838.250946430489421, 1340701.375234490027651 ], [ -1866774.082209403160959, 1340687.427026513498276 ], [ -1866776.831928316038102, 1340674.776715736836195 ], [ -1866789.665702962316573, 1340677.566323085688055 ], [ -1866797.91491365339607, 1340639.615415773820132 ], [ -1866785.081082295626402, 1340636.825796096585691 ], [ -1866787.83079936937429, 1340624.175493780523539 ], [ -1866774.996944937156513, 1340621.385889175115153 ], [ -1866777.746642646612599, 1340608.735584867885336 ], [ -1866764.912765144137666, 1340605.945995330810547 ], [ -1866767.662443491164595, 1340593.295689024031162 ], [ -1866754.828542913775891, 1340590.50611455575563 ], [ -1866757.57820189697668, 1340577.85580625757575 ], [ -1866744.744278249563649, 1340575.066246859496459 ], [ -1866747.493917868938297, 1340562.415936567122117 ], [ -1866734.659971149172634, 1340559.626392237842083 ], [ -1866740.15921120159328, 1340534.325769778341055 ], [ -1866727.325222505955026, 1340531.536236410494894 ], [ -1866730.074822939233854, 1340518.885924241738394 ], [ -1866691.572775126434863, 1340510.517426878912374 ], [ -1866688.823231404647231, 1340523.167751373024657 ], [ -1866675.989226032514125, 1340520.378294718451798 ], [ -1866678.738750850316137, 1340507.727966114180163 ], [ -1866665.904722408158705, 1340504.93852452817373 ], [ -1866668.654227861901745, 1340492.288193934364244 ], [ -1866655.820176345296204, 1340489.498767418321222 ], [ -1866661.319148067152128, 1340464.198104352457449 ], [ -1866686.987322545144707, 1340469.776992997154593 ], [ -1866695.235890101175755, 1340431.826038922416046 ], [ -1866682.401748235803097, 1340429.036572685465217 ], [ -1866685.151250931201503, 1340416.386254782555625 ], [ -1866672.317085991380736, 1340413.596803612774238 ], [ -1866683.315016561653465, 1340362.995536710834131 ], [ -1866670.480771840084344, 1340360.206088287290186 ], [ -1866675.979696557624266, 1340334.905459315981716 ], [ -1866637.476823959965259, 1340326.537204464199021 ], [ -1866640.226228918181732, 1340313.886880825506523 ], [ -1866627.391910809325054, 1340311.097496790578589 ], [ -1866630.141296404181048, 1340298.44717115489766 ], [ -1866591.638260361505672, 1340290.079121796879917 ], [ -1866588.888931478373706, 1340302.72945975814946 ], [ -1866576.054596699308604, 1340299.940152439288795 ], [ -1866578.803906678687781, 1340287.289810369489715 ], [ -1866565.969548824941739, 1340284.500518120825291 ], [ -1866571.468129594577476, 1340259.199832119280472 ], [ -1866584.302525256061926, 1340261.989132585003972 ], [ -1866592.55044967494905, 1340224.038131773471832 ], [ -1866579.715997301507741, 1340221.248818982159719 ], [ -1866587.963860869640484, 1340183.297824890585616 ], [ -1866575.129347618902102, 1340180.508518954040483 ], [ -1866591.624948916491121, 1340104.606563244946301 ], [ -1866578.790318074403331, 1340101.817251835949719 ], [ -1866592.53654532157816, 1340038.565659734653309 ], [ -1866579.701815792359412, 1340035.776346964761615 ], [ -1866596.197159887524322, 1339959.874481635401025 ], [ -1866583.362312763929367, 1339957.085163395851851 ], [ -1866635.597100631799549, 1339716.729681217344478 ], [ -1866622.761890170164406, 1339713.94030410097912 ], [ -1866639.256938404869288, 1339638.03870703978464 ], [ -1866626.421610351884738, 1339635.249324453761801 ], [ -1866629.170764542883262, 1339622.599061581306159 ], [ -1866603.500058122910559, 1339617.020345735363662 ], [ -1866606.249174046795815, 1339604.370076761581004 ], [ -1866593.41379567887634, 1339601.580743501661345 ], [ -1866596.162892238935456, 1339588.930472536711022 ], [ -1866583.327490802155808, 1339586.141154348151758 ], [ -1866586.07656799745746, 1339573.490881396224722 ], [ -1866573.241143487859517, 1339570.701578280888498 ], [ -1866578.739258689805865, 1339545.401030517416075 ], [ -1866565.903792204800993, 1339542.611738365143538 ], [ -1866568.652830212609842, 1339529.961463548010215 ], [ -1866530.146349035901949, 1339521.593689852161333 ], [ -1866538.393290160922334, 1339483.642841145163402 ], [ -1866525.557731386274099, 1339480.853609284618869 ], [ -1866536.55357082746923, 1339430.252490895800292 ], [ -1866510.882289545610547, 1339424.674051853595302 ], [ -1866513.631210446823388, 1339412.023769339313731 ], [ -1866487.959874687949196, 1339406.44539880589582 ], [ -1866490.708757322281599, 1339393.795110187726095 ], [ -1866465.037367083597928, 1339388.216808160301298 ], [ -1866476.032741784816608, 1339337.615642030257732 ], [ -1866437.525398316793144, 1339329.248283553635702 ], [ -1866434.776612044544891, 1339341.898584228241816 ], [ -1866421.940841458039358, 1339339.109507205430418 ], [ -1866424.689608826534823, 1339326.45920242369175 ], [ -1866399.018017340218648, 1339320.881097706966102 ], [ -1866401.766746442299336, 1339308.230786822736263 ], [ -1866363.259271246846765, 1339299.863761283457279 ], [ -1866366.007943176198751, 1339287.21344019821845 ], [ -1866340.336234397720546, 1339281.635510861873627 ], [ -1866343.084868058096617, 1339268.985183685319498 ], [ -1866291.741324873408303, 1339257.829538755584508 ], [ -1866294.489882458932698, 1339245.179197262506932 ], [ -1866243.146196983056143, 1339234.023842805996537 ], [ -1866234.900749693624675, 1339271.974922922207043 ], [ -1866222.064874615287408, 1339269.186144581297413 ], [ -1866219.316410168074071, 1339281.836512968642637 ], [ -1866206.48054982884787, 1339279.047757917549461 ], [ -1866211.977440454997122, 1339253.747015051543713 ], [ -1866083.618229775456712, 1339225.860437357332557 ], [ -1866086.366485357051715, 1339213.210028037894517 ], [ -1866073.530522466637194, 1339210.421471658395603 ], [ -1866076.278758685104549, 1339197.771060344995931 ], [ -1866063.442772723734379, 1339194.982519041514024 ], [ -1866068.939205972012132, 1339169.681694557890296 ], [ -1866081.775229741353542, 1339172.470244074240327 ], [ -1866084.523464578669518, 1339159.81983911851421 ], [ -1866123.031567598925903, 1339168.18561508320272 ], [ -1866139.521307228133082, 1339092.283303766977042 ], [ -1866126.685163632268086, 1339089.494667956838384 ], [ -1866134.929970519151539, 1339051.543528591282666 ], [ -1866122.093766041798517, 1339048.754899641266093 ], [ -1866127.590263856807724, 1339023.45414244569838 ], [ -1866114.754017406376079, 1339020.66552446433343 ], [ -1866117.502246720017865, 1339008.015144935576245 ], [ -1866091.829703508410603, 1339002.43795830453746 ], [ -1866102.822464923141524, 1338951.836428543319926 ], [ -1866064.313392008887604, 1338943.470743179088458 ], [ -1866061.56525905802846, 1338956.121134758694097 ], [ -1866048.728911987273023, 1338953.332615440478548 ], [ -1866051.477026033913717, 1338940.682219753973186 ], [ -1866038.640655895229429, 1338937.893715512938797 ], [ -1866041.38875057734549, 1338925.243317839223891 ], [ -1866028.552357364678755, 1338922.454828671412542 ], [ -1866034.048507540952414, 1338897.154031467391178 ], [ -1866021.212072356138378, 1338894.365553269395605 ], [ -1866026.708182882517576, 1338869.064756331732497 ], [ -1866013.871705722529441, 1338866.276289102621377 ], [ -1866016.61974139069207, 1338853.625889708055183 ], [ -1866003.78324115765281, 1338850.837437553331256 ], [ -1866012.027288688346744, 1338812.886239763814956 ], [ -1865986.354162302101031, 1338807.309368364745751 ], [ -1865989.102139415917918, 1338794.658965132432058 ], [ -1865950.592361870920286, 1338786.293789580231532 ], [ -1865953.340281813172624, 1338773.643376143882051 ], [ -1865914.830410055350512, 1338765.27836091327481 ], [ -1865917.578272825106978, 1338752.627937278710306 ], [ -1865904.741621666587889, 1338749.839633125578985 ], [ -1865910.237308015115559, 1338724.538784009637311 ], [ -1865858.890510493190959, 1338713.385726376669481 ], [ -1865856.142743164906278, 1338726.036166300764307 ], [ -1865817.632657981477678, 1338717.67158680758439 ], [ -1865823.128078753128648, 1338692.370684444205835 ], [ -1865797.454592185327783, 1338686.794377604266629 ], [ -1865802.949935498647392, 1338661.49346729577519 ], [ -1865790.113148154690862, 1338658.705334437312558 ], [ -1865792.860800216207281, 1338646.054878359660506 ], [ -1865780.023989803856239, 1338643.266760576982051 ], [ -1865782.771622500848025, 1338630.616302513983101 ], [ -1865769.934789018239826, 1338627.82819980988279 ], [ -1865775.43001522263512, 1338602.527281831018627 ], [ -1865762.593139765318483, 1338599.739190097199753 ], [ -1865765.34073327248916, 1338587.088730182964355 ], [ -1865752.503834743052721, 1338584.300653524696827 ], [ -1865755.251408885000274, 1338571.650191627908498 ], [ -1865742.414487286703661, 1338568.862130047054961 ], [ -1865745.162042064592242, 1338556.211666163057089 ], [ -1865732.325097394175828, 1338553.423619659384713 ], [ -1865735.072632807306945, 1338540.773153789807111 ], [ -1865670.887752449605614, 1338526.833188486984 ], [ -1865668.140311556868255, 1338539.48367488454096 ], [ -1865655.303341891150922, 1338536.695743477903306 ], [ -1865652.555919442093, 1338549.346236102748662 ], [ -1865626.882005418883637, 1338543.770439047832042 ], [ -1865632.376774239819497, 1338518.469439496984705 ], [ -1865619.539773172000423, 1338515.681561533361673 ], [ -1865649.760760810924694, 1338376.526170484255999 ], [ -1865572.737419239943847, 1338359.79903458384797 ], [ -1865575.484665564028546, 1338347.148532583611086 ], [ -1865549.810147237265483, 1338341.572965871542692 ], [ -1865555.304562886944041, 1338316.271951811388135 ], [ -1865542.467259667348117, 1338313.484189019771293 ], [ -1865545.214447896229103, 1338300.833681068383157 ], [ -1865532.377121604979038, 1338298.045933353947476 ], [ -1865535.124290470499545, 1338285.395423414185643 ], [ -1865522.286941110622138, 1338282.607690778328106 ], [ -1865527.781239648815244, 1338257.306669062236324 ], [ -1865514.943848315393552, 1338254.518947400618345 ], [ -1865517.690977990860119, 1338241.868435612879694 ], [ -1865504.853563585085794, 1338239.080729028442875 ], [ -1865507.600673893932253, 1338226.430215264903381 ], [ -1865481.925794781418517, 1338220.854851437965408 ], [ -1865484.672866822220385, 1338208.204331581713632 ], [ -1865471.835402112919837, 1338205.416674337582663 ], [ -1865474.582454788731411, 1338192.766152497380972 ], [ -1865448.907475063111633, 1338187.190887350356206 ], [ -1865451.654489469714463, 1338174.540359424427152 ], [ -1865425.97945527266711, 1338168.965162800624967 ], [ -1865450.702223923290148, 1338055.11043304996565 ], [ -1865437.864530439954251, 1338052.322826570365578 ], [ -1865454.346242046216503, 1337976.419744268292561 ], [ -1865402.994972755201161, 1337965.269411671673879 ], [ -1865405.741847460391, 1337952.618888961849734 ], [ -1865392.904000817798078, 1337949.831349667161703 ], [ -1865395.650856157764792, 1337937.180824975948781 ], [ -1865382.812986447941512, 1337934.393300762400031 ], [ -1865385.55982242198661, 1337921.742774091428146 ], [ -1865372.721929642371833, 1337918.955264956690371 ], [ -1865375.46874625235796, 1337906.304736300138757 ], [ -1865362.630830400623381, 1337903.51724224537611 ], [ -1865368.124424429843202, 1337878.216183089651167 ], [ -1865342.448504618136212, 1337872.641236113151535 ], [ -1865345.195263131987303, 1337859.990701513830572 ], [ -1865332.357278072042391, 1337857.203252697829157 ], [ -1865335.104017221834511, 1337844.552716111764312 ], [ -1865322.266009093727916, 1337841.765282375738025 ], [ -1865327.759448201395571, 1337816.464207369601354 ], [ -1865314.921398100210354, 1337813.676784607814625 ], [ -1865317.668098058784381, 1337801.026246182154864 ], [ -1865304.830024887807667, 1337798.238838500343263 ], [ -1865307.576705480460078, 1337785.58829809888266 ], [ -1865294.738609237363562, 1337782.800905495882034 ], [ -1865297.485270466655493, 1337770.150363103253767 ], [ -1865284.64715115702711, 1337767.362985581625253 ], [ -1865287.393793019000441, 1337754.71244121901691 ], [ -1865274.555650637019426, 1337751.925078777596354 ], [ -1865277.302273134700954, 1337739.274532426381484 ], [ -1865264.464107685722411, 1337736.487185064936057 ], [ -1865267.210710818646476, 1337723.836636733962223 ], [ -1865254.372522300109267, 1337721.049304453888908 ], [ -1865257.1191060685087, 1337708.398754137568176 ], [ -1865231.442678725346923, 1337702.824138920055702 ], [ -1865234.18922422430478, 1337690.173582518240437 ], [ -1865221.350985401775688, 1337687.386299583828077 ], [ -1865224.097511534346268, 1337674.735741206211969 ], [ -1865185.582713361363858, 1337666.373995194444433 ], [ -1865199.315053548896685, 1337603.121173581108451 ], [ -1865186.476684638764709, 1337600.333942758385092 ], [ -1865189.223132388433442, 1337587.683380704140291 ], [ -1865125.03113084891811, 1337573.747493848670274 ], [ -1865127.777483618119732, 1337561.096913390792906 ], [ -1865114.939051911234856, 1337558.309789470629767 ], [ -1865123.178050735965371, 1337520.358048542635515 ], [ -1865110.339558149687946, 1337517.570931495632976 ], [ -1865113.085871264804155, 1337504.920351330656558 ], [ -1865061.731783659663051, 1337493.772058576811105 ], [ -1865058.985546161653474, 1337506.422655157279223 ], [ -1865046.147032753564417, 1337503.635634035803378 ], [ -1865043.400813698070124, 1337516.286236844956875 ], [ -1865030.562315026996657, 1337513.499239011900499 ], [ -1865027.816114415647462, 1337526.149848048342392 ], [ -1865014.977630486479029, 1337523.362873503705487 ], [ -1865012.231448317877948, 1337536.013488768599927 ], [ -1864999.392979128053412, 1337533.226537512615323 ], [ -1864996.646815401734784, 1337545.877159008989111 ], [ -1864945.29297260986641, 1337534.729562251828611 ], [ -1864948.039060719078407, 1337522.078924341592938 ], [ -1864935.200570706510916, 1337519.292069011135027 ], [ -1864962.661237386753783, 1337392.785765717271715 ], [ -1864975.499916442902759, 1337395.572662082966417 ], [ -1864980.992082056589425, 1337370.271435110829771 ], [ -1864993.830794758629054, 1337373.058358869282529 ], [ -1864996.576895777136087, 1337360.407752678263932 ], [ -1865009.415623216656968, 1337363.194699726533145 ], [ -1865012.161742679541931, 1337350.544099758379161 ], [ -1865025.000484860502183, 1337353.331070095300674 ], [ -1865027.746622766600922, 1337340.680476354202256 ], [ -1865040.585379685275257, 1337343.467469979543239 ], [ -1865048.82384734833613, 1337305.515713821165264 ], [ -1865061.662656815024093, 1337308.30273894360289 ], [ -1865083.632034859154373, 1337207.098182151792571 ], [ -1865070.793074158253148, 1337204.311124199768528 ], [ -1865079.031526602804661, 1337166.359438144834712 ], [ -1865066.192505024373531, 1337163.572387067368254 ], [ -1865068.938636012375355, 1337150.921825195895508 ], [ -1865056.099591362988576, 1337148.13478920259513 ], [ -1865061.591814146377146, 1337122.833663627039641 ], [ -1865048.75272752600722, 1337120.046638611005619 ], [ -1865059.737091942224652, 1337069.444396539358422 ], [ -1865046.897925537778065, 1337066.657374294707552 ], [ -1865057.882206956157461, 1337016.055149811320007 ], [ -1865045.042960772290826, 1337013.268130339682102 ], [ -1865050.535060904687271, 1336987.967022644123062 ], [ -1865037.695772747974843, 1336985.180014151148498 ], [ -1865040.441803218331188, 1336972.529459384968504 ], [ -1865027.602491992292926, 1336969.742465974995866 ], [ -1865030.348503097193316, 1336957.091909231618047 ], [ -1865017.509168799966574, 1336954.304930903017521 ], [ -1865020.255160538945347, 1336941.65437218407169 ], [ -1864994.576441647019237, 1336936.080464881146327 ], [ -1865002.814300670521334, 1336898.128776852041483 ], [ -1864989.974878262495622, 1336895.341839669039473 ], [ -1864998.212676422204822, 1336857.390158454887569 ], [ -1864921.175714250886813, 1336840.668864417821169 ], [ -1864923.921532621607184, 1336828.018283649580553 ], [ -1864911.082005447242409, 1336825.231464359443635 ], [ -1864916.57360299793072, 1336799.930300983134657 ], [ -1864903.734033850720152, 1336797.143492674455047 ], [ -1864906.479813028592616, 1336784.492910078028217 ], [ -1864893.640220810193568, 1336781.706116850720719 ], [ -1864896.385980623308569, 1336769.055532272905111 ], [ -1864870.706745889037848, 1336763.481995175359771 ], [ -1864873.45246743131429, 1336750.831404520431533 ], [ -1864847.773178228875622, 1336745.257935964502394 ], [ -1864850.518861502408981, 1336732.607339225476608 ], [ -1864811.999839755007997, 1336724.247267983155325 ], [ -1864809.25421319459565, 1336736.897877032170072 ], [ -1864757.895534850889817, 1336725.751400402048603 ], [ -1864755.149983447510749, 1336738.402027982287109 ], [ -1864742.310322353383526, 1336735.615460893139243 ], [ -1864739.56478939182125, 1336748.266094707883894 ], [ -1864688.206179001368582, 1336737.12003463646397 ], [ -1864693.697093227179721, 1336711.818736317567527 ], [ -1864680.857392411446199, 1336709.032261062413454 ], [ -1864691.839139711344615, 1336658.42967351526022 ], [ -1864666.159574351040646, 1336652.856747742509469 ], [ -1864671.650369614362717, 1336627.555450318614021 ], [ -1864658.810542880790308, 1336624.769008009461686 ], [ -1864661.555920916376635, 1336612.118358382722363 ], [ -1864648.716071111848578, 1336609.331931156106293 ], [ -1864654.206787989940494, 1336584.03063007700257 ], [ -1864641.366896215360612, 1336581.244213833473623 ], [ -1864644.11223505763337, 1336568.593562381109223 ], [ -1864669.792052254080772, 1336574.166422262322158 ], [ -1864678.028179437620565, 1336536.21450528386049 ], [ -1864613.828321654116735, 1336522.282437951071188 ], [ -1864616.573601938551292, 1336509.631782693322748 ], [ -1864603.733598986640573, 1336506.845422686776146 ], [ -1864606.47885990398936, 1336494.19476545904763 ], [ -1864593.63883388414979, 1336491.408420536899939 ], [ -1864596.38407543534413, 1336478.757761335000396 ], [ -1864583.544026345247403, 1336475.971431497018784 ], [ -1864591.779691519215703, 1336438.019454333232716 ], [ -1864578.939581554383039, 1336435.233131375396624 ], [ -1864581.684783451026306, 1336422.582472475012764 ], [ -1864568.844650418497622, 1336419.796164602972567 ], [ -1864571.589832949917763, 1336407.145503723993897 ], [ -1864533.069352154387161, 1336398.786682927515358 ], [ -1864530.324226336088032, 1336411.437356113223359 ], [ -1864517.484076648484915, 1336408.651124992407858 ], [ -1864525.719396004453301, 1336370.699099513702095 ], [ -1864512.879185438388959, 1336367.912875272799283 ], [ -1864515.624272063141689, 1336355.262200262863189 ], [ -1864541.304726838832721, 1336360.8346761346329 ], [ -1864549.540097369579598, 1336322.882688486250117 ], [ -1864536.699815351050347, 1336320.096428651129827 ], [ -1864539.444919033907354, 1336307.445766251301393 ], [ -1864526.604613945819438, 1336304.659521500580013 ], [ -1864532.094782117055729, 1336279.3581948869396 ], [ -1864519.254435058915988, 1336276.571961119072512 ], [ -1864524.744563575135544, 1336251.270634806947783 ], [ -1864511.904174542054534, 1336248.484412024728954 ], [ -1864514.649219204671681, 1336235.833747952245176 ], [ -1864476.127970416098833, 1336227.475182424299419 ], [ -1864473.382982467068359, 1336240.125858802348375 ], [ -1864447.702166934031993, 1336234.553585927467793 ], [ -1864450.447117074392736, 1336221.902901346795261 ], [ -1864437.606684158323333, 1336219.116789588471875 ], [ -1864443.096545244101435, 1336193.815418612677604 ], [ -1864455.937015968840569, 1336196.601538573624566 ], [ -1864464.171860848087817, 1336158.64951037010178 ], [ -1864451.331333410227671, 1336155.863378103589639 ], [ -1864456.821189878508449, 1336130.562028405256569 ], [ -1864443.980620466172695, 1336127.775907122995704 ], [ -1864446.725529103539884, 1336115.125231362413615 ], [ -1864433.884936625836417, 1336112.339125167112797 ], [ -1864436.629825897980481, 1336099.688447429565713 ], [ -1864423.789210352115333, 1336096.90235632006079 ], [ -1864426.53408025810495, 1336084.251676608342677 ], [ -1864413.693441642681137, 1336081.465600584400818 ], [ -1864416.438292181352153, 1336068.814918904099613 ], [ -1864403.597630500094965, 1336066.028857967350632 ], [ -1864409.087292386451736, 1336040.727492775535211 ], [ -1864383.405880914302543, 1336035.155412062071264 ], [ -1864386.150673354743049, 1336022.504724459024146 ], [ -1864373.30994247016497, 1336019.718708782223985 ], [ -1864376.054715544916689, 1336007.068019206402823 ], [ -1864363.213961593108252, 1336004.282018615165725 ], [ -1864365.958715301472694, 1335991.63132706657052 ], [ -1864353.117938281735405, 1335988.845341565320268 ], [ -1864355.862672624643892, 1335976.194648039760068 ], [ -1864343.021872535580769, 1335973.408677622908726 ], [ -1864345.766587512101978, 1335960.757982121547684 ], [ -1864332.92576435720548, 1335957.972026793053374 ], [ -1864335.670459968503565, 1335945.321329318918288 ], [ -1864297.147908806800842, 1335936.963566157966852 ], [ -1864294.403269909322262, 1335949.614275937667117 ], [ -1864281.562430101912469, 1335946.828397362027317 ], [ -1864284.307050095172599, 1335934.177683482179418 ], [ -1864271.466187220299616, 1335931.39181999489665 ], [ -1864274.210787845542654, 1335918.741104149492458 ], [ -1864261.369901903206483, 1335915.955255749402568 ], [ -1864264.114483163924888, 1335903.304537924006581 ], [ -1864251.273574154125527, 1335900.518704610876739 ], [ -1864254.018136048456654, 1335887.867984814103693 ], [ -1864241.177203968632966, 1335885.082166588166729 ], [ -1864243.921746498439461, 1335872.431444811634719 ], [ -1864231.080791353946552, 1335869.645641674287617 ], [ -1864242.058881229022518, 1335819.042759477393702 ], [ -1864229.21784630115144, 1335816.256959123071283 ], [ -1864231.962348711444065, 1335803.606239790795371 ], [ -1864206.280228563351557, 1335798.034688447369263 ], [ -1864211.769156380323693, 1335772.733239768538624 ], [ -1864198.928052250528708, 1335769.947484678355977 ], [ -1864201.672496562125161, 1335757.296759430551901 ], [ -1864188.831369367195293, 1335754.511019427329302 ], [ -1864191.575794312171638, 1335741.860292206518352 ], [ -1864178.734644050011411, 1335739.074567290488631 ], [ -1864181.479049628833309, 1335726.423838099930435 ], [ -1864168.637876299442723, 1335723.638128272257745 ], [ -1864171.382262512575835, 1335710.987397104501724 ], [ -1864158.541066113393754, 1335708.201702365418896 ], [ -1864161.285432959441096, 1335695.550969230709597 ], [ -1864148.444213495124131, 1335692.765289578586817 ], [ -1864153.932907993439585, 1335667.463821489131078 ], [ -1864141.091646557906643, 1335664.678152825683355 ], [ -1864143.835974209941924, 1335652.027417872333899 ], [ -1864130.994689704850316, 1335649.241764294682071 ], [ -1864133.738997990265489, 1335636.591027369955555 ], [ -1864082.373742732219398, 1335625.448588557075709 ], [ -1864085.11797493789345, 1335612.797837356803939 ], [ -1864072.276631812797859, 1335610.012271525803953 ], [ -1864075.020844651386142, 1335597.361518359975889 ], [ -1864100.703564547933638, 1335602.932677411474288 ], [ -1864108.936313720885664, 1335564.980455283541232 ], [ -1864096.094899140298367, 1335562.194853861350566 ], [ -1864098.839129037922248, 1335549.544113304000348 ], [ -1864085.997691389871761, 1335546.75852696900256 ], [ -1864091.486111986916512, 1335521.457044052891433 ], [ -1864078.644632367882878, 1335518.671468706335872 ], [ -1864084.133013309445232, 1335493.369986100355163 ], [ -1864071.291491716168821, 1335490.584421740844846 ], [ -1864074.035662589361891, 1335477.93367953505367 ], [ -1864061.194117931649089, 1335475.148130264133215 ], [ -1864066.682420483790338, 1335449.846644034143537 ], [ -1864053.840833851601928, 1335447.061105751665309 ], [ -1864059.329096746398136, 1335421.759619841584936 ], [ -1864046.487468145554885, 1335418.974092547781765 ], [ -1864051.975691383006051, 1335393.672606956446543 ], [ -1864039.134020808385685, 1335390.887090651318431 ], [ -1864044.622204390121624, 1335365.58560537151061 ], [ -1864031.780491845915094, 1335362.800100054591894 ], [ -1864037.268635769607499, 1335337.498615097720176 ], [ -1864024.426881254417822, 1335334.713120771106333 ], [ -1864029.914985520765185, 1335309.411636135540903 ], [ -1864017.073189033661038, 1335306.626152797369286 ], [ -1864025.305285255657509, 1335268.673929512267932 ], [ -1864012.463427892886102, 1335265.888453060993925 ], [ -1864015.20744013832882, 1335253.237712126923725 ], [ -1863976.681786357192323, 1335244.881385613232851 ], [ -1863973.937830825336277, 1335257.532138850074261 ], [ -1863961.095956813078374, 1335254.746739160269499 ], [ -1863966.583829605719075, 1335229.445226616458967 ], [ -1863979.425741427112371, 1335232.230634506558999 ], [ -1863987.657603863626719, 1335194.278393973130733 ], [ -1863974.815635328413919, 1335191.492973781656474 ], [ -1863980.303503499832004, 1335166.191482545342296 ], [ -1863967.461492993636057, 1335163.406073342543095 ], [ -1863975.693235073005781, 1335125.453840157948434 ], [ -1863950.009088143939152, 1335119.883054722100496 ], [ -1863955.496838267659768, 1335094.581560185877606 ], [ -1863916.970473231049255, 1335086.225501359440386 ], [ -1863914.226655113510787, 1335098.876259863376617 ], [ -1863901.384544015629217, 1335096.090949401492253 ], [ -1863906.872141978470609, 1335070.789426326751709 ], [ -1863894.02998890937306, 1335068.00412685633637 ], [ -1863896.773768293438479, 1335055.353364414069802 ], [ -1863883.931592155015096, 1335052.568080033641309 ], [ -1863889.419111726572737, 1335027.266553346067667 ], [ -1863876.576893619261682, 1335024.481279955478385 ], [ -1863879.320633808849379, 1335011.830515700392425 ], [ -1863892.162870820611715, 1335014.615793190896511 ], [ -1863903.137902569724247, 1334964.012773905880749 ], [ -1863890.295589939923957, 1334961.227480015484616 ], [ -1863895.783065232681111, 1334935.925974956480786 ], [ -1863882.940710629569367, 1334933.140692055923864 ], [ -1863888.428146264282987, 1334907.839187322882935 ], [ -1863875.58574969205074, 1334905.053915413795039 ], [ -1863878.329447911586612, 1334892.403162142727524 ], [ -1863852.644604472210631, 1334886.832667697221041 ], [ -1863858.131923906970769, 1334861.531151149887592 ], [ -1863806.762035842053592, 1334850.390359750483185 ], [ -1863809.505619246978313, 1334837.739588278345764 ], [ -1863822.348116411827505, 1334840.524761442095041 ], [ -1863830.578920569969341, 1334802.572472099913284 ], [ -1863817.736366691300645, 1334799.787286637350917 ], [ -1863820.479948247317225, 1334787.136523690773174 ], [ -1863807.637371304212138, 1334784.351353318430483 ], [ -1863813.124495221301913, 1334759.049825616879389 ], [ -1863800.281876305351034, 1334756.264666237169877 ], [ -1863803.025418666191399, 1334743.61390148056671 ], [ -1863751.654825773322955, 1334732.473439476918429 ], [ -1863754.398292053490877, 1334719.822660454781726 ], [ -1863728.71293282462284, 1334714.252536400221288 ], [ -1863739.686642086366192, 1334663.649408834287897 ], [ -1863726.843880609842017, 1334660.864359195576981 ], [ -1863729.587287864880636, 1334648.213578534778208 ], [ -1863742.430068245856091, 1334650.998632273636758 ], [ -1863753.403768260963261, 1334600.395547347608954 ], [ -1863740.560912261484191, 1334597.61047721048817 ], [ -1863757.021334984805435, 1334521.705889192642644 ], [ -1863718.492401738418266, 1334513.35072014038451 ], [ -1863721.235747193917632, 1334500.699950635200366 ], [ -1863669.863702316768467, 1334489.559977520024404 ], [ -1863672.606971690896899, 1334476.909193750703707 ], [ -1863659.763931163353845, 1334474.124244352802634 ], [ -1863662.507181170629337, 1334461.473458616295829 ], [ -1863675.350240602856502, 1334464.258412114111707 ], [ -1863683.580044564791024, 1334426.306079994654283 ], [ -1863670.736928419210017, 1334423.521114198025316 ], [ -1863676.223424271447584, 1334398.219561920734122 ], [ -1863663.380266154883429, 1334395.434607118368149 ], [ -1863666.123494482832029, 1334382.783830078784376 ], [ -1863653.280313298106194, 1334379.998890369432047 ], [ -1863656.023522259434685, 1334367.348111361265182 ], [ -1863643.180318010505289, 1334364.563186744693667 ], [ -1863651.409885406494141, 1334326.610850217752159 ], [ -1863600.03679993795231, 1334315.471294479910284 ], [ -1863602.77991252578795, 1334302.820503510301933 ], [ -1863589.936611850745976, 1334300.035658457549289 ], [ -1863598.165890126721933, 1334262.083286046050489 ], [ -1863572.479162862990052, 1334256.51362892286852 ], [ -1863575.222216887166724, 1334243.862834187690169 ], [ -1863588.065601503010839, 1334246.647657252149656 ], [ -1863596.294817516114563, 1334208.695298137841746 ], [ -1863583.451376186450943, 1334205.910462774801999 ], [ -1863588.937480072490871, 1334180.60889250272885 ], [ -1863576.093996769282967, 1334177.824068133952096 ], [ -1863578.837029113667086, 1334165.173282101284713 ], [ -1863565.993522747419775, 1334162.388472826685756 ], [ -1863568.736535724950954, 1334149.737684824271128 ], [ -1863555.893006292404607, 1334146.952890643617138 ], [ -1863561.378993050893769, 1334121.651312841568142 ], [ -1863522.848266355227679, 1334113.297020862577483 ], [ -1863520.105329919839278, 1334125.947820996399969 ], [ -1863507.261764937546104, 1334123.163099488476291 ], [ -1863510.004682468017563, 1334110.512295253109187 ], [ -1863497.161094417097047, 1334107.727588837966323 ], [ -1863505.389787515392527, 1334069.77517666015774 ], [ -1863531.077072881162167, 1334075.344633277505636 ], [ -1863539.305875243619084, 1334037.392264892579988 ], [ -1863526.462177929235622, 1334034.607514691771939 ], [ -1863531.9480060483329, 1334009.305938242003322 ], [ -1863519.104266760637984, 1334006.521199035458267 ], [ -1863521.847161221783608, 1333993.870409912662581 ], [ -1863483.315861682174727, 1333985.516295156441629 ], [ -1863488.801535787992179, 1333960.214698722353205 ], [ -1863475.957723143976182, 1333957.43002399103716 ], [ -1863481.443357590818778, 1333932.128427892690524 ], [ -1863468.599502973724157, 1333929.343764158431441 ], [ -1863471.34230059874244, 1333916.692965211346745 ], [ -1863497.030043477891013, 1333922.262320070993155 ], [ -1863505.258547003846616, 1333884.309960625367239 ], [ -1863492.414620932424441, 1333881.525261302478611 ], [ -1863495.157435611123219, 1333868.874474989715964 ], [ -1863482.313486471306533, 1333866.089790762402117 ], [ -1863490.541871015680954, 1333828.137432342162356 ], [ -1863477.697861003689468, 1333825.352755011990666 ], [ -1863488.668958299793303, 1333774.749623936833814 ], [ -1863475.824868507683277, 1333771.96494940505363 ], [ -1863484.053129907464609, 1333734.012611214071512 ], [ -1863471.208979240385816, 1333731.2279435810633 ], [ -1863509.607212690636516, 1333554.117228715214878 ], [ -1863522.451628021197394, 1333556.901953728403896 ], [ -1863538.908099436666816, 1333480.997514351271093 ], [ -1863513.219037758652121, 1333475.428034333512187 ], [ -1863521.447153789224103, 1333437.475818881532177 ], [ -1863559.980910203652456, 1333445.830104586668313 ], [ -1863562.72367133339867, 1333433.179382675327361 ], [ -1863575.568267385475338, 1333435.96418706397526 ], [ -1863589.282160616712645, 1333372.710630010347813 ], [ -1863602.126847032224759, 1333375.495474086143076 ], [ -1863604.869643192971125, 1333362.844773184508085 ], [ -1863617.71434434899129, 1333365.629640554543585 ], [ -1863634.171225015772507, 1333289.725504589267075 ], [ -1863647.016035437118262, 1333292.510415744734928 ], [ -1863652.501696429681033, 1333267.2090623753611 ], [ -1863665.34654049994424, 1333269.994000923587009 ], [ -1863670.83223744854331, 1333244.692664299858734 ], [ -1863683.677115163998678, 1333247.477630239445716 ], [ -1863708.362898641033098, 1333133.621758077526465 ], [ -1863721.207942336332053, 1333136.406780101358891 ], [ -1863723.950823756167665, 1333123.756142416037619 ], [ -1863736.795882191509008, 1333126.54118773387745 ], [ -1863747.767478849738836, 1333075.938674782635644 ], [ -1863734.922344797290862, 1333073.153613069094718 ], [ -1863745.893858425319195, 1333022.551117911236361 ], [ -1863771.584273603744805, 1333028.121293321019039 ], [ -1863774.327188660390675, 1333015.47068307409063 ], [ -1863825.708044692873955, 1333026.611280630808324 ], [ -1863831.194024651776999, 1333001.310099333757535 ], [ -1863844.039266065927222, 1333004.095304909395054 ], [ -1863852.268289239378646, 1332966.143561300355941 ], [ -1863865.113583200844005, 1332968.928798365872353 ], [ -1863870.599634142359719, 1332943.627654841169715 ], [ -1863883.44496175320819, 1332946.412919300841168 ], [ -1863897.160175513708964, 1332883.160118402447551 ], [ -1863884.314753381768242, 1332880.374833447160199 ], [ -1863892.543819364160299, 1332842.42316625919193 ], [ -1863931.080243406351656, 1332850.779115602374077 ], [ -1863933.82332118647173, 1332838.128576443064958 ], [ -1863946.668806446017697, 1332840.913935380987823 ], [ -1863954.898093715077266, 1332802.962343040853739 ], [ -1863967.743631525197998, 1332805.747733471449465 ], [ -1863973.229858527425677, 1332780.446690801996738 ], [ -1863986.075429985765368, 1332783.232108628377318 ], [ -1863994.304823725484312, 1332745.280572952935472 ], [ -1863968.61356322420761, 1332739.709731903392822 ], [ -1863974.099747782805935, 1332714.408702411921695 ], [ -1863986.945417922222987, 1332717.194121536798775 ], [ -1863992.431638434296474, 1332691.893108799587935 ], [ -1864030.968737306306139, 1332700.249505943385884 ], [ -1864033.711903579300269, 1332687.599015080370009 ], [ -1864046.557613780954853, 1332690.384523284854367 ], [ -1864054.787166528170928, 1332652.433075829409063 ], [ -1864067.632929279934615, 1332655.21861552936025 ], [ -1864073.119333268376067, 1332629.917669446906075 ], [ -1864085.965129667893052, 1332632.703236541012302 ], [ -1864091.451569609344006, 1332607.402307211188599 ], [ -1864104.297399652190506, 1332610.187901700846851 ], [ -1864115.270349584985524, 1332559.586085110437125 ], [ -1864128.116251081228256, 1332562.371715192683041 ], [ -1864139.0892692101188, 1332511.769949216861278 ], [ -1864113.397310822270811, 1332506.198675454827026 ], [ -1864116.140526385745034, 1332493.548231116263196 ], [ -1864128.986526565160602, 1332496.333862498868257 ], [ -1864142.702691948739812, 1332433.081693364074454 ], [ -1864155.5487824853044, 1332435.867364439414814 ], [ -1864158.292033074423671, 1332423.216941127553582 ], [ -1864196.830336422892287, 1332431.574081829749048 ], [ -1864202.316949632717296, 1332406.273266228847206 ], [ -1864215.163080230122432, 1332409.059026387752965 ], [ -1864226.136376698268577, 1332358.457437253789976 ], [ -1864238.98257875139825, 1332361.243233008310199 ], [ -1864247.212602942017838, 1332323.292075924109668 ], [ -1864260.058857541298494, 1332326.077903172932565 ], [ -1864268.288934267591685, 1332288.126777646597475 ], [ -1864242.596307479310781, 1332282.555117749143392 ], [ -1864248.082947361050174, 1332257.254361696541309 ], [ -1864260.929300646064803, 1332260.040190245257691 ], [ -1864269.159313699463382, 1332222.089084517909214 ], [ -1864282.005719530861825, 1332224.874944562325254 ], [ -1864279.262363406829536, 1332237.525306896772236 ], [ -1864317.801499212160707, 1332245.882989913225174 ], [ -1864323.288324419874698, 1332220.582291980041191 ], [ -1864336.134732502745464, 1332223.368232912383974 ], [ -1864341.621593662071973, 1332198.067551737185568 ], [ -1864354.46803538966924, 1332200.853520065080374 ], [ -1864357.211484176805243, 1332188.203186786035076 ], [ -1864370.057940647238865, 1332190.989178410964087 ], [ -1864375.544874637154862, 1332165.688526478363201 ], [ -1864388.391364749753848, 1332168.474545498844236 ], [ -1864391.134849950904027, 1332155.824226849479601 ], [ -1864403.981354806572199, 1332158.61026916699484 ], [ -1864406.724858449073508, 1332145.959956747479737 ], [ -1864419.571378042921424, 1332148.74602236202918 ], [ -1864422.314900124911219, 1332136.095716185402125 ], [ -1864435.16143446136266, 1332138.881805095355958 ], [ -1864440.648515039356425, 1332113.58120736759156 ], [ -1864453.49508301820606, 1332116.367323676124215 ], [ -1864458.982199547812343, 1332091.06674270494841 ], [ -1864471.828801170457155, 1332093.85288640903309 ], [ -1864474.572377643082291, 1332081.202603233512491 ], [ -1864487.418994006002322, 1332083.988770234398544 ], [ -1864490.162588916486129, 1332071.338493305724114 ], [ -1864503.00922001991421, 1332074.124683603877202 ], [ -1864505.752833372214809, 1332061.474412908079103 ], [ -1864518.599479218246415, 1332064.260626503033563 ], [ -1864524.086742334300652, 1332038.960099742515013 ], [ -1864536.933421822264791, 1332041.746340736048296 ], [ -1864542.420720888767391, 1332016.445830737939104 ], [ -1864555.267434022622183, 1332019.232099128421396 ], [ -1864558.011101762531325, 1332006.581851444905624 ], [ -1864570.857829634100199, 1332009.368143132422119 ], [ -1864579.088886782061309, 1331971.417425210122019 ], [ -1864591.93566720164381, 1331974.203748394502327 ], [ -1864597.423074118793011, 1331948.903288688277826 ], [ -1864610.269888184266165, 1331951.689639271004125 ], [ -1864613.013609848218039, 1331939.039416736923158 ], [ -1864625.860438651405275, 1331941.825790616683662 ], [ -1864631.347918397048488, 1331916.525360157014802 ], [ -1864644.194780843565241, 1331919.311761433957145 ], [ -1864646.938538922928274, 1331906.661553518148139 ], [ -1864659.785416109254584, 1331909.447978093288839 ], [ -1864668.016744272084907, 1331871.497379494132474 ], [ -1864642.322872313205153, 1331865.924524942180142 ], [ -1864645.066609631059691, 1331853.274321491830051 ], [ -1864657.913566596340388, 1331856.060743268579245 ], [ -1864660.657322353916243, 1331843.410546059720218 ], [ -1864699.198224978987128, 1331851.769938880344853 ], [ -1864701.942036983091384, 1331839.119756112573668 ], [ -1864714.789015099871904, 1331841.906262880191207 ], [ -1864728.508162666810676, 1331778.655401680152863 ], [ -1864715.661090031731874, 1331775.868874411098659 ], [ -1864718.404899248620495, 1331763.218704493017867 ], [ -1864756.946161375148222, 1331771.57835619780235 ], [ -1864759.690026838099584, 1331758.928200723836198 ], [ -1864772.537124790251255, 1331761.714793788036332 ], [ -1864778.024892128072679, 1331736.414497470948845 ], [ -1864790.87202372145839, 1331739.20111793349497 ], [ -1864796.359827008564025, 1331713.900838384637609 ], [ -1864809.206992244813591, 1331716.687486245529726 ], [ -1864817.438750401604921, 1331678.737095285672694 ], [ -1864791.744302343344316, 1331673.163794160587713 ], [ -1864794.48818299267441, 1331660.513659922871739 ], [ -1864833.029905544128269, 1331668.873652711510658 ], [ -1864835.773842439753935, 1331656.223532917909324 ], [ -1864848.621093865251169, 1331659.010239677270874 ], [ -1864854.109004067722708, 1331633.710014725336805 ], [ -1864866.956289138644934, 1331636.496748884441331 ], [ -1864883.420122015522793, 1331560.596150039462373 ], [ -1864896.267516340594739, 1331563.382927998201922 ], [ -1864907.243471244350076, 1331512.782588020898402 ], [ -1864920.09093702188693, 1331515.56940158107318 ], [ -1864963.99498471361585, 1331313.16845017648302 ], [ -1864976.842748779337853, 1331315.95534854196012 ], [ -1864993.306849397020414, 1331240.055157837690786 ], [ -1864967.611090256599709, 1331234.481331099756062 ], [ -1864970.355067592812702, 1331221.831298614153638 ], [ -1864996.050864540040493, 1331227.405133553314954 ], [ -1865007.02692045760341, 1331176.805057870224118 ], [ -1865019.874888299265876, 1331179.592020540963858 ], [ -1865028.106982065364718, 1331141.641998588573188 ], [ -1865040.955002449685708, 1331144.428992758970708 ], [ -1865060.163337280508131, 1331055.879045290639624 ], [ -1865073.011485824361444, 1331058.666087365243584 ], [ -1865086.731805550167337, 1330995.416209726128727 ], [ -1865099.580044445814565, 1330998.203291503479704 ], [ -1865110.556367467157543, 1330947.603444389998913 ], [ -1865123.404677811311558, 1330950.390561768552288 ], [ -1865148.101547517580912, 1330836.541068163467571 ], [ -1865160.950023829005659, 1330839.328241648618132 ], [ -1865174.67058522766456, 1330776.078618565574288 ], [ -1865187.519151887856424, 1330778.865831752074882 ], [ -1865247.889899677829817, 1330500.568217650288716 ], [ -1865235.040917146485299, 1330497.780914249829948 ], [ -1865254.249611865961924, 1330409.231862532207742 ], [ -1865241.400492844404653, 1330406.44454962736927 ], [ -1865249.632726887939498, 1330368.494975927751511 ], [ -1865211.085174711421132, 1330360.133115515811369 ], [ -1865224.80527191911824, 1330296.883807456353679 ], [ -1865250.503833233844489, 1330302.458402869058773 ], [ -1865269.712214410305023, 1330213.909519158769399 ], [ -1865231.163969224318862, 1330205.547568732639775 ], [ -1865236.651960520772263, 1330180.247882395982742 ], [ -1865262.35087042232044, 1330185.822513215942308 ], [ -1865276.071029543643817, 1330122.573375955456868 ], [ -1865263.221482159337029, 1330119.78603044222109 ], [ -1865293.405583292013034, 1329980.638072372181341 ], [ -1865280.555823808535933, 1329977.850700954440981 ], [ -1865294.275756625225767, 1329914.601694518234581 ], [ -1865281.425898458808661, 1329911.814321801997721 ], [ -1865295.145725109381601, 1329848.565348573727533 ], [ -1865282.29576826444827, 1329845.777974557131529 ], [ -1865285.039713293546811, 1329833.128182257059962 ], [ -1865259.339749299222603, 1329827.553483629599214 ], [ -1865262.08365605538711, 1329814.903685280587524 ], [ -1865236.38363759405911, 1329809.32905526086688 ], [ -1865239.127506078919396, 1329796.679250853369012 ], [ -1865213.427433153148741, 1329791.104689444415271 ], [ -1865216.171263366239145, 1329778.454878985416144 ], [ -1865177.621066027553752, 1329770.093168586259708 ], [ -1865172.13351855520159, 1329795.392816252773628 ], [ -1865146.43344178260304, 1329789.818455066066235 ], [ -1865149.177177945617586, 1329777.168621958699077 ], [ -1865136.327114409999922, 1329774.381466068793088 ], [ -1865139.070831204298884, 1329761.731631008442491 ], [ -1865151.920913642970845, 1329764.518790998496115 ], [ -1865160.152117936173454, 1329726.569311019033194 ], [ -1865108.751536351395771, 1329715.420737072592601 ], [ -1865106.00787766627036, 1329728.070577982114628 ], [ -1865093.157740761525929, 1329725.283486601430923 ], [ -1865095.901380543364212, 1329712.633641591994092 ], [ -1865070.201056430814788, 1329707.059508238919079 ], [ -1865078.431859564734623, 1329669.109961494104937 ], [ -1865065.581634552683681, 1329666.322911323048174 ], [ -1865068.32521576108411, 1329653.673062611604109 ], [ -1865055.47496767854318, 1329650.886027541710064 ], [ -1865058.218529518460855, 1329638.236176875885576 ], [ -1865032.51798305567354, 1329632.662156144157052 ], [ -1865035.261506623588502, 1329620.012299425434321 ], [ -1865022.411208242876455, 1329617.225313764996827 ], [ -1865025.15471244067885, 1329604.575455098878592 ], [ -1864986.603735602227971, 1329596.214601032203063 ], [ -1864981.116840159054846, 1329621.514345115749165 ], [ -1864968.266544020967558, 1329618.727440364658833 ], [ -1864971.009973073145375, 1329606.077563147293404 ], [ -1864958.159653869457543, 1329603.290673498762771 ], [ -1864960.90306355105713, 1329590.640794335631654 ], [ -1864973.753401658032089, 1329593.427688082680106 ], [ -1864981.983684616861865, 1329555.478075777878985 ], [ -1864969.133289800491184, 1329552.691169732250273 ], [ -1864971.876697618048638, 1329540.041299162665382 ], [ -1864959.026279732119292, 1329537.254408219829202 ], [ -1864961.769668180495501, 1329524.604535700054839 ], [ -1864948.91922722873278, 1329521.81765986001119 ], [ -1864951.662596307694912, 1329509.167785390047356 ], [ -1864938.812132285675034, 1329506.380924653960392 ], [ -1864941.555481994524598, 1329493.731048236833885 ], [ -1864928.704994907602668, 1329490.944202604936436 ], [ -1864931.448325247736648, 1329478.294324236223474 ], [ -1864918.597815092885867, 1329475.507493706885725 ], [ -1864921.341126064304262, 1329462.857613385189325 ], [ -1864882.789513900643215, 1329454.497224719030783 ], [ -1864880.046259639086202, 1329467.147117339074612 ], [ -1864867.195732826599851, 1329464.360363621963188 ], [ -1864869.938968184869736, 1329451.710466903168708 ], [ -1864857.08841830259189, 1329448.923728288616985 ], [ -1864862.574849813478068, 1329423.623933106195182 ], [ -1864875.425437502330169, 1329426.410679919179529 ], [ -1864886.398370543727651, 1329375.81113174255006 ], [ -1864873.547707241727039, 1329373.024368532467633 ], [ -1864890.006979397963732, 1329297.125086170388386 ], [ -1864864.305413466645405, 1329291.551568170776591 ], [ -1864869.791758177103475, 1329266.251808183034882 ], [ -1864856.940931156277657, 1329263.46506978943944 ], [ -1864859.684083909029141, 1329250.815188921289518 ], [ -1864821.131521158153191, 1329242.455076666548848 ], [ -1864826.617711844854057, 1329217.155296786455438 ], [ -1864813.766811457462609, 1329214.368622910697013 ], [ -1864819.252962471917272, 1329189.068843437125906 ], [ -1864806.402020115870982, 1329186.282180565409362 ], [ -1864811.888131459010765, 1329160.982401492539793 ], [ -1864799.03714713267982, 1329158.195749627891928 ], [ -1864801.780183201190084, 1329145.54585921834223 ], [ -1864776.078164247097448, 1329139.972604902694002 ], [ -1864778.821162042673677, 1329127.32270844723098 ], [ -1864714.565947272349149, 1329113.389888226054609 ], [ -1864717.308850085595623, 1329100.739973424933851 ], [ -1864678.755614541936666, 1329092.380499441409484 ], [ -1864681.4984601798933, 1329079.730574492830783 ], [ -1864617.242889818269759, 1329065.798481439705938 ], [ -1864619.985640472499654, 1329053.148538151057437 ], [ -1864594.283345373347402, 1329047.575827159453183 ], [ -1864597.026057755574584, 1329034.925877822097391 ], [ -1864558.472527169855312, 1329026.566943068290129 ], [ -1864561.215182375395671, 1329013.916983586503193 ], [ -1864111.420561965787783, 1328916.40870543429628 ], [ -1864108.678568380186334, 1328929.058808345114812 ], [ -1863993.016440437408164, 1328903.989090416347608 ], [ -1863990.274616517592221, 1328916.639232355635613 ], [ -1863926.017827604198828, 1328902.712303921347484 ], [ -1863917.792636604513973, 1328940.662804091116413 ], [ -1863840.684692821232602, 1328923.951197457034141 ], [ -1863846.167927110334858, 1328898.650812693405896 ], [ -1863743.356799867935479, 1328876.369680405128747 ], [ -1863735.132401424925774, 1328914.320359094999731 ], [ -1863683.726964763831347, 1328903.180303015513346 ], [ -1863689.209746295353398, 1328877.879815633175895 ], [ -1863599.249807258602232, 1328858.385399506427348 ], [ -1863596.508549052290618, 1328871.035670798504725 ], [ -1863365.182395486393943, 1328820.911566915456206 ], [ -1863362.441477083833888, 1328833.561914086341858 ], [ -1863311.035557707305998, 1328822.424085714155808 ], [ -1863302.813026549527422, 1328860.375189284561202 ], [ -1863277.110155320959166, 1328854.806414899416268 ], [ -1863274.369348477339372, 1328867.456795251229778 ], [ -1863248.666498411213979, 1328861.888105873949826 ], [ -1863251.407267446629703, 1328849.237717332318425 ], [ -1863238.555817269952968, 1328846.453397355508059 ], [ -1863244.037316134665161, 1328821.152618534164503 ], [ -1863154.076783736702055, 1328801.662859082221985 ], [ -1863148.595549527788535, 1328826.963695239508525 ], [ -1863135.744066063547507, 1328824.17952889832668 ], [ -1863141.225262464256957, 1328798.878684549359605 ], [ -1863102.670673690037802, 1328790.526276180054992 ], [ -1863105.411214479478076, 1328777.875844944734126 ], [ -1863066.856531548779458, 1328769.523597130551934 ], [ -1863069.597015159903094, 1328756.873155761975795 ], [ -1863005.339032548246905, 1328742.953106353525072 ], [ -1863002.598643457517028, 1328755.603568197926506 ], [ -1862925.489040466025472, 1328738.900167234241962 ], [ -1862922.748764333780855, 1328751.550655800150707 ], [ -1862909.897168177179992, 1328748.766826949547976 ], [ -1862907.156910482794046, 1328761.417321762535721 ], [ -1862881.453743502497673, 1328755.84972986811772 ], [ -1862870.492859301390126, 1328806.451763377059251 ], [ -1862857.641345185227692, 1328803.668012614594772 ], [ -1862854.901141874724999, 1328816.318530462682247 ], [ -1862842.049642506055534, 1328813.534803 ], [ -1862844.789826912106946, 1328800.884281059261411 ], [ -1862806.235247131437063, 1328792.533201614394784 ], [ -1862803.495119437808171, 1328805.183735839556903 ], [ -1862752.08903044462204, 1328794.049248489085585 ], [ -1862749.348977901507169, 1328806.699801247334108 ], [ -1862710.794424192979932, 1328798.349149664165452 ], [ -1862713.534420023439452, 1328785.698584624566138 ], [ -1862687.831325612962246, 1328780.131571404868737 ], [ -1862693.311240259790793, 1328754.830431396374479 ], [ -1862706.16282735299319, 1328757.613936594454572 ], [ -1862708.902802881551906, 1328744.963373914128169 ], [ -1862721.754404719918966, 1328747.746902409009635 ], [ -1862724.494398687267676, 1328735.096345968777314 ], [ -1862763.049235958838835, 1328743.447058968245983 ], [ -1862765.789286172483116, 1328730.796516966307536 ], [ -1862791.492528031812981, 1328736.363763178698719 ], [ -1862794.232615588698536, 1328723.713231512578204 ], [ -1862819.935878615127876, 1328729.280562732834369 ], [ -1862822.676003514323384, 1328716.630041408119723 ], [ -1862835.527647694572806, 1328719.413739920128137 ], [ -1862851.968500732909888, 1328643.51068170228973 ], [ -1862826.264981365762651, 1328637.943254747660831 ], [ -1862829.005084098316729, 1328625.292744390200824 ], [ -1862816.153299271827564, 1328622.509055626112968 ], [ -1862818.893382637528703, 1328609.85854331147857 ], [ -1862806.041574744973332, 1328607.07486965553835 ], [ -1862808.781638738932088, 1328594.424355404917151 ], [ -1862795.929807784734294, 1328591.640696860384196 ], [ -1862801.409896566998214, 1328566.339666621293873 ], [ -1862814.261765329400077, 1328569.123333354480565 ], [ -1862817.00182792567648, 1328556.472825557459146 ], [ -1862829.853711434872821, 1328559.25651559047401 ], [ -1862832.593792469473556, 1328546.606014036340639 ], [ -1862845.445690720807761, 1328549.389727369183674 ], [ -1862848.185790193965659, 1328536.739232061896473 ], [ -1862861.037703189300373, 1328539.522968693170696 ], [ -1862863.777821100316942, 1328526.872479631565511 ], [ -1862876.629748842446133, 1328529.65623956406489 ], [ -1862890.330425928812474, 1328466.403846999164671 ], [ -1862877.478403665823862, 1328463.620066593633965 ], [ -1862882.958633430534974, 1328438.319116436643526 ], [ -1862895.810693501494825, 1328441.102905032224953 ], [ -1862912.251485034823418, 1328365.200130765791982 ], [ -1862899.399311539949849, 1328362.416317602852359 ], [ -1862902.139422926586121, 1328349.765858661616221 ], [ -1862889.287226369604468, 1328346.982060609851032 ], [ -1862892.02731838519685, 1328334.331599731231108 ], [ -1862763.504934976110235, 1328306.494634573115036 ], [ -1862760.765032001538202, 1328319.14513639640063 ], [ -1862735.0605432104785, 1328313.577982020797208 ], [ -1862713.141605094540864, 1328414.782139622373506 ], [ -1862725.993700335733593, 1328417.565674452111125 ], [ -1862723.253812069771811, 1328430.216199742397293 ], [ -1862710.401735732797533, 1328427.432669006986544 ], [ -1862707.661865905392915, 1328440.083200541324914 ], [ -1862694.809804311254993, 1328437.299693104578182 ], [ -1862689.330101067200303, 1328462.600770812947303 ], [ -1862676.478073123842478, 1328459.817290770122781 ], [ -1862670.998405824648216, 1328485.118385272100568 ], [ -1862658.146411530673504, 1328482.334932623431087 ], [ -1862655.406596086220816, 1328494.985487195663154 ], [ -1862629.702632827917114, 1328489.418647702084854 ], [ -1862624.223076158436015, 1328514.719779679086059 ], [ -1862611.371126096462831, 1328511.936396928504109 ], [ -1862600.412082785042003, 1328562.538703066296875 ], [ -1862574.708321419777349, 1328556.972027932060882 ], [ -1862577.448045138269663, 1328544.321439981926233 ], [ -1862551.744229329517111, 1328538.754833482438698 ], [ -1862554.483914773212746, 1328526.104239496635273 ], [ -1862515.928103151498362, 1328517.754461501492187 ], [ -1862518.667731416877359, 1328505.103857382433489 ], [ -1862467.259848744608462, 1328493.971072553889826 ], [ -1862464.520296096568927, 1328506.621693047462031 ], [ -1862438.816367613617331, 1328501.055424051359296 ], [ -1862436.07685230881907, 1328513.706054881913587 ], [ -1862410.372944999253377, 1328508.13987089227885 ], [ -1862407.633467037463561, 1328520.790512062842026 ], [ -1862394.781526049599051, 1328518.007452970603481 ], [ -1862381.084223772864789, 1328581.260711555136368 ], [ -1862393.936070238938555, 1328584.043750179931521 ], [ -1862388.45710825943388, 1328609.34506048145704 ], [ -1862401.308912757784128, 1328612.12811012333259 ], [ -1862393.090409582713619, 1328650.080079424427822 ], [ -1862380.238661797251552, 1328647.29704206273891 ], [ -1862377.499178712489083, 1328659.947706890059635 ], [ -1862364.647445672890171, 1328657.164692828198895 ], [ -1862361.907981025753543, 1328669.815363902365789 ], [ -1862297.649347964907065, 1328655.9006021337118 ], [ -1862300.38871808978729, 1328643.249910592101514 ], [ -1862248.981661169556901, 1328632.118430492002517 ], [ -1862251.720955210505053, 1328619.46772473002784 ], [ -1862238.869161680340767, 1328616.684898623265326 ], [ -1862258.0440745993983, 1328528.12998983473517 ], [ -1862270.896000460488722, 1328530.912844594568014 ], [ -1862290.071022889344022, 1328442.358069856418297 ], [ -1862302.923076923005283, 1328445.140972475055605 ], [ -1862308.401688376907259, 1328419.839635808719322 ], [ -1862321.253776060882956, 1328422.622565820114687 ], [ -1862323.993099993560463, 1328409.97190480818972 ], [ -1862336.845202425261959, 1328412.754858119180426 ], [ -1862339.584544796263799, 1328400.104203351540491 ], [ -1862352.436661971034482, 1328402.887179960962385 ], [ -1862360.654743002494797, 1328364.93524084542878 ], [ -1862180.723930125590414, 1328325.975144088501111 ], [ -1862303.982732603792101, 1327756.695802721194923 ], [ -1862316.835811249213293, 1327759.478726129978895 ], [ -1862336.009450241690502, 1327670.924582380801439 ], [ -1862323.156239266041666, 1327668.141630318947136 ], [ -1862331.373449414037168, 1327630.189874446718022 ], [ -1862305.66690155887045, 1327624.624003388686106 ], [ -1862311.144963707542047, 1327599.322827209951356 ], [ -1862349.704892676323652, 1327607.671687167370692 ], [ -1862352.44397976459004, 1327595.021114583360031 ], [ -1862365.297300006728619, 1327597.804110411321744 ], [ -1862370.775510591920465, 1327572.502979895798489 ], [ -1862383.628864486468956, 1327575.286003117682412 ], [ -1862380.889740523183718, 1327587.936563201947138 ], [ -1862393.743071352131665, 1327590.719601536635309 ], [ -1862391.003928017336875, 1327603.370159686077386 ], [ -1862403.857235783478245, 1327606.15321313473396 ], [ -1862401.118073078105226, 1327618.803769345628098 ], [ -1862413.971357783768326, 1327621.586837908020243 ], [ -1862411.232175708282739, 1327634.237392177339643 ], [ -1862462.645197316072881, 1327645.369842125102878 ], [ -1862465.384455008432269, 1327632.719304229132831 ], [ -1862491.090978666208684, 1327638.285652633290738 ], [ -1862488.351683165412396, 1327650.936182342004031 ], [ -1862514.058152380865067, 1327656.502599386731163 ], [ -1862511.318818606436253, 1327669.153123058145866 ], [ -1862537.025233377004042, 1327674.71960874600336 ], [ -1862534.285861326381564, 1327687.37012639013119 ], [ -1862547.139043570263311, 1327690.153393950080499 ], [ -1862544.399652149993926, 1327702.803909652400762 ], [ -1862570.105966346804053, 1327708.370494205970317 ], [ -1862567.366536650806665, 1327721.021003877976909 ], [ -1862618.779039519606158, 1327732.154387095244601 ], [ -1862616.039533741306514, 1327744.804882545489818 ], [ -1862628.892630157526582, 1327747.588272273773327 ], [ -1862626.153105008183047, 1327760.238765785237774 ], [ -1862639.006178359035403, 1327763.022170624928549 ], [ -1862636.266633840743452, 1327775.672662188997492 ], [ -1862649.119684127857909, 1327778.456082142423838 ], [ -1862646.380120238289237, 1327791.106571769108996 ], [ -1862684.939189433585852, 1327799.45693459128961 ], [ -1862682.19956836476922, 1327812.107414091937244 ], [ -1862759.317481024889275, 1327828.808633752632886 ], [ -1862756.577746066730469, 1327841.459090837277472 ], [ -1862769.430698048556224, 1327844.242690576938912 ], [ -1862766.690943718887866, 1327856.893145725596696 ], [ -1862818.102634425740689, 1327868.027720372658223 ], [ -1862815.362804012140259, 1327880.678161302115768 ], [ -1862853.92147165723145, 1327889.029281674651429 ], [ -1862851.181584067177027, 1327901.67971246689558 ], [ -1862966.857192224124447, 1327926.734073889208958 ], [ -1862969.597249950747937, 1327914.083679945906624 ], [ -1862982.450093404855579, 1327916.867598009062931 ], [ -1862985.190169570269063, 1327904.217210307251662 ], [ -1862998.043027767911553, 1327907.001151671633124 ], [ -1863000.783122370019555, 1327894.350770220858976 ], [ -1863013.635995313990861, 1327897.134734886465594 ], [ -1863016.376108352793381, 1327884.484359689988196 ], [ -1863029.228996038204059, 1327887.268347655422986 ], [ -1863037.449389069108292, 1327849.317247260129079 ], [ -1863050.302329306025058, 1327852.101266717072576 ], [ -1863058.522774853045121, 1327814.150197975803167 ], [ -1863071.375767641467974, 1327816.934248922625557 ], [ -1863076.856100146891549, 1327791.633555392269045 ], [ -1863115.415166975697502, 1327799.9858480442781 ], [ -1863129.116273633902892, 1327736.734213331481442 ], [ -1863116.263160999165848, 1327733.950076100882143 ], [ -1863121.743562588468194, 1327708.649429103592411 ], [ -1863134.596713030943647, 1327711.433574524242431 ], [ -1863151.038020026637241, 1327635.531709788367152 ], [ -1863125.331488135503605, 1327629.963389015058056 ], [ -1863128.071666526375338, 1327617.313077579950914 ], [ -1863076.658477200660855, 1327606.176650141831487 ], [ -1863079.398579510161653, 1327593.52632447774522 ], [ -1862848.038063550600782, 1327543.416130334604532 ], [ -1862850.777825122466311, 1327530.765733129810542 ], [ -1862837.924404700985178, 1327527.982011830667034 ], [ -1862846.1436299062334, 1327490.030820850282907 ], [ -1862858.997107039438561, 1327492.814554431010038 ], [ -1862861.736866744467989, 1327480.164165842579678 ], [ -1862926.004284532507882, 1327494.083142334362492 ], [ -1862928.744138291338459, 1327481.432776370085776 ], [ -1863018.71848080214113, 1327500.920178829925135 ], [ -1863015.978494716109708, 1327513.57051613391377 ], [ -1863105.952501051826403, 1327533.058831098256633 ], [ -1863108.6926194652915, 1327520.408522455953062 ], [ -1863172.959736552555114, 1327534.329344123834744 ], [ -1863178.440161017235368, 1327509.028774251928553 ], [ -1863191.293609762797132, 1327511.813004398485646 ], [ -1863199.514299670234323, 1327473.862178038340062 ], [ -1863186.660794213647023, 1327471.077935607172549 ], [ -1863192.141214010072872, 1327445.777387287234887 ], [ -1863140.72699935361743, 1327434.640576884848997 ], [ -1863143.467132937395945, 1327421.990289573790506 ], [ -1863053.491964783053845, 1327402.501582200173289 ], [ -1863056.231965572806075, 1327389.851268382975832 ], [ -1863030.524699419969693, 1327384.283230956178159 ], [ -1863033.264661935623735, 1327371.632911104476079 ], [ -1863046.118315994739532, 1327374.416924308752641 ], [ -1863057.078237002482638, 1327323.815682840999216 ], [ -1863069.931962519185618, 1327326.599731630645692 ], [ -1863072.671960508218035, 1327313.949430743698031 ], [ -1863124.086896580178291, 1327325.08583435928449 ], [ -1863126.82696971623227, 1327312.435552012175322 ], [ -1863152.534450598526746, 1327318.003877256531268 ], [ -1863149.794339654734358, 1327330.654151413589716 ], [ -1863265.477627537911758, 1327355.712528945412487 ], [ -1863268.217908615479246, 1327343.062291641486809 ], [ -1863306.77898639277555, 1327351.415442175464705 ], [ -1863309.51932371663861, 1327338.765219304244965 ], [ -1863322.373026893706992, 1327341.549645327031612 ], [ -1863316.89231397327967, 1327366.850085027515888 ], [ -1863329.745975179132074, 1327369.634522068547085 ], [ -1863321.524845584994182, 1327407.585185504285619 ], [ -1863334.378445921465755, 1327410.369629467837512 ], [ -1863326.157255414873362, 1327448.32030001282692 ], [ -1863339.010794876608998, 1327451.104750897502527 ], [ -1863330.789543456863612, 1327489.055428553605452 ], [ -1863305.082573791733012, 1327483.486570561304688 ], [ -1863294.121049928013235, 1327534.087537026731297 ], [ -1863358.388064807280898, 1327548.009744160808623 ], [ -1863355.647588155698031, 1327560.659970688633621 ], [ -1863368.500959744211286, 1327563.444465642096475 ], [ -1863365.76046372205019, 1327576.094690229743719 ], [ -1863352.907111036824062, 1327573.310199372004718 ], [ -1863339.204718442633748, 1327636.561375106917694 ], [ -1863326.351456115487963, 1327633.776923932135105 ], [ -1863309.908683023415506, 1327709.67843047901988 ], [ -1863297.055529956007376, 1327706.894023081287742 ], [ -1863288.834193821530789, 1327744.84481771918945 ], [ -1863301.687290177680552, 1327747.629212831379846 ], [ -1863298.946824962040409, 1327760.27947792597115 ], [ -1863376.065202288562432, 1327776.986227366607636 ], [ -1863378.805780926719308, 1327764.335986843565479 ], [ -1863404.511911220150068, 1327769.905065168859437 ], [ -1863407.252527199452743, 1327757.254834990017116 ], [ -1863420.105605010874569, 1327760.039407058618963 ], [ -1863422.846239425707608, 1327747.389183136634529 ], [ -1863435.699331976938993, 1327750.173778506694362 ], [ -1863438.439984829863533, 1327737.523560828762129 ], [ -1863451.293092124164104, 1327740.308179501444101 ], [ -1863454.033763414714485, 1327727.657968070590869 ], [ -1863518.299331990070641, 1327741.581370017724112 ], [ -1863521.040097331628203, 1327728.93118122103624 ], [ -1863533.893217465141788, 1327731.71592332678847 ], [ -1863536.634001244558021, 1327719.065740777179599 ], [ -1863549.487136120907962, 1327721.850506185553968 ], [ -1863552.227938335621729, 1327709.200329892802984 ], [ -1863577.934233413310722, 1327714.769926521694288 ], [ -1863580.675072969403118, 1327702.119760571746156 ], [ -1863593.528233168879524, 1327704.904591790866107 ], [ -1863596.269091161200777, 1327692.25443209358491 ], [ -1863634.828603503294289, 1327700.609053283929825 ], [ -1863637.569517740281299, 1327687.958908023778349 ], [ -1863688.98221821594052, 1327699.098688226891682 ], [ -1863691.723207600880414, 1327686.448561506578699 ], [ -1863730.282745966920629, 1327694.803610619856045 ], [ -1863733.023791595594957, 1327682.153498342027888 ], [ -1863758.730167506728321, 1327687.723635311238468 ], [ -1863764.212332976749167, 1327662.423433603951707 ], [ -1863777.065552498213947, 1327665.208539091749117 ], [ -1863779.806653436506167, 1327652.558445566566661 ], [ -1863805.513117795344442, 1327658.128722354304045 ], [ -1863808.254256073851138, 1327645.47863917471841 ], [ -1863859.66721046413295, 1327656.619439622154459 ], [ -1863870.632061364594847, 1327606.01919399574399 ], [ -1863883.485365172382444, 1327608.804458511993289 ], [ -1863886.226595633663237, 1327596.154406589921564 ], [ -1863924.786538790678605, 1327604.510327666532248 ], [ -1863927.527825495926663, 1327591.860290184151381 ], [ -1863953.234471261734143, 1327597.431008463725448 ], [ -1863955.975795306498185, 1327584.780981331365183 ], [ -1863968.829130851197988, 1327587.566373377805576 ], [ -1863971.570473332889378, 1327574.916352495318279 ], [ -1863997.277169738197699, 1327580.487202404998243 ], [ -1864000.018549558706582, 1327567.837191875092685 ], [ -1864012.871910421177745, 1327570.622649736702442 ], [ -1864015.613308678846806, 1327557.972645455040038 ], [ -1864028.466684284387156, 1327560.758126620901749 ], [ -1864031.208100978517905, 1327548.108128589112312 ], [ -1864056.914877507137135, 1327553.679156737169251 ], [ -1864062.397785106906667, 1327528.379183530341834 ], [ -1864075.251204933272675, 1327531.164734608260915 ], [ -1864077.992676934925839, 1327518.514755338663235 ], [ -1864103.699541908223182, 1327524.085923309670761 ], [ -1864106.441051251254976, 1327511.435954383108765 ], [ -1864119.294496395858005, 1327514.22157127619721 ], [ -1864122.036024175118655, 1327501.571608599275351 ], [ -1864160.596391346072778, 1327509.928586814319715 ], [ -1864155.113221900770441, 1327535.228489740751684 ], [ -1864167.966631491435692, 1327538.014179367106408 ], [ -1864132.32573882304132, 1327702.463705209549516 ], [ -1864145.17889851029031, 1327705.249360784189776 ], [ -1864142.437269209185615, 1327717.899335297988728 ], [ -1864180.996666576713324, 1327726.256404968909919 ], [ -1864172.771605741931126, 1327764.206304566003382 ], [ -1864224.18385044997558, 1327775.349283862393349 ], [ -1864229.667376033728942, 1327750.049381418852136 ], [ -1864242.520464609144256, 1327752.835182453040034 ], [ -1864256.229364911094308, 1327689.585484543582425 ], [ -1864269.082543839933351, 1327692.371325271902606 ], [ -1864274.566138498252258, 1327667.071469382848591 ], [ -1864287.419351073447615, 1327669.857337512308732 ], [ -1864290.161166605073959, 1327657.207416897406802 ], [ -1864315.867617067880929, 1327662.779218970332295 ], [ -1864318.609469939721748, 1327650.129308703821152 ], [ -1864370.022396523971111, 1327661.273159726988524 ], [ -1864372.764324540738016, 1327648.623268007533625 ], [ -1864411.324032474076375, 1327656.981370241148397 ], [ -1864414.066016733879223, 1327644.331492967205122 ], [ -1864426.919263287680224, 1327647.117569555994123 ], [ -1864448.855271774111316, 1327545.918661731295288 ], [ -1864436.001873994711787, 1327543.132552362279966 ], [ -1864441.485833637649193, 1327517.83283876744099 ], [ -1864428.632393887033686, 1327515.046740409685299 ], [ -1864434.116313854930922, 1327489.747027238365263 ], [ -1864421.262832136359066, 1327486.960939896060154 ], [ -1864429.488651875173673, 1327449.011374011170119 ], [ -1864416.635109283495694, 1327446.225293582770973 ], [ -1864419.377029358642176, 1327433.575438504107296 ], [ -1864393.66989387688227, 1327428.003327073995024 ], [ -1864396.411775677930564, 1327415.35346595919691 ], [ -1864383.558182789944112, 1327412.567434957250953 ], [ -1864391.783768681809306, 1327374.61785224173218 ], [ -1864404.63741827942431, 1327377.403895533643663 ], [ -1864410.12117767566815, 1327352.104192703729495 ], [ -1864422.974860916147009, 1327354.890263398177922 ], [ -1864425.71675881720148, 1327342.24041931075044 ], [ -1864438.570456799585372, 1327345.026513310847804 ], [ -1864444.054289006162435, 1327319.726839798269793 ], [ -1864456.908020629314706, 1327322.512961200904101 ], [ -1864459.649954934604466, 1327309.863131777150556 ], [ -1864472.503701297566295, 1327312.649276483803988 ], [ -1864475.245654037222266, 1327299.999453318538144 ], [ -1864488.099415141856298, 1327302.785621332004666 ], [ -1864490.84138631913811, 1327290.135804414981976 ], [ -1864503.695162161253393, 1327292.921995732933283 ], [ -1864506.437151774065569, 1327280.272185068344697 ], [ -1864544.998511030338705, 1327288.630886561702937 ], [ -1864547.740556884789839, 1327275.981090348679572 ], [ -1864624.863276397110894, 1327292.699036536272615 ], [ -1864622.121117124101147, 1327305.348808165173978 ], [ -1864673.536104577360675, 1327316.494473391445354 ], [ -1864679.020573878195137, 1327291.194965079193935 ], [ -1864691.874348137294874, 1327293.981437599519268 ], [ -1864694.616600991226733, 1327281.3316907689441 ], [ -1864707.470389991533011, 1327284.118186596082523 ], [ -1864712.95493210083805, 1327258.818707610014826 ], [ -1864725.808754740981385, 1327261.605230841320008 ], [ -1864734.035621107323095, 1327223.656040831003338 ], [ -1864759.743367315735668, 1327229.229169504251331 ], [ -1864762.485692976042628, 1327216.579452006844804 ], [ -1864775.339578735874966, 1327219.366049254545942 ], [ -1864778.081922830780968, 1327206.716338016558439 ], [ -1864803.789719665888697, 1327212.289598330156878 ], [ -1864806.532101100543514, 1327199.639897437766194 ], [ -1864832.239919082960114, 1327205.213242780184373 ], [ -1864834.982337853405625, 1327192.563552252016962 ], [ -1864847.83625950361602, 1327195.350257834186777 ], [ -1864850.57869671145454, 1327182.700573550071567 ], [ -1864889.140493379440159, 1327191.060817838646472 ], [ -1864891.882986828684807, 1327178.411148005630821 ], [ -1864904.73692962503992, 1327181.197938615689054 ], [ -1864907.479441507719457, 1327168.54827504674904 ], [ -1864933.187352412147447, 1327174.12192208901979 ], [ -1864944.1575464932248, 1327123.523322148248553 ], [ -1864957.011571313021705, 1327126.310190874617547 ], [ -1864954.269004591507837, 1327138.95983352442272 ], [ -1865005.684986604843289, 1327150.107484119478613 ], [ -1865016.655553132062778, 1327099.508992027491331 ], [ -1865029.509613837115467, 1327102.295969089958817 ], [ -1865026.766954002901912, 1327114.945584784727544 ], [ -1865078.183079556562006, 1327126.093668726738542 ], [ -1865075.440343644702807, 1327138.74327017692849 ], [ -1865152.564293615054339, 1327155.465947745600715 ], [ -1865155.307142943609506, 1327142.816370886750519 ], [ -1865168.161138930125162, 1327145.603555142413825 ], [ -1865170.904006694909185, 1327132.953984532039613 ], [ -1865183.758017419138923, 1327135.741192094516009 ], [ -1865189.243789347587153, 1327110.442065561423078 ], [ -1865202.097833712119609, 1327113.229300529463217 ], [ -1865210.326544805197045, 1327075.280639202566817 ], [ -1865223.180641715414822, 1327078.067905676085502 ], [ -1865225.923563379794359, 1327065.418360314331949 ], [ -1865251.631782507523894, 1327070.992959084920585 ], [ -1865254.374741510488093, 1327058.343424074351788 ], [ -1865267.228863727999851, 1327061.130756370024756 ], [ -1865269.9718411648646, 1327048.481227620504797 ], [ -1865295.680110912304372, 1327054.055958036798984 ], [ -1865292.93709566979669, 1327066.705478589050472 ], [ -1865305.791205391520634, 1327069.492868511239067 ], [ -1865303.048170777736232, 1327082.142387124709785 ], [ -1865328.756339920219034, 1327087.717216393910348 ], [ -1865326.013267034199089, 1327100.366728963097557 ], [ -1865364.575432801386341, 1327108.729104633675888 ], [ -1865356.346041211625561, 1327146.677618396468461 ], [ -1865446.323885253630579, 1327166.190414499957114 ], [ -1865449.067148569971323, 1327153.540936450008303 ], [ -1865474.775104326661676, 1327159.116202125325799 ], [ -1865477.51840498088859, 1327146.466734426561743 ], [ -1865503.226381879998371, 1327152.042085132328793 ], [ -1865505.969719870248809, 1327139.392627796391025 ], [ -1865544.531710681971163, 1327147.755810214439407 ], [ -1865541.788315983721986, 1327160.405255252029747 ], [ -1865554.64228568575345, 1327163.193017040845007 ], [ -1865549.155457079177722, 1327188.491905396571383 ], [ -1865562.009384810691699, 1327191.279678193852305 ], [ -1865551.035646372940391, 1327241.877464391058311 ], [ -1865589.597177745541558, 1327250.240848840214312 ], [ -1865586.853685258654878, 1327262.890288483118638 ], [ -1865715.391663341084495, 1327290.76944416295737 ], [ -1865712.647981361951679, 1327303.418844962958246 ], [ -1865764.062980331946164, 1327314.571028656791896 ], [ -1865761.319222274702042, 1327327.22041521104984 ], [ -1865799.880371048580855, 1327335.584742364473641 ], [ -1865797.136555816279724, 1327348.234118776861578 ], [ -1865809.990244838176295, 1327351.022262143902481 ], [ -1865807.246410234132782, 1327363.671636618906632 ], [ -1865820.100076189730316, 1327366.459795092698187 ], [ -1865817.35622221743688, 1327379.10916761495173 ], [ -1865894.478017026325688, 1327395.838497217511758 ], [ -1865897.221984412986785, 1327383.189149296609685 ], [ -1865910.075621202820912, 1327385.977442225906998 ], [ -1865915.563592380611226, 1327360.678761042188853 ], [ -1865928.417262805625796, 1327363.467081378446892 ], [ -1865931.161266594193876, 1327350.817748125642538 ], [ -1865944.01495175762102, 1327353.606091771507636 ], [ -1865949.50299573643133, 1327328.307439936557785 ], [ -1865962.356714535271749, 1327331.095810989383608 ], [ -1865970.588833702495322, 1327293.14786171214655 ], [ -1865983.442605042131618, 1327295.936264274641871 ], [ -1865999.906944152899086, 1327220.040448578307405 ], [ -1865987.053059399593621, 1327217.252021411433816 ], [ -1865995.285165930166841, 1327179.304130383767188 ], [ -1865982.431220303056762, 1327176.515710125444457 ], [ -1865985.175235975068063, 1327163.866413329029456 ], [ -1865959.46729441313073, 1327158.2896222344134 ], [ -1865962.211271811509505, 1327145.640319399302825 ], [ -1865936.503275777213275, 1327140.063596935244277 ], [ -1865939.247214904753491, 1327127.414288050029427 ], [ -1865874.977057394571602, 1327113.47279753559269 ], [ -1865877.720901539549232, 1327100.823470318689942 ], [ -1865852.012771562905982, 1327095.247000369941816 ], [ -1865860.244187779491767, 1327057.299007039517164 ], [ -1865873.098311556968838, 1327060.087244709022343 ], [ -1865884.073602236574516, 1327009.489966879133135 ], [ -1865896.927797459764406, 1327012.278240158455446 ], [ -1865899.671637860359624, 1326999.628930202452466 ], [ -1865912.525847816141322, 1327002.417226791381836 ], [ -1865915.269706652266905, 1326989.767923086648807 ], [ -1865940.978151871589944, 1326995.344582090852782 ], [ -1865943.72204804350622, 1326982.695288750110194 ], [ -1865995.138964088400826, 1326993.848853661445901 ], [ -1865992.394992307061329, 1327006.498130600666627 ], [ -1866082.374302644748241, 1327026.017580022336915 ], [ -1866087.862510371487588, 1327000.719085704535246 ], [ -1866100.716718698618934, 1327003.507663514465094 ], [ -1866106.204962358577177, 1326978.209186024498194 ], [ -1866144.767675752285868, 1326986.5750593082048 ], [ -1866147.511853586183861, 1326973.925836103502661 ], [ -1866173.220346151618287, 1326979.50318920542486 ], [ -1866175.964561320608482, 1326966.853976366110146 ], [ -1866201.673075021011755, 1326972.431414504069835 ], [ -1866204.41732752812095, 1326959.78221201733686 ], [ -1866281.54288202454336, 1326976.515012039802969 ], [ -1866284.287247475236654, 1326963.86583631997928 ], [ -1866322.850025169085711, 1326972.232507950160652 ], [ -1866320.105603011557832, 1326984.88167136721313 ], [ -1866332.959835004527122, 1326987.670596227282658 ], [ -1866330.215393475955352, 1327000.319757704157382 ], [ -1866343.069602399365976, 1327003.108697671210393 ], [ -1866340.325141502311453, 1327015.757857196498662 ], [ -1866353.179327355930582, 1327018.546812270535156 ], [ -1866336.712438717717305, 1327094.441790177254006 ], [ -1866349.566506993258372, 1327097.230739853810519 ], [ -1866346.822005013702437, 1327109.879906284622848 ], [ -1866359.676050217356533, 1327112.668871068395674 ], [ -1866356.931528865592554, 1327125.318035566015169 ], [ -1866369.785551001317799, 1327128.107015456538647 ], [ -1866367.041010280372575, 1327140.756178002804518 ], [ -1866379.895009344210848, 1327143.545173000311479 ], [ -1866377.150449252221733, 1327156.194333607563749 ], [ -1866402.858397074742243, 1327161.772373023442924 ], [ -1866400.113798710517585, 1327174.421527586178854 ], [ -1866412.967747466638684, 1327177.210572004551068 ], [ -1866404.733892858028412, 1327215.158036334440112 ], [ -1866430.441664454294369, 1327220.736158187733963 ], [ -1866427.697007512906566, 1327233.385309068253264 ], [ -1866453.404724635649472, 1327238.963499552104622 ], [ -1866447.915333735989407, 1327264.26179139688611 ], [ -1866460.76914824033156, 1327267.050907247001305 ], [ -1866458.024433186277747, 1327279.700052305590361 ], [ -1866470.87822462269105, 1327282.489183261292055 ], [ -1866465.38875530520454, 1327307.787471647607163 ], [ -1866478.242504767607898, 1327310.576613608747721 ], [ -1866470.008240574970841, 1327348.524050059029832 ], [ -1866482.861929164733738, 1327351.313198924297467 ], [ -1866477.372379558393732, 1327376.611492474097759 ], [ -1866490.226026173913851, 1327379.40065234224312 ], [ -1866487.481231766520068, 1327392.049798250431195 ], [ -1866500.334855312481523, 1327394.838973226957023 ], [ -1866497.59004153450951, 1327407.488117190543562 ], [ -1866510.443642009748146, 1327410.277307272423059 ], [ -1866507.698808862362057, 1327422.926449290243909 ], [ -1866533.405959507450461, 1327428.504878872074187 ], [ -1866530.661088085733354, 1327441.154014852596447 ], [ -1866569.221726085757837, 1327449.521790977101773 ], [ -1866588.436213142238557, 1327360.977970596868545 ], [ -1866575.582538996357471, 1327358.188663967652246 ], [ -1866581.072350423783064, 1327332.890440785791725 ], [ -1866568.218634303193539, 1327330.101145160850137 ], [ -1866570.963520413031802, 1327317.452032702509314 ], [ -1866558.109781224746257, 1327314.662752184318379 ], [ -1866560.85464796400629, 1327302.013637783005834 ], [ -1866548.00088570616208, 1327299.224372370401397 ], [ -1866553.490579974837601, 1327273.926141839940101 ], [ -1866540.636775742052123, 1327271.136887431377545 ], [ -1866543.381603273330256, 1327258.487771295011044 ], [ -1866530.527775972848758, 1327255.69853199343197 ], [ -1866538.762199047487229, 1327217.751184243476018 ], [ -1866525.908310872269794, 1327214.961951844394207 ], [ -1866528.653098725480959, 1327202.31283614016138 ], [ -1866502.945272065233439, 1327196.734420764725655 ], [ -1866505.690021645976231, 1327184.085299014579505 ], [ -1866492.836083162808791, 1327181.296116036362946 ], [ -1866495.580813373904675, 1327168.64699234184809 ], [ -1866482.726851818384603, 1327165.857824472011998 ], [ -1866485.471562658203766, 1327153.208698837086558 ], [ -1866472.617578034522012, 1327150.419546072836965 ], [ -1866494.575096683111042, 1327049.226585852913558 ], [ -1866507.429232523078099, 1327052.015771428355947 ], [ -1866510.173939147498459, 1327039.366665219888091 ], [ -1866523.028089723782614, 1327042.155874106567353 ], [ -1866525.772814783966169, 1327029.506774149136618 ], [ -1866577.189451009267941, 1327040.663818184752017 ], [ -1866574.44465034105815, 1327053.312901736237109 ], [ -1866587.298780074110255, 1327056.102206664625555 ], [ -1866584.55396003741771, 1327068.751288263127208 ], [ -1866597.408066703006625, 1327071.540608298499137 ], [ -1866594.663227294804528, 1327084.189687959617004 ], [ -1866607.51731088757515, 1327086.979023101739585 ], [ -1866604.772452108794823, 1327099.628100819885731 ], [ -1866630.480568988015875, 1327105.206820525228977 ], [ -1866627.735671937, 1327117.855892200255767 ], [ -1866756.275817208923399, 1327145.750602203886956 ], [ -1866759.02090328023769, 1327133.101571548497304 ], [ -1866771.874913782114163, 1327135.891152296215296 ], [ -1866774.620018286863342, 1327123.242127903504297 ], [ -1866813.182081488892436, 1327131.61099770385772 ], [ -1866815.92724223062396, 1327118.961987775051966 ], [ -1866841.635301326168701, 1327124.541338554117829 ], [ -1866844.380499402293935, 1327111.892338994890451 ], [ -1866857.234541597776115, 1327114.682047298410907 ], [ -1866859.979758108966053, 1327102.033053991850466 ], [ -1866885.687867799540982, 1327107.612536429427564 ], [ -1866888.43312164535746, 1327094.963553488254547 ], [ -1866901.287189138354734, 1327097.75332762231119 ], [ -1866904.032461417838931, 1327085.104350942419842 ], [ -1866929.740621702512726, 1327090.683965038275346 ], [ -1866932.485931317787617, 1327078.034998719580472 ], [ -1867035.318556907586753, 1327100.354256261372939 ], [ -1867032.573096077889204, 1327113.003189760493115 ], [ -1867058.281172981951386, 1327118.583188024582341 ], [ -1867055.535673880716786, 1327131.232115474995226 ], [ -1867081.243696301709861, 1327136.812182365683839 ], [ -1867078.498158928472549, 1327149.461103768553585 ], [ -1867104.206126871053129, 1327155.041239288402721 ], [ -1867101.460551225347444, 1327167.690154646988958 ], [ -1867114.314510042080656, 1327170.480247115716338 ], [ -1867111.568915027426556, 1327183.129160521319136 ], [ -1867137.27678234456107, 1327188.709394877078012 ], [ -1867134.531149056972936, 1327201.358302240958437 ], [ -1867173.092862059362233, 1327209.728785527870059 ], [ -1867175.838552052387968, 1327197.079890472348779 ], [ -1867188.692466948181391, 1327199.870094086974859 ], [ -1867185.946758053498343, 1327212.518985039554536 ], [ -1867211.654537535971031, 1327218.099441688274965 ], [ -1867208.908790369518101, 1327230.748326593544334 ], [ -1867234.616515369853005, 1327236.328851867001504 ], [ -1867231.870729931164533, 1327248.977730725193396 ], [ -1867257.578400447499007, 1327254.558324625017121 ], [ -1867254.832576737273484, 1327267.207197432871908 ], [ -1867267.686386841582134, 1327269.997519091935828 ], [ -1867264.940543761709705, 1327282.646389950998127 ], [ -1867277.794330792268738, 1327285.436726714018732 ], [ -1867269.556742034619674, 1327323.383339940337464 ], [ -1867295.264190178830177, 1327328.964046471519396 ], [ -1867292.518288519931957, 1327341.612913652788848 ], [ -1867305.371987434569746, 1327344.403291626600549 ], [ -1867302.626066404860467, 1327357.052156867692247 ], [ -1867341.187081427080557, 1327365.423393725417554 ], [ -1867338.441103223711252, 1327378.072248813463375 ], [ -1867377.002024012152106, 1327386.443646230502054 ], [ -1867374.255988635821268, 1327399.092491164105013 ], [ -1867399.963210506830364, 1327404.673510605935007 ], [ -1867397.217136858031154, 1327417.322349493857473 ], [ -1867435.777881689369678, 1327425.694010404869914 ], [ -1867438.524012042907998, 1327413.045183828333393 ], [ -1867451.377604213310406, 1327415.835779984015971 ], [ -1867440.393004383193329, 1327466.43108281167224 ], [ -1867466.100025000749156, 1327472.012299915542826 ], [ -1867463.35383606958203, 1327484.66112280683592 ], [ -1867476.207321223570034, 1327487.451756066409871 ], [ -1867473.461112921359017, 1327500.100577014731243 ], [ -1867499.168032911373302, 1327505.681892948690802 ], [ -1867496.421786337625235, 1327518.330707846907899 ], [ -1867522.128651845501736, 1327523.912092404440045 ], [ -1867519.382367, 1327536.560901252552867 ], [ -1867532.235774598550051, 1327539.351618238259107 ], [ -1867529.489470383618027, 1327552.000425137579441 ], [ -1867542.342854907736182, 1327554.791157225845382 ], [ -1867539.596531321760267, 1327567.439962180797011 ], [ -1867565.303250055760145, 1327573.021475772373378 ], [ -1867562.556888199411333, 1327585.670274674193934 ], [ -1867588.263552450574934, 1327591.251856886548921 ], [ -1867585.517152323154733, 1327603.900649735471234 ], [ -1867611.223762089852244, 1327609.482300570001826 ], [ -1867608.477323689032346, 1327622.131087374407798 ], [ -1867621.330603414215147, 1327624.921937497099862 ], [ -1867618.584145644214004, 1327637.570722351316363 ], [ -1867657.143903093412519, 1327645.943375651026145 ], [ -1867659.890417567687109, 1327633.294603109359741 ], [ -1867698.450194186763838, 1327641.667441588127986 ], [ -1867692.957051359815523, 1327666.964964201441035 ], [ -1867680.103834461653605, 1327664.174007044406608 ], [ -1867671.864173412090167, 1327702.120319463079795 ], [ -1867697.570489629171789, 1327707.70222835871391 ], [ -1867694.82389720599167, 1327720.350995269604027 ], [ -1867707.677030156832188, 1327723.141974423546344 ], [ -1867704.930418364470825, 1327735.790739385411143 ], [ -1867730.636633953778073, 1327741.372747105779126 ], [ -1867727.889983890112489, 1327754.021506014745682 ], [ -1867740.743066527880728, 1327756.812534581171349 ], [ -1867737.996397094102576, 1327769.461291542742401 ], [ -1867750.849456658121198, 1327772.252335211727768 ], [ -1867748.102767853066325, 1327784.901090233121067 ], [ -1867760.955804344033822, 1327787.692149003501981 ], [ -1867758.209096171427518, 1327800.340902066091076 ], [ -1867771.062109590275213, 1327803.13197593903169 ], [ -1867768.315382045693696, 1327815.780727063072845 ], [ -1867794.021358569851145, 1327821.36292421980761 ], [ -1867791.274592754198238, 1327834.011669292347506 ], [ -1867804.127555857878178, 1327836.802792576141655 ], [ -1867798.63398502022028, 1327862.100280968938023 ], [ -1867824.339823110261932, 1327867.68256874056533 ], [ -1867821.592999186366796, 1327880.331307961139828 ], [ -1867834.445893074385822, 1327883.122476550051942 ], [ -1867831.699049779679626, 1327895.771213827654719 ], [ -1867844.551920593250543, 1327898.562397519359365 ], [ -1867841.805057929595932, 1327911.211132845142856 ], [ -1867854.657905670581385, 1327914.002331638243049 ], [ -1867849.164141134358943, 1327939.299800550797954 ], [ -1867862.016946901101619, 1327942.091010342352092 ], [ -1867853.776239879662171, 1327980.037217573495582 ], [ -1867866.628984773531556, 1327982.828434256371111 ], [ -1867863.882062596501783, 1327995.477170201018453 ], [ -1867876.734784414991736, 1327998.268401985289529 ], [ -1867871.240900850156322, 1328023.565872146980837 ], [ -1867884.093580695334822, 1328026.357114928076044 ], [ -1867881.346619308693334, 1328039.005849139532074 ], [ -1867894.199276083381847, 1328041.797107021789998 ], [ -1867888.705314104445279, 1328067.094573694048449 ], [ -1867901.557928902562708, 1328069.885842572199181 ], [ -1867896.063927246490493, 1328095.183309663552791 ], [ -1867908.916500070830807, 1328097.974589538527653 ], [ -1867903.422458739718422, 1328123.272057040594518 ], [ -1867916.274989591911435, 1328126.063347911462188 ], [ -1867905.286825704621151, 1328176.658292368985713 ], [ -1867930.9917236790061, 1328182.240898888558149 ], [ -1867928.244643734535202, 1328194.889632178004831 ], [ -1868031.063917578430846, 1328217.220793651882559 ], [ -1868028.316685953643173, 1328229.869496257044375 ], [ -1868041.169057510793209, 1328232.660973761463538 ], [ -1868035.674555052770302, 1328257.958377234404907 ], [ -1868048.5268846352119, 1328260.749865734484047 ], [ -1868043.032342502847314, 1328286.047269612550735 ], [ -1868055.884630113607273, 1328288.838769108057022 ], [ -1868053.137339442968369, 1328301.487470178166404 ], [ -1868065.989603978348896, 1328304.278984773671255 ], [ -1868057.747672455385327, 1328342.225088590290397 ], [ -1868070.599876115098596, 1328345.016610074322671 ], [ -1868065.105214955285192, 1328370.314015188487247 ], [ -1868103.661687501706183, 1328378.688670244067907 ], [ -1868109.156462070299312, 1328353.391289762221277 ], [ -1868147.713010476203635, 1328361.766142299864441 ], [ -1868144.965566721744835, 1328374.414819145342335 ], [ -1868183.522020880598575, 1328382.789832215523347 ], [ -1868186.269521339330822, 1328370.141167687019333 ], [ -1868237.678144087083638, 1328381.308137080864981 ], [ -1868234.930568023351952, 1328393.956785185262561 ], [ -1868247.782694378169253, 1328396.748571440810338 ], [ -1868239.539906673366204, 1328434.694516368908808 ], [ -1868368.060373730259016, 1328462.613312048837543 ], [ -1868365.312587878433987, 1328475.26192361023277 ], [ -1868429.572570447577164, 1328489.222021118504927 ], [ -1868426.824689621804282, 1328501.870614298852161 ], [ -1868439.676654716720805, 1328504.662687309784815 ], [ -1868436.928754521068186, 1328517.311278542736545 ], [ -1868488.336497573880479, 1328528.47974621411413 ], [ -1868485.588521305238828, 1328541.128323175478727 ], [ -1868524.144228081218898, 1328549.504863262875006 ], [ -1868529.640293558361009, 1328524.207736130570993 ], [ -1868542.49222527584061, 1328526.999962784349918 ], [ -1868534.248069655383006, 1328564.94564438983798 ], [ -1868547.09994049440138, 1328567.737877926323563 ], [ -1868544.351868782890961, 1328580.3864386677742 ], [ -1868557.203716550488025, 1328583.178687304258347 ], [ -1868554.45562546979636, 1328595.827246091328561 ], [ -1868580.159270680742338, 1328601.411792766768485 ], [ -1868577.411141329212114, 1328614.060345496516675 ], [ -1868603.114732046378776, 1328619.644960775505751 ], [ -1868600.366564425174147, 1328632.293507443973795 ], [ -1868638.921862507471815, 1328640.670562081737444 ], [ -1868644.418310689972714, 1328615.373495538718998 ], [ -1868682.973684621974826, 1328623.75074766157195 ], [ -1868680.225404060678557, 1328636.399267537519336 ], [ -1868757.335925847757608, 1328653.154265675228089 ], [ -1868749.09074113657698, 1328691.099764296552166 ], [ -1868864.755731808720157, 1328716.233446937287226 ], [ -1868859.258599439868703, 1328741.530382862780243 ], [ -1868974.922911857953295, 1328766.665547151584178 ], [ -1868969.425437396857888, 1328791.962417761795223 ], [ -1868866.613034359645098, 1328769.620038405060768 ], [ -1868863.864447635132819, 1328782.268509800778702 ], [ -1868851.012897374806926, 1328779.475802910281345 ], [ -1868829.024337938288227, 1328880.663684488041326 ], [ -1868841.875736989313737, 1328883.456358520546928 ], [ -1868830.881370432907715, 1328934.05033457512036 ], [ -1868933.691807755734771, 1328956.392286758404225 ], [ -1868930.943063737126067, 1328969.040753299137577 ], [ -1868982.348106635268778, 1328980.212173862848431 ], [ -1868979.599286544369534, 1328992.860626126639545 ], [ -1869031.0041870593559, 1329004.032337523298338 ], [ -1869033.75308275455609, 1328991.383901689201593 ], [ -1869059.455545771401376, 1328996.969880828168243 ], [ -1869062.204478800529614, 1328984.321455363649875 ], [ -1869075.055722951889038, 1328987.11447784723714 ], [ -1869077.804674412822351, 1328974.466058652382344 ], [ -1869090.655933288857341, 1328977.259104446973652 ], [ -1869093.404903183691204, 1328964.610691507579759 ], [ -1869106.256176789756864, 1328967.403760614804924 ], [ -1869109.005165118258446, 1328954.755353935295716 ], [ -1869121.856453448766842, 1328957.548446354921907 ], [ -1869124.605460209306329, 1328944.900045939255506 ], [ -1869137.456763266818598, 1328947.693161671748385 ], [ -1869140.205788461258635, 1328935.044767514336854 ], [ -1869153.057106246007606, 1328937.837906557833776 ], [ -1869155.806149871554226, 1328925.189518670318648 ], [ -1869168.657482383772731, 1328927.982681026449427 ], [ -1869179.653727811295539, 1328877.389167432207614 ], [ -1869192.505131755257025, 1328880.182365426328033 ], [ -1869203.501445295056328, 1328829.588902733055875 ], [ -1869229.204391866922379, 1328835.175389195792377 ], [ -1869226.455276382388547, 1328847.823743420885876 ], [ -1869290.712475256295875, 1328861.790275114122778 ], [ -1869287.963264798512682, 1328874.438610953744501 ], [ -1869365.071652294369414, 1328891.199058081023395 ], [ -1869362.322327963542193, 1328903.847371423849836 ], [ -1869426.579108244506642, 1328917.814918272662908 ], [ -1869423.829688940662891, 1328930.463213228853419 ], [ -1869552.342747399350628, 1328958.399706158321351 ], [ -1869549.593138619326055, 1328971.047962182201445 ], [ -1869626.700659901835024, 1328987.810755087761208 ], [ -1869623.950937248766422, 1329000.458988611819223 ], [ -1869675.355792333837599, 1329011.634551527677104 ], [ -1869672.605993610341102, 1329024.282770766178146 ], [ -1869724.010706294095144, 1329035.458624512189999 ], [ -1869721.260831499006599, 1329048.106829469557852 ], [ -1869746.963124986272305, 1329053.69486334733665 ], [ -1869744.213211921975017, 1329066.343062237370759 ], [ -1869795.617673192406073, 1329077.519344002474099 ], [ -1869801.117650058818981, 1329052.222981248283759 ], [ -1869839.671065575443208, 1329060.60541887069121 ], [ -1869828.670883160317317, 1329111.198103687958792 ], [ -1869841.521937713492662, 1329113.992271531140432 ], [ -1869838.771872037788853, 1329126.64044401445426 ], [ -1869864.473930812673643, 1329132.228829094674438 ], [ -1869861.72382686776109, 1329144.87699550925754 ], [ -1869887.425831141415983, 1329150.465449186274782 ], [ -1869884.675688927993178, 1329163.113609530730173 ], [ -1869910.377638698322698, 1329168.70213180151768 ], [ -1869907.627458214061335, 1329181.350286087486893 ], [ -1869946.180294849677011, 1329189.733201193623245 ], [ -1869948.930532036116347, 1329177.085059237433597 ], [ -1869974.632440047571436, 1329182.673773546004668 ], [ -1869977.382714565377682, 1329170.025641970569268 ], [ -1870003.084643677342683, 1329175.614441312616691 ], [ -1870005.834955529309809, 1329162.966320105595514 ], [ -1870044.387874579289928, 1329171.349675478413701 ], [ -1870047.138242665212601, 1329158.701568750664592 ], [ -1870059.989226229954511, 1329161.496063059195876 ], [ -1870062.739612746750936, 1329148.847962599946186 ], [ -1870088.44160515232943, 1329154.437017047544941 ], [ -1870091.192029003286734, 1329141.788926959270611 ], [ -1870104.043037840630859, 1329144.583487098570913 ], [ -1870106.793480122461915, 1329131.935403279960155 ], [ -1870158.197549317963421, 1329143.11385231721215 ], [ -1870160.948066733544692, 1329130.465787089429796 ], [ -1870173.799092494184151, 1329133.260451468871906 ], [ -1870182.050698632607237, 1329095.316281041130424 ], [ -1870194.901776916347444, 1329098.110976954456419 ], [ -1870208.6545389466919, 1329034.870756545802578 ], [ -1870221.505707556148991, 1329037.665492214029655 ], [ -1870218.755137186963111, 1329050.313527876511216 ], [ -1870270.15969426324591, 1329061.49264614819549 ], [ -1870272.91034023440443, 1329048.844626926584169 ], [ -1870337.166037114569917, 1329062.81897740974091 ], [ -1870334.415296641178429, 1329075.466976078692824 ], [ -1870347.266404588706791, 1329078.261899676639587 ], [ -1870344.515644746134058, 1329090.909896390046924 ], [ -1870357.366729614557698, 1329093.70483508054167 ], [ -1870354.61595040326938, 1329106.352829838171601 ], [ -1870367.467012193985283, 1329109.147783622844145 ], [ -1870364.716213614447042, 1329121.795776421902701 ], [ -1870377.567252328619361, 1329124.590745297959074 ], [ -1870374.816434379434213, 1329137.238736142404377 ], [ -1870516.17737667565234, 1329167.984616025816649 ], [ -1870524.43045282852836, 1329130.040785613935441 ], [ -1870537.281479224562645, 1329132.835993159096688 ], [ -1870548.285649803001434, 1329082.244265880901366 ], [ -1870535.434547805925831, 1329079.449041892075911 ], [ -1870540.936592483194545, 1329054.153182956390083 ], [ -1870463.829665992408991, 1329037.382192977238446 ], [ -1870466.580574226332828, 1329024.734242077451199 ], [ -1870402.324592784978449, 1329010.758924650028348 ], [ -1870405.075406048679724, 1328998.110955346375704 ], [ -1870392.22417833073996, 1328995.315945364069194 ], [ -1870403.227351098088548, 1328944.724073263816535 ], [ -1870377.524731928948313, 1328939.134078023722395 ], [ -1870380.275486149126664, 1328926.486107162432745 ], [ -1870393.126816722331569, 1328929.281099291518331 ], [ -1870395.87758937291801, 1328916.633134699892253 ], [ -1870408.728934669634327, 1328919.428150141611695 ], [ -1870411.479725752724335, 1328906.780191811034456 ], [ -1870450.033793286187574, 1328915.165365699212998 ], [ -1870452.784640600439161, 1328902.517421862343326 ], [ -1870465.636006992543116, 1328905.312522344524041 ], [ -1870462.8851407780312, 1328917.960462070303038 ], [ -1870527.141815577168018, 1328931.936231989180669 ], [ -1870529.892776293447241, 1328919.288312817225233 ], [ -1870568.446787751046941, 1328927.674017552752048 ], [ -1870571.197804700350389, 1328915.026112861931324 ], [ -1870584.049152401043102, 1328917.821390292141587 ], [ -1870595.053291111020371, 1328867.229809530312195 ], [ -1870607.904710232513025, 1328870.025122608756647 ], [ -1870605.153657358372584, 1328882.67301045358181 ], [ -1870669.410595810972154, 1328896.649843359831721 ], [ -1870672.161743186414242, 1328884.001976071624085 ], [ -1870697.864527127938345, 1328889.592851887224242 ], [ -1870700.615711835445836, 1328876.944994971388951 ], [ -1870739.16991311730817, 1328885.331465060822666 ], [ -1870741.921154056908563, 1328872.683622633107007 ], [ -1870780.475374441826716, 1328881.070277896011248 ], [ -1870788.729264548048377, 1328843.126800550613552 ], [ -1870775.877805228810757, 1328840.331217258237302 ], [ -1870778.629082093015313, 1328827.683391676517203 ], [ -1870804.332034352002665, 1328833.274585689418018 ], [ -1870807.083348547341302, 1328820.626770485891029 ], [ -1870845.637802303768694, 1328829.013717872090638 ], [ -1870840.135060043539852, 1328854.309325765352696 ], [ -1870891.54078869568184, 1328865.492158251116052 ], [ -1870894.292235660832375, 1328852.844369672704488 ], [ -1870919.995112722041085, 1328858.435909364838153 ], [ -1870922.746597018325701, 1328845.788131164619699 ], [ -1870999.855241329409182, 1328862.56323581864126 ], [ -1871002.606838556705043, 1328849.915484446100891 ], [ -1871066.864021754125133, 1328863.895287004532292 ], [ -1871069.615713013103232, 1328851.24755834415555 ], [ -1871082.467156017431989, 1328854.043580580269918 ], [ -1871085.21886570728384, 1328841.395858187926933 ], [ -1871098.070323433261365, 1328844.19190374086611 ], [ -1871100.822051554685459, 1328831.544187613995746 ], [ -1871113.673524004872888, 1328834.340256485389546 ], [ -1871116.425270556937903, 1328821.69254662678577 ], [ -1871142.128240716876462, 1328827.284750202670693 ], [ -1871147.631808013422415, 1328801.989353405777365 ], [ -1871173.334837062982842, 1328807.581650250358507 ], [ -1871176.086657807929441, 1328794.933963306481019 ], [ -1871188.938184963539243, 1328797.730144646251574 ], [ -1871191.690024139359593, 1328785.082463971804827 ], [ -1871204.541566016385332, 1328787.878668628400192 ], [ -1871207.293423623079434, 1328775.230994222220033 ], [ -1871232.996532644378021, 1328780.823469374794513 ], [ -1871235.748427580809221, 1328768.175805353792384 ], [ -1871248.599994723917916, 1328770.972075849538669 ], [ -1871251.351908092619851, 1328758.324418089818209 ], [ -1871277.055067639332265, 1328763.917024917667732 ], [ -1871279.807018338702619, 1328751.26937753893435 ], [ -1871292.658610743703321, 1328754.065713872434571 ], [ -1871295.410579873714596, 1328741.418072763364762 ], [ -1871308.262187002459541, 1328744.214432415086776 ], [ -1871319.270134428981692, 1328693.623905990505591 ], [ -1871332.12181297573261, 1328696.420301294419914 ], [ -1871337.625821674009785, 1328671.125059243291616 ], [ -1871376.180945643689483, 1328679.514385063201189 ], [ -1871378.933005988132209, 1328666.866779610514641 ], [ -1871417.48814904759638, 1328675.25629061111249 ], [ -1871411.983914491022006, 1328700.551478995475918 ], [ -1871450.538906540954486, 1328708.941138162044808 ], [ -1871453.291080753086135, 1328696.293555230367929 ], [ -1871491.846091890707612, 1328704.68339957902208 ], [ -1871494.598322333069518, 1328692.035831141052768 ], [ -1871571.708345169899985, 1328708.816063042497262 ], [ -1871574.460688542341813, 1328696.168521433370188 ], [ -1871664.42232398991473, 1328715.746361257974058 ], [ -1871667.174799189670011, 1328703.09885060088709 ], [ -1871680.026463577756658, 1328705.895765794673935 ], [ -1871688.283943063346669, 1328667.953259091358632 ], [ -1871739.690785619663075, 1328679.14116126880981 ], [ -1871731.433079338399693, 1328717.083618612261489 ], [ -1871769.987997271353379, 1328725.474709877278656 ], [ -1871772.740623200545087, 1328712.827234274474904 ], [ -1871875.553704971680418, 1328735.204355558613315 ], [ -1871878.306481626583263, 1328722.55691503174603 ], [ -1871968.267841024557129, 1328742.137933195801452 ], [ -1871971.020749509101734, 1328729.490523612126708 ], [ -1872060.982036374043673, 1328749.072511601028964 ], [ -1872063.73507668543607, 1328736.425132970558479 ], [ -1872115.141509954119101, 1328747.615279351361096 ], [ -1872117.894625391811132, 1328734.967919342918321 ], [ -1872182.152667409274727, 1328748.956054992740974 ], [ -1872190.412294400855899, 1328711.014049598481506 ], [ -1872228.96723954170011, 1328719.407198475673795 ], [ -1872231.720504297642037, 1328706.759880002355203 ], [ -1872244.572163213975728, 1328709.557638816535473 ], [ -1872241.818879558471963, 1328722.204953175736591 ], [ -1872293.225397821050137, 1328733.39616402820684 ], [ -1872295.978757074102759, 1328720.74886612710543 ], [ -1872308.83039508596994, 1328723.546720966231078 ], [ -1872311.583772768964991, 1328710.899429333163425 ], [ -1872324.435425502015278, 1328713.69730749190785 ], [ -1872327.188821614952758, 1328701.050022131530568 ], [ -1872365.743811420397833, 1328709.443784178467467 ], [ -1872371.250715634319931, 1328684.149244612082839 ], [ -1872384.102408338338137, 1328686.947211932158098 ], [ -1872386.855878639500588, 1328674.299949500709772 ], [ -1872399.7075860647019, 1328677.097940142033622 ], [ -1872407.968050848925486, 1328639.156178132630885 ], [ -1872395.116286725969985, 1328636.3581751473248 ], [ -1872397.869755148654804, 1328623.710921344812959 ], [ -1872410.721538170706481, 1328626.508928444236517 ], [ -1872413.475025023566559, 1328613.861680909991264 ], [ -1872477.733971901936457, 1328627.852025051601231 ], [ -1872480.487552781356499, 1328615.204800250707194 ], [ -1872493.339348511537537, 1328618.002930808579549 ], [ -1872496.092947820667177, 1328605.355712278746068 ], [ -1872521.796564538497478, 1328610.952039239229634 ], [ -1872524.550201176200062, 1328598.304831094574183 ], [ -1872537.402022163616493, 1328601.103027497185394 ], [ -1872540.155677231028676, 1328588.455825626384467 ], [ -1872553.007512933807448, 1328591.254045347450301 ], [ -1872561.268532013520598, 1328553.312465029070154 ], [ -1872548.416639613220468, 1328550.514232962857932 ], [ -1872553.923945520771667, 1328525.219848633743823 ], [ -1872579.627801736583933, 1328530.816348431166261 ], [ -1872582.381491783540696, 1328518.169167735846713 ], [ -1872608.085369071224704, 1328523.765752584906295 ], [ -1872605.331641225842759, 1328536.412925051758066 ], [ -1872643.88736910186708, 1328544.807934020878747 ], [ -1872646.641153645003214, 1328532.160773899173364 ], [ -1872672.344989115605131, 1328537.757550799055025 ], [ -1872675.09881098754704, 1328525.110401064157486 ], [ -1872687.950741351814941, 1328527.908822437981144 ], [ -1872690.704581653000787, 1328515.261678975308314 ], [ -1872716.408467629691586, 1328520.858587567694485 ], [ -1872719.162345258519053, 1328508.211454496020451 ], [ -1872744.866252307780087, 1328513.808448140276596 ], [ -1872747.620167266810313, 1328501.16132544958964 ], [ -1872760.472133416449651, 1328503.959855194902048 ], [ -1872763.226066802628338, 1328491.312738787848502 ], [ -1872801.781996859936044, 1328499.708455598913133 ], [ -1872804.535986474715173, 1328487.061353690223768 ], [ -1872830.239956734701991, 1328492.658602487994358 ], [ -1872832.993983676889911, 1328480.011510971467942 ], [ -1872858.697975004091859, 1328485.608844819711521 ], [ -1872861.452039275085554, 1328472.961763688363135 ], [ -1872874.304047566372901, 1328475.760463537182659 ], [ -1872877.058130266843364, 1328463.113388676894829 ], [ -1872889.910153273260221, 1328465.912111846497282 ], [ -1872892.66425440297462, 1328453.265043260063976 ], [ -1872931.220355027122423, 1328461.661340344930068 ], [ -1872933.97451238357462, 1328449.014286265010014 ], [ -1872972.530632063746452, 1328457.410768546164036 ], [ -1872983.547483575996011, 1328406.822623196523637 ], [ -1872996.399590699467808, 1328409.621505496790633 ], [ -1872999.153821302112192, 1328396.974478667834774 ], [ -1873024.858060802100226, 1328402.572309114737436 ], [ -1873027.612328731222078, 1328389.925292682368308 ], [ -1873130.429270613240078, 1328412.31741562183015 ], [ -1873122.166011839406565, 1328450.258372622774914 ], [ -1873186.42618109472096, 1328464.254011893179268 ], [ -1873189.180695650400594, 1328451.607044648146257 ], [ -1873381.960859443293884, 1328493.596904994687065 ], [ -1873384.71565701183863, 1328480.950001649791375 ], [ -1873397.567653363803402, 1328483.749483432155102 ], [ -1873394.81283689616248, 1328496.396382659906521 ], [ -1873484.776561935665086, 1328515.993264060467482 ], [ -1873487.531510693952441, 1328503.346393650164828 ], [ -1873590.347096628276631, 1328525.74401478166692 ], [ -1873593.102196104358882, 1328513.097179472446442 ], [ -1873644.509964254451916, 1328524.296467429958284 ], [ -1873650.020312987500802, 1328499.002836211118847 ], [ -1873688.576208560960367, 1328507.402528538135812 ], [ -1873680.310514669399709, 1328545.342941542388871 ], [ -1873795.977465186733752, 1328570.542944429675117 ], [ -1873793.222062861081213, 1328583.189716029679403 ], [ -1873908.888504365226254, 1328608.391237466596067 ], [ -1873906.132931482978165, 1328621.037974163424224 ], [ -1873957.540054426295683, 1328632.239133215276524 ], [ -1873954.784405479906127, 1328644.885855596978217 ], [ -1874019.043120514601469, 1328658.887715933611616 ], [ -1874016.28737660497427, 1328671.534419887233526 ], [ -1874054.842498712707311, 1328679.935754193924367 ], [ -1874052.086697639431804, 1328692.582447942113504 ], [ -1874116.345056296559051, 1328706.585035289404914 ], [ -1874113.58916025958024, 1328719.231710611144081 ], [ -1874164.995696260361001, 1328730.434109702240676 ], [ -1874162.239724159007892, 1328743.080770710017532 ], [ -1874187.942929251585156, 1328748.682077246252447 ], [ -1874185.186918882885948, 1328761.328732174122706 ], [ -1874223.741638441570103, 1328769.730823660036549 ], [ -1874220.985570908291265, 1328782.377468389924616 ], [ -1874272.391729462658986, 1328793.580509425606579 ], [ -1874269.635585866170004, 1328806.227139834547415 ], [ -1874295.338602233678102, 1328811.828767343657091 ], [ -1874292.58242036961019, 1328824.475391676882282 ], [ -1874305.433903379132971, 1328827.276230119168758 ], [ -1874302.677702147746459, 1328839.922852486604825 ], [ -1874315.529162071179599, 1328842.723706014687195 ], [ -1874312.772941469214857, 1328855.370326429139823 ], [ -1874364.178663717582822, 1328866.57391610997729 ], [ -1874358.666069918312132, 1328891.867130452767015 ], [ -1874422.922939572483301, 1328905.872008462902158 ], [ -1874420.166547475615516, 1328918.518598278285936 ], [ -1874433.017889950424433, 1328921.319627373479307 ], [ -1874427.505066549638286, 1328946.612805236829445 ], [ -1874440.35636704438366, 1328949.413845299510285 ], [ -1874437.599935740465298, 1328962.060433347476646 ], [ -1874501.85628092684783, 1328976.065901124384254 ], [ -1874499.099754662951455, 1328988.712470727274194 ], [ -1874537.65345485159196, 1328997.115969485137612 ], [ -1874534.896871420089155, 1329009.762528899591416 ], [ -1874573.450477239908651, 1329018.166188137605786 ], [ -1874570.693836645456031, 1329030.812737342668697 ], [ -1874609.247348096454516, 1329039.216557058040053 ], [ -1874606.490650335792452, 1329051.863096066052094 ], [ -1874645.044067417737097, 1329060.267076260177419 ], [ -1874642.287312492262572, 1329072.91360506718047 ], [ -1874693.691734401276335, 1329084.119164368370548 ], [ -1874690.934903412824497, 1329096.765678854426369 ], [ -1874729.488119194516912, 1329105.17003761138767 ], [ -1874726.731231041951105, 1329117.816541893407702 ], [ -1874765.284352451795712, 1329126.221061126329005 ], [ -1874762.527407134184614, 1329138.867555208737031 ], [ -1874839.633423530729488, 1329155.677087459014729 ], [ -1874836.876364354742691, 1329168.323558973846957 ], [ -1874862.578298532171175, 1329173.926881782244891 ], [ -1874859.821201090002432, 1329186.573347212746739 ], [ -1874911.224943609675393, 1329197.780206789495423 ], [ -1874908.467770103598014, 1329210.426657903473824 ], [ -1874985.573144892696291, 1329227.237498657777905 ], [ -1874982.815857528476045, 1329239.883927202550694 ], [ -1875021.368431705515832, 1329248.28959446772933 ], [ -1875018.611087177181616, 1329260.936012808699161 ], [ -1875057.163566977251321, 1329269.341840542620048 ], [ -1875032.346934813540429, 1329383.159591412171721 ], [ -1875045.197582956403494, 1329385.961535313399509 ], [ -1875042.440158132696524, 1329398.607958741486073 ], [ -1875093.842633245047182, 1329409.815909895347431 ], [ -1875091.085132359527051, 1329422.462318998295814 ], [ -1875103.935721770627424, 1329425.264350671786815 ], [ -1875095.663159601623192, 1329463.203578538494185 ], [ -1875108.51368813123554, 1329466.005617055110633 ], [ -1875102.998606537934393, 1329491.298438175581396 ], [ -1875115.849093084456399, 1329494.100487654097378 ], [ -1875110.333971814718097, 1329519.393309156876057 ], [ -1875225.987822148017585, 1329544.612544417381287 ], [ -1875228.74555310071446, 1329531.966169672319666 ], [ -1875254.446400465909392, 1329537.57066364842467 ], [ -1875257.204168742522597, 1329524.924299308331683 ], [ -1875282.905037153279409, 1329530.528878337703645 ], [ -1875285.662842756137252, 1329517.882524394197389 ], [ -1875311.363732212688774, 1329523.487188478000462 ], [ -1875314.121575142489746, 1329510.840844929683954 ], [ -1875326.972032485762611, 1329513.643209896050394 ], [ -1875329.729893842246383, 1329500.996872630203143 ], [ -1875342.580365895526484, 1329503.799260920612141 ], [ -1875350.854003839427605, 1329465.860274409409612 ], [ -1875505.06002216367051, 1329499.490580106619745 ], [ -1875502.301916544092819, 1329512.136857332894579 ], [ -1875515.152371950447559, 1329514.939503506291658 ], [ -1875512.394246965181082, 1329527.585778758395463 ], [ -1875499.543810456758365, 1329524.783136707730591 ], [ -1875496.785703896544874, 1329537.42941824789159 ], [ -1875471.084856108296663, 1329531.824199997121468 ], [ -1875460.052576353773475, 1329582.40938066970557 ], [ -1875447.202221769606695, 1329579.606816833373159 ], [ -1875425.137790870154276, 1329680.777314649662003 ], [ -1875437.987994270864874, 1329683.579845513449982 ], [ -1875435.229919396108016, 1329696.226163314888254 ], [ -1875448.080099710496143, 1329699.028709258651361 ], [ -1875445.322005466558039, 1329711.67502509849146 ], [ -1875458.172162697650492, 1329714.477586123626679 ], [ -1875455.414049086160958, 1329727.123899997910485 ], [ -1875481.114313183818012, 1329732.729071411071345 ], [ -1875478.356161305680871, 1329745.375379198230803 ], [ -1875504.056370858103037, 1329750.980619179783389 ], [ -1875501.29818071401678, 1329763.626920879818499 ], [ -1875514.148260311456397, 1329766.429565553320572 ], [ -1875511.390050800982863, 1329779.075865280814469 ], [ -1875524.240107309538871, 1329781.87852503429167 ], [ -1875521.481878430349752, 1329794.52482279879041 ], [ -1875534.331911853514612, 1329797.32749763247557 ], [ -1875526.057165700476617, 1329835.266391496639699 ], [ -1875538.907138242153451, 1329838.06907316762954 ], [ -1875536.1488696874585, 1329850.715371307451278 ], [ -1875548.998819142347202, 1329853.518068058649078 ], [ -1875546.240531219169497, 1329866.164364232681692 ], [ -1875559.090457590995356, 1329868.967076065251604 ], [ -1875556.332150300033391, 1329881.613370273727924 ], [ -1875569.18205358250998, 1329884.416097186272964 ], [ -1875566.423726922832429, 1329897.062389431754127 ], [ -1875617.823222586419433, 1329908.273472612723708 ], [ -1875626.098427928285673, 1329870.334651810349897 ], [ -1875703.197885930072516, 1329887.151926839957014 ], [ -1875708.714913913281634, 1329861.859439883613959 ], [ -1875721.564846715889871, 1329864.662394506158307 ], [ -1875729.840441859560087, 1329826.723692596424371 ], [ -1875742.690427166409791, 1329829.526678788475692 ], [ -1875745.448976837331429, 1329816.880453255958855 ], [ -1875758.298976855585352, 1329819.683462773216888 ], [ -1875761.057544955518097, 1329807.037243511760607 ], [ -1875786.757570216897875, 1329812.643328395439312 ], [ -1875789.516175642376766, 1329799.997119534760714 ], [ -1875828.066238813800737, 1329808.406403246102855 ], [ -1875830.824900461826473, 1329795.760208908934146 ], [ -1875907.925027092685923, 1329812.579319526674226 ], [ -1875902.407476554159075, 1329837.871660886099562 ], [ -1875915.257445201976225, 1329840.67490495252423 ], [ -1875904.222262892872095, 1329891.259597045369446 ], [ -1875917.072151760803536, 1329894.062843822408468 ], [ -1875911.554519989527762, 1329919.355194554431364 ], [ -1875962.953882394591346, 1329930.568340705242008 ], [ -1875985.02500291983597, 1329829.399121425347403 ], [ -1875972.175017422297969, 1329826.595773103181273 ], [ -1875991.487090910086408, 1329738.072790538193658 ], [ -1876004.337208691053092, 1329740.87616772018373 ], [ -1876015.372744499472901, 1329690.291670173639432 ], [ -1876028.222933681448922, 1329693.095083047635853 ], [ -1876030.981835354818031, 1329680.448968175100163 ], [ -1876108.082995862467214, 1329697.269873410928994 ], [ -1876105.323980803601444, 1329709.915963546140119 ], [ -1876131.024296329822391, 1329715.523077332880348 ], [ -1876128.265243005938828, 1329728.169161376776174 ], [ -1876141.115375585854053, 1329730.972742950776592 ], [ -1876135.597229729406536, 1329756.264909272547811 ], [ -1876148.447320327395573, 1329759.068501802394167 ], [ -1876137.410947382450104, 1329809.652843811549246 ], [ -1876124.560932374559343, 1329806.849267773563042 ], [ -1876121.801856859587133, 1329819.495362790534273 ], [ -1876108.951856562169269, 1329816.691810076590627 ], [ -1876106.19279947434552, 1329829.337911373004317 ], [ -1876093.342813885305077, 1329826.534381985664368 ], [ -1876090.583775226026773, 1329839.180489553138614 ], [ -1876077.733804342802614, 1329836.376983489841223 ], [ -1876074.974784109741449, 1329849.02309734118171 ], [ -1876062.124827936524525, 1329846.219614603091031 ], [ -1876059.365826131077483, 1329858.865734732476994 ], [ -1876033.665939010214061, 1329853.258835109882057 ], [ -1876028.148009577998891, 1329878.551098330179229 ], [ -1876015.298097530379891, 1329875.747685567941517 ], [ -1876001.503360211849213, 1329938.978401938453317 ], [ -1876014.353177771437913, 1329941.78179408586584 ], [ -1876003.317303862655535, 1329992.366389484377578 ], [ -1876016.167041643057019, 1329995.169784343801439 ], [ -1876005.131084620719776, 1330045.75439773243852 ], [ -1875992.281422431347892, 1330042.951019363710657 ], [ -1875989.522450899006799, 1330055.597182217985392 ], [ -1875899.574830556288362, 1330035.974100153427571 ], [ -1875902.333669804502279, 1330023.327908440493047 ], [ -1875799.535986891249195, 1330000.902648064307868 ], [ -1875791.259921279037371, 1330038.841328612994403 ], [ -1875778.41024875966832, 1330036.038269842043519 ], [ -1875772.892907128669322, 1330061.330742566846311 ], [ -1875760.043268215609714, 1330058.527711242670193 ], [ -1875732.456720845540985, 1330184.990245333872736 ], [ -1875719.607266719918698, 1330182.18727443437092 ], [ -1875716.848628296284005, 1330194.83354381355457 ], [ -1875703.999188881600276, 1330192.030596237862483 ], [ -1875701.240568885812536, 1330204.676871895091608 ], [ -1875688.39114418043755, 1330201.873947643442079 ], [ -1875685.632542612962425, 1330214.520229575922713 ], [ -1875659.933718430344015, 1330208.914446918759495 ], [ -1875662.692282202653587, 1330196.268156742444262 ], [ -1875649.842844932340086, 1330193.465290094492957 ], [ -1875655.359933271305636, 1330168.172707957448438 ], [ -1875642.510454016504809, 1330165.369852266972885 ], [ -1875648.02750268089585, 1330140.077270500827581 ], [ -1875635.177981439977884, 1330137.274425766430795 ], [ -1875637.936486169463024, 1330124.628133992431685 ], [ -1875612.237393328687176, 1330119.022493886295706 ], [ -1875614.995859792921692, 1330106.376196019817144 ], [ -1875602.146288193296641, 1330103.573400647845119 ], [ -1875604.904735288815573, 1330090.927100818604231 ], [ -1875592.05514060286805, 1330088.124320524046198 ], [ -1875594.813568331301212, 1330075.478018725989386 ], [ -1875581.96395055949688, 1330072.675253511406481 ], [ -1875587.480766810011119, 1330047.382648133905604 ], [ -1875510.382745444541797, 1330030.566410620929673 ], [ -1875513.141039478126913, 1330017.920086429687217 ], [ -1875320.395042990334332, 1329975.882455110317096 ], [ -1875323.153053083224222, 1329963.236071257386357 ], [ -1875258.904083707137033, 1329949.22446697182022 ], [ -1875256.146168103674427, 1329961.870871432358399 ], [ -1875204.746992819709703, 1329950.661950123729184 ], [ -1875201.989152337424457, 1329963.308373230276629 ], [ -1875137.74018350453116, 1329949.29767424473539 ], [ -1875134.982437043683603, 1329961.944120105821639 ], [ -1875070.733458021422848, 1329947.933921773685142 ], [ -1875067.975805580383167, 1329960.580390399321914 ], [ -1875016.576622583903372, 1329949.372593852691352 ], [ -1875013.819045266136527, 1329962.019081114558503 ], [ -1874911.02062948863022, 1329939.604442681185901 ], [ -1874897.23349177907221, 1330002.837076129857451 ], [ -1874871.53403494739905, 1329997.233649746747687 ], [ -1874868.776643793098629, 1330009.880191138479859 ], [ -1874830.227483843686059, 1330001.475207938347012 ], [ -1874821.955477646086365, 1330039.414882126031443 ], [ -1874886.203773157205433, 1330053.423221661010757 ], [ -1874877.931479258695617, 1330091.362853431142867 ], [ -1874916.480236242059618, 1330099.768050489015877 ], [ -1874921.995212699985132, 1330074.474985211854801 ], [ -1874934.844827783526853, 1330077.276764208450913 ], [ -1874937.60233420599252, 1330064.630238920915872 ], [ -1874963.30158961052075, 1330070.233862761873752 ], [ -1874966.059133359929547, 1330057.587347870925441 ], [ -1874978.90877367858775, 1330060.389192715054378 ], [ -1874981.66633585607633, 1330047.742684099357575 ], [ -1875007.365641732001677, 1330053.346439634216949 ], [ -1875010.123241236666217, 1330040.699941413709894 ], [ -1875074.371527143288404, 1330054.709686882095411 ], [ -1875077.12922066822648, 1330042.063211420318112 ], [ -1875218.475289065856487, 1330072.886386533966288 ], [ -1875215.717387661570683, 1330085.532816662220284 ], [ -1875228.566986220423132, 1330088.335034580202773 ], [ -1875225.809065448120236, 1330100.981462742667645 ], [ -1875251.508212209213525, 1330106.5859479396604 ], [ -1875248.750253171427175, 1330119.232370013836771 ], [ -1875300.148420848650858, 1330130.441554342163727 ], [ -1875291.874314139597118, 1330168.380784034263343 ], [ -1875304.723788897506893, 1330171.183115756139159 ], [ -1875301.965733490185812, 1330183.829525840468705 ], [ -1875314.815185160143301, 1330186.63187264255248 ], [ -1875303.78288324107416, 1330237.217518031597137 ], [ -1875278.084126895293593, 1330231.612876601750031 ], [ -1875275.326088038040325, 1330244.259301573503762 ], [ -1875211.079218382947147, 1330230.248054629890248 ], [ -1875208.321273545268923, 1330242.894502364797518 ], [ -1875195.47190595138818, 1330240.092314700363204 ], [ -1875189.956052663736045, 1330265.385224874829873 ], [ -1875177.106718678027391, 1330262.583064654376358 ], [ -1875163.3171717307996, 1330325.815398384584114 ], [ -1875150.467928048223257, 1330323.013277972815558 ], [ -1875142.194250940345228, 1330360.952716408995911 ], [ -1875232.138471927028149, 1330380.567875970155001 ], [ -1875234.896497052395716, 1330367.921423187945038 ], [ -1875273.444014215143397, 1330376.328220524592325 ], [ -1875270.68593239528127, 1330388.974660941632465 ], [ -1875296.384218435268849, 1330394.579280260019004 ], [ -1875288.109856767579913, 1330432.518589711515233 ], [ -1875275.260772536043078, 1330429.716282817535102 ], [ -1875272.502669940469787, 1330442.362727724248543 ], [ -1875233.955448811640963, 1330433.955934607889503 ], [ -1875228.439355598064139, 1330459.248855616664514 ], [ -1875215.590311310486868, 1330456.446637890068814 ], [ -1875212.832282896852121, 1330469.093105748062953 ], [ -1875148.587093133479357, 1330455.08232573280111 ], [ -1875126.523604853311554, 1330556.254310937365517 ], [ -1875113.674705524696037, 1330553.452245507854968 ], [ -1875108.15886655705981, 1330578.745271576801315 ], [ -1875095.310000837314874, 1330575.94323358964175 ], [ -1875092.552099547348917, 1330588.589753975858912 ], [ -1875066.854393341112882, 1330582.985743844881654 ], [ -1875064.096529378788546, 1330595.632274621864781 ], [ -1875038.398844220675528, 1330590.028349534375593 ], [ -1875035.641017584362999, 1330602.674890710739419 ], [ -1875009.943353474605829, 1330597.071050667902455 ], [ -1874996.154402237152681, 1330660.303830036427826 ], [ -1875034.700608649058267, 1330668.709557083435357 ], [ -1875031.942760298261419, 1330681.356107054511085 ], [ -1875096.186259414069355, 1330695.366015532519668 ], [ -1875098.944202255923301, 1330682.719486169051379 ], [ -1875124.641610389808193, 1330688.323592205531895 ], [ -1875127.399590558139607, 1330675.677073238417506 ], [ -1875178.794432169292122, 1330686.88553220173344 ], [ -1875181.552487461594865, 1330674.239031870849431 ], [ -1875271.493431353708729, 1330693.854603117564693 ], [ -1875268.735243774484843, 1330706.501074597006664 ], [ -1875294.432580831926316, 1330712.105688084615394 ], [ -1875291.674354987684637, 1330724.752153471345082 ], [ -1875317.371637498727068, 1330730.35683551733382 ], [ -1875314.613373388070613, 1330743.003294814378023 ], [ -1875340.310601350152865, 1330748.608045415719971 ], [ -1875337.552298975177109, 1330761.254498615860939 ], [ -1875350.400887776399031, 1330764.056898594368249 ], [ -1875344.884243820793927, 1330789.349803214427084 ], [ -1875357.732790640555322, 1330792.152214150410146 ], [ -1875354.974449061555788, 1330804.798665563110262 ], [ -1875367.822972792666405, 1330807.601091577671468 ], [ -1875362.306250428548083, 1330832.893992621684447 ], [ -1875400.851683109998703, 1330841.30136113264598 ], [ -1875398.0932645292487, 1330853.947802518494427 ], [ -1875526.57757893903181, 1330881.973570995032787 ], [ -1875523.818970908876508, 1330894.619973310036585 ], [ -1875536.667360416613519, 1330897.422651635948569 ], [ -1875531.150105152511969, 1330922.71545447432436 ], [ -1875505.453397538745776, 1330917.110133512876928 ], [ -1875502.694806998595595, 1330929.756546402582899 ], [ -1875489.846465808805078, 1330926.95391884422861 ], [ -1875487.087893697433174, 1330939.60033800965175 ], [ -1875474.239567217649892, 1330936.797733772313222 ], [ -1875471.481013534590602, 1330949.444159212755039 ], [ -1875432.936065656598657, 1330941.036474069347605 ], [ -1875438.45305916457437, 1330915.743600607849658 ], [ -1875425.604697034694254, 1330912.941069048829377 ], [ -1875428.363174185855314, 1330900.294631425756961 ], [ -1875376.96960819256492, 1330889.084680698579177 ], [ -1875379.728009283076972, 1330876.438228736165911 ], [ -1875328.334300690330565, 1330865.228568718535826 ], [ -1875325.575975192012265, 1330877.875037168618292 ], [ -1875287.030706474324688, 1330869.468006121460348 ], [ -1875284.272437202045694, 1330882.114489085040987 ], [ -1875245.727187487762421, 1330873.707643199944869 ], [ -1875242.968974440358579, 1330886.354140682844445 ], [ -1875153.030044166836888, 1330866.738867801846936 ], [ -1875150.271962936967611, 1330879.385396288707852 ], [ -1875124.575125825125724, 1330873.781213649781421 ], [ -1875121.817081924062222, 1330886.427752524614334 ], [ -1875057.575010360684246, 1330872.417652535485104 ], [ -1875049.301159311551601, 1330910.357343907700852 ], [ -1875023.604414767585695, 1330904.753463039174676 ], [ -1875015.330672886222601, 1330942.693198497174308 ], [ -1874976.785694750025868, 1330934.287558283424005 ], [ -1874974.027836545370519, 1330946.934153439477086 ], [ -1874948.331201316090301, 1330941.330497537739575 ], [ -1874945.573380439775065, 1330953.977103083394468 ], [ -1874919.876766259316355, 1330948.373532223515213 ], [ -1874917.118982711574063, 1330961.020148158306256 ], [ -1874904.27068824111484, 1330958.218395648058504 ], [ -1874898.755157531704754, 1330983.511642228346318 ], [ -1874885.906896670348942, 1330980.709917161613703 ], [ -1874880.391401882981881, 1331006.003180580912158 ], [ -1874867.543174632126465, 1331003.201482956530526 ], [ -1874856.512255021138117, 1331053.788052092306316 ], [ -1874843.664099175017327, 1331050.986390148522332 ], [ -1874838.14867435162887, 1331076.279695867793635 ], [ -1874812.452425695257261, 1331070.676446064608172 ], [ -1874806.937074590008706, 1331095.969776868121698 ], [ -1874794.088981779757887, 1331093.168189007323235 ], [ -1874788.573666596086696, 1331118.461536652641371 ], [ -1874775.725607396336272, 1331115.659976234193891 ], [ -1874772.96796799893491, 1331128.306657403474674 ], [ -1874760.119923509191722, 1331125.505120303248987 ], [ -1874757.362302541732788, 1331138.15180774522014 ], [ -1874744.514272765489295, 1331135.350293967407197 ], [ -1874711.423011364648119, 1331287.110760440118611 ], [ -1874698.575204184278846, 1331284.309315310092643 ], [ -1874693.06002518418245, 1331309.602764729876071 ], [ -1874680.212251614546403, 1331306.801347040571272 ], [ -1874677.454680309165269, 1331319.448079099413007 ], [ -1874664.606921449536458, 1331316.646684728330001 ], [ -1874661.849368574563414, 1331329.293423054041341 ], [ -1874649.001624429132789, 1331326.492052002577111 ], [ -1874646.244089983869344, 1331339.138796602142975 ], [ -1874633.396360550774261, 1331336.337448871927336 ], [ -1874630.638844535918906, 1331348.984199738129973 ], [ -1874617.79112981306389, 1331346.182875326136127 ], [ -1874615.033632227219641, 1331358.829632466426119 ], [ -1874602.185932218795642, 1331356.028331373818219 ], [ -1874599.428453063126653, 1331368.675094782374799 ], [ -1874586.580767765175551, 1331365.873817009618506 ], [ -1874581.065845844103023, 1331391.167358519975096 ], [ -1874568.218194159446284, 1331388.366108188172802 ], [ -1874565.460751394508407, 1331401.012886287178844 ], [ -1874514.070178388385102, 1331389.808093426050618 ], [ -1874511.312810750678182, 1331402.454890151275322 ], [ -1874485.617536928039044, 1331396.852617155294865 ], [ -1874482.860206616809592, 1331409.499424279900268 ], [ -1874470.012582326540723, 1331406.698320699390024 ], [ -1874467.255270446883515, 1331419.345134086674079 ], [ -1874454.407660867320374, 1331416.544053824385628 ], [ -1874451.650367416674271, 1331429.190873485524207 ], [ -1874438.80277255224064, 1331426.389816542854533 ], [ -1874436.045497532002628, 1331439.0366424722597 ], [ -1874423.1979173803702, 1331436.235608849208802 ], [ -1874420.440660789841786, 1331448.882441049674526 ], [ -1874407.593095351243392, 1331446.081430746242404 ], [ -1874404.83585719158873, 1331458.728269212180749 ], [ -1874379.14075155230239, 1331453.126314440276474 ], [ -1874376.383550720056519, 1331465.773163304198533 ], [ -1874350.688466136343777, 1331460.171293565537781 ], [ -1874347.931302634067833, 1331472.818152811843902 ], [ -1874335.083772963611409, 1331470.017250861506909 ], [ -1874332.326627891045064, 1331482.664116378640756 ], [ -1874306.631593788973987, 1331477.062378314323723 ], [ -1874303.874486045679078, 1331489.709254219662398 ], [ -1874291.026981616392732, 1331486.908418104285374 ], [ -1874288.269892303505912, 1331499.555300279287621 ], [ -1874275.422402587486431, 1331496.754487483296543 ], [ -1874272.665331703843549, 1331509.401375929359347 ], [ -1874234.122894137864932, 1331500.999065092066303 ], [ -1874231.365879482589662, 1331513.645968044642359 ], [ -1874179.975979728391394, 1331502.443172185216099 ], [ -1874177.219040200347081, 1331515.090093764010817 ], [ -1874138.676628140266985, 1331506.688210813794285 ], [ -1874135.919744839658961, 1331519.335146904690191 ], [ -1874110.224820336326957, 1331513.733995836926624 ], [ -1874107.467974364291877, 1331526.380942315794528 ], [ -1874094.620524735422805, 1331523.580399698577821 ], [ -1874091.863697194494307, 1331536.22735244454816 ], [ -1874079.016262276796624, 1331533.42683314695023 ], [ -1874076.259453166509047, 1331546.073792160954326 ], [ -1874063.412032965105027, 1331543.273296178784221 ], [ -1874057.898451136192307, 1331568.567228896077722 ], [ -1874045.051064545521513, 1331565.766760353464633 ], [ -1874042.294291827594861, 1331578.413734050933272 ], [ -1874016.599543894408271, 1331572.812862799037248 ], [ -1874013.842808505287394, 1331585.45984689029865 ], [ -1873962.453338013729081, 1331574.25835124286823 ], [ -1873948.670032024616376, 1331637.493386297486722 ], [ -1873961.517311429604888, 1331640.293710813857615 ], [ -1873958.760629928437993, 1331652.94072014791891 ], [ -1873971.607886251760647, 1331655.741059745661914 ], [ -1873968.851185382576659, 1331668.388067111140117 ], [ -1874033.087309725349769, 1331682.390032465569675 ], [ -1874035.844105088617653, 1331669.743045696057379 ], [ -1874112.927429596194997, 1331686.546062377747148 ], [ -1874115.684337883722037, 1331673.899102478520945 ], [ -1874179.920421047834679, 1331687.902164926053956 ], [ -1874185.434425208019093, 1331662.608292764052749 ], [ -1874288.212243019603193, 1331685.014256899245083 ], [ -1874285.455089983297512, 1331697.661158946808428 ], [ -1874298.302279476542026, 1331700.46198673476465 ], [ -1874295.545107073616236, 1331713.108886809553951 ], [ -1874321.239435708150268, 1331718.710591739742085 ], [ -1874312.967802296159789, 1331756.651280130026862 ], [ -1874338.662000796990469, 1331762.253037130925804 ], [ -1874335.904750924790278, 1331774.899929320206866 ], [ -1874348.751824997132644, 1331777.700832496862859 ], [ -1874345.994555758312345, 1331790.347722713369876 ], [ -1874397.382734599057585, 1331801.551510918652639 ], [ -1874394.625389297725633, 1331814.198386796982959 ], [ -1874535.942327908473089, 1331845.010342855472118 ], [ -1874527.669665535213426, 1331882.950847408967093 ], [ -1874579.057290851138532, 1331894.155721550341696 ], [ -1874573.542029071832076, 1331919.44936902448535 ], [ -1874560.695166819728911, 1331916.648129934677854 ], [ -1874557.937554126838222, 1331929.294961011968553 ], [ -1874545.090706587070599, 1331926.49374524038285 ], [ -1874542.33311232435517, 1331939.140582587569952 ], [ -1874478.098906327271834, 1331925.134812295204028 ], [ -1874472.583905382081866, 1331950.428534645587206 ], [ -1874344.115557431010529, 1331922.418516289675608 ], [ -1874327.571677283616737, 1331998.299982105614617 ], [ -1874366.111885442165658, 1332006.702711871359497 ], [ -1874363.354513749713078, 1332019.349617993459105 ], [ -1874376.201222531264648, 1332022.150562189985067 ], [ -1874373.443831471027806, 1332034.797466342104599 ], [ -1874360.597141588106751, 1332031.99652626668103 ], [ -1874357.839768959442154, 1332044.643436682876199 ], [ -1874319.299730890197679, 1332036.240744001232088 ], [ -1874316.542414488038048, 1332048.887668932089582 ], [ -1874303.695745660923421, 1332046.086813885951415 ], [ -1874298.18114925106056, 1332071.380678427172825 ], [ -1874285.334514036308974, 1332068.579850820358843 ], [ -1874282.577234029769897, 1332081.226790423737839 ], [ -1874256.883988841436803, 1332075.625201040878892 ], [ -1874254.126746162306517, 1332088.272151042008772 ], [ -1874241.280136186629534, 1332085.471389267360792 ], [ -1874238.522911939769983, 1332098.118345528142527 ], [ -1874225.676316680153832, 1332095.317607070319355 ], [ -1874220.161904578329995, 1332120.611534279771149 ], [ -1874194.468777096597478, 1332115.010131435701624 ], [ -1874191.711608140729368, 1332127.657106505706906 ], [ -1874166.018501715734601, 1332122.055788690689951 ], [ -1874168.77563287387602, 1332109.408805381273851 ], [ -1874091.696099769091234, 1332092.605287945829332 ], [ -1874099.967150252312422, 1332054.664276752620935 ], [ -1874087.120490055298433, 1332051.863745343405753 ], [ -1874092.634483572561294, 1332026.569740375736728 ], [ -1873977.01401331461966, 1332001.365747419185936 ], [ -1873974.257186881266534, 1332014.012785902246833 ], [ -1873961.410465939668939, 1332011.212442346382886 ], [ -1873958.653657935326919, 1332023.859487106092274 ], [ -1873945.806951705832034, 1332021.059166868217289 ], [ -1873943.050162133993581, 1332033.706217887811363 ], [ -1873930.20347062125802, 1332030.905920965364203 ], [ -1873927.446699478663504, 1332043.5529782588128 ], [ -1873901.753341697156429, 1332037.952450247481465 ], [ -1873898.996607886394486, 1332050.599517918890342 ], [ -1873860.456596524687484, 1332042.198882237775251 ], [ -1873857.69991894159466, 1332054.8459644226823 ], [ -1873844.853259016526863, 1332052.045795043231919 ], [ -1873842.096599865471944, 1332064.69288348662667 ], [ -1873829.249954657396302, 1332061.892737424001098 ], [ -1873826.493313936749473, 1332074.539832138456404 ], [ -1873813.646683443337679, 1332071.739709392655641 ], [ -1873810.890061154030263, 1332084.386810372583568 ], [ -1873798.04344537272118, 1332081.58671094221063 ], [ -1873795.286841514287516, 1332094.233818190172315 ], [ -1873782.440240450203419, 1332091.433742076624185 ], [ -1873776.927069128258154, 1332116.727971246466041 ], [ -1873764.080501678399742, 1332113.927922569448128 ], [ -1873758.567366283154115, 1332139.22216856549494 ], [ -1873745.720832446822897, 1332136.422147323843092 ], [ -1873742.964282946428284, 1332149.069277660688385 ], [ -1873678.731645494932309, 1332135.06948000495322 ], [ -1873681.488100499613211, 1332122.422329070512205 ], [ -1873642.948411123594269, 1332114.022668483899906 ], [ -1873640.192012816201895, 1332126.669831775128841 ], [ -1873627.345460222568363, 1332123.869987426325679 ], [ -1873624.589080346282572, 1332136.517156981630251 ], [ -1873611.742542466381565, 1332133.717335949651897 ], [ -1873608.986181022366509, 1332146.364511767402291 ], [ -1873583.293130512349308, 1332140.764935531187803 ], [ -1873580.536806398304179, 1332153.41212173551321 ], [ -1873567.690293764695525, 1332150.612366531509906 ], [ -1873564.93398808198981, 1332163.259559001307935 ], [ -1873539.24098806665279, 1332157.660114422207698 ], [ -1873536.484719715081155, 1332170.307317272992805 ], [ -1873382.326594980666414, 1332136.712311778217554 ], [ -1873371.302424057852477, 1332187.301342358579859 ], [ -1873358.455962069099769, 1332184.501899821450934 ], [ -1873355.699937068624422, 1332197.149166950723156 ], [ -1873330.007038336712867, 1332191.550347705604509 ], [ -1873327.251050668535754, 1332204.197625210043043 ], [ -1873288.711727895773947, 1332195.799552673241124 ], [ -1873285.955796455731615, 1332208.446844689780846 ], [ -1873273.109366065589711, 1332205.647529689827934 ], [ -1873262.085711229592562, 1332256.236735671758652 ], [ -1873274.932066022884101, 1332259.036034199642017 ], [ -1873266.664263288723305, 1332296.977948860265315 ], [ -1873279.510557200759649, 1332299.777254227083176 ], [ -1873273.998648574808612, 1332325.071866494370624 ], [ -1873325.383631200063974, 1332336.2692469896283 ], [ -1873308.847440515179187, 1332412.153036447009072 ], [ -1873296.001314528286457, 1332409.35368723818101 ], [ -1873298.757328578270972, 1332396.706379513954744 ], [ -1873260.218868826515973, 1332388.308434713864699 ], [ -1873268.486738078063354, 1332350.366487345425412 ], [ -1873204.255604673642665, 1332336.370234834263101 ], [ -1873207.011465658200905, 1332323.722902748268098 ], [ -1873168.47267872095108, 1332315.325369247002527 ], [ -1873171.228482540696859, 1332302.678026947192848 ], [ -1873158.382192961173132, 1332299.878883387660608 ], [ -1873161.137977413600311, 1332287.231539117638022 ], [ -1873122.599026885349303, 1332278.834211268927902 ], [ -1873125.354754171567038, 1332266.186856789514422 ], [ -1873112.508410064503551, 1332263.387781782541424 ], [ -1873115.264117983868346, 1332250.740425333147869 ], [ -1873076.725003865547478, 1332242.343303137924522 ], [ -1873079.480654620099813, 1332229.695936476113275 ], [ -1873040.941446159034967, 1332221.298974697478116 ], [ -1873043.697039745980874, 1332208.651597835822031 ], [ -1872992.311294311890379, 1332197.455901085864753 ], [ -1872986.800257864641026, 1332222.750689906300977 ], [ -1872973.953848849283531, 1332219.951821945374832 ], [ -1872968.442848331294954, 1332245.246627583401278 ], [ -1872955.596472930628806, 1332242.447787054814398 ], [ -1872952.840990870026872, 1332255.095197210554034 ], [ -1872927.148265321971849, 1332249.49758197972551 ], [ -1872924.392820592038333, 1332262.145002519479021 ], [ -1872898.700116116553545, 1332256.547472313512117 ], [ -1872895.944708719383925, 1332269.19490322843194 ], [ -1872883.098369107348844, 1332266.396171037340537 ], [ -1872880.34298014244996, 1332279.043608216103166 ], [ -1872764.725905528757721, 1332253.855919408379123 ], [ -1872761.970686190994456, 1332266.503395795589313 ], [ -1872723.431642741896212, 1332258.107857421273366 ], [ -1872720.676479636691511, 1332270.75534830079414 ], [ -1872694.983800892950967, 1332265.158426935318857 ], [ -1872689.473548879381269, 1332290.453431599074975 ], [ -1872676.62724103522487, 1332287.655007946770638 ], [ -1872671.117024952312931, 1332312.950029422529042 ], [ -1872645.424472315469757, 1332307.353256173664704 ], [ -1872639.914329959778115, 1332332.648302706889808 ], [ -1872627.068085169186816, 1332329.849953111959621 ], [ -1872613.292815603548661, 1332393.087627563625574 ], [ -1872600.446661130292341, 1332390.289317750604823 ], [ -1872597.69162471499294, 1332402.936863191891462 ], [ -1872571.999341020127758, 1332397.340309388004243 ], [ -1872569.244341938057914, 1332409.987865206087008 ], [ -1872543.552079316228628, 1332404.391396421240643 ], [ -1872540.797117565525696, 1332417.038962621707469 ], [ -1872527.950998883228749, 1332414.240761140361428 ], [ -1872525.196055564330891, 1332426.888333604671061 ], [ -1872512.349951598094776, 1332424.090155437588692 ], [ -1872509.595026712864637, 1332436.737734160153195 ], [ -1872496.748937467578799, 1332433.939579305471852 ], [ -1872493.994031014386564, 1332446.587164290715009 ], [ -1872481.147956487257034, 1332443.789032750064507 ], [ -1872478.393068466568366, 1332456.436623997753486 ], [ -1872465.547008658060804, 1332453.638515771133825 ], [ -1872462.792139069642872, 1332466.286113281501457 ], [ -1872449.946093976963311, 1332463.488028367282823 ], [ -1872447.191242822445929, 1332476.135632133344188 ], [ -1872434.345212450716645, 1332473.337570531759411 ], [ -1872431.590379728469998, 1332485.985180561663583 ], [ -1872418.744364075828344, 1332483.187142274109647 ], [ -1872415.989549786550924, 1332495.834758563665673 ], [ -1872403.143548849504441, 1332493.036743588745594 ], [ -1872400.388752992264926, 1332505.684366142377257 ], [ -1872374.696776379598305, 1332500.088402013061568 ], [ -1872369.187258863821626, 1332525.383670017821714 ], [ -1872356.341302083339542, 1332522.585724980570376 ], [ -1872353.586561524309218, 1332535.2333663192112 ], [ -1872327.894673224305734, 1332529.637542066862807 ], [ -1872325.139969997573644, 1332542.28519378346391 ], [ -1872312.294038475723937, 1332539.487314568366855 ], [ -1872309.539353682193905, 1332552.134972544619814 ], [ -1872283.847515893867239, 1332546.539279935183004 ], [ -1872281.092868433333933, 1332559.18694828543812 ], [ -1872268.24696216895245, 1332556.389134891098365 ], [ -1872265.492333141388372, 1332569.036809502635151 ], [ -1872239.800545867299661, 1332563.44124853471294 ], [ -1872237.045954171568155, 1332576.088933528400958 ], [ -1872095.741033144760877, 1332545.314766010269523 ], [ -1872079.214720568619668, 1332621.201192634180188 ], [ -1872092.060529982438311, 1332623.998723549768329 ], [ -1872083.797310691559687, 1332661.941953454166651 ], [ -1872109.488803579472005, 1332667.537048177793622 ], [ -1872106.73435841454193, 1332680.184787539299577 ], [ -1872119.580079689156264, 1332682.982359579531476 ], [ -1872114.071150159463286, 1332708.277836498338729 ], [ -1872126.916829450754449, 1332711.075419501634315 ], [ -1872124.162345085991547, 1332723.723157058935612 ], [ -1872149.853653329890221, 1332729.318372419802472 ], [ -1872147.099130698945373, 1332741.966103884391487 ], [ -1872159.944759648991749, 1332744.763736241962761 ], [ -1872157.190217649564147, 1332757.411465742392465 ], [ -1872182.881425207015127, 1332763.006779811577871 ], [ -1872169.108519211178645, 1332826.245418283389881 ], [ -1872181.954022221500054, 1332829.04308353131637 ], [ -1872143.389558750204742, 1333006.111498677171767 ], [ -1872194.770470576826483, 1333017.302121105603874 ], [ -1872192.015786943491548, 1333029.949864646419883 ], [ -1872230.551370216999203, 1333038.343020667089149 ], [ -1872227.796629415825009, 1333050.990754006663337 ], [ -1872407.628589232917875, 1333090.161042012739927 ], [ -1872410.383594633312896, 1333077.513366306433454 ], [ -1872461.764079660410061, 1333088.705584651557729 ], [ -1872464.519160192692652, 1333076.057927561691031 ], [ -1872503.054536760086194, 1333084.452305220300332 ], [ -1872505.809673526091501, 1333071.80466261995025 ], [ -1872531.49994146428071, 1333077.401018600445241 ], [ -1872534.255115563981235, 1333064.753386374097317 ], [ -1872547.100262159714475, 1333067.551597274607047 ], [ -1872549.855454691220075, 1333054.903971313498914 ], [ -1872562.700616005109623, 1333057.702205526875332 ], [ -1872565.455826970282942, 1333045.054585822625086 ], [ -1872578.301003002794459, 1333047.85284334840253 ], [ -1872583.81146133178845, 1333022.557618606602773 ], [ -1872596.65667098434642, 1333025.355903560528532 ], [ -1872602.167165247257799, 1333000.06069561932236 ], [ -1872769.155001569772139, 1333036.440253828652203 ], [ -1872766.399508974282071, 1333049.087803204078227 ], [ -1872779.244678979506716, 1333051.886361006181687 ], [ -1872773.733654591720551, 1333077.181457934668288 ], [ -1872760.888522385619581, 1333074.382908368017524 ], [ -1872755.377533928724006, 1333099.678022108506411 ], [ -1872742.532435338012874, 1333096.879499971168116 ], [ -1872737.021482813404873, 1333122.174630519468337 ], [ -1872724.176417842973024, 1333119.376135811908171 ], [ -1872718.665501250885427, 1333144.671283161034808 ], [ -1872705.820469897706062, 1333141.872815885813907 ], [ -1872697.554148206021637, 1333179.815565343713388 ], [ -1872684.709169370355085, 1333177.017129614949226 ], [ -1872679.198323709657416, 1333202.312314862385392 ], [ -1872666.353378489147872, 1333199.513906562002376 ], [ -1872655.331757164094597, 1333250.104319243459031 ], [ -1872642.486883364152163, 1333247.305946607841179 ], [ -1872634.220719170058146, 1333285.248790960293263 ], [ -1872621.375897887628525, 1333282.450449871364981 ], [ -1872610.35441469354555, 1333333.040955473203212 ], [ -1872623.199160376563668, 1333335.839280091458932 ], [ -1872620.443769511999562, 1333348.486907728016376 ], [ -1872633.288492113118991, 1333351.285247422056273 ], [ -1872630.533081881469116, 1333363.932873085606843 ], [ -1872643.377781403716654, 1333366.731227858457714 ], [ -1872640.6223518056795, 1333379.378851546440274 ], [ -1872679.1563685759902, 1333387.774018672993407 ], [ -1872676.400881812442094, 1333400.421632145764306 ], [ -1872843.380940548144281, 1333436.802632373990491 ], [ -1872840.625207619275898, 1333449.450194464530796 ], [ -1872892.00346943968907, 1333460.644984510727227 ], [ -1872894.759277967736125, 1333447.997438892489299 ], [ -1872971.826658629113808, 1333464.790224496740848 ], [ -1872974.582580087007955, 1333452.142705735750496 ], [ -1873013.116270654369146, 1333460.53937001246959 ], [ -1873015.872248345520347, 1333447.891865745419636 ], [ -1873041.561392275616527, 1333453.4897461370565 ], [ -1873044.317407299065962, 1333440.84225224936381 ], [ -1873185.607607757905498, 1333471.632012090180069 ], [ -1873188.363830209476873, 1333458.984565650578588 ], [ -1873214.052940988913178, 1333464.582961564417928 ], [ -1873236.103006193647161, 1333363.403533054050058 ], [ -1873248.947706504026428, 1333366.202792751602829 ], [ -1873254.460255936020985, 1333340.90796528221108 ], [ -1873267.304989862488583, 1333343.707252412103117 ], [ -1873272.817575225839391, 1333318.41244174935855 ], [ -1873285.662342770257965, 1333321.211756312986836 ], [ -1873293.931274012196809, 1333283.269568743184209 ], [ -1873306.776094069937244, 1333286.068914857693017 ], [ -1873312.288750361185521, 1333260.774142100242898 ], [ -1873325.133604034548625, 1333263.573515645926818 ], [ -1873327.889950379729271, 1333250.926136597525328 ], [ -1873340.734818771481514, 1333253.725533458404243 ], [ -1873346.247547859558836, 1333228.430790028301999 ], [ -1873359.092449865071103, 1333231.230214320123196 ], [ -1873361.848832607734948, 1333218.582849939819425 ], [ -1873374.693749329308048, 1333221.382297545671463 ], [ -1873371.937347687082365, 1333234.029657807666808 ], [ -1873397.627130783163011, 1333239.628602365031838 ], [ -1873394.870690875453874, 1333252.275956528726965 ], [ -1873407.715557247400284, 1333255.075453480472788 ], [ -1873404.959097972372547, 1333267.722805672790855 ], [ -1873417.803941261954606, 1333270.522317700088024 ], [ -1873409.534503938164562, 1333308.46437476715073 ], [ -1873422.37928634788841, 1333311.263893631985411 ], [ -1873419.622787405736744, 1333323.911246158648282 ], [ -1873432.467546730767936, 1333326.710780097870156 ], [ -1873426.954509648028761, 1333352.005483332555741 ], [ -1873439.799226990900934, 1333354.805028227856383 ], [ -1873437.042688849382102, 1333367.452378940070048 ], [ -1873449.887383111286908, 1333370.251938911154866 ], [ -1873436.104590903734788, 1333433.488704011077061 ], [ -1873448.949186482932419, 1333436.288262580055743 ], [ -1873437.922868714667857, 1333486.877696740906686 ], [ -1873476.456403559772298, 1333495.276438180590048 ], [ -1873479.213040399830788, 1333482.629088788293302 ], [ -1873517.746594291180372, 1333491.028015330899507 ], [ -1873514.9899007526692, 1333503.67535236524418 ], [ -1873540.67887796391733, 1333509.274724460206926 ], [ -1873537.92214615852572, 1333521.922055404866114 ], [ -1873614.988863981328905, 1333538.720607625320554 ], [ -1873617.745709183160216, 1333526.073301398195326 ], [ -1873643.43461945373565, 1333531.672980595612898 ], [ -1873646.191501985769719, 1333519.025684756692499 ], [ -1873671.880433319369331, 1333524.625448970589787 ], [ -1873674.637353184400126, 1333511.978163508232683 ], [ -1873700.326305580558255, 1333517.578012736979872 ], [ -1873703.083262776723132, 1333504.930737658403814 ], [ -1873754.461192955262959, 1333516.130682922434062 ], [ -1873757.218225281685591, 1333503.483426466118544 ], [ -1873782.907203065464273, 1333509.083522502798587 ], [ -1873788.421341913985088, 1333483.789032497210428 ], [ -1873826.954890602501109, 1333492.189345228252932 ], [ -1873829.712016024859622, 1333479.542115793563426 ], [ -1873932.468112938338891, 1333501.943827240727842 ], [ -1873935.225389086641371, 1333489.296632915502414 ], [ -1873986.603412711527199, 1333500.497965777292848 ], [ -1873989.360763989621773, 1333487.850790072698146 ], [ -1874040.738796258345246, 1333499.052446522051468 ], [ -1874043.496222666231915, 1333486.405289443908259 ], [ -1874120.563258913345635, 1333503.208374659763649 ], [ -1874117.805719110649079, 1333515.855507014784962 ], [ -1874169.183583982521668, 1333527.057931223884225 ], [ -1874171.941199381370097, 1333514.410815350944176 ], [ -1874184.785674034617841, 1333517.211473509902135 ], [ -1874187.543307865038514, 1333504.564363903831691 ], [ -1874200.38779723434709, 1333507.36504537682049 ], [ -1874203.145449497271329, 1333494.717942029004917 ], [ -1874215.989953578449786, 1333497.518646816024557 ], [ -1874218.74762427364476, 1333484.87154973228462 ], [ -1874231.592143068322912, 1333487.672277834499255 ], [ -1874234.34983219509013, 1333475.025187016231939 ], [ -1874260.038895029574633, 1333480.62670904584229 ], [ -1874262.796621485613286, 1333467.979628616943955 ], [ -1874288.485705374507234, 1333473.581235664431006 ], [ -1874291.243469162844121, 1333460.934165613725781 ], [ -1874316.932574110105634, 1333466.535857680486515 ], [ -1874319.690375229809433, 1333453.888798013329506 ], [ -1874345.379501233575866, 1333459.490575099363923 ], [ -1874348.137339682783931, 1333446.843525821808726 ], [ -1874360.98191530443728, 1333449.644447276368737 ], [ -1874363.739772185916081, 1333436.997404261492193 ], [ -1874376.584362520603463, 1333439.79834903171286 ], [ -1874387.615860969992355, 1333389.210214880062267 ], [ -1874361.926524923183024, 1333383.608311564195901 ], [ -1874364.684360569808632, 1333370.961275140522048 ], [ -1874351.839667368680239, 1333368.160348153905943 ], [ -1874357.355299460468814, 1333342.86627349909395 ], [ -1874370.200030459323898, 1333345.667208728147671 ], [ -1874375.715698480140418, 1333320.373150885570794 ], [ -1874388.560463091125712, 1333323.174113551154733 ], [ -1874391.318315299693495, 1333310.527091966709122 ], [ -1874404.163094623945653, 1333313.328077947720885 ], [ -1874406.920965263387188, 1333300.681062628515065 ], [ -1874432.610549155622721, 1333306.28310041828081 ], [ -1874435.368457125499845, 1333293.63609548448585 ], [ -1874448.213261690689251, 1333296.437147291842848 ], [ -1874450.971188093768433, 1333283.790148616302758 ], [ -1874463.816007374320179, 1333286.591223740484565 ], [ -1874466.573952206177637, 1333273.944231340428814 ], [ -1874492.263616006122902, 1333279.54644741397351 ], [ -1874495.021598170278594, 1333266.899465391645208 ], [ -1874520.711283022072166, 1333272.501766485860571 ], [ -1874526.227321542799473, 1333247.207825361983851 ], [ -1874539.072195487329736, 1333250.009012943366542 ], [ -1874552.862378103192896, 1333186.774218251230195 ], [ -1874591.397258306154981, 1333195.177957986481488 ], [ -1874594.155350123066455, 1333182.531017845030874 ], [ -1874607.000320719089359, 1333185.332306934986264 ], [ -1874612.51654074783437, 1333160.038441325770691 ], [ -1874625.361544953193516, 1333162.839757852256298 ], [ -1874628.119673165725544, 1333150.192832383094355 ], [ -1874640.964692083653063, 1333152.994172226404771 ], [ -1874649.239130611764267, 1333115.053421047516167 ], [ -1874662.084202042082325, 1333117.854792451718822 ], [ -1874664.842366180149838, 1333105.207883807364851 ], [ -1874716.222685627173632, 1333116.413577857194468 ], [ -1874718.98092489503324, 1333103.766687834868208 ], [ -1874834.586568835191429, 1333128.980659442488104 ], [ -1874837.344977722270414, 1333116.33380866679363 ], [ -1874850.190047239651904, 1333119.135461165569723 ], [ -1874852.948474558070302, 1333106.488616653950885 ], [ -1874865.793558784294873, 1333109.290292468154803 ], [ -1874868.552004534285516, 1333096.643454221775755 ], [ -1874907.08728879224509, 1333105.04860920086503 ], [ -1874909.845790770370513, 1333092.401785463793203 ], [ -1874922.690896050073206, 1333095.203546301461756 ], [ -1874925.449416459538043, 1333082.556728831259534 ], [ -1874989.674974536988884, 1333096.565841557458043 ], [ -1874986.916359634837136, 1333109.212638415861875 ], [ -1875025.451587543357164, 1333117.618324025301263 ], [ -1875022.692915477324277, 1333130.265110661275685 ], [ -1875035.537964175688103, 1333133.067040131194517 ], [ -1875030.020580844022334, 1333158.360611589159817 ], [ -1875068.555588419083506, 1333166.766490433365107 ], [ -1875065.796839356189594, 1333179.413267008727416 ], [ -1875104.331752553582191, 1333187.819306239718571 ], [ -1875107.090558311901987, 1333175.172542030923069 ], [ -1875119.935539903584868, 1333177.974597620312124 ], [ -1875122.694364092545584, 1333165.327839678619057 ], [ -1875148.384352508466691, 1333170.932016685372218 ], [ -1875151.143214027862996, 1333158.285269130021334 ], [ -1875163.988220852566883, 1333161.087390548782423 ], [ -1875166.747100802604109, 1333148.440649260301143 ], [ -1875192.437139686197042, 1333154.044957926962525 ], [ -1875195.196056965738535, 1333141.398227028083056 ], [ -1875208.041089024627581, 1333144.200414275983348 ], [ -1875210.800024733645841, 1333131.553689650958404 ], [ -1875223.645071506267413, 1333134.355900215683505 ], [ -1875226.404025647323579, 1333121.70918185194023 ], [ -1875252.094144424656406, 1333127.313668813556433 ], [ -1875254.853135894518346, 1333114.666960840579122 ], [ -1875267.69820789899677, 1333117.469237237237394 ], [ -1875273.216227230848745, 1333092.175835974980146 ], [ -1875286.061332844896242, 1333094.978139811195433 ], [ -1875288.820360707351938, 1333082.331446520285681 ], [ -1875301.6654810346663, 1333085.133773676352575 ], [ -1875304.424527328461409, 1333072.487086647888646 ], [ -1875317.269662364618853, 1333075.289437120780349 ], [ -1875320.028727088822052, 1333062.642756362212822 ], [ -1875332.873876835219562, 1333065.445130151696503 ], [ -1875335.632959989598021, 1333052.798455661395565 ], [ -1875348.47812444716692, 1333055.600852770498022 ], [ -1875351.237226031720638, 1333042.954184549860656 ], [ -1875364.082405201625079, 1333045.756604975787923 ], [ -1875366.841525217751041, 1333033.109943018993363 ], [ -1875392.531908789416775, 1333038.714849704876542 ], [ -1875395.29106613388285, 1333026.068198140244931 ], [ -1875433.826666776323691, 1333034.475714500062168 ], [ -1875436.585880347061902, 1333021.829077454982325 ], [ -1875487.96669816528447, 1333033.039384491741657 ], [ -1875485.207409001188353, 1333045.686005043564364 ], [ -1875523.742921695811674, 1333054.093924500979483 ], [ -1875520.98357536806725, 1333066.740534832002595 ], [ -1875546.673858425579965, 1333072.345902196131647 ], [ -1875543.914473832352087, 1333084.99250642885454 ], [ -1875556.759590182919055, 1333087.795214780373499 ], [ -1875551.240781797794625, 1333113.08842142438516 ], [ -1875564.085856161080301, 1333115.891140724765137 ], [ -1875561.326432367786765, 1333128.53774314164184 ], [ -1875612.706612347858027, 1333139.748795795720071 ], [ -1875620.985109102912247, 1333101.809044464724138 ], [ -1875633.830200323835015, 1333104.611867986852303 ], [ -1875636.58971720491536, 1333091.965292619774118 ], [ -1875726.505370750790462, 1333111.585623593535274 ], [ -1875729.265019450802356, 1333098.939079240662977 ], [ -1875754.955206278944388, 1333104.545069093815982 ], [ -1875757.714892306597903, 1333091.898535137297586 ], [ -1875796.250197824556381, 1333100.307676246855408 ], [ -1875799.009940079646185, 1333087.661156805464998 ], [ -1875837.545264596119523, 1333096.070483041694388 ], [ -1875840.305063078179955, 1333083.42397811380215 ], [ -1875853.150181772187352, 1333086.227129374630749 ], [ -1875855.909998683957383, 1333073.580630716402084 ], [ -1875894.445386323146522, 1333081.990212038625032 ], [ -1875897.205259461188689, 1333069.34372789808549 ], [ -1875910.050399193773046, 1333072.146964186336845 ], [ -1875912.810290761524811, 1333059.500486315693706 ], [ -1875938.500595457851887, 1333065.107024725992233 ], [ -1875941.260524354642257, 1333052.460557245882228 ], [ -1875992.641159068094566, 1333063.673880902817473 ], [ -1875995.401163089321926, 1333051.027432066155598 ], [ -1876149.542891840683296, 1333084.669295251369476 ], [ -1876152.303122170269489, 1333072.022898053284734 ], [ -1876280.754290928365663, 1333100.059936735546216 ], [ -1876283.514709768583998, 1333087.413582934997976 ], [ -1876309.204931039595976, 1333093.021229262696579 ], [ -1876320.246752902166918, 1333042.435868509113789 ], [ -1876333.091932843439281, 1333045.239736963296309 ], [ -1876338.612878761719912, 1333019.947077705292031 ], [ -1876415.684097199700773, 1333036.770741038257256 ], [ -1876418.44468284258619, 1333024.124439380364493 ], [ -1876559.741732738446444, 1333054.969662275165319 ], [ -1876562.502525790594518, 1333042.323408137541264 ], [ -1876665.263849335489795, 1333064.757789342431352 ], [ -1876670.785736397374421, 1333039.465353523148224 ], [ -1876683.630920777330175, 1333042.269745802972466 ], [ -1876689.152843761723489, 1333016.977326814318076 ], [ -1876766.224088812246919, 1333033.804133100667968 ], [ -1876763.46301416773349, 1333046.45031676790677 ], [ -1876789.153357863193378, 1333052.059397506527603 ], [ -1876786.392244955757633, 1333064.705575062893331 ], [ -1876812.082534089451656, 1333070.314724328927696 ], [ -1876801.037926593096927, 1333120.899423009948805 ], [ -1876788.192859712522477, 1333118.094855283387005 ], [ -1876785.431725565344095, 1333130.741039442131296 ], [ -1876772.586673391750082, 1333127.93649503774941 ], [ -1876769.825557672418654, 1333140.582685473142192 ], [ -1876744.135478544980288, 1333134.973662499571219 ], [ -1876741.374400153756142, 1333147.619863328756765 ], [ -1876702.839306724723428, 1333139.206485209055245 ], [ -1876700.078284558840096, 1333151.852700558956712 ], [ -1876674.388239114079624, 1333146.24388603749685 ], [ -1876671.627254274440929, 1333158.890111787943169 ], [ -1876658.782244164962322, 1333156.085737446323037 ], [ -1876642.216438680887222, 1333231.963161741616204 ], [ -1876744.97549513191916, 1333254.398495891364291 ], [ -1876742.214374729897827, 1333267.04470777278766 ], [ -1876780.748895057011396, 1333275.458262411411852 ], [ -1876777.987717493437231, 1333288.104464060626924 ], [ -1876816.522143408888951, 1333296.518179072067142 ], [ -1876813.760908683761954, 1333309.164370488841087 ], [ -1876826.605690042022616, 1333311.968976422678679 ], [ -1876815.56067086965777, 1333362.553747025784105 ], [ -1876828.405372448265553, 1333365.358355647651479 ], [ -1876825.644097587093711, 1333378.004549533128738 ], [ -1876812.79941490618512, 1333375.19994503678754 ], [ -1876810.038158474257216, 1333387.846145194489509 ], [ -1876784.348818337544799, 1333382.237002038164064 ], [ -1876781.587599232327193, 1333394.883212594082579 ], [ -1876576.07257703342475, 1333350.012897339649498 ], [ -1876573.311659823870286, 1333362.659176057204604 ], [ -1876560.466954212402925, 1333359.854948631022125 ], [ -1876563.227852523792535, 1333347.208665787940845 ], [ -1876524.693653857102618, 1333338.796086299233139 ], [ -1876541.258693728828803, 1333262.918360030744225 ], [ -1876554.10354419448413, 1333265.722558754263446 ], [ -1876559.625258201733232, 1333240.430008738767356 ], [ -1876572.470142274629325, 1333243.234234907431528 ], [ -1876577.991892204619944, 1333217.941701725125313 ], [ -1876590.836809880798683, 1333220.745955338934436 ], [ -1876599.11948795709759, 1333182.807184026809409 ], [ -1876534.894574201200157, 1333168.786046017426997 ], [ -1876532.133776465896517, 1333181.432321606669575 ], [ -1876519.288800042122602, 1333178.628155714133754 ], [ -1876502.724117187317461, 1333254.505879032425582 ], [ -1876489.879249960416928, 1333251.701757088536397 ], [ -1876484.357723059365526, 1333276.994356934214011 ], [ -1876471.512889438075945, 1333274.190262435236946 ], [ -1876468.752144182333723, 1333286.836569705512375 ], [ -1876455.907325265929103, 1333284.032498526386917 ], [ -1876453.146598440594971, 1333296.678812062134966 ], [ -1876427.456985835451633, 1333291.070735538611189 ], [ -1876424.696296337293461, 1333303.717059472342953 ], [ -1876411.851502649253234, 1333300.913054127944633 ], [ -1876409.09083158057183, 1333313.559384332736954 ], [ -1876383.401269426103681, 1333307.95143947773613 ], [ -1876380.640635685063899, 1333320.597780078882352 ], [ -1876367.795867221662775, 1333317.793840569444001 ], [ -1876365.035251911263913, 1333330.440187434665859 ], [ -1876352.19049815624021, 1333327.636271245079115 ], [ -1876349.429901275318116, 1333340.282624381361529 ], [ -1876336.585162228206173, 1333337.478731511393562 ], [ -1876333.824583777459338, 1333350.125090915942565 ], [ -1876320.979859435698017, 1333347.321221365360543 ], [ -1876318.21929941396229, 1333359.967587042367086 ], [ -1876292.52987596206367, 1333354.359913775231689 ], [ -1876289.769353267969564, 1333367.006289848824963 ], [ -1876276.92465415247716, 1333364.202486130408943 ], [ -1876274.164149889955297, 1333376.848868468077853 ], [ -1876261.319465485168621, 1333374.04508806951344 ], [ -1876244.756543461466208, 1333449.923451900715008 ], [ -1876360.357531785732135, 1333475.15794371580705 ], [ -1876363.11819004197605, 1333462.51158150844276 ], [ -1876375.962742248084396, 1333465.315514027373865 ], [ -1876378.723418933106586, 1333452.669158093864098 ], [ -1876391.567985846428201, 1333455.473113933810964 ], [ -1876399.850069789215922, 1333417.534071368165314 ], [ -1876412.69468920910731, 1333420.338058777386323 ], [ -1876415.455401818733662, 1333407.691719668917358 ], [ -1876428.300035943742841, 1333410.495730398921296 ], [ -1876431.060766981681809, 1333397.849397564306855 ], [ -1876443.905415816931054, 1333400.6534316141624 ], [ -1876446.666165285976604, 1333388.007105043623596 ], [ -1876459.510828826576471, 1333390.811162413097918 ], [ -1876462.271596725331619, 1333378.16484211361967 ], [ -1876513.650284579256549, 1333389.38128003384918 ], [ -1876510.889441089238971, 1333402.027583830058575 ], [ -1876523.73408367857337, 1333404.831737170461565 ], [ -1876520.973220821935683, 1333417.478038986679167 ], [ -1876533.817840325180441, 1333420.282207395881414 ], [ -1876531.056958103785291, 1333432.928507225122303 ], [ -1876543.901554516749457, 1333435.732690701493993 ], [ -1876541.140652928268537, 1333448.378988555399701 ], [ -1876553.985226255143061, 1333451.183187101734802 ], [ -1876542.941539630526677, 1333501.768383446615189 ], [ -1876581.475007686764002, 1333510.181044738274068 ], [ -1876586.996965321712196, 1333484.888467035256326 ], [ -1876676.908508694497868, 1333504.518739604391158 ], [ -1876674.147397826192901, 1333517.164998503401875 ], [ -1876699.836334704887122, 1333522.773812300991267 ], [ -1876697.075185572961345, 1333535.420065091690049 ], [ -1876722.764067895244807, 1333541.028947415063158 ], [ -1876720.002880498534068, 1333553.675194100476801 ], [ -1876745.691708259982988, 1333559.28414494683966 ], [ -1876742.930482601746917, 1333571.930385515326634 ], [ -1876755.774871300440282, 1333574.734885604353622 ], [ -1876753.013626274652779, 1333587.3811241958756 ], [ -1876765.857991882832721, 1333590.18563935207203 ], [ -1876763.096727491356432, 1333602.831875960808247 ], [ -1876775.941070012981072, 1333605.636406184406951 ], [ -1876773.179786255117506, 1333618.282640813384205 ], [ -1876811.712731973733753, 1333626.696334266802296 ], [ -1876808.951391055248678, 1333639.342558660544455 ], [ -1876860.328517752699554, 1333650.561068804236129 ], [ -1876857.567100775428116, 1333663.207278833258897 ], [ -1876896.099845097633079, 1333671.621350595960394 ], [ -1876898.861318768002093, 1333658.975152946310118 ], [ -1877040.147933093830943, 1333689.828272713348269 ], [ -1877037.386251549003646, 1333702.47442496730946 ], [ -1877063.074634598102421, 1333708.08432437106967 ], [ -1877060.312914789654315, 1333720.73047051532194 ], [ -1877073.15708112786524, 1333723.53544488013722 ], [ -1877070.395341953961179, 1333736.181589043000713 ], [ -1877083.239485203055665, 1333738.986578473821282 ], [ -1877074.954208178911358, 1333776.925011441344395 ], [ -1877062.110121622681618, 1333774.120034391293302 ], [ -1877059.348380575189367, 1333786.766187130939215 ], [ -1877046.504308725008741, 1333783.961233400506899 ], [ -1877043.742586108157411, 1333796.607392407022417 ], [ -1877018.054467626148835, 1333790.997550779720768 ], [ -1877015.292782337171957, 1333803.643720181193203 ], [ -1877002.448735707439482, 1333800.838832285720855 ], [ -1876999.687068846542388, 1333813.485007962677628 ], [ -1876948.310916003538296, 1333802.265664820326492 ], [ -1876945.549324264982715, 1333814.911859147483483 ], [ -1876842.796968576963991, 1333792.474127155961469 ], [ -1876845.558409132994711, 1333779.827899815049022 ], [ -1876768.493852954823524, 1333763.000382185680792 ], [ -1876774.016505888896063, 1333737.70788442180492 ], [ -1876735.484057834837586, 1333729.294359961524606 ], [ -1876732.722788295708597, 1333741.940620146458969 ], [ -1876719.878649461315945, 1333739.136154505889863 ], [ -1876717.117398350732401, 1333751.782420967472717 ], [ -1876678.585013393778354, 1333743.369151585735381 ], [ -1876681.34620781079866, 1333730.722872745012864 ], [ -1876540.060265745967627, 1333699.875650858739391 ], [ -1876537.299279205268249, 1333712.521975085604936 ], [ -1876524.455096409190446, 1333709.717801473336294 ], [ -1876521.694128298899159, 1333722.364131969632581 ], [ -1876483.161611461313441, 1333713.951738672796637 ], [ -1876480.400699578225613, 1333726.598083681426942 ], [ -1876454.712371863657609, 1333720.989925703499466 ], [ -1876451.951497306348756, 1333733.636281115468591 ], [ -1876439.107346062548459, 1333730.832235042005777 ], [ -1876428.063918751431629, 1333781.417694603092968 ], [ -1876440.907994403503835, 1333784.22172417351976 ], [ -1876432.625362313585356, 1333822.160828972468153 ], [ -1876381.249261338496581, 1333810.944875359302387 ], [ -1876384.010063577443361, 1333798.298488450236619 ], [ -1876371.166008960921317, 1333795.494543904671445 ], [ -1876373.926791834412143, 1333782.848155010025948 ], [ -1876322.550455872667953, 1333771.632552259368822 ], [ -1876319.789748590905219, 1333784.278957656119019 ], [ -1876242.725232344353572, 1333767.456154087325558 ], [ -1876239.964637983823195, 1333780.102586375316605 ], [ -1876227.120556174777448, 1333777.298857082845643 ], [ -1876224.359980243491009, 1333789.945295644691214 ], [ -1876185.827766376314685, 1333781.534235301427543 ], [ -1876183.067246670601889, 1333794.18068838538602 ], [ -1876170.223185901297256, 1333791.377044116379693 ], [ -1876159.181177999824286, 1333841.962894354714081 ], [ -1876146.337188632925972, 1333839.159285780275241 ], [ -1876143.576704386854544, 1333851.805757820606232 ], [ -1876092.200780615676194, 1333840.591531953774393 ], [ -1876089.440371493343264, 1333853.238022641511634 ], [ -1876076.596398973371834, 1333850.434518281836063 ], [ -1876079.356789197772741, 1333837.788023470202461 ], [ -1876040.824789811624214, 1333829.37761317845434 ], [ -1876043.585122872609645, 1333816.731108138570562 ], [ -1876005.053029088769108, 1333808.32085821358487 ], [ -1876007.813304987968877, 1333795.674342938698828 ], [ -1875930.748890922870487, 1333778.854336560470983 ], [ -1875927.988728412892669, 1333791.500876582693309 ], [ -1875902.300594676285982, 1333785.894369587302208 ], [ -1875899.54046949534677, 1333798.540919998893514 ], [ -1875873.852356797084212, 1333792.934498025337234 ], [ -1875871.092268944019452, 1333805.581058833515272 ], [ -1875832.560125176096335, 1333797.171582196373492 ], [ -1875829.800093550700694, 1333809.818157518049702 ], [ -1875816.956056149210781, 1333807.015041150385514 ], [ -1875803.155985500430688, 1333870.247970517491922 ], [ -1875815.999928410165012, 1333873.051066263578832 ], [ -1875813.239893979392946, 1333885.697654440300539 ], [ -1875928.835021592210978, 1333910.926342723658308 ], [ -1875931.595226107630879, 1333898.279791668988764 ], [ -1875970.126916604815051, 1333906.689712280640379 ], [ -1875972.887177346739918, 1333894.043175743892789 ], [ -1876011.418886836385354, 1333902.453281468013301 ], [ -1876014.179203806212172, 1333889.806759444763884 ], [ -1876129.77427613735199, 1333915.038150172913447 ], [ -1876127.013789084274322, 1333927.684635072480887 ], [ -1876165.545347756939009, 1333936.095431748777628 ], [ -1876162.784803542774171, 1333948.741906410548836 ], [ -1876201.31626781495288, 1333957.152863449649885 ], [ -1876198.555666438303888, 1333969.79932788037695 ], [ -1876211.399460584390908, 1333972.603014486376196 ], [ -1876208.638839841587469, 1333985.249476934317499 ], [ -1876221.482610899489373, 1333988.053178608883172 ], [ -1876218.721970791695639, 1334000.699639071477577 ], [ -1876231.565718762343749, 1334003.503355813445523 ], [ -1876223.283738937694579, 1334041.442737685283646 ], [ -1876210.440047661308199, 1334038.639033319894224 ], [ -1876207.679405682487413, 1334051.2855023520533 ], [ -1876143.460980945732445, 1334037.267289042007178 ], [ -1876140.700432990444824, 1334049.913780842907727 ], [ -1876115.013071563793346, 1334044.306638117181137 ], [ -1876109.492049842374399, 1334069.599644646281376 ], [ -1876096.648400642443448, 1334066.796110324794427 ], [ -1876080.08543764683418, 1334142.675206068437546 ], [ -1876054.398353454656899, 1334137.068244501249865 ], [ -1876059.919267396675423, 1334111.775187520310283 ], [ -1876047.075681221205741, 1334108.971727276220918 ], [ -1876049.836118593346328, 1334096.325197871541604 ], [ -1876036.992509330622852, 1334093.521752696251497 ], [ -1876039.75292733614333, 1334080.875221310183406 ], [ -1876026.909294983372092, 1334078.071791202062741 ], [ -1876029.669693623436615, 1334065.425257833441719 ], [ -1875991.138714739587158, 1334057.015070287976414 ], [ -1875988.378372794250026, 1334069.661616031546146 ], [ -1875975.534723687218502, 1334066.858262693276629 ], [ -1875972.774400172522292, 1334079.504814703715965 ], [ -1875921.399837442906573, 1334068.291609779465944 ], [ -1875924.160085364244878, 1334055.645041271112859 ], [ -1875911.316415309440345, 1334052.841783895157278 ], [ -1875914.076643865322694, 1334040.195213404251263 ], [ -1875888.389253393979743, 1334034.588747984962538 ], [ -1875891.149443686939776, 1334021.942171380389482 ], [ -1875878.305723270634189, 1334019.138963335892186 ], [ -1875881.065894196275622, 1334006.492384755285457 ], [ -1875855.378403000766411, 1334000.886017995188013 ], [ -1875858.138535663485527, 1333988.239433302311227 ], [ -1875832.450989913428202, 1333982.633135064970702 ], [ -1875835.211084311595187, 1333969.986544266575947 ], [ -1875783.83586695487611, 1333958.774161608889699 ], [ -1875786.595885292394087, 1333946.127556455787271 ], [ -1875722.376674856990576, 1333932.112489355262369 ], [ -1875719.616751011228189, 1333944.759115130174905 ], [ -1875706.772915257140994, 1333941.95616341358982 ], [ -1875704.013009842252359, 1333954.60279545513913 ], [ -1875691.16918879840523, 1333951.799867055378854 ], [ -1875688.409301813924685, 1333964.446505365427583 ], [ -1875675.565495477756485, 1333961.6436002838891 ], [ -1875667.285888415761292, 1333999.58354043122381 ], [ -1875680.129638057202101, 1334002.386433140607551 ], [ -1875677.369749203789979, 1334015.033080014400184 ], [ -1875690.213475755648687, 1334017.835987792583182 ], [ -1875681.933749694610015, 1334055.775928897084668 ], [ -1875694.777415363118052, 1334058.578843495808542 ], [ -1875689.25755785475485, 1334083.872140029445291 ], [ -1875714.944801034405828, 1334089.478010307066143 ], [ -1875709.424866063753143, 1334114.771298906998709 ], [ -1875696.581284363288432, 1334111.968362419167534 ], [ -1875685.541484406916425, 1334162.554981813998893 ], [ -1875698.384990514023229, 1334165.357901804149151 ], [ -1875692.865049935644493, 1334190.651216095779091 ], [ -1875705.708514054771513, 1334193.454147027805448 ], [ -1875702.948524166131392, 1334206.10080326301977 ], [ -1875715.791965198237449, 1334208.903749265242368 ], [ -1875707.511936032678932, 1334246.843718446558341 ], [ -1875746.042063914006576, 1334255.252634485950693 ], [ -1875743.281996562378481, 1334267.899282790254802 ], [ -1875768.968689743895084, 1334273.5053145296406 ], [ -1875766.208584128413349, 1334286.151956723071635 ], [ -1875791.895222758874297, 1334291.758056982653216 ], [ -1875783.614789718529209, 1334329.697971663204953 ], [ -1875809.301298201782629, 1334335.304123943904415 ], [ -1875806.541115123778582, 1334347.950758202001452 ], [ -1875819.384344184072688, 1334350.753859006566927 ], [ -1875805.583327294560149, 1334413.987041791435331 ], [ -1875818.426457675872371, 1334416.790141164325178 ], [ -1875812.906009851954877, 1334442.083421015879139 ], [ -1875825.749098245752975, 1334444.886531330645084 ], [ -1875822.988854734459892, 1334457.533170344540849 ], [ -1875848.674981161253527, 1334463.139440301107243 ], [ -1875843.154417145531625, 1334488.432708241045475 ], [ -1875881.68346197786741, 1334496.842232365859672 ], [ -1875884.443800915265456, 1334484.195609696675092 ], [ -1875922.97286474169232, 1334492.605318921618164 ], [ -1875920.212469109566882, 1334505.251929215621203 ], [ -1875958.741438540397212, 1334513.661798793356866 ], [ -1875975.304145492613316, 1334437.782243393361568 ], [ -1875988.147240313934162, 1334440.585596386343241 ], [ -1875990.907708736835048, 1334427.939015430863947 ], [ -1876016.593923610402271, 1334433.54578724456951 ], [ -1876013.833417390706018, 1334446.192359948996454 ], [ -1876026.676499644294381, 1334448.995770517271012 ], [ -1876018.394921491155401, 1334486.935489084105939 ], [ -1876005.551895932527259, 1334484.132090890780091 ], [ -1875997.270370269194245, 1334522.071841096039861 ], [ -1875971.584419971564785, 1334516.465127034811303 ], [ -1875968.823948279721662, 1334529.111722966888919 ], [ -1875943.138019024860114, 1334523.505093924934044 ], [ -1875929.335842538392171, 1334586.73814694606699 ], [ -1875942.178714768728241, 1334589.541431246092543 ], [ -1875936.657803106820211, 1334614.83465918735601 ], [ -1875923.81496867351234, 1334612.031383138382807 ], [ -1875915.533654373604804, 1334649.971253469586372 ], [ -1875889.848086326615885, 1334644.364783692872152 ], [ -1875887.08768508862704, 1334657.011419670190662 ], [ -1875861.402138083009049, 1334651.405034909723327 ], [ -1875864.162501524202526, 1334638.75839068274945 ], [ -1875799.94846621574834, 1334624.742744009476155 ], [ -1875802.708734697895125, 1334612.096081300871447 ], [ -1875751.337355456780642, 1334600.88389290869236 ], [ -1875754.097547877347097, 1334588.237215843750164 ], [ -1875728.411795330233872, 1334582.631228548241779 ], [ -1875736.692256400827318, 1334544.691185435280204 ], [ -1875659.634558057645336, 1334527.87360990839079 ], [ -1875665.154636320425197, 1334502.580209042644128 ], [ -1875652.31163413845934, 1334499.777338709682226 ], [ -1875655.071653672261164, 1334487.130637356080115 ], [ -1875565.170388845959678, 1334467.51105353073217 ], [ -1875567.930275621125475, 1334454.864325457019731 ], [ -1875542.244124464225024, 1334449.258894555037841 ], [ -1875545.003972976701334, 1334436.612160367658362 ], [ -1875519.317767272004858, 1334431.006797985639423 ], [ -1875522.077577519929036, 1334418.360057694138959 ], [ -1875496.391317263012752, 1334412.754763832315803 ], [ -1875499.151089247083291, 1334400.108017429942265 ], [ -1875434.935270823538303, 1334386.095098016783595 ], [ -1875437.694947846466675, 1334373.448333139531314 ], [ -1875386.322142132092267, 1334362.23832657164894 ], [ -1875383.562540703220293, 1334374.885107942158356 ], [ -1875370.719347703736275, 1334372.08265840401873 ], [ -1875367.959764705272391, 1334384.729446045821533 ], [ -1875342.273403938626871, 1334379.124612794490531 ], [ -1875339.513858270831406, 1334391.771410819841549 ], [ -1875313.827518550446257, 1334386.166662583593279 ], [ -1875316.587026420980692, 1334373.519856309983879 ], [ -1875252.371009346097708, 1334359.508300960762426 ], [ -1875255.130422256886959, 1334346.861476205522195 ], [ -1875229.443948315223679, 1334341.256980163045228 ], [ -1875232.203322960762307, 1334328.610149309504777 ], [ -1875103.770513026509434, 1334300.588779396843165 ], [ -1875098.252141241449863, 1334325.882525719702244 ], [ -1875008.349189730128273, 1334306.268766442546621 ], [ -1875002.831080658594146, 1334331.562579053454101 ], [ -1874989.987822921248153, 1334328.760698456317186 ], [ -1874987.228786584688351, 1334341.407612091396004 ], [ -1874974.385543557116762, 1334338.605754809919745 ], [ -1874971.626525650499389, 1334351.252674716059119 ], [ -1874958.783297337125987, 1334348.450840749777853 ], [ -1874953.265297923237085, 1334373.744695217348635 ], [ -1874940.422103218035772, 1334370.942888690624386 ], [ -1874932.145157291321084, 1334408.883698817109689 ], [ -1874919.302015098277479, 1334406.081923849647865 ], [ -1874916.543051088461652, 1334418.728868957841769 ], [ -1874903.699923606822267, 1334415.927117305574939 ], [ -1874900.940978028345853, 1334428.574068679241464 ], [ -1874875.254748303676024, 1334422.970631195697933 ], [ -1874872.495840055635199, 1334435.617592958500609 ], [ -1874859.652737809345126, 1334432.815907127223909 ], [ -1874856.893847995204851, 1334445.46287514292635 ], [ -1874805.521472747437656, 1334434.256340227089822 ], [ -1874802.762658060062677, 1334446.903326883213595 ], [ -1874777.076483113691211, 1334441.300182822858915 ], [ -1874774.317705758614466, 1334453.947179857175797 ], [ -1874761.474630905548111, 1334451.145640737377107 ], [ -1874758.715871981577948, 1334463.792644039727747 ], [ -1874745.872811841312796, 1334460.991128233959898 ], [ -1874737.596588966902345, 1334498.932163337245584 ], [ -1874724.75358133460395, 1334496.130679092369974 ], [ -1874716.477410955820233, 1334534.071745822904631 ], [ -1874729.320361891295761, 1334536.873217701446265 ], [ -1874726.561618599807844, 1334549.520240100333467 ], [ -1874739.404546448029578, 1334552.321727049071342 ], [ -1874736.645783789455891, 1334564.968747469363734 ], [ -1874749.488688552519307, 1334567.770249485271052 ], [ -1874746.72990653058514, 1334580.417267914395779 ], [ -1874759.572788208024576, 1334583.218785000499338 ], [ -1874756.813986818771809, 1334595.86580145265907 ], [ -1874769.656845412915573, 1334598.667333607329056 ], [ -1874766.898024658905342, 1334611.314348075306043 ], [ -1874792.583691485458985, 1334616.917461714940146 ], [ -1874789.824832466896623, 1334629.564470076235011 ], [ -1874802.667640703730285, 1334632.366051560966298 ], [ -1874799.908762319711968, 1334645.013057936681435 ], [ -1874812.751547468826175, 1334647.814654490211979 ], [ -1874809.992649718886241, 1334660.461658884538338 ], [ -1874822.835411784937605, 1334663.263270506868139 ], [ -1874820.076494669541717, 1334675.910272918408737 ], [ -1874832.919233647873625, 1334678.711899607907981 ], [ -1874830.160297166323289, 1334691.358900036895648 ], [ -1874843.003013059031218, 1334694.160541796591133 ], [ -1874837.48510089982301, 1334719.454540818929672 ], [ -1874901.698428579838946, 1334733.462996256770566 ], [ -1874904.457479386823252, 1334720.816016292432323 ], [ -1874917.300151260569692, 1334723.617769077420235 ], [ -1874925.577357580885291, 1334685.676854374818504 ], [ -1874938.420081964461133, 1334688.478638719301671 ], [ -1874941.17916870303452, 1334675.831675552763045 ], [ -1874954.02190780104138, 1334678.633483212674037 ], [ -1874951.262802163371816, 1334691.280442255083472 ], [ -1875002.633641083724797, 1334702.487848312826827 ], [ -1874999.874459384242073, 1334715.134793003089726 ], [ -1875038.402487915707752, 1334723.540536686545238 ], [ -1875035.64324905234389, 1334736.187471147393808 ], [ -1875048.48589795595035, 1334738.989419967168942 ], [ -1875045.726639727363363, 1334751.636352442437783 ], [ -1875071.411887177964672, 1334757.240299410652369 ], [ -1875068.652590685989708, 1334769.887225773651153 ], [ -1875107.180373760638759, 1334778.293277790304273 ], [ -1875104.421020105713978, 1334790.940193923655897 ], [ -1875130.106150086969137, 1334796.54431630927138 ], [ -1875127.346758167026564, 1334809.19122633873485 ], [ -1875191.559415353229269, 1334823.201847532065585 ], [ -1875188.799928472843021, 1334835.84873908245936 ], [ -1875227.327415839536116, 1334844.255329720210284 ], [ -1875230.086959416279569, 1334831.608450540574268 ], [ -1875242.929465728579089, 1334834.410689926939085 ], [ -1875253.967710961122066, 1334783.82321110367775 ], [ -1875292.49543155846186, 1334792.23009389010258 ], [ -1875289.735814254032448, 1334804.876948017859831 ], [ -1875302.578360513783991, 1334807.67927653924562 ], [ -1875299.818723844597116, 1334820.326128678862005 ], [ -1875312.661247016396374, 1334823.128472267184407 ], [ -1875309.901590981986374, 1334835.775322421221063 ], [ -1875322.744091066997498, 1334838.577681075548753 ], [ -1875319.98441566596739, 1334851.224529249826446 ], [ -1875332.826892664423212, 1334854.02690297132358 ], [ -1875330.067197897937149, 1334866.673749161418527 ], [ -1875407.121858560713008, 1334883.488369763595983 ], [ -1875409.881666718749329, 1334870.841548318043351 ], [ -1875422.724114405689761, 1334873.644056377466768 ], [ -1875425.483940995763987, 1334860.997241195989773 ], [ -1875502.538652549963444, 1334877.812717309221625 ], [ -1875499.77871256810613, 1334890.459507744992152 ], [ -1875525.463545116363093, 1334896.064811727497727 ], [ -1875522.703566870419309, 1334908.711596054956317 ], [ -1875574.073106119642034, 1334919.922417815309018 ], [ -1875579.593213333049789, 1334894.628884295467287 ], [ -1875656.647623338736594, 1334911.445742154261097 ], [ -1875653.887456574011594, 1334924.092483097221702 ], [ -1875705.256903881439939, 1334935.304088990436867 ], [ -1875702.496661055833101, 1334947.950815574266016 ], [ -1875728.181321782292798, 1334953.556725415866822 ], [ -1875725.421040693763644, 1334966.203445885563269 ], [ -1875751.105646866839379, 1334971.809424240374938 ], [ -1875748.345327513525262, 1334984.456138603156433 ], [ -1875774.029879137640819, 1334990.062185470946133 ], [ -1875771.269521522568539, 1335002.708893713075668 ], [ -1875796.954018592368811, 1335008.315009095007554 ], [ -1875794.193622710881755, 1335020.961711237439886 ], [ -1875807.035846066428348, 1335023.764793588547036 ], [ -1875804.275430820416659, 1335036.411493742605671 ], [ -1875829.959827166283503, 1335042.017707769293338 ], [ -1875827.199373658047989, 1335054.66440180526115 ], [ -1875840.041546647902578, 1335057.467533478047699 ], [ -1875837.281073771882802, 1335070.114225538214669 ], [ -1875991.38659614068456, 1335103.753252977505326 ], [ -1875988.625896019861102, 1335116.399897660361603 ], [ -1876219.782708311453462, 1335166.863545978907496 ], [ -1876239.109980550128967, 1335078.337597901467234 ], [ -1876251.95211816392839, 1335081.141345107927918 ], [ -1876254.713174085365608, 1335068.494793778518215 ], [ -1876267.555326409870759, 1335071.298564303200692 ], [ -1876270.316400763345882, 1335058.652019235072657 ], [ -1876296.000730637228116, 1335064.259626106591895 ], [ -1876298.761842320207506, 1335051.613091429462656 ], [ -1876324.446193229174241, 1335057.220783315831795 ], [ -1876327.207342240260914, 1335044.574259035056457 ], [ -1876365.733893875498325, 1335052.985953171271831 ], [ -1876368.495099114021286, 1335040.339443408418447 ], [ -1876458.390371899586171, 1335059.967430280055851 ], [ -1876455.629034373676404, 1335072.613911160267889 ], [ -1876481.313322516623884, 1335078.222071871627122 ], [ -1876478.551946727791801, 1335090.868546637939289 ], [ -1876491.394065615255386, 1335093.672651652479544 ], [ -1876488.632670460036024, 1335106.319124434608966 ], [ -1876501.47476626210846, 1335109.12324451492168 ], [ -1876495.951936754165217, 1335134.416188241215423 ], [ -1876521.63604019000195, 1335140.024469465250149 ], [ -1876518.874586939113215, 1335152.670936285285279 ], [ -1876531.716613475698978, 1335155.475101555930451 ], [ -1876526.193667778046802, 1335180.768033353378996 ], [ -1876564.719608851708472, 1335189.180619548074901 ], [ -1876556.435016718460247, 1335227.11999615165405 ], [ -1876543.593097245553508, 1335224.315793942660093 ], [ -1876535.308557605138049, 1335262.255202165106311 ], [ -1876548.150420383317396, 1335265.059391993097961 ], [ -1876534.342750486219302, 1335328.291761167580262 ], [ -1876547.18451458378695, 1335331.095949552487582 ], [ -1876544.422960306052119, 1335343.742425672942773 ], [ -1876582.948170762509108, 1335352.155093588167801 ], [ -1876577.42494741640985, 1335377.448027488775551 ], [ -1876526.058142945403233, 1335366.231208329088986 ], [ -1876528.819679260719568, 1335353.584723797626793 ], [ -1876387.560413382714614, 1335322.740008882479742 ], [ -1876390.321741348830983, 1335310.093481107847765 ], [ -1876364.638146192766726, 1335304.485592339886352 ], [ -1876367.39943589665927, 1335291.839058447163552 ], [ -1876303.19028019416146, 1335277.819651721976697 ], [ -1876297.667889303062111, 1335303.112762903561816 ], [ -1876207.775159917771816, 1335283.486457233782858 ], [ -1876210.536223308648914, 1335270.839871694101021 ], [ -1876197.694369168719277, 1335268.036186375655234 ], [ -1876203.216456755530089, 1335242.743013446452096 ], [ -1876190.374560629250482, 1335239.939339066855609 ], [ -1876193.135584824252874, 1335227.292751683155075 ], [ -1876103.242062341421843, 1335207.667539465473965 ], [ -1876097.720278060762212, 1335232.960774133913219 ], [ -1876072.036452381173149, 1335227.353759858757257 ], [ -1876074.797306958585978, 1335214.707133202813566 ], [ -1876036.271480325143784, 1335206.296743338927627 ], [ -1876033.510682442924008, 1335218.943382370984182 ], [ -1876020.668750752229244, 1335216.139961588894948 ], [ -1876017.907971302745864, 1335228.786606880836189 ], [ -1876005.066054319031537, 1335225.98320941417478 ], [ -1876002.305293301586062, 1335238.629860965767875 ], [ -1875925.253816828597337, 1335221.809903914807364 ], [ -1875922.493168733082712, 1335234.456582369282842 ], [ -1875832.599721198668703, 1335214.834201171994209 ], [ -1875829.839204925810918, 1335227.480910637648776 ], [ -1875804.15536287240684, 1335221.874696971848607 ], [ -1875801.394883931148797, 1335234.521416819887236 ], [ -1875788.552975519793108, 1335231.718342898180708 ], [ -1875791.313435562653467, 1335219.071618924615905 ], [ -1875752.787628495832905, 1335210.662499922560528 ], [ -1875750.02722514863126, 1335223.309236271074042 ], [ -1875608.76581794465892, 1335192.477322954451665 ], [ -1875606.005622015101835, 1335205.124106811825186 ], [ -1875593.163669674424455, 1335202.321324867429212 ], [ -1875582.122956880368292, 1335252.90849819406867 ], [ -1875594.964833626756445, 1335255.711263639386743 ], [ -1875592.204635362606496, 1335268.358058193698525 ], [ -1875605.046489022206515, 1335271.160838705021888 ], [ -1875591.245396214770153, 1335334.394822898088023 ], [ -1875578.403637048322707, 1335331.592063009738922 ], [ -1875575.643435986014083, 1335344.238870385102928 ], [ -1875562.801691530039534, 1335341.436133812414482 ], [ -1875560.041508899768814, 1335354.082947449060157 ], [ -1875534.358045218046755, 1335348.477540121413767 ], [ -1875531.597899917978793, 1335361.124364147428423 ], [ -1875480.230997893493623, 1335349.913796270499006 ], [ -1875477.47092772112228, 1335362.560638934141025 ], [ -1875451.787489376729354, 1335356.955478383461013 ], [ -1875454.547521751606837, 1335344.308627470396459 ], [ -1875428.864028858020902, 1335338.703535429667681 ], [ -1875431.624022968579084, 1335326.056678407127038 ], [ -1875418.782251342432573, 1335323.254157048882917 ], [ -1875421.54222608730197, 1335310.607298042159528 ], [ -1875408.700431374134496, 1335307.804791749920696 ], [ -1875414.220341667765751, 1335282.511071897810325 ], [ -1875401.378504969412461, 1335279.708576544653624 ], [ -1875404.138440517010167, 1335267.061715703690425 ], [ -1875416.980296113993973, 1335269.864215180976316 ], [ -1875422.500203609699383, 1335244.570508148754016 ], [ -1875461.02585866721347, 1335252.97814646596089 ], [ -1875472.065894842147827, 1335202.39080755924806 ], [ -1875459.223938414128497, 1335199.588225764920935 ], [ -1875470.263891529291868, 1335149.000904568238184 ], [ -1875457.421855321386829, 1335146.198325467528775 ], [ -1875460.181823536055163, 1335133.551496385596693 ], [ -1875434.497700759442523, 1335127.946387506090105 ], [ -1875437.257630710490048, 1335115.29955231025815 ], [ -1875398.731358435470611, 1335106.892020547529683 ], [ -1875395.97148518031463, 1335119.538868116913363 ], [ -1875370.287320524454117, 1335113.933951143641025 ], [ -1875367.527484600665048, 1335126.580809095641598 ], [ -1875354.685414887499064, 1335123.778383518569171 ], [ -1875351.925597397144884, 1335136.425247727427632 ], [ -1875339.083542397012934, 1335133.622845464386046 ], [ -1875336.323743339395151, 1335146.269715934293345 ], [ -1875323.481703050900251, 1335143.4673369852826 ], [ -1875317.962141330353916, 1335168.761092597153038 ], [ -1875305.120134650962427, 1335165.958741089096293 ], [ -1875302.360371990129352, 1335178.605626222677529 ], [ -1875276.676383864367381, 1335173.000989021733403 ], [ -1875273.916658534668386, 1335185.647884541889653 ], [ -1875222.548707628622651, 1335174.4388569209259 ], [ -1875219.789057426620275, 1335187.085771078709513 ], [ -1875206.947078128810972, 1335184.283566272351891 ], [ -1875209.706709432182834, 1335171.636647990439087 ], [ -1875171.180689721833915, 1335163.23013634304516 ], [ -1875165.661540043074638, 1335188.523999778321013 ], [ -1875152.819562896853313, 1335185.721875857096165 ], [ -1875150.060006255982444, 1335198.368814907968044 ], [ -1875124.376077196327969, 1335192.764632885111496 ], [ -1875121.616557886824012, 1335205.411582321161404 ], [ -1875095.932649878086522, 1335199.807485305937007 ], [ -1875093.173167900880799, 1335212.45444512157701 ], [ -1875067.489280939102173, 1335206.850433114450425 ], [ -1875064.729836292564869, 1335219.497403316665441 ], [ -1874987.678188313031569, 1335202.685852600261569 ], [ -1874984.91885659378022, 1335215.33284968114458 ], [ -1874972.076919508865103, 1335212.530995850916952 ], [ -1874974.836232329485938, 1335199.883994647301733 ], [ -1874897.784408498788252, 1335183.073249919340014 ], [ -1874900.543607459403574, 1335170.426226112758741 ], [ -1874823.491519512142986, 1335153.616147499065846 ], [ -1874829.009689247235656, 1335128.322056819684803 ], [ -1874777.641395690618083, 1335117.115688565885648 ], [ -1874774.882386651355773, 1335129.762749330606312 ], [ -1874762.040321696316823, 1335126.961209366796538 ], [ -1874759.281331091187894, 1335139.608276386745274 ], [ -1874746.439280848251656, 1335136.806759735569358 ], [ -1874743.680308675393462, 1335149.453833018196747 ], [ -1874730.838273145724088, 1335146.652339680818841 ], [ -1874719.802455386146903, 1335197.240670681465417 ], [ -1874732.644415320130065, 1335200.042147528147325 ], [ -1874729.885440815705806, 1335212.689231497468427 ], [ -1874742.72737766453065, 1335215.490723412949592 ], [ -1874737.209389458410442, 1335240.784889522241428 ], [ -1874724.36749040754512, 1335237.983405853621662 ], [ -1874718.849538136506453, 1335263.277588749304414 ], [ -1874706.007672698004171, 1335260.476132516050711 ], [ -1874700.489756358088925, 1335285.770332215353847 ], [ -1874687.647924531018361, 1335282.968903418630362 ], [ -1874679.371103222947568, 1335320.910231358837336 ], [ -1874666.529323904309422, 1335318.108834119979292 ], [ -1874649.975782096618786, 1335393.991572432219982 ], [ -1874688.500767304329202, 1335402.395747506758198 ], [ -1874685.741785340476781, 1335415.042865671217442 ], [ -1874711.425050081452355, 1335420.645736757200211 ], [ -1874708.666029854677618, 1335433.292848806362599 ], [ -1874747.190838876413181, 1335441.697286989772692 ], [ -1874749.949915800243616, 1335429.050187309971079 ], [ -1874762.791529332054779, 1335431.851709208451211 ], [ -1874768.30971958162263, 1335406.557524494128302 ], [ -1874793.993009684374556, 1335412.160642348462716 ], [ -1874796.752141908043995, 1335399.513561443658546 ], [ -1874822.435453060781583, 1335405.116764304460958 ], [ -1874825.194622616982087, 1335392.469693779246882 ], [ -1874902.244568994734436, 1335409.279787654289976 ], [ -1874905.003851477056742, 1335396.632744013331831 ], [ -1874917.845513453474268, 1335399.434497614158317 ], [ -1874915.086212072288617, 1335412.081537132384256 ], [ -1874992.135982603766024, 1335428.892436977243051 ], [ -1874989.376567360945046, 1335441.539453899720684 ], [ -1875015.059752912959084, 1335447.14323245245032 ], [ -1875012.300299406750128, 1335459.790243261028081 ], [ -1875063.666544669074938, 1335470.998014148324728 ], [ -1875060.907015101751313, 1335483.645010597538203 ], [ -1875099.431598387425765, 1335492.051027884241194 ], [ -1875093.912424459587783, 1335517.345002450980246 ], [ -1875145.278325697174296, 1335528.553261162014678 ], [ -1875142.518662438262254, 1335541.200235156808048 ], [ -1875155.360108379740268, 1335544.002343684900552 ], [ -1875152.60042575513944, 1335556.649315695744008 ], [ -1875165.441848610062152, 1335559.451439288444817 ], [ -1875159.922444166615605, 1335584.745381460292265 ], [ -1875172.7638250363525, 1335587.547515994636342 ], [ -1875167.244380929740146, 1335612.841458468465135 ], [ -1875205.768385027302429, 1335621.247952466597781 ], [ -1875203.008605576818809, 1335633.894914539763704 ], [ -1875254.373810149962083, 1335645.103825355647132 ], [ -1875251.613954639295116, 1335657.75077306246385 ], [ -1875264.455226414604113, 1335660.553044615779072 ], [ -1875258.935476197861135, 1335685.846938188420609 ], [ -1875271.776705988217145, 1335688.649220682214946 ], [ -1875269.016811281442642, 1335701.296166552230716 ], [ -1875281.858017986640334, 1335704.098464110167697 ], [ -1875279.098103915108368, 1335716.74540799180977 ], [ -1875291.939287532353774, 1335719.547720615984872 ], [ -1875289.179354094900191, 1335732.194662509020418 ], [ -1875302.020514627918601, 1335734.996990197570994 ], [ -1875299.260561825474724, 1335747.643930103862658 ], [ -1875312.101699269609526, 1335750.446272858185694 ], [ -1875309.341727103106678, 1335763.093210773076862 ], [ -1875347.865057615563273, 1335771.500341792125255 ], [ -1875345.10502828611061, 1335784.147269473411143 ], [ -1875383.628264412051067, 1335792.55456082127057 ], [ -1875386.388350438093767, 1335779.907645513536409 ], [ -1875489.116947030182928, 1335802.327966414624825 ], [ -1875491.877183779375628, 1335789.681086243595928 ], [ -1875530.40039509604685, 1335798.089035572018474 ], [ -1875527.640101650496945, 1335810.735903368098661 ], [ -1875553.322183790849522, 1335816.341290617827326 ], [ -1875550.561852081213146, 1335828.988152302801609 ], [ -1875563.40286796935834, 1335831.79087058478035 ], [ -1875560.642516894964501, 1335844.437730281380937 ], [ -1875573.483509695855901, 1335847.240463627967983 ], [ -1875570.723139257403091, 1335859.887321333400905 ], [ -1875583.564108973834664, 1335862.690069742966443 ], [ -1875580.803719169925898, 1335875.336925461422652 ], [ -1875593.644665797008201, 1335878.139688933966681 ], [ -1875588.123846993315965, 1335903.433398525463417 ], [ -1875600.964751635212451, 1335906.236172938486561 ], [ -1875595.443893169984221, 1335931.52988282032311 ], [ -1875608.284755827859044, 1335934.33266817079857 ], [ -1875602.763857699465007, 1335959.626378351356834 ], [ -1875615.604678370058537, 1335962.429174640914425 ], [ -1875610.083740581991151, 1335987.722885103430599 ], [ -1875622.924519268563017, 1335990.52569233183749 ], [ -1875614.643052392173558, 1336028.466261676512659 ], [ -1875627.483770192367956, 1336031.269075717078522 ], [ -1875621.96275214641355, 1336056.562791041564196 ], [ -1875673.325430275639519, 1336067.77420608792454 ], [ -1875667.804259177530184, 1336093.067896944005042 ], [ -1875719.166719101369381, 1336104.279586002696306 ], [ -1875710.884732173988596, 1336142.22008880157955 ], [ -1875749.406363049522042, 1336150.629019942134619 ], [ -1875743.884922709083185, 1336175.922674398403615 ], [ -1875756.725420159287751, 1336178.725681570358574 ], [ -1875745.682458292460069, 1336229.312999591929838 ], [ -1875732.842036436777562, 1336226.510008921846747 ], [ -1875738.363480504369363, 1336201.216337393037975 ], [ -1875725.523016663268209, 1336198.4133576604072 ], [ -1875733.805122575024143, 1336160.4728539949283 ], [ -1875695.283535829512402, 1336152.06399279483594 ], [ -1875698.044180172495544, 1336139.417150131193921 ], [ -1875659.522499034181237, 1336131.00844924710691 ], [ -1875648.480145651614293, 1336181.595882208552212 ], [ -1875635.639652490848675, 1336178.793036792892963 ], [ -1875627.357939258450642, 1336216.733646298991516 ], [ -1875640.198375722859055, 1336219.536479339702055 ], [ -1875637.437784814042971, 1336232.183349323924631 ], [ -1875675.95901238382794, 1336240.591951199341565 ], [ -1875667.677066774573177, 1336278.53253682074137 ], [ -1875706.198086560005322, 1336286.941274259006605 ], [ -1875703.437380395131186, 1336299.588128028670326 ], [ -1875664.916417306056246, 1336291.179402966750786 ], [ -1875662.155767371645197, 1336303.826271244324744 ], [ -1875649.31545686465688, 1336301.023405392421409 ], [ -1875643.794193396577612, 1336326.317156597040594 ], [ -1875630.953916496131569, 1336323.514318181667477 ], [ -1875625.432688960572705, 1336348.808086182689294 ], [ -1875599.752198194619268, 1336343.202483418164775 ], [ -1875596.991621526191011, 1336355.849378866143525 ], [ -1875545.630665326490998, 1336344.638420088216662 ], [ -1875542.870163787156343, 1336357.285334173822775 ], [ -1875530.029933163663372, 1336354.482646574266255 ], [ -1875521.748482446186244, 1336392.423414012882859 ], [ -1875457.547549996525049, 1336378.410325702978298 ], [ -1875460.307939540827647, 1336365.763380464399233 ], [ -1875434.627499449299648, 1336360.158271203981712 ], [ -1875437.387850730214268, 1336347.511319848941639 ], [ -1875424.547605503583327, 1336344.708789875963703 ], [ -1875427.307937419740483, 1336332.061836531152949 ], [ -1875414.467669103993103, 1336329.259321618359536 ], [ -1875417.227981655625626, 1336316.612366283778101 ], [ -1875378.707094889366999, 1336308.204924302874133 ], [ -1875381.467350277816877, 1336295.557958730263636 ], [ -1875342.94636912480928, 1336287.150677065365016 ], [ -1875340.186170432949439, 1336299.797655012924224 ], [ -1875327.345853905892, 1336296.995270291576162 ], [ -1875324.585673646535724, 1336309.642254500184208 ], [ -1875311.745371830649674, 1336306.839893091470003 ], [ -1875308.985210004262626, 1336319.486883559962735 ], [ -1875296.144922897685319, 1336316.684545462252572 ], [ -1875293.384779504267499, 1336329.331542189000174 ], [ -1875280.544507110957056, 1336326.529227405320853 ], [ -1875277.784382151206955, 1336339.176230390323326 ], [ -1875264.944124468835071, 1336336.373938919277862 ], [ -1875253.903695567743853, 1336386.961988693103194 ], [ -1875241.06350929196924, 1336384.159732906613499 ], [ -1875238.303419801639393, 1336396.806754808407277 ], [ -1875225.463248239364475, 1336394.004522334551439 ], [ -1875228.223318830598146, 1336381.3574963088613 ], [ -1875215.383124182000756, 1336378.555278897983953 ], [ -1875218.143175409175456, 1336365.908250878099352 ], [ -1875205.302957671694458, 1336363.106048530433327 ], [ -1875210.82302093016915, 1336337.811990649439394 ], [ -1875185.142497302033007, 1336332.207627018913627 ], [ -1875187.902490435400978, 1336319.56059302832 ], [ -1875162.221912257373333, 1336313.956297900760546 ], [ -1875164.981867126887664, 1336301.309257796267048 ], [ -1875152.14155285898596, 1336298.507134889019653 ], [ -1875154.90148836420849, 1336285.86009279335849 ], [ -1875116.380463737528771, 1336277.45382682653144 ], [ -1875113.620584929361939, 1336290.10088129597716 ], [ -1875075.099579314701259, 1336281.694800392258912 ], [ -1875072.339756738394499, 1336294.341869366820902 ], [ -1875059.499432058772072, 1336291.539884899044409 ], [ -1875056.739627915434539, 1336304.186960131861269 ], [ -1875031.059003791073337, 1336298.583057007286698 ], [ -1875020.019933754578233, 1336349.171412263531238 ], [ -1875007.179691006429493, 1336346.369505978887901 ], [ -1875001.660190992290154, 1336371.663704658625647 ], [ -1874988.8199818583671, 1336368.861825810512528 ], [ -1874986.06025005155243, 1336381.508932478027418 ], [ -1874934.699447238817811, 1336370.30162545433268 ], [ -1874931.939790564123541, 1336382.948750745272264 ], [ -1874906.259401833871379, 1336377.345220607705414 ], [ -1874909.019020710838959, 1336364.698087068740278 ], [ -1874896.178801167756319, 1336361.896346657304093 ], [ -1874898.938400681130588, 1336349.249211122747511 ], [ -1874796.21634241566062, 1336326.835945597849786 ], [ -1874798.97579026944004, 1336314.188779210904613 ], [ -1874773.295196040999144, 1336308.585646460531279 ], [ -1874776.054605631856248, 1336295.938473958289251 ], [ -1874750.373956856550649, 1336290.335409711115062 ], [ -1874753.13332818238996, 1336277.688231099164113 ], [ -1874663.250793308019638, 1336258.078081786166877 ], [ -1874660.49155427608639, 1336270.72528926236555 ], [ -1874647.651194304227829, 1336267.923920236062258 ], [ -1874642.132752641802654, 1336293.218349837930873 ], [ -1874629.292426283936948, 1336290.417008244199678 ], [ -1874615.496408476494253, 1336353.653140215203166 ], [ -1874628.336640338180587, 1336356.454461191548035 ], [ -1874622.818192159058526, 1336381.748920665821061 ], [ -1874635.65838203812018, 1336384.550252583809197 ], [ -1874627.380649581318721, 1336422.491945423185825 ], [ -1874640.220778574235737, 1336425.293284158920869 ], [ -1874634.702250143513083, 1336450.587748474208638 ], [ -1874621.862158949254081, 1336447.786417985102162 ], [ -1874616.343666455708444, 1336473.080899076769128 ], [ -1874603.503608871251345, 1336470.279596021398902 ], [ -1874589.707463987404481, 1336533.515856712125242 ], [ -1874538.347569781821221, 1336522.310918827541173 ], [ -1874535.588415006874129, 1336534.958193853730336 ], [ -1874522.748449890175834, 1336532.157011475414038 ], [ -1874511.711901733186096, 1336582.746149410493672 ], [ -1874524.551791252335533, 1336585.547315296716988 ], [ -1874519.033476582961157, 1336610.841888815863058 ], [ -1874531.873324119951576, 1336613.643065643962473 ], [ -1874529.114147187676281, 1336626.29035148024559 ], [ -1874541.953971636947244, 1336629.091543374117464 ], [ -1874539.194775340845808, 1336641.738827216206118 ], [ -1874552.034576704725623, 1336644.54003417189233 ], [ -1874540.99771127011627, 1336695.12917437707074 ], [ -1874528.157985504018143, 1336692.327983914874494 ], [ -1874517.121188221266493, 1336742.917174740228802 ], [ -1874529.960838390514255, 1336745.718348710332066 ], [ -1874527.201619007624686, 1336758.365647622849792 ], [ -1874578.560102232731879, 1336769.570518880616874 ], [ -1874562.004322584252805, 1336845.454258169513196 ], [ -1874536.325316136237234, 1336839.851833646651357 ], [ -1874533.566055699018762, 1336852.499139236286283 ], [ -1874495.04757133172825, 1336844.095658722566441 ], [ -1874486.769957322394475, 1336882.037625399883837 ], [ -1874499.609399598091841, 1336884.838754013879225 ], [ -1874496.850175099214539, 1336897.486076378962025 ], [ -1874509.689594290219247, 1336900.287220057332888 ], [ -1874506.930350426817313, 1336912.93454042961821 ], [ -1874519.769746534759179, 1336915.735699170967564 ], [ -1874517.010483306599781, 1336928.383017550921068 ], [ -1874542.689225163776428, 1336933.985384348081425 ], [ -1874537.170621716184542, 1336959.280011010123417 ], [ -1874550.009948565857485, 1336962.081214940408245 ], [ -1874533.454013662878424, 1337037.965121350251138 ], [ -1874520.614800209412351, 1337035.163942159852013 ], [ -1874512.336883177980781, 1337073.105936509091407 ], [ -1874525.176039932994172, 1337075.907103329896927 ], [ -1874522.416714426362887, 1337088.554434919031337 ], [ -1874535.255848096450791, 1337091.355616803048179 ], [ -1874529.737157890573144, 1337116.650278124259785 ], [ -1874516.898062019143254, 1337113.849104486871511 ], [ -1874514.138735119020566, 1337126.496442466042936 ], [ -1874501.299653961323202, 1337123.695292138494551 ], [ -1874498.540345494169742, 1337136.342636375688016 ], [ -1874485.701279048109427, 1337133.541509357979521 ], [ -1874482.941989015089348, 1337146.188859852263704 ], [ -1874470.102937284624204, 1337143.387756142765284 ], [ -1874467.343665687600151, 1337156.03511288552545 ], [ -1874454.504628668539226, 1337153.234032485634089 ], [ -1874451.745375506347045, 1337165.88139548106119 ], [ -1874438.906353202881292, 1337163.080338389612734 ], [ -1874436.147118473425508, 1337175.727707647485659 ], [ -1874423.308110884390771, 1337172.926673865877092 ], [ -1874420.548894591629505, 1337185.574049369432032 ], [ -1874394.870904652401805, 1337179.972047609742731 ], [ -1874392.111725692404434, 1337192.619433494284749 ], [ -1874379.272743345005438, 1337189.818465517833829 ], [ -1874368.236098455730826, 1337240.408046851865947 ], [ -1874381.075005204882473, 1337243.208998336456716 ], [ -1874378.315823921468109, 1337255.856394870905206 ], [ -1874391.154707587789744, 1337258.657361418474466 ], [ -1874388.395506939850748, 1337271.304755961755291 ], [ -1874414.073223912389949, 1337276.906738368328661 ], [ -1874408.554745624540374, 1337302.201517351670191 ], [ -1874421.393560033291578, 1337305.00252908677794 ], [ -1874402.078739086864516, 1337393.534293780336156 ], [ -1874414.917417015647516, 1337396.33529583690688 ], [ -1874406.639572940068319, 1337434.277500291122124 ], [ -1874393.800951709738001, 1337431.476510603679344 ], [ -1874391.041688321856782, 1337444.123920467915013 ], [ -1874378.203081807587296, 1337441.322954088915139 ], [ -1874367.16609920677729, 1337491.912631344283 ], [ -1874380.004630123032257, 1337494.713581229792908 ], [ -1874374.486098235007375, 1337520.008424393832684 ], [ -1874387.324587168637663, 1337522.809385218424723 ], [ -1874384.565301628084853, 1337535.456805871333927 ], [ -1874397.403767474461347, 1337538.257781757274643 ], [ -1874389.125851368065923, 1337576.200044118333608 ], [ -1874376.287442220142111, 1337573.399080601520836 ], [ -1874368.009578631259501, 1337611.341374496230856 ], [ -1874380.847931080264971, 1337614.142325643682852 ], [ -1874372.570006610127166, 1337652.084626337746158 ], [ -1874385.40829817741178, 1337654.885584298754111 ], [ -1874382.648970192298293, 1337667.533017997862771 ], [ -1874408.32550296629779, 1337673.134983225725591 ], [ -1874405.566136717097834, 1337685.782410808373243 ], [ -1874418.40437792846933, 1337688.583418078254908 ], [ -1874412.885606238618493, 1337713.878271379508078 ], [ -1874400.047402826370671, 1337711.077272357884794 ], [ -1874391.769298505969346, 1337749.019580651307479 ], [ -1874366.092992526711896, 1337743.417664903681725 ], [ -1874363.333661290351301, 1337756.065113506047055 ], [ -1874350.495520919561386, 1337753.264188532019034 ], [ -1874344.97689485293813, 1337778.559100365964696 ], [ -1874280.786319223232567, 1337764.554804496234283 ], [ -1874283.545537990983576, 1337751.907326896674931 ], [ -1874245.031085688620806, 1337743.504967220360413 ], [ -1874242.27192361978814, 1337756.15245718928054 ], [ -1874229.433783379616216, 1337753.351713123265654 ], [ -1874226.674639745149761, 1337765.999209349043667 ], [ -1874162.483970274915919, 1337751.995797398500144 ], [ -1874165.243019411340356, 1337739.348280557896942 ], [ -1874126.728510807501152, 1337730.946451233234257 ], [ -1874129.48750277957879, 1337718.29892415786162 ], [ -1874116.649305973667651, 1337715.49834862886928 ], [ -1874119.408278580987826, 1337702.850819561863318 ], [ -1874106.570058692712337, 1337700.050259094685316 ], [ -1874112.087964716367424, 1337674.755199092905968 ], [ -1874099.24970284383744, 1337671.95464956597425 ], [ -1874104.767569209914654, 1337646.659589836373925 ], [ -1874066.252645081607625, 1337638.258031626464799 ], [ -1874069.011520869098604, 1337625.610492586391047 ], [ -1874056.173185557825491, 1337622.81000743014738 ], [ -1874064.449753433233127, 1337584.867390719708055 ], [ -1874051.611357235815376, 1337582.066912380978465 ], [ -1874059.887864233227447, 1337544.124302461277694 ], [ -1874047.04940715408884, 1337541.323830938898027 ], [ -1874052.567038363078609, 1337516.028760063461959 ], [ -1874039.728539299452677, 1337513.228299481328577 ], [ -1874067.316478478256613, 1337386.753031651489437 ], [ -1874054.477786230621859, 1337383.952549027279019 ], [ -1874059.995330692036077, 1337358.657512775855139 ], [ -1874047.156596462009475, 1337355.857041091891006 ], [ -1874049.91534909652546, 1337343.20952203636989 ], [ -1874037.076591780176386, 1337340.409065415617079 ], [ -1874045.352790197124705, 1337302.466508662793785 ], [ -1874006.836323047988117, 1337294.065216813469306 ], [ -1874012.353672937257215, 1337268.770164895569906 ], [ -1873999.514804383274168, 1337265.969764405628666 ], [ -1874013.308076477143914, 1337202.732151276664808 ], [ -1873974.791162215173244, 1337194.331003084080294 ], [ -1873983.066949798259884, 1337156.388423672877252 ], [ -1873970.227913310285658, 1337153.588066946016625 ], [ -1873981.262214649934322, 1337102.997974399244413 ], [ -1873968.423098375787959, 1337100.197620370192453 ], [ -1873971.181653649313375, 1337087.550098436884582 ], [ -1873945.503370752790943, 1337081.949439693475142 ], [ -1873948.261887761531398, 1337069.301911650458351 ], [ -1873935.42272113612853, 1337066.50160693610087 ], [ -1873943.698212676215917, 1337028.559023218229413 ], [ -1873930.85898516792804, 1337025.758725322782993 ], [ -1873933.617462519556284, 1337013.111197553342208 ], [ -1873920.778211924014613, 1337010.310914719477296 ], [ -1873926.295127431862056, 1336985.015857336577028 ], [ -1873900.616538091097027, 1336979.415332744130865 ], [ -1873911.650212332373485, 1336928.825210572453216 ], [ -1873885.971455058315769, 1336923.224729750072584 ], [ -1873888.729834658326581, 1336910.577196285827085 ], [ -1873850.211610661819577, 1336902.176606583874673 ], [ -1873847.453287760959938, 1336914.824152413289994 ], [ -1873834.613890294218436, 1336912.023998340358958 ], [ -1873837.372194295516238, 1336899.37644838844426 ], [ -1873824.532773741986603, 1336896.576309380121529 ], [ -1873832.807626252761111, 1336858.63365996745415 ], [ -1873819.968144817976281, 1336855.833527779672295 ], [ -1873847.550767311360687, 1336729.358127051964402 ], [ -1873834.711092695128173, 1336726.557972833281383 ], [ -1873837.469333487562835, 1336713.910440364852548 ], [ -1873786.11051757610403, 1336702.709998873062432 ], [ -1873791.626846568658948, 1336677.414907356025651 ], [ -1873778.787094331812114, 1336674.61483670771122 ], [ -1873781.545239230617881, 1336661.967290025902912 ], [ -1873768.705463910009712, 1336659.16723444336094 ], [ -1873771.463589443825185, 1336646.519685773178935 ], [ -1873758.623791039222851, 1336643.719645255245268 ], [ -1873761.381897209445015, 1336631.072094590868801 ], [ -1873748.542075718520209, 1336628.272069138707593 ], [ -1873751.30016252421774, 1336615.624516485957429 ], [ -1873738.460317951161414, 1336612.824506098171696 ], [ -1873743.976452366448939, 1336587.529398953076452 ], [ -1873731.136565807973966, 1336584.729399509960786 ], [ -1873733.894613418495283, 1336572.081845013424754 ], [ -1873721.054703778587282, 1336569.281860636081547 ], [ -1873723.812732025049627, 1336556.634304148377851 ], [ -1873710.972799298353493, 1336553.834334835642949 ], [ -1873716.488816595869139, 1336528.53922002017498 ], [ -1873703.64884188817814, 1336525.739261653507128 ], [ -1873706.406830941326916, 1336513.091703314566985 ], [ -1873693.566833150107414, 1336510.291760013671592 ], [ -1873699.082772058201954, 1336484.996641507605091 ], [ -1873686.242732283193618, 1336482.196709151379764 ], [ -1873689.000682140234858, 1336469.549148972844705 ], [ -1873676.160619281465188, 1336466.749231683788821 ], [ -1873678.918549773516133, 1336454.101669516880065 ], [ -1873666.078463828889653, 1336451.301767291035503 ], [ -1873671.594285619212314, 1336426.006641113199294 ], [ -1873658.754157693358138, 1336423.206749834585935 ], [ -1873661.512048991629854, 1336410.559185820864514 ], [ -1873648.671897979686037, 1336407.759309608489275 ], [ -1873651.429769912036136, 1336395.111743610585108 ], [ -1873638.589595818659291, 1336392.311882463749498 ], [ -1873644.105300489580259, 1336367.01674862136133 ], [ -1873631.265084412414581, 1336364.21689842059277 ], [ -1873639.538581231376156, 1336326.274201293708757 ], [ -1873536.816248396411538, 1336303.875991532811895 ], [ -1873534.058567787287757, 1336316.523588076001033 ], [ -1873521.218276256229728, 1336313.723902322351933 ], [ -1873504.672296230215579, 1336389.609551111003384 ], [ -1873517.512474362039939, 1336392.409212140133604 ], [ -1873487.177926271688193, 1336531.533055659849197 ], [ -1873525.697811872931197, 1336539.932017878629267 ], [ -1873528.455557086970657, 1336527.284397442359477 ], [ -1873541.295529488474131, 1336530.084094011690468 ], [ -1873538.537765374174342, 1336542.731710328254849 ], [ -1873577.057600768981501, 1336551.13090279372409 ], [ -1873574.299779491033405, 1336563.778508875053376 ], [ -1873587.139697357546538, 1336566.578273951774463 ], [ -1873584.381856714142486, 1336579.225878047756851 ], [ -1873597.22175149503164, 1336582.025658188853413 ], [ -1873594.463891486870125, 1336594.673260297859088 ], [ -1873607.303763183532283, 1336597.473055504728109 ], [ -1873599.030123671051115, 1336635.415862255031243 ], [ -1873611.86993448715657, 1336638.215664286864921 ], [ -1873598.08043150161393, 1336701.453697573160753 ], [ -1873610.920143632218242, 1336704.253498184494674 ], [ -1873602.646379564423114, 1336742.196331368759274 ], [ -1873615.486030814237893, 1336744.996138804825023 ], [ -1873601.696320237359032, 1336808.234216144541278 ], [ -1873588.856763486983255, 1336805.434429316082969 ], [ -1873586.098838876700029, 1336818.082055301172659 ], [ -1873573.259296844480559, 1336815.282291780924425 ], [ -1873570.501390670193359, 1336827.929924014490098 ], [ -1873544.822331851581112, 1336822.330462776357308 ], [ -1873542.064463012386113, 1336834.978105382295325 ], [ -1873529.224946228554472, 1336832.178407665807754 ], [ -1873526.467095823027194, 1336844.82605653302744 ], [ -1873513.627593753160909, 1336842.026382121955976 ], [ -1873510.869761783396825, 1336854.674037237651646 ], [ -1873498.03027443215251, 1336851.874386135023087 ], [ -1873484.241202113917097, 1336915.112714280607179 ], [ -1873497.080594965955243, 1336917.912344778655097 ], [ -1873494.322760207345709, 1336930.5600126828067 ], [ -1873545.680214183405042, 1336941.758710050722584 ], [ -1873548.438124541426077, 1336929.111058631446213 ], [ -1873586.956227792892605, 1336937.510295477230102 ], [ -1873589.71419438556768, 1336924.862658553291112 ], [ -1873641.071682412642986, 1336936.061926109716296 ], [ -1873638.313640220556408, 1336948.709546549012884 ], [ -1873651.152982867090032, 1336951.509407282108441 ], [ -1873648.394921310245991, 1336964.157025731401518 ], [ -1873661.234240875346586, 1336966.956901530502364 ], [ -1873658.476159955374897, 1336979.604517983039841 ], [ -1873671.315456434385851, 1336982.404408846516162 ], [ -1873668.557356150122359, 1336995.052023307885975 ], [ -1873642.878796805161983, 1336989.452269010478631 ], [ -1873637.362670439761132, 1337014.747520820703357 ], [ -1873624.52342229266651, 1337011.947680693585426 ], [ -1873621.765377312898636, 1337024.595313917146996 ], [ -1873608.926143879070878, 1337021.795497097074986 ], [ -1873606.168117335066199, 1337034.443136569112539 ], [ -1873593.32889861962758, 1337031.643343058647588 ], [ -1873590.570890510221943, 1337044.290988786146045 ], [ -1873577.731686510844156, 1337041.491218582727015 ], [ -1873574.973696837434545, 1337054.138870558468625 ], [ -1873562.13450755411759, 1337051.33912366325967 ], [ -1873559.37653631484136, 1337063.986781896091998 ], [ -1873546.537361747585237, 1337061.187058307928964 ], [ -1873535.505547747947276, 1337111.777729013934731 ], [ -1873548.344646715559065, 1337114.577436117222533 ], [ -1873545.586673152865842, 1337127.225105004152283 ], [ -1873558.425749037181959, 1337130.02482717204839 ], [ -1873555.667756111826748, 1337142.672494059195742 ], [ -1873517.150572606362402, 1337134.273397478275001 ], [ -1873514.3926359154284, 1337146.921078863553703 ], [ -1873501.553585280431435, 1337144.121422495227307 ], [ -1873487.763989357743412, 1337207.359881988028064 ], [ -1873474.925029036356136, 1337204.560265413019806 ], [ -1873472.167127359192818, 1337217.20796781941317 ], [ -1873459.328181756427512, 1337214.408374551218003 ], [ -1873456.570298513863236, 1337227.05608321307227 ], [ -1873443.731367627391592, 1337224.256513252155855 ], [ -1873440.973502821056172, 1337236.904228160856292 ], [ -1873428.134586649481207, 1337234.104681506752968 ], [ -1873425.37674027797766, 1337246.752402669750154 ], [ -1873412.537838824559003, 1337243.952879322227091 ], [ -1873409.780010889284313, 1337256.600606733700261 ], [ -1873384.102233232697472, 1337251.001625838689506 ], [ -1873381.344442632282153, 1337263.649363625328988 ], [ -1873355.666686040116474, 1337258.050467713968828 ], [ -1873352.90893277595751, 1337270.698215868789703 ], [ -1873327.23119725077413, 1337265.099404942709953 ], [ -1873324.473481321474537, 1337277.747163474326953 ], [ -1873311.634626185055822, 1337274.947790908860043 ], [ -1873308.876928691752255, 1337287.59555569011718 ], [ -1873296.038088269997388, 1337284.796206433093175 ], [ -1873276.734325117897242, 1337373.330648366594687 ], [ -1873263.895612815394998, 1337370.531347141135484 ], [ -1873252.864956399193034, 1337421.122520152945071 ], [ -1873265.703593101119623, 1337423.921804895158857 ], [ -1873257.430539214517921, 1337461.865194646641612 ], [ -1873244.591959213139489, 1337459.065922266803682 ], [ -1873241.834292555460706, 1337471.713727231137455 ], [ -1873216.157157803419977, 1337466.115248270798475 ], [ -1873202.369006556225941, 1337529.354346227133647 ], [ -1873215.207481522811577, 1337532.153555509867147 ], [ -1873201.419224170502275, 1337595.392686084844172 ], [ -1873227.095972554059699, 1337600.991120997350663 ], [ -1873224.338281890610233, 1337613.638945257756859 ], [ -1873237.176630910020322, 1337616.438187371240929 ], [ -1873234.418920882511884, 1337629.086009637685493 ], [ -1873247.257246816530824, 1337631.885266815545037 ], [ -1873244.499517424497753, 1337644.533087090589106 ], [ -1873283.014413429656997, 1337652.930961368139833 ], [ -1873280.256626873044297, 1337665.578771409578621 ], [ -1873318.771428529638797, 1337673.97680598590523 ], [ -1873316.013584809144959, 1337686.624605790711939 ], [ -1873341.690060531487688, 1337692.223383190343156 ], [ -1873338.93217854690738, 1337704.871176878456026 ], [ -1873364.608599733794108, 1337710.470022772904485 ], [ -1873361.850679484196007, 1337723.117810352705419 ], [ -1873374.688864904688671, 1337725.917257955763489 ], [ -1873371.930925291730091, 1337738.565043538808823 ], [ -1873384.769087626598775, 1337741.364506205078214 ], [ -1873382.011128649115562, 1337754.012289796723053 ], [ -1873394.849267902551219, 1337756.81176752736792 ], [ -1873392.091289561241865, 1337769.459549125051126 ], [ -1873379.253169207600877, 1337766.660075515741482 ], [ -1873373.737248932709917, 1337791.955653336830437 ], [ -1873360.899162198184058, 1337789.156207155669108 ], [ -1873358.141220264136791, 1337801.804003381635994 ], [ -1873345.30314824404195, 1337799.004580506123602 ], [ -1873342.545224746922031, 1337811.652382978936657 ], [ -1873201.326364356325939, 1337780.860042853280902 ], [ -1873198.568648295942694, 1337793.507892789784819 ], [ -1873185.730563879013062, 1337790.70870836917311 ], [ -1873182.972866255557165, 1337803.356564549962059 ], [ -1873093.106290529016405, 1337783.762839622329921 ], [ -1873090.348724743584171, 1337796.410726776113734 ], [ -1873051.834471962647513, 1337788.013716219458729 ], [ -1873049.076962411636487, 1337800.661617872538045 ], [ -1873036.238888687454164, 1337797.862656845478341 ], [ -1873030.723905996885151, 1337823.158474765717983 ], [ -1873005.047821601154283, 1337817.560626744758338 ], [ -1873002.290367362089455, 1337830.20854713045992 ], [ -1872989.452337788185105, 1337827.409656016854569 ], [ -1872986.694901983719319, 1337840.057582659414038 ], [ -1872871.152617729734629, 1337814.86846301658079 ], [ -1872868.395351564511657, 1337827.516428870148957 ], [ -1872829.881238233298063, 1337819.120413336437196 ], [ -1872827.124028305290267, 1337831.76839367672801 ], [ -1872788.609934036387131, 1337823.372563163517043 ], [ -1872785.852780346758664, 1337836.020557988900691 ], [ -1872773.014759460696951, 1337833.221990305697545 ], [ -1872770.257624207530171, 1337845.869991379557177 ], [ -1872744.581607690546662, 1337840.272921808529645 ], [ -1872733.553213241044432, 1337890.864980350015685 ], [ -1872746.391147988848388, 1337893.663489064201713 ], [ -1872743.634029316017404, 1337906.311504900921136 ], [ -1872756.471940981689841, 1337909.110028678085655 ], [ -1872753.714802944799885, 1337921.758042520843446 ], [ -1872766.55269152787514, 1337924.55658136238344 ], [ -1872763.795534127624705, 1337937.204593209549785 ], [ -1872802.309118086239323, 1337945.600312479306012 ], [ -1872799.551903521642089, 1337958.248314089840278 ], [ -1872812.389737578341737, 1337961.046921428991482 ], [ -1872801.360799077898264, 1338011.638932678382844 ], [ -1872852.711791069479659, 1338022.833487946074456 ], [ -1872849.954479683656245, 1338035.481479594949633 ], [ -1872875.629912784555927, 1338041.078864092007279 ], [ -1872872.872563134413213, 1338053.726849626982585 ], [ -1872885.710254513425753, 1338056.525566529948264 ], [ -1872882.952885498292744, 1338069.173550075152889 ], [ -1872895.790553792612627, 1338071.972282042494044 ], [ -1872882.003607264254242, 1338135.212211046135053 ], [ -1872894.841176874469966, 1338138.010941594373435 ], [ -1872892.083767276955768, 1338150.658929657423869 ], [ -1872879.246216567466035, 1338147.860203228890896 ], [ -1872873.731433783657849, 1338173.156193971866742 ], [ -1872860.893916692119092, 1338170.357494967291132 ], [ -1872852.621795739978552, 1338208.301509394077584 ], [ -1872878.296712337061763, 1338213.898901861626655 ], [ -1872875.539299958152696, 1338226.546902682166547 ], [ -1872926.889007369056344, 1338237.741901337634772 ], [ -1872929.646495349705219, 1338225.093916998011991 ], [ -1872968.158788691740483, 1338233.490379778901115 ], [ -1872970.916332909837365, 1338220.842409925768152 ], [ -1872983.753774561453611, 1338223.64127334067598 ], [ -1872986.511337215313688, 1338210.99330974323675 ], [ -1872999.348793582525104, 1338213.792196460766718 ], [ -1873002.106374674243852, 1338201.144239104352891 ], [ -1873014.943845761939883, 1338203.943149125901982 ], [ -1873017.701445289188996, 1338191.295198020990938 ], [ -1873043.3764127145987, 1338196.893083859467879 ], [ -1873046.134049579733983, 1338184.245143118314445 ], [ -1873084.646526045864448, 1338192.642128113191575 ], [ -1873087.404219148447737, 1338179.994201861787587 ], [ -1873100.241721838479862, 1338182.793239348335192 ], [ -1873097.484009836101905, 1338195.441161478636786 ], [ -1873110.321489445399493, 1338198.240214028395712 ], [ -1873102.048293955158442, 1338236.183980813249946 ], [ -1873294.60913561983034, 1338278.171885622432455 ], [ -1873297.367151417769492, 1338265.524023050209507 ], [ -1873310.204526297049597, 1338268.323374292813241 ], [ -1873307.446491599315777, 1338280.971232742536813 ], [ -1873345.958534440025687, 1338289.369389205239713 ], [ -1873348.716625838773325, 1338276.721543119521812 ], [ -1873438.578045018948615, 1338296.317941801855341 ], [ -1873430.303372530266643, 1338334.261399880982935 ], [ -1873455.977912673493847, 1338339.86051885294728 ], [ -1873453.219649782637134, 1338352.508334222016856 ], [ -1873658.615066077560186, 1338397.303982423618436 ], [ -1873661.3736313697882, 1338384.656233005458489 ], [ -1873687.048020895803347, 1338390.256042571272701 ], [ -1873689.806623524520546, 1338377.608303524088115 ], [ -1873702.643830914516002, 1338380.408241203986108 ], [ -1873710.919692715164274, 1338342.465049196500331 ], [ -1873723.75695261801593, 1338345.265018427046016 ], [ -1873729.27422930044122, 1338319.969575961120427 ], [ -1873754.948812156682834, 1338325.569588460028172 ], [ -1873757.707487601786852, 1338312.92187866079621 ], [ -1873770.544791652355343, 1338315.721917809452862 ], [ -1873773.303485533455387, 1338303.074214261490852 ], [ -1873786.140804302645847, 1338305.874276714166626 ], [ -1873788.899516619043425, 1338293.226579417474568 ], [ -1873840.24882544321008, 1338304.4270375513006 ], [ -1873843.007612897548825, 1338291.779358863830566 ], [ -1873907.194249280262738, 1338305.780383768724278 ], [ -1873904.435367326484993, 1338318.428041842766106 ], [ -1873917.272663148818538, 1338321.228300252230838 ], [ -1873914.513761833077297, 1338333.875956322299317 ], [ -1873927.351034570718184, 1338336.676229790551588 ], [ -1873919.074271137826145, 1338374.619198403088376 ], [ -1873931.911482991650701, 1338377.419478686293587 ], [ -1873929.152542019495741, 1338390.067135021090508 ], [ -1873941.989730790955946, 1338392.867430365877226 ], [ -1873928.194924473762512, 1338456.105723319575191 ], [ -1873966.706182177877054, 1338464.506662606960163 ], [ -1873963.947162823285908, 1338477.154315207153559 ], [ -1873976.784221454756334, 1338479.954662546049803 ], [ -1873974.025182735640556, 1338492.602313153678551 ], [ -1873986.862218284746632, 1338495.402675554156303 ], [ -1873978.585042647784576, 1338533.345627752598375 ], [ -1873991.422017309814692, 1338536.145996966632083 ], [ -1873985.903860098915175, 1338561.441300821956247 ], [ -1873973.066923236241564, 1338558.640939854783937 ], [ -1873967.548801970900968, 1338583.93626045412384 ], [ -1873954.71189872128889, 1338581.135926915099844 ], [ -1873940.916681939736009, 1338644.374286242062226 ], [ -1873928.07986900722608, 1338641.573992501944304 ], [ -1873925.320843159919605, 1338654.221674865810201 ], [ -1873899.647242538630962, 1338648.621153177926317 ], [ -1873896.888254027348012, 1338661.268845913000405 ], [ -1873884.051466340897605, 1338658.468617966631427 ], [ -1873881.292496265377849, 1338671.116316954372451 ], [ -1873842.782164796954021, 1338662.715760576305911 ], [ -1873840.023250959580764, 1338675.363474049139768 ], [ -1873801.512938531814143, 1338666.963102680398151 ], [ -1873798.754080927697942, 1338679.610830659745261 ], [ -1873773.08055618731305, 1338674.01068724016659 ], [ -1873770.321735920617357, 1338686.658425584668294 ], [ -1873757.484986174618825, 1338683.858386770356447 ], [ -1873754.726184346014634, 1338696.506131357979029 ], [ -1873741.88944931444712, 1338693.70611584908329 ], [ -1873728.095527712255716, 1338756.944891298655421 ], [ -1873830.788534797495231, 1338779.345387571491301 ], [ -1873828.029597885906696, 1338791.993116057710722 ], [ -1873866.539349801838398, 1338800.393606299068779 ], [ -1873863.780355727067217, 1338813.041324539110065 ], [ -1873876.616912429220974, 1338815.841522194910794 ], [ -1873871.098885087994859, 1338841.136956810951233 ], [ -1873883.935399808222428, 1338843.937165401410311 ], [ -1873881.176366542931646, 1338856.584881770424545 ], [ -1873868.339870722964406, 1338853.784677302464843 ], [ -1873860.062824843917042, 1338891.727851536357775 ], [ -1873872.899263964500278, 1338894.528043636353686 ], [ -1873870.140228844247758, 1338907.175768506946042 ], [ -1873882.976644878042862, 1338909.975975665962324 ], [ -1873880.217590395594016, 1338922.623698535375297 ], [ -1873893.053983347024769, 1338925.423920752946287 ], [ -1873879.258609477896243, 1338988.662546372273937 ], [ -1873892.0949037426617, 1338991.462767156772316 ], [ -1873878.2994237865787, 1339054.701425274368376 ], [ -1873891.135619366541505, 1339057.501644625561312 ], [ -1873877.340033325599506, 1339120.740335234208032 ], [ -1873903.012222932418808, 1339126.340790251502767 ], [ -1873900.253066533245146, 1339138.988526503089815 ], [ -1873977.269421531120315, 1339155.790327170630917 ], [ -1873974.510151270078495, 1339168.438040800625458 ], [ -1874000.182198323309422, 1339174.038786227349192 ], [ -1873994.663580809254199, 1339199.334203374106437 ], [ -1874007.499560259049758, 1339202.134596613002941 ], [ -1874004.7402319079265, 1339214.782304243650287 ], [ -1874017.576188274892047, 1339217.582712541334331 ], [ -1874012.057492380961776, 1339242.878125937888399 ], [ -1874024.893406761344522, 1339245.678545170230791 ], [ -1874022.134039219236001, 1339258.326250928919762 ], [ -1874047.805817628046498, 1339263.927138688275591 ], [ -1874045.04641182301566, 1339276.57483832584694 ], [ -1874057.882275848416612, 1339279.375306853093207 ], [ -1874055.122850680025294, 1339292.023004490882158 ], [ -1874196.31687086680904, 1339322.829378888709471 ], [ -1874199.076503934571519, 1339310.181726611219347 ], [ -1874224.748127360828221, 1339315.783143193926662 ], [ -1874227.507797764614224, 1339303.135501289041713 ], [ -1874266.015258215833455, 1339311.537782392697409 ], [ -1874271.534711031708866, 1339286.242529700044543 ], [ -1874322.878084239084274, 1339297.445872700540349 ], [ -1874320.118282464100048, 1339310.093481486896053 ], [ -1874345.789906152989715, 1339315.695259823231027 ], [ -1874343.03006611415185, 1339328.34286248870194 ], [ -1874355.865852780640125, 1339331.143776304321364 ], [ -1874353.105993378441781, 1339343.791376970242709 ], [ -1874391.61327157006599, 1339352.194221133133397 ], [ -1874388.85335500491783, 1339364.841811551246792 ], [ -1874414.52481506834738, 1339370.443795314757153 ], [ -1874411.764860240742564, 1339383.091379604535177 ], [ -1874437.436265764757991, 1339388.693431844236329 ], [ -1874434.676272673066705, 1339401.341010011732578 ], [ -1874473.183292865520343, 1339409.744219855638221 ], [ -1874467.663191895000637, 1339435.039357810979709 ], [ -1874480.498819120693952, 1339437.840457870624959 ], [ -1874458.418245502747595, 1339539.021061641862616 ], [ -1874445.582769475178793, 1339536.21999457734637 ], [ -1874434.542547146324068, 1339586.810363912256435 ], [ -1874447.377947574714199, 1339589.61141447769478 ], [ -1874444.617871933383867, 1339602.2590080013033 ], [ -1874534.465425435453653, 1339621.866870146710426 ], [ -1874531.705217033624649, 1339634.514436913654208 ], [ -1874544.540546178119257, 1339637.315632675308734 ], [ -1874536.259861492319033, 1339675.258333345642313 ], [ -1874587.60090940608643, 1339686.463258693693206 ], [ -1874590.361213696887717, 1339673.815706181107089 ], [ -1874603.196484109619632, 1339676.616989593254402 ], [ -1874608.71712910127826, 1339651.32189918239601 ], [ -1874621.552433129632846, 1339654.123210025485605 ], [ -1874624.312773829326034, 1339641.475672132801265 ], [ -1874637.148092568852007, 1339644.277006279909983 ], [ -1874634.387732969364151, 1339656.924540047300979 ], [ -1874672.893607374280691, 1339665.328645198373124 ], [ -1874675.65402367291972, 1339652.681123806163669 ], [ -1874791.171590924263, 1339677.894512116443366 ], [ -1874793.932176858419552, 1339665.247029965044931 ], [ -1874806.767460075672716, 1339668.048617582302541 ], [ -1874820.570477285189554, 1339604.811259325128049 ], [ -1874833.405850816285238, 1339607.612886748509482 ], [ -1874847.208950938424096, 1339544.375602197833359 ], [ -1874860.044414778240025, 1339547.177269426872954 ], [ -1874865.565689383074641, 1339521.882378714391962 ], [ -1874878.401186835486442, 1339524.684073376003653 ], [ -1874883.922497384017333, 1339499.389199414756149 ], [ -1874909.593555329134688, 1339504.992662782780826 ], [ -1874920.636322061764076, 1339454.402973340591416 ], [ -1874933.471920351032168, 1339457.204750295029953 ], [ -1874961.078993725357577, 1339330.730716616846621 ], [ -1874948.243206441169605, 1339327.928898407611996 ], [ -1874956.525262713199481, 1339289.986717349616811 ], [ -1874918.017705640755594, 1339281.581340676639229 ], [ -1874920.778333439026028, 1339268.933938862523064 ], [ -1874907.942453809548169, 1339266.132180875632912 ], [ -1874913.463670216500759, 1339240.837375367758796 ], [ -1874900.627748599043116, 1339238.035628309939057 ], [ -1874903.388337206095457, 1339225.388224623398855 ], [ -1874864.880490538198501, 1339216.983086164807901 ], [ -1874895.246310939546674, 1339077.861649642931297 ], [ -1874920.918628694722429, 1339083.46514685312286 ], [ -1874929.20031973416917, 1339045.523006265284494 ], [ -1874942.03652902902104, 1339048.324796019820496 ], [ -1874944.797110680490732, 1339035.677424201276153 ], [ -1874970.469554510200396, 1339041.281069503864273 ], [ -1874973.230173496995121, 1339028.633708057925105 ], [ -1875011.738864537794143, 1339037.039332251064479 ], [ -1875008.978188852313906, 1339049.686681320657954 ], [ -1875021.814391924766824, 1339052.48859028914012 ], [ -1875010.771608948940411, 1339103.077991313068196 ], [ -1875062.116076980251819, 1339114.285752999130636 ], [ -1875064.876849017338827, 1339101.638416058151051 ], [ -1875077.712974458932877, 1339104.44040855881758 ], [ -1875132.928695775102824, 1338851.494198535569012 ], [ -1875145.765195014420897, 1338854.296292728511617 ], [ -1875167.851582765579224, 1338753.118079800158739 ], [ -1875155.014932331396267, 1338750.315952603239566 ], [ -1875171.579590257722884, 1338674.432357444427907 ], [ -1875184.41635408741422, 1338677.234509395668283 ], [ -1875192.698733481345698, 1338639.292752901092172 ], [ -1875205.535549821797758, 1338642.094936411594972 ], [ -1875211.057171561988071, 1338616.800450964830816 ], [ -1875223.894021513639018, 1338619.602661909069866 ], [ -1875226.654850585851818, 1338606.955426504835486 ], [ -1875239.491715251235291, 1338609.757660757517442 ], [ -1875242.252562760142609, 1338597.110431597335264 ], [ -1875267.926317322067916, 1338602.714965900639072 ], [ -1875270.687202162807807, 1338590.067747128661722 ], [ -1875309.197859301697463, 1338598.474704833701253 ], [ -1875306.436917763203382, 1338611.121911226306111 ], [ -1875344.947480510454625, 1338619.529029196128249 ], [ -1875342.186481807380915, 1338632.176225349539891 ], [ -1875355.023308784468099, 1338634.978632244979963 ], [ -1875352.262290719663724, 1338647.625826391624287 ], [ -1875365.099094607168809, 1338650.42824834305793 ], [ -1875359.577019285177812, 1338675.722634771140292 ], [ -1875372.413781186798587, 1338678.525067654205486 ], [ -1875353.086370641831309, 1338767.055458255345002 ], [ -1875340.249741034815088, 1338764.253054253291339 ], [ -1875309.878257832024246, 1338903.372495356947184 ], [ -1875297.04183192923665, 1338900.570155922323465 ], [ -1875288.75874709780328, 1338938.511878700694069 ], [ -1875275.922373702982441, 1338935.709570828126743 ], [ -1875273.161363397026435, 1338948.356820129789412 ], [ -1875247.48864184692502, 1338942.752270178636536 ], [ -1875225.400845084805042, 1339043.930407131789252 ], [ -1875238.237056759186089, 1339046.732639509253204 ], [ -1875232.715065129334107, 1339072.027186753228307 ], [ -1875258.387400320265442, 1339077.631692549213767 ], [ -1875255.626366011798382, 1339090.278961103176698 ], [ -1875294.134780692867935, 1339098.685851283604279 ], [ -1875280.329318698728457, 1339161.922164052026346 ], [ -1875267.493279154179618, 1339159.119868772570044 ], [ -1875264.732204262632877, 1339171.767141830176115 ], [ -1875251.896179432282224, 1339168.964869859162718 ], [ -1875246.37406605668366, 1339194.259430594043806 ], [ -1875233.538074837531894, 1339191.457186056766659 ], [ -1875230.77703635301441, 1339204.104473739629611 ], [ -1875217.941059843637049, 1339201.302252509398386 ], [ -1875215.180039795814082, 1339213.949546437943354 ], [ -1875202.344078, 1339211.14734851452522 ], [ -1875199.583076386712492, 1339223.794648697134107 ], [ -1875186.747129302937537, 1339220.992474081926048 ], [ -1875183.986146125476807, 1339233.639780514407903 ], [ -1875171.150213754037395, 1339230.837629206245765 ], [ -1875168.389249011874199, 1339243.484941889997572 ], [ -1875142.717409503180534, 1339237.880705067422241 ], [ -1875137.195554225472733, 1339263.175353308208287 ], [ -1875124.359665987780318, 1339260.373271919321269 ], [ -1875107.794202419696376, 1339336.257292389404029 ], [ -1875094.958423394244164, 1339333.455254937754944 ], [ -1875089.436636293772608, 1339358.749953671591356 ], [ -1875076.600890879286453, 1339355.947943652281538 ], [ -1875068.318263448309153, 1339393.890020069200546 ], [ -1875081.153952164342627, 1339396.69201771193184 ], [ -1875078.393056528642774, 1339409.339376634219661 ], [ -1875065.557386711938307, 1339406.537383118178695 ], [ -1875054.5138751254417, 1339457.126856568269432 ], [ -1875041.67827671719715, 1339454.324898733990267 ], [ -1875033.395694859093055, 1339492.26703849202022 ], [ -1875046.231236568884924, 1339495.068983949488029 ], [ -1875043.470356122357771, 1339507.716363993473351 ], [ -1875056.305874743266031, 1339510.518324504373595 ], [ -1875053.544974934309721, 1339523.165702544152737 ], [ -1875066.380470468197018, 1339525.967678109416738 ], [ -1875063.619551295414567, 1339538.615054151043296 ], [ -1875089.29049200611189, 1339544.219054573681206 ], [ -1875086.529534570872784, 1339556.866424485808238 ], [ -1875214.883797893067822, 1339584.887536172755063 ], [ -1875217.644944322295487, 1339572.240207521012053 ], [ -1875243.315784535137936, 1339577.844668275443837 ], [ -1875240.554600307019427, 1339590.491988674737513 ], [ -1875304.731533064972609, 1339604.50345558882691 ], [ -1875307.492811790201813, 1339591.856155821122229 ], [ -1875333.163593377219513, 1339597.460885102627799 ], [ -1875335.924909437540919, 1339584.813595708692446 ], [ -1875348.760312851052731, 1339587.615993247134611 ], [ -1875351.521647346206009, 1339574.968710107496008 ], [ -1875364.357065469026566, 1339577.77113095135428 ], [ -1875367.118418400874361, 1339565.123854058561847 ], [ -1875379.953851234633476, 1339567.926298209233209 ], [ -1875382.715222601545975, 1339555.279027567710727 ], [ -1875395.550670147174969, 1339558.081495026824996 ], [ -1875398.312059949850664, 1339545.434230635175481 ], [ -1875411.147522209212184, 1339548.236721401335672 ], [ -1875416.670338222291321, 1339522.942207240499556 ], [ -1875429.50583409005776, 1339525.744725438999012 ], [ -1875437.790111328475177, 1339487.802982511930168 ], [ -1875514.803338780067861, 1339504.618568776873872 ], [ -1875512.041800101287663, 1339517.265789538621902 ], [ -1875460.69974081707187, 1339506.055338479578495 ], [ -1875449.65388385602273, 1339556.64430878078565 ], [ -1875462.489329361123964, 1339559.446876268368214 ], [ -1875456.966360300080851, 1339584.741365908412263 ], [ -1875469.801763821160421, 1339587.543944322271273 ], [ -1875467.040259694913402, 1339600.191188202705234 ], [ -1875479.875640126876533, 1339602.993781672324985 ], [ -1875471.591068269684911, 1339640.935513673117384 ], [ -1875484.426387815736234, 1339643.738113942090422 ], [ -1875476.141755087533966, 1339681.679852675879374 ], [ -1875488.97701374697499, 1339684.482459745602682 ], [ -1875486.215449678711593, 1339697.129706104286015 ], [ -1875499.050685253692791, 1339699.932328227208927 ], [ -1875496.289101821370423, 1339712.57957258913666 ], [ -1875573.300313915126026, 1339729.395683348178864 ], [ -1875576.062010743189603, 1339716.748463747557253 ], [ -1875588.897216998971999, 1339719.551220130408183 ], [ -1875575.088633728213608, 1339782.78731872793287 ], [ -1875600.758844681549817, 1339788.392847766401246 ], [ -1875597.997088838368654, 1339801.04006559937261 ], [ -1875585.162004355341196, 1339798.237295616418123 ], [ -1875576.876790741458535, 1339836.178974236827344 ], [ -1875538.371682254830375, 1339827.770816512638703 ], [ -1875541.133363891625777, 1339815.123575801728293 ], [ -1875515.463232825743034, 1339809.518224963452667 ], [ -1875518.224876200547442, 1339796.870978123042732 ], [ -1875505.389785484876484, 1339794.068327348446473 ], [ -1875508.151409497018903, 1339781.421078502899036 ], [ -1875495.316295696189627, 1339778.61844278126955 ], [ -1875500.839504530886188, 1339753.323943206341937 ], [ -1875488.004348743706942, 1339750.521318409591913 ], [ -1875490.765933566959575, 1339737.87406767741777 ], [ -1875349.578735597897321, 1339707.04641541861929 ], [ -1875346.8173586667981, 1339719.693711542524397 ], [ -1875321.146942395018414, 1339714.088941455120221 ], [ -1875318.385602799477056, 1339726.73624795419164 ], [ -1875292.715207573026419, 1339721.131562837865204 ], [ -1875289.953905313275754, 1339733.778879710705951 ], [ -1875238.61314020678401, 1339722.569756145821884 ], [ -1875235.851913080783561, 1339735.217091647908092 ], [ -1875171.675956979393959, 1339721.206139378016815 ], [ -1875174.437089608283713, 1339708.558783245738596 ], [ -1875135.931408999720588, 1339700.152429666602984 ], [ -1875138.692484466359019, 1339687.505063279531896 ], [ -1875048.845617531100288, 1339667.890880688093603 ], [ -1875046.084674360929057, 1339680.538275956409052 ], [ -1875033.249409805051982, 1339677.736330718267709 ], [ -1875030.488485070411116, 1339690.383732235059142 ], [ -1875004.81798120168969, 1339684.779907552758232 ], [ -1874999.296205940423533, 1339710.074733459856361 ], [ -1874986.460985522251576, 1339707.27285813819617 ], [ -1874983.700116094900295, 1339719.920278407400474 ], [ -1874970.864910391625017, 1339717.118426393950358 ], [ -1874962.582356030354276, 1339755.060712299775332 ], [ -1874975.417505035176873, 1339757.862551936646923 ], [ -1874958.852270403411239, 1339833.747156315948814 ], [ -1874971.687301826197654, 1339836.54899038001895 ], [ -1874968.926408866420388, 1339849.196427745744586 ], [ -1874981.761417200323194, 1339851.998276861617342 ], [ -1874970.717765130568296, 1339902.588031043764204 ], [ -1874957.882832394680008, 1339899.786198429996148 ], [ -1874952.361041377997026, 1339925.08109651110135 ], [ -1874875.351583830779418, 1339908.2705531087704 ], [ -1874872.590801026439294, 1339920.918030081083998 ], [ -1874859.755895681912079, 1339918.116344102425501 ], [ -1874856.995131312636659, 1339930.763827328570187 ], [ -1874831.325345861027017, 1339925.160521159414202 ], [ -1874834.086072431411594, 1339912.513029682217166 ], [ -1874821.251154527068138, 1339909.711401242297143 ], [ -1874826.77256847708486, 1339884.416416409891099 ], [ -1874788.267676244489849, 1339876.011621414218098 ], [ -1874785.507026199484244, 1339888.6591251490172 ], [ -1874772.672072649700567, 1339885.857569302199408 ], [ -1874769.911441042553633, 1339898.505079278023914 ], [ -1874757.076502203475684, 1339895.70354673685506 ], [ -1874754.315889030927792, 1339908.351062966743484 ], [ -1874741.480964907212183, 1339905.549553729593754 ], [ -1874738.720370172755793, 1339918.197076202370226 ], [ -1874713.050547163700685, 1339912.594123518792912 ], [ -1874710.289989763870835, 1339925.241656371159479 ], [ -1874671.785280552925542, 1339916.83738356968388 ], [ -1874669.024779390310869, 1339929.484930912964046 ], [ -1874630.520089202560484, 1339921.080843103583902 ], [ -1874627.759644275531173, 1339933.728404944762588 ], [ -1874550.750264273956418, 1339916.920771929668263 ], [ -1874547.989932282827795, 1339929.568360642530024 ], [ -1874496.650337495375425, 1339918.363672058563679 ], [ -1874488.369565538829193, 1339956.306500431615859 ], [ -1874552.543765063164756, 1339970.312347238650545 ], [ -1874549.783412319142371, 1339982.959940316388384 ], [ -1874562.618220765376464, 1339985.761163092684001 ], [ -1874559.857848658924922, 1339998.40875416342169 ], [ -1874572.692634019535035, 1340001.209991994081065 ], [ -1874569.932242550654337, 1340013.857581062475219 ], [ -1874582.767004825407639, 1340016.658833946334198 ], [ -1874574.485770939616486, 1340054.601601510774344 ], [ -1874587.320472330786288, 1340057.402861199807376 ], [ -1874581.799609624780715, 1340082.698041934985667 ], [ -1874594.634269028902054, 1340085.499312553089112 ], [ -1874591.873818082036451, 1340098.146901975385845 ], [ -1874604.708454402163625, 1340100.948187649250031 ], [ -1874601.947984092403203, 1340113.595775068970397 ], [ -1874614.782597324578092, 1340116.397075796034187 ], [ -1874612.02210765122436, 1340129.044661216204986 ], [ -1874624.856697797309607, 1340131.845976996235549 ], [ -1874622.096188762225211, 1340144.493560408009216 ], [ -1874660.59987738635391, 1340152.897610450629145 ], [ -1874657.839311187854037, 1340165.545183614594862 ], [ -1874709.177428482798859, 1340176.750835679005831 ], [ -1874711.938070280244574, 1340164.103279015515 ], [ -1874788.945234026294202, 1340180.912357237655669 ], [ -1874786.18447883031331, 1340193.559889146825299 ], [ -1874850.356905661057681, 1340207.567961130291224 ], [ -1874847.596055504633114, 1340220.215474526397884 ], [ -1874886.099404664477333, 1340228.620535488938913 ], [ -1874880.577589563559741, 1340253.915543897310272 ], [ -1874893.4119931103196, 1340256.717260990524665 ], [ -1874890.65106596541591, 1340269.364764250814915 ], [ -1874916.319822700927034, 1340274.968247723532841 ], [ -1874913.558857294730842, 1340287.615744849899784 ], [ -1874926.393210481386632, 1340290.417511229403317 ], [ -1874912.588282003533095, 1340353.655008061788976 ], [ -1874899.754023315152153, 1340350.853262311080471 ], [ -1874891.471117371460423, 1340388.795798239763826 ], [ -1874852.968486279947683, 1340380.390713195782155 ], [ -1874850.207573405932635, 1340393.038241788046435 ], [ -1874837.373373567126691, 1340390.236589255044237 ], [ -1874829.090688864002004, 1340428.179200142156333 ], [ -1874841.924832003656775, 1340430.980840297183022 ], [ -1874839.163917277939618, 1340443.628377372631803 ], [ -1874826.329793037846684, 1340440.826741343131289 ], [ -1874818.047102780314162, 1340478.769377673976123 ], [ -1874856.549292838200927, 1340487.174306164961308 ], [ -1874853.788338460726663, 1340499.821843471378088 ], [ -1874866.622374542290345, 1340502.623520533554256 ], [ -1874861.100426599383354, 1340527.918593258596957 ], [ -1874873.93442069250159, 1340530.720281245419756 ], [ -1874868.412433099234477, 1340556.015354198403656 ], [ -1874881.246385208331048, 1340558.817053112899885 ], [ -1874878.485371817834675, 1340571.464588640723377 ], [ -1874891.319300838280469, 1340574.266302606789395 ], [ -1874888.558268085122108, 1340586.913836132036522 ], [ -1874901.392174019245431, 1340589.715565151302144 ], [ -1874898.631121903192252, 1340602.363096670946106 ], [ -1874924.298883413663134, 1340607.966603991575539 ], [ -1874921.537793035851792, 1340620.614129377761856 ], [ -1874947.205499997828156, 1340626.217705158982426 ], [ -1874944.444371358025819, 1340638.865224414039403 ], [ -1874982.94584370451048, 1340647.270719544729218 ], [ -1874980.184657902689651, 1340659.918228539405391 ], [ -1875018.686035863356665, 1340668.323883892502636 ], [ -1875010.40230558346957, 1340706.266386467497796 ], [ -1875023.236033163964748, 1340709.068297563120723 ], [ -1875014.952242020051926, 1340747.010806833859533 ], [ -1875053.453229547478259, 1340755.416618050308898 ], [ -1875050.691908207954839, 1340768.064113002968952 ], [ -1875102.026424023322761, 1340779.272113277344033 ], [ -1875093.74223043397069, 1340817.21456132736057 ], [ -1875106.575792220421135, 1340820.016596960602328 ], [ -1875103.81437453138642, 1340832.664079759269953 ], [ -1875129.481447745580226, 1340838.26820030505769 ], [ -1875126.719991795253009, 1340850.915676967008039 ], [ -1875165.220513512380421, 1340859.321989240357652 ], [ -1875162.459000401198864, 1340871.969455637503415 ], [ -1875188.125956144183874, 1340877.573751453077421 ], [ -1875185.364404769381508, 1340890.221211727941409 ], [ -1875198.197857458842918, 1340893.023384275380522 ], [ -1875195.436286722542718, 1340905.670842536259443 ], [ -1875208.269716325448826, 1340908.473030135501176 ], [ -1875199.984944642521441, 1340946.415405249688774 ], [ -1875212.818313358584419, 1340949.217599645256996 ], [ -1875204.533480811398476, 1340987.159981456818059 ], [ -1875217.366788643877953, 1340989.9621826489456 ], [ -1875211.843526833225042, 1341015.257106198230758 ], [ -1875224.676792676560581, 1341018.059318313607946 ], [ -1875221.915142177371308, 1341030.706779142143205 ], [ -1875234.748384934151545, 1341033.509006309555843 ], [ -1875231.986715073231608, 1341046.156465125503018 ], [ -1875283.319568629609421, 1341057.36554905725643 ], [ -1875286.081314089009538, 1341044.71810674876906 ], [ -1875350.247381308116019, 1341058.729913784889504 ], [ -1875347.485541351139545, 1341071.377335457364097 ], [ -1875385.9850747322198, 1341079.78463742393069 ], [ -1875383.223177614388987, 1341092.432048831833526 ], [ -1875396.056328134145588, 1341095.234517048578709 ], [ -1875393.294411653419957, 1341107.881926452275366 ], [ -1875406.127539084292948, 1341110.684409718029201 ], [ -1875403.36560324090533, 1341123.331817112164572 ], [ -1875429.031807739054784, 1341128.936832919716835 ], [ -1875423.507859066827223, 1341154.231637557968497 ], [ -1875436.340917237102985, 1341157.034165973076597 ], [ -1875430.816928915679455, 1341182.328970829490572 ], [ -1875443.649945096578449, 1341185.131510166451335 ], [ -1875440.887931342702359, 1341197.778911643661559 ], [ -1875453.720924436347559, 1341200.581466029630974 ], [ -1875442.672789194388315, 1341251.171076618833467 ], [ -1875455.505702504655346, 1341253.973633673042059 ], [ -1875452.743648639181629, 1341266.621037482749671 ], [ -1875465.576538859400898, 1341269.423609585734084 ], [ -1875457.290317787090316, 1341307.365821354556829 ], [ -1875470.123147123493254, 1341310.168400251306593 ], [ -1875464.598959628492594, 1341335.463210439775139 ], [ -1875477.431746974820271, 1341338.265800258377567 ], [ -1875471.907519831089303, 1341363.560610660584643 ], [ -1875484.74026519083418, 1341366.363211401039734 ], [ -1875481.978132026270032, 1341379.010615647071972 ], [ -1875494.810854298761114, 1341381.813231435138732 ], [ -1875489.286548781674355, 1341407.108038034755737 ], [ -1875502.119229066884145, 1341409.91066474490799 ], [ -1875499.357056715525687, 1341422.558067090110853 ], [ -1875512.189713915577158, 1341425.360708849038929 ], [ -1875509.427522201556712, 1341438.008109188871458 ], [ -1875535.092786234803498, 1341443.613441980211064 ], [ -1875532.330556260654703, 1341456.260836177971214 ], [ -1875673.489001086447388, 1341487.091492225648835 ], [ -1875670.726562754251063, 1341499.738843139028177 ], [ -1875709.224175780080259, 1341508.147594196023419 ], [ -1875706.461680287495255, 1341520.794934841804206 ], [ -1875719.294190685730428, 1341523.597886085277423 ], [ -1875716.531675830250606, 1341536.245224722893909 ], [ -1875729.364163142396137, 1341539.048191013978794 ], [ -1875718.31402350217104, 1341589.63755021081306 ], [ -1875705.481611787807196, 1341586.834600431611761 ], [ -1875702.719094620784745, 1341599.481949654174969 ], [ -1875677.054296429269016, 1341593.876115882536396 ], [ -1875674.29181659896858, 1341606.523475476074964 ], [ -1875648.627039450220764, 1341600.917726661311463 ], [ -1875645.864596955711022, 1341613.565096631413326 ], [ -1875594.535067997639999, 1341602.35384563007392 ], [ -1875591.77270063967444, 1341615.001234225230291 ], [ -1875566.107948828721419, 1341609.395732035627589 ], [ -1875563.345618806313723, 1341622.043131005950272 ], [ -1875550.513255519093946, 1341619.24041280313395 ], [ -1875547.750943933846429, 1341631.887818019138649 ], [ -1875522.086242594057694, 1341626.282447396079078 ], [ -1875519.323968345765024, 1341638.929862984688953 ], [ -1875506.491630290867761, 1341636.127210564212874 ], [ -1875503.729374480200931, 1341648.774632394080982 ], [ -1875465.232391890371218, 1341640.366802571341395 ], [ -1875462.47019231505692, 1341653.014238906325772 ], [ -1875449.637875306885689, 1341650.211671445518732 ], [ -1875444.113512568874285, 1341675.506558719556779 ], [ -1875431.281229174463078, 1341672.704018689924851 ], [ -1875434.043391874525696, 1341660.056569868233055 ], [ -1875408.378774722339585, 1341654.451539081055671 ], [ -1875411.140899161808193, 1341641.804084118455648 ], [ -1875398.30856540473178, 1341639.001593359513208 ], [ -1875401.070670482004061, 1341626.3541363873519 ], [ -1875388.238313634647056, 1341623.551660677185282 ], [ -1875391.000399348791689, 1341610.90420169965364 ], [ -1875378.168019416276366, 1341608.101741038495675 ], [ -1875386.45421708910726, 1341570.159364413237199 ], [ -1875373.621776267886162, 1341567.356910545611754 ], [ -1875379.145867938175797, 1341542.061995127005503 ], [ -1875366.313385132467374, 1341539.259552181465551 ], [ -1875369.075411374447867, 1341526.612093521282077 ], [ -1875304.912840027594939, 1341512.600145795382559 ], [ -1875313.19863248616457, 1341474.6577206060756 ], [ -1875300.36604895349592, 1341471.855376206105575 ], [ -1875303.127959948964417, 1341459.207901247777045 ], [ -1875290.295353330904618, 1341456.405571898212656 ], [ -1875293.057244962314144, 1341443.758094940101728 ], [ -1875280.224615257233381, 1341440.955780640710145 ], [ -1875285.748359337449074, 1341415.66082480433397 ], [ -1875260.083011763403192, 1341410.056237223790959 ], [ -1875262.844845310552046, 1341397.40875422838144 ], [ -1875237.179443186847493, 1341391.804235098417848 ], [ -1875239.94123847130686, 1341379.156745972344652 ], [ -1875227.108512229984626, 1341376.354511043988168 ], [ -1875229.870288153411821, 1341363.70701990253292 ], [ -1875217.037538824602962, 1341360.904800025979057 ], [ -1875228.084562292322516, 1341310.314840141916648 ], [ -1875215.251733177807182, 1341307.512622932204977 ], [ -1875220.775204338366166, 1341282.217647438403219 ], [ -1875182.276578467804939, 1341273.811086109606549 ], [ -1875185.038256654981524, 1341261.163589161587879 ], [ -1875159.372447341214865, 1341255.559302572626621 ], [ -1875162.134087268030271, 1341242.91179948230274 ], [ -1875149.301157427951694, 1341240.109680825378746 ], [ -1875152.062777990475297, 1341227.462175736669451 ], [ -1875139.229825066169724, 1341224.660072129918262 ], [ -1875141.991426268126816, 1341212.012565026059747 ], [ -1875129.158450256567448, 1341209.21047646808438 ], [ -1875131.920032095396891, 1341196.562967358855531 ], [ -1875119.087032997049391, 1341193.760893852682784 ], [ -1875127.371719040675089, 1341155.818366847699508 ], [ -1875114.538659053854644, 1341153.016300139483064 ], [ -1875120.061742970021442, 1341127.721284478669986 ], [ -1875094.395534838316962, 1341122.11719208327122 ], [ -1875097.157038303324953, 1341109.469679177040234 ], [ -1875084.323909057769924, 1341106.667657618410885 ], [ -1875087.085393161745742, 1341094.020142698194832 ], [ -1875074.252240829635412, 1341091.218136191135272 ], [ -1875077.013705569552258, 1341078.570619271369651 ], [ -1875064.180530148558319, 1341075.768627813085914 ], [ -1875069.703420443693176, 1341050.473592065740377 ], [ -1875056.870203038211912, 1341047.671611532336101 ], [ -1875059.631628591800109, 1341035.024092710576952 ], [ -1875033.965143420500681, 1341029.420180922839791 ], [ -1875036.726530712563545, 1341016.772655967390165 ], [ -1875023.893262944417074, 1341013.970724711660296 ], [ -1875026.654630873119459, 1341001.32319775223732 ], [ -1875013.821340020513162, 1340998.521281546913087 ], [ -1875016.582688587484881, 1340985.873752577695996 ], [ -1875003.749374647857621, 1340983.071851425571367 ], [ -1875006.510703853098676, 1340970.424320445396006 ], [ -1874993.677366824587807, 1340967.622434343444183 ], [ -1874999.199986047344282, 1340942.327370492508635 ], [ -1874973.533223832957447, 1340936.723639313830063 ], [ -1874979.055765605531633, 1340911.428567435825244 ], [ -1874966.222340419888496, 1340908.626722360495478 ], [ -1874980.028592257760465, 1340845.389059112640098 ], [ -1874967.195068386383355, 1340842.587212582817301 ], [ -1874972.717528083594516, 1340817.292153865797445 ], [ -1874934.216817948268726, 1340808.886704586911947 ], [ -1874931.455645031528547, 1340821.534245259827003 ], [ -1874905.788521806010976, 1340815.93071654974483 ], [ -1874903.027386223431677, 1340828.578267603646964 ], [ -1874890.19383723125793, 1340825.776536141289398 ], [ -1874887.432720086770132, 1340838.424093435052782 ], [ -1874874.59918580763042, 1340835.62238527671434 ], [ -1874871.838087100768462, 1340848.269948814762756 ], [ -1874859.004567532567307, 1340845.468263960443437 ], [ -1874853.482406530762091, 1340870.763405644567683 ], [ -1874840.648920577485114, 1340867.961748218629509 ], [ -1874837.887858281144872, 1340880.609326371923089 ], [ -1874799.387431999435648, 1340872.204481537686661 ], [ -1874802.148437596159056, 1340859.556891006417572 ], [ -1874789.314934896770865, 1340856.755310290725902 ], [ -1874792.075921130133793, 1340844.107717759674415 ], [ -1874766.408865370089188, 1340838.504605609923601 ], [ -1874771.930760849965736, 1340813.209410399431363 ], [ -1874733.430032413452864, 1340804.804861251497641 ], [ -1874736.190922760404646, 1340792.157254446297884 ], [ -1874710.523711739573628, 1340786.554309319704771 ], [ -1874713.284563825232908, 1340773.90669637802057 ], [ -1874700.450933133019134, 1340771.105248455191031 ], [ -1874703.211765854153782, 1340758.457633516518399 ], [ -1874651.877125631086528, 1340747.252017100108787 ], [ -1874646.355610922444612, 1340772.547282111132517 ], [ -1874633.521978201344609, 1340769.745934203732759 ], [ -1874622.479018834186718, 1340820.336506153224036 ], [ -1874609.645457523874938, 1340817.535193923627958 ], [ -1874601.363289840519428, 1340855.478157518664375 ], [ -1874562.862750899512321, 1340847.074373029172421 ], [ -1874565.623417223570868, 1340834.426704003242776 ], [ -1874539.95633253082633, 1340828.824268646305427 ], [ -1874545.477588191628456, 1340803.528920447221026 ], [ -1874532.644001765642315, 1340800.727723285090178 ], [ -1874538.165217775851488, 1340775.432375318370759 ], [ -1874525.331589366076514, 1340772.631189083680511 ], [ -1874536.373940236866474, 1340722.040502071147785 ], [ -1874549.207644246518612, 1340724.841704807709903 ], [ -1874557.489459242904559, 1340686.898724175523967 ], [ -1874544.655698533635587, 1340684.097509063780308 ], [ -1874586.064427554607391, 1340494.382830196991563 ], [ -1874573.230379161890596, 1340491.581572384573519 ], [ -1874575.99093849491328, 1340478.933939961250871 ], [ -1874563.156867013312876, 1340476.132697202032432 ], [ -1874565.917406983906403, 1340463.48506277333945 ], [ -1874553.083312419243157, 1340460.683835067087784 ], [ -1874555.843833027873188, 1340448.036198630230501 ], [ -1874530.175593540538102, 1340442.433792505646124 ], [ -1874532.936075885314494, 1340429.786149943480268 ], [ -1874417.428620887454599, 1340404.576234588166699 ], [ -1874414.66830864129588, 1340417.223914274014533 ], [ -1874376.165804998716339, 1340408.82096674432978 ], [ -1874362.364520324859768, 1340472.05945886275731 ], [ -1874349.530438571004197, 1340469.258535333210602 ], [ -1874321.92802352248691, 1340595.735719815129414 ], [ -1874296.260225462960079, 1340590.134012787370011 ], [ -1874301.78063657367602, 1340564.838542435551062 ], [ -1874288.946693462785333, 1340562.03770943870768 ], [ -1874305.507802292471752, 1340486.15132450312376 ], [ -1874292.673741599079221, 1340483.350485937669873 ], [ -1874311.994881882332265, 1340394.816437768517062 ], [ -1874324.829074875451624, 1340397.617305205436423 ], [ -1874327.589254821883515, 1340384.969596646958962 ], [ -1874340.423462532227859, 1340387.770487387897447 ], [ -1874345.943858836777508, 1340362.475084879202768 ], [ -1874371.612337295431644, 1340368.076940396102145 ], [ -1874390.933974386192858, 1340279.543156140251085 ], [ -1874236.921264900593087, 1340245.93282729620114 ], [ -1874234.161259219050407, 1340258.580553891835734 ], [ -1874221.326858457410708, 1340255.779821943026036 ], [ -1874218.566871211864054, 1340268.427554786903784 ], [ -1874192.898094934178516, 1340262.826156674651429 ], [ -1874187.378194656223059, 1340288.121645219158381 ], [ -1874174.54383803694509, 1340285.320983178215101 ], [ -1874171.783906104275957, 1340297.968734754947945 ], [ -1874158.949564202222973, 1340295.168096018023789 ], [ -1874153.429736746940762, 1340320.46361378650181 ], [ -1874140.595428457483649, 1340317.663002477958798 ], [ -1874137.835532936966047, 1340330.310768661554903 ], [ -1874112.166941608302295, 1340324.709611827973276 ], [ -1874114.926799328764901, 1340312.061837396351621 ], [ -1874089.258153457427397, 1340306.460749029414728 ], [ -1874092.017972917063162, 1340293.812968459678814 ], [ -1874066.34927250794135, 1340288.211948561714962 ], [ -1874069.109053703490645, 1340275.564161871094257 ], [ -1874056.27467831899412, 1340272.763676564674824 ], [ -1874072.833242373540998, 1340196.876976207597181 ], [ -1874059.998749406542629, 1340194.076485336525366 ], [ -1874062.75848956243135, 1340181.428705242928118 ], [ -1874049.923973507946357, 1340178.628229427849874 ], [ -1874052.683694301405922, 1340165.980447328649461 ], [ -1874027.014611842343584, 1340160.379544987808913 ], [ -1874032.533976440550759, 1340135.083970657782629 ], [ -1874019.69939113385044, 1340132.283540009288117 ], [ -1874025.218716079136357, 1340106.987965920008719 ], [ -1874012.384088785387576, 1340104.187546201981604 ], [ -1874017.903374080779031, 1340078.891972345067188 ], [ -1874005.068704804172739, 1340076.091563558904454 ], [ -1874007.828327857656404, 1340063.443775687133893 ], [ -1873994.993635496124625, 1340060.643381956964731 ], [ -1874000.512842414434999, 1340035.347804332850501 ], [ -1873987.678108065156266, 1340032.547421531518921 ], [ -1873990.437691929982975, 1340019.899631779175252 ], [ -1873977.602934498339891, 1340017.099264036864042 ], [ -1873980.362499000970274, 1340004.451472276123241 ], [ -1873967.527718485100195, 1340001.651119588175789 ], [ -1873973.046808300539851, 1339976.355534190312028 ], [ -1873960.211985796922818, 1339973.555192434461787 ], [ -1873962.971511109732091, 1339960.907398795941845 ], [ -1873950.136665524449199, 1339958.107072095852345 ], [ -1873958.415181985823438, 1339920.163691535592079 ], [ -1873945.580275515094399, 1339917.363371644867584 ], [ -1873951.099246374797076, 1339892.067786965053529 ], [ -1873938.264297919580713, 1339889.267478007590398 ], [ -1873946.542694035917521, 1339851.324104533996433 ], [ -1873933.707684693392366, 1339848.523802384268492 ], [ -1873936.467130240285769, 1339835.87601134320721 ], [ -1873872.291926265927032, 1339821.874767677392811 ], [ -1873875.051276849349961, 1339809.22695814166218 ], [ -1873810.87587376520969, 1339795.226173357572407 ], [ -1873808.116617682622746, 1339807.874003510689363 ], [ -1873782.446464957436547, 1339802.273832102306187 ], [ -1873776.928027004236355, 1339827.569515263894573 ], [ -1873751.257933143060654, 1339821.969437070190907 ], [ -1873748.498751272913069, 1339834.617290077032521 ], [ -1873722.828678477089852, 1339829.017296847421676 ], [ -1873720.069533944595605, 1339841.665160224074498 ], [ -1873681.564450069330633, 1339833.26532659959048 ], [ -1873684.323537901043892, 1339820.617450853576884 ], [ -1873632.983291890472174, 1339809.417924713110551 ], [ -1873630.224279659567401, 1339822.06581695121713 ], [ -1873604.554169349838048, 1339816.466177206952125 ], [ -1873601.795194455888122, 1339829.11407981463708 ], [ -1873588.960151926847175, 1339826.314292836003006 ], [ -1873580.683281169272959, 1339864.258025753078982 ], [ -1873555.013296958990395, 1339858.658534070011228 ], [ -1873538.459769753040746, 1339934.546106658410281 ], [ -1873551.294650549301878, 1339937.345818173140287 ], [ -1873545.776766644790769, 1339962.641684429254383 ], [ -1873520.107076471671462, 1339957.0422970703803 ], [ -1873506.312547617359087, 1340020.28204105165787 ], [ -1873493.477790757780895, 1340017.482396755600348 ], [ -1873485.201124593615532, 1340055.426280968589708 ], [ -1873472.366420249920338, 1340052.626668218756095 ], [ -1873469.607549503445625, 1340065.274637986905873 ], [ -1873456.77285987813957, 1340062.475048541324213 ], [ -1873454.014007569756359, 1340075.123024552129209 ], [ -1873402.675282834097743, 1340063.924875050317496 ], [ -1873419.227936136769131, 1339988.036951852962375 ], [ -1873406.393131089629605, 1339985.237437689909711 ], [ -1873414.66939479415305, 1339947.293492356548086 ], [ -1873388.999658753396943, 1339941.694496837444603 ], [ -1873391.758374595781788, 1339929.046511054737493 ], [ -1873366.088584017939866, 1339923.447584007401019 ], [ -1873371.60593871306628, 1339898.151602319907397 ], [ -1873358.770999347092584, 1339895.352159319678321 ], [ -1873364.288314390927553, 1339870.056177871534601 ], [ -1873351.453333043726161, 1339867.256745808757842 ], [ -1873362.487881975946948, 1339816.664791882736608 ], [ -1873349.652820843737572, 1339813.865362509386614 ], [ -1873355.170054733054712, 1339788.569390028715134 ], [ -1873342.334951616358012, 1339785.769971591653302 ], [ -1873350.610742278397083, 1339747.826016421196982 ], [ -1873337.775578277651221, 1339745.026604796061292 ], [ -1873343.292731937253848, 1339719.730637050000951 ], [ -1873279.116660176310688, 1339705.733825405361131 ], [ -1873273.599695521173999, 1339731.02983437362127 ], [ -1873260.764506418490782, 1339728.23053782992065 ], [ -1873258.006042296998203, 1339740.878549619112164 ], [ -1873245.170867914799601, 1339738.079276378266513 ], [ -1873242.41242223023437, 1339750.727294414304197 ], [ -1873229.577262564562261, 1339747.928044473286718 ], [ -1873226.818835318321362, 1339760.576068751979619 ], [ -1873213.983690371038392, 1339757.77684211358428 ], [ -1873211.225281561957672, 1339770.424872637959197 ], [ -1873198.390151329338551, 1339767.625669302185997 ], [ -1873181.839802163187414, 1339843.513921720907092 ], [ -1873169.004781152587384, 1339840.714762298390269 ], [ -1873163.488032197346911, 1339866.010871650418267 ], [ -1873150.653044805163518, 1339863.211739650228992 ], [ -1873145.136331799440086, 1339888.507865735329688 ], [ -1873132.301378023112193, 1339885.708761159097776 ], [ -1873126.784700968535617, 1339911.004903971217573 ], [ -1873101.114856471540406, 1339905.406768846325576 ], [ -1873098.356555051868781, 1339918.054851674940437 ], [ -1873085.521645431406796, 1339915.255817003780976 ], [ -1873080.005079004447907, 1339940.551997273694724 ], [ -1873067.170203001936898, 1339937.752990025095642 ], [ -1873050.620606024516746, 1340013.641606464749202 ], [ -1873037.785839242627844, 1340010.842643126146868 ], [ -1873029.5110912125092, 1340048.786992340348661 ], [ -1873016.676376949995756, 1340045.988060547038913 ], [ -1873019.434607855044305, 1340033.339937900891528 ], [ -1872993.765128978528082, 1340027.742123608943075 ], [ -1872996.523321620421484, 1340015.093994837719947 ], [ -1872983.688557006884366, 1340012.295112339314073 ], [ -1872989.204903102014214, 1339986.998852916061878 ], [ -1872976.370096507016569, 1339984.199981353711337 ], [ -1872979.128249959787354, 1339971.551850704476237 ], [ -1872927.788906150497496, 1339960.356539765605703 ], [ -1872930.546983538893983, 1339947.708394748857245 ], [ -1872917.712118230527267, 1339944.909610842587426 ], [ -1872928.744347556727007, 1339894.317035495769233 ], [ -1872915.909402461256832, 1339891.518254281720147 ], [ -1872921.425476546864957, 1339866.22197109577246 ], [ -1872908.590489470632747, 1339863.423200820805505 ], [ -1872916.864540430018678, 1339825.478779578581452 ], [ -1872904.029492467176169, 1339822.680016117170453 ], [ -1872909.545486325863749, 1339797.383737654192373 ], [ -1872896.710396381793544, 1339794.584985130000859 ], [ -1872899.468373716110364, 1339781.936844959622249 ], [ -1872886.633260689210147, 1339779.138107495848089 ], [ -1872892.149176170583814, 1339753.841825272887945 ], [ -1872879.314021157566458, 1339751.043098743772134 ], [ -1872882.071959304623306, 1339738.3949566911906 ], [ -1872856.40159893524833, 1339732.797552933450788 ], [ -1872861.917398236459121, 1339707.50125871761702 ], [ -1872823.411712910048664, 1339699.105272203916684 ], [ -1872820.6538701930549, 1339711.753430615412071 ], [ -1872794.983430198859423, 1339706.156210416695103 ], [ -1872792.22562481998466, 1339718.804379192180932 ], [ -1872779.390417451504618, 1339716.005801984807476 ], [ -1872765.601478120777756, 1339779.246698296861723 ], [ -1872752.76636107172817, 1339776.448160874191672 ], [ -1872750.008590718265623, 1339789.096350622596219 ], [ -1872737.173488390166312, 1339786.297836501384154 ], [ -1872731.657984098652378, 1339811.594230599468574 ], [ -1872718.822915389901027, 1339808.795743899187073 ], [ -1872716.065181449986994, 1339821.443948256084695 ], [ -1872703.230127459857613, 1339818.645484858425334 ], [ -1872700.472411959664896, 1339831.293695450993255 ], [ -1872687.637372688623145, 1339828.495255353162065 ], [ -1872684.87967562652193, 1339841.14347218698822 ], [ -1872672.044651072239503, 1339838.345055390615016 ], [ -1872666.529293361352757, 1339863.641503669554368 ], [ -1872653.694302428746596, 1339860.843114294111729 ], [ -1872639.905994562897831, 1339924.08429271215573 ], [ -1872627.071093949954957, 1339921.28594312001951 ], [ -1872621.555805368581787, 1339946.582437573699281 ], [ -1872608.72093837801367, 1339943.78411540412344 ], [ -1872605.963312294799834, 1339956.43236993229948 ], [ -1872593.128460021223873, 1339953.634071062551811 ], [ -1872590.3708523765672, 1339966.282331830589101 ], [ -1872564.70117309037596, 1339960.685799873434007 ], [ -1872561.943602783605456, 1339973.334071011282504 ], [ -1872549.108775769127533, 1339970.535837922710925 ], [ -1872538.078565526753664, 1340021.128960135625675 ], [ -1872525.243809934239835, 1340018.330762710422277 ], [ -1872516.971204101108015, 1340056.275638996157795 ], [ -1872504.136501027271152, 1340053.477473110426217 ], [ -1872495.863947735866532, 1340091.42238084343262 ], [ -1872508.698594107292593, 1340094.220534366788343 ], [ -1872505.941056518116966, 1340106.86883706250228 ], [ -1872531.610298910178244, 1340112.465193404117599 ], [ -1872526.095146741950884, 1340137.7617886767257 ], [ -1872538.929723863955587, 1340140.559987373650074 ], [ -1872533.414532045368105, 1340165.856582883978263 ], [ -1872584.752647517016158, 1340177.049536503618583 ], [ -1872587.510319260880351, 1340164.401254171738401 ], [ -1872613.179389708675444, 1340169.997854297747836 ], [ -1872615.937098791822791, 1340157.349582328693941 ], [ -1872641.606190312420949, 1340162.94626741297543 ], [ -1872644.363936735317111, 1340150.298005803488195 ], [ -1872682.867599358782172, 1340158.693189637269825 ], [ -1872680.109796233475208, 1340171.341438882984221 ], [ -1872705.77884593908675, 1340176.938315758947283 ], [ -1872703.021004550391808, 1340189.586558882379904 ], [ -1872715.855504228267819, 1340192.38502196688205 ], [ -1872713.097643476678059, 1340205.033263087738305 ], [ -1872725.932120072422549, 1340207.831741231260821 ], [ -1872723.17423995770514, 1340220.479980350937694 ], [ -1872736.008693472947925, 1340223.278473553014919 ], [ -1872730.492894055554643, 1340248.574949908768758 ], [ -1872717.65847834199667, 1340245.776464949129149 ], [ -1872714.900596840307117, 1340258.424710430437699 ], [ -1872689.23179067322053, 1340252.827806292101741 ], [ -1872686.473946511978284, 1340265.476062130415812 ], [ -1872673.63955605449155, 1340262.677642951719463 ], [ -1872670.881730331573635, 1340275.325905031291768 ], [ -1872658.047354595037177, 1340272.527509151026607 ], [ -1872652.531739562749863, 1340297.824047920061275 ], [ -1872639.697397444397211, 1340295.025679460959509 ], [ -1872634.181818366982043, 1340320.322234940249473 ], [ -1872621.347509870771319, 1340317.523893902078271 ], [ -1872613.074194488814101, 1340355.468755393754691 ], [ -1872625.908446282614022, 1340358.267084068153054 ], [ -1872592.814916364615783, 1340510.046671283897012 ], [ -1872579.980891380691901, 1340507.248392061563209 ], [ -1872568.949775560060516, 1340557.841672093607485 ], [ -1872594.617670141160488, 1340563.438216747250408 ], [ -1872591.859852229710668, 1340576.086533807916567 ], [ -1872694.531112077413127, 1340598.473446579417214 ], [ -1872697.289081195602193, 1340585.825162487337366 ], [ -1872710.122988761169836, 1340588.623617008095607 ], [ -1872715.638963413657621, 1340563.327063422417268 ], [ -1872728.472904597176239, 1340566.12554536270909 ], [ -1872733.988915203837678, 1340540.829008492873982 ], [ -1872746.822890006704256, 1340543.627517854329199 ], [ -1872755.096959152957425, 1340505.68274080962874 ], [ -1872767.93098647845909, 1340508.481281713349745 ], [ -1872770.689027504064143, 1340495.833031058544293 ], [ -1872783.52306954562664, 1340498.631595263490453 ], [ -1872786.281129010487348, 1340485.983350845519453 ], [ -1872799.115185773698613, 1340488.781938350293785 ], [ -1872804.631341117899865, 1340463.485464118886739 ], [ -1872817.465431497897953, 1340466.284079043427482 ], [ -1872820.223527377704158, 1340453.635849228361621 ], [ -1872845.891733393073082, 1340459.233144856756553 ], [ -1872848.649866611463949, 1340446.584925407078117 ], [ -1872874.318093702197075, 1340452.182305993977934 ], [ -1872871.559922682121396, 1340464.830517201218754 ], [ -1872897.228095242520794, 1340470.427966258488595 ], [ -1872894.469885958358645, 1340483.076171344611794 ], [ -1872907.303947063628584, 1340485.874920519301668 ], [ -1872904.545718416105956, 1340498.523123605642468 ], [ -1872917.379756440408528, 1340501.321887837722898 ], [ -1872914.621508431155235, 1340513.970088915899396 ], [ -1872927.455523370066658, 1340516.768868203973398 ], [ -1872924.697255997220054, 1340529.417067283997312 ], [ -1872937.531247853301466, 1340532.215861627832055 ], [ -1872934.772961118491367, 1340544.864058702485636 ], [ -1872947.606929891509935, 1340547.66286810208112 ], [ -1872920.023848119424656, 1340674.144914164906368 ], [ -1872932.857623702613637, 1340676.943701525218785 ], [ -1872930.099294082261622, 1340689.591913668438792 ], [ -1872942.933046584948897, 1340692.390716084977612 ], [ -1872940.174697603331879, 1340705.038926218636334 ], [ -1872953.008427020162344, 1340707.837743692332879 ], [ -1872950.25005867658183, 1340720.485951816430315 ], [ -1872963.08376501314342, 1340723.284784346120432 ], [ -1872960.325377306435257, 1340735.932990471832454 ], [ -1872973.159060557372868, 1340738.731838056119159 ], [ -1872967.642245956230909, 1340764.028248418355361 ], [ -1872954.808600506745279, 1340761.229409076506272 ], [ -1872946.533431840827689, 1340799.174052877817303 ], [ -1872997.867761738132685, 1340810.369475844781846 ], [ -1872995.109295655740425, 1340823.017678196309134 ], [ -1873007.942848772741854, 1340825.816577759105712 ], [ -1873005.184363328851759, 1340838.464778099441901 ], [ -1873018.017893362324685, 1340841.263692719629034 ], [ -1873012.500883286353201, 1340866.560091516934335 ], [ -1873025.33437133859843, 1340869.359017068753019 ], [ -1873022.575846707215533, 1340882.00721552153118 ], [ -1873035.409311673836783, 1340884.806156129343435 ], [ -1873029.892223224043846, 1340910.102551143849269 ], [ -1873094.059296314837411, 1340924.097500624833629 ], [ -1873091.300656893057749, 1340936.745680698892102 ], [ -1873104.13404006161727, 1340939.544724005041644 ], [ -1873101.375381277641281, 1340952.192902073729783 ], [ -1873139.875448987120762, 1340960.590134689584374 ], [ -1873137.116733038565144, 1340973.238302511861548 ], [ -1873188.450022488366812, 1340984.434864659560844 ], [ -1873185.691230477765203, 1340997.08301810012199 ], [ -1873198.524523484287784, 1340999.882202456938103 ], [ -1873187.489275212632492, 1341050.474820933537558 ], [ -1873097.656665555899963, 1341030.881048583425581 ], [ -1873100.415346011752263, 1341018.232861930970103 ], [ -1873061.915536718210205, 1341009.835806215181947 ], [ -1873059.156912964303046, 1341022.484005234204233 ], [ -1873007.823850947665051, 1341011.288215916603804 ], [ -1873010.582399098901078, 1340998.640000408515334 ], [ -1872972.082501968601719, 1340990.243347415002063 ], [ -1872974.840992956189439, 1340977.595121655846015 ], [ -1872962.007666647667065, 1340974.796271556522697 ], [ -1872964.766138271894306, 1340962.148043796420097 ], [ -1872951.93278888030909, 1340959.349208752857521 ], [ -1872954.691241142805666, 1340946.70097898459062 ], [ -1872941.857868666062132, 1340943.902158995624632 ], [ -1872944.616301563801244, 1340931.253927233163267 ], [ -1872893.282694236608222, 1340920.058822567109019 ], [ -1872890.524336942238733, 1340932.707070818636566 ], [ -1872877.690943553810939, 1340929.90834671841003 ], [ -1872872.174265377223492, 1340955.204857832752168 ], [ -1872859.340905610704795, 1340952.406161152059212 ], [ -1872853.824263388291001, 1340977.702688982244581 ], [ -1872828.157606911147013, 1340972.105369643075392 ], [ -1872825.39932290953584, 1340984.753644975833595 ], [ -1872812.56600729865022, 1340981.95501819322817 ], [ -1872801.532942276913673, 1341032.548157187411562 ], [ -1872788.699698085198179, 1341029.749566069804132 ], [ -1872785.941449576057494, 1341042.397860234137625 ], [ -1872773.108220105059445, 1341039.599292414961383 ], [ -1872762.075297056231648, 1341090.192506726831198 ], [ -1872787.741600611247122, 1341095.789628566941246 ], [ -1872751.884058266412467, 1341260.217701842077076 ], [ -1872739.051154290093109, 1341257.419184916652739 ], [ -1872736.292897472856566, 1341270.067517180461437 ], [ -1872723.460008217254654, 1341267.269023553235456 ], [ -1872706.910571021726355, 1341343.159086328698322 ], [ -1872719.743346871575341, 1341345.957555225351825 ], [ -1872711.468565341783687, 1341383.902602812740952 ], [ -1872724.301280308747664, 1341386.701078520156443 ], [ -1872718.784719179850072, 1341411.997779249446467 ], [ -1872731.617392160929739, 1341414.796265890123323 ], [ -1872728.85909200203605, 1341427.444615311687812 ], [ -1872818.687553473515436, 1341447.034529878525063 ], [ -1872815.929120548302308, 1341459.682852557161823 ], [ -1872854.426913174102083, 1341468.078805507859215 ], [ -1872848.909932533046231, 1341493.37543248385191 ], [ -1872861.742483908543363, 1341496.174113576067612 ], [ -1872850.708441485650837, 1341546.767376428004354 ], [ -1872837.875965713756159, 1341543.968711825087667 ], [ -1872835.117472855374217, 1341556.617036949610338 ], [ -1872822.285011802567169, 1341553.818395643495023 ], [ -1872808.492635095492005, 1341617.060073604574427 ], [ -1872834.157364010345191, 1341622.657334170071408 ], [ -1872825.881819044006988, 1341660.602341601392254 ], [ -1872851.546417827252299, 1341666.199654135387391 ], [ -1872848.787864114157856, 1341678.847985931904987 ], [ -1872861.620138330385089, 1341681.646666841348633 ], [ -1872858.86156525509432, 1341694.294996629469097 ], [ -1872884.526063341647387, 1341699.892407730221748 ], [ -1872881.767452003899962, 1341712.54073138628155 ], [ -1872907.43189555965364, 1341718.138210946228355 ], [ -1872904.673245958052576, 1341730.7865284755826 ], [ -1872943.169823218602687, 1341739.182879263767973 ], [ -1872940.411116452654824, 1341751.831186545314267 ], [ -1873017.404044647701085, 1341768.624381130328402 ], [ -1873022.921684527536854, 1341743.327818157849833 ], [ -1873035.753862391691655, 1341746.126759281381965 ], [ -1873044.030375452712178, 1341708.181943060830235 ], [ -1873185.184679603669792, 1341738.971697065513581 ], [ -1873179.666588873369619, 1341764.268148397793993 ], [ -1873192.498735442524776, 1341767.067323751747608 ], [ -1873186.980605066288263, 1341792.363775295205414 ], [ -1873199.812709653284401, 1341795.162961579393595 ], [ -1873194.294539627851918, 1341820.45941334660165 ], [ -1873207.126602228498086, 1341823.258610560093075 ], [ -1873201.608392557827756, 1341848.555062532424927 ], [ -1873214.440413173288107, 1341851.354270674986765 ], [ -1873206.163038505241275, 1341889.298952128272504 ], [ -1873218.994998238282278, 1341892.098167077172548 ], [ -1873199.680975558934733, 1341980.635802295524627 ], [ -1873186.849148131441325, 1341977.83661620807834 ], [ -1873181.330889587290585, 1342003.133110690163448 ], [ -1873168.49909578054212, 1342000.333952023647726 ], [ -1873165.739984718384221, 1342012.982206556247547 ], [ -1873140.076422355370596, 1342007.383954994613305 ], [ -1873137.317348632728681, 1342020.032219890970737 ], [ -1873111.65380734205246, 1342014.434053277829662 ], [ -1873108.894770959159359, 1342027.082328536780551 ], [ -1873096.063012940809131, 1342024.283278114162385 ], [ -1873087.785957729211077, 1342062.228128938935697 ], [ -1873190.439451144309714, 1342084.620970258489251 ], [ -1873198.716959975427017, 1342046.676218387437984 ], [ -1873211.548684533219784, 1342049.475422208895907 ], [ -1873217.067059249617159, 1342024.178939777426422 ], [ -1873268.394066848792136, 1342035.375979796983302 ], [ -1873276.671852271305397, 1341997.431321493349969 ], [ -1873353.662578396266326, 1342014.227530994452536 ], [ -1873356.421952685341239, 1342001.579340527998284 ], [ -1873382.085532393073663, 1342007.178238675696775 ], [ -1873384.844944023061544, 1341994.530058567412198 ], [ -1873397.676746503217146, 1341997.329540528357029 ], [ -1873400.436176571063697, 1341984.681366664357483 ], [ -1873413.26799377030693, 1341987.480871922103688 ], [ -1873416.027442279038951, 1341974.832704290980473 ], [ -1873441.691101925913244, 1341980.431780580431223 ], [ -1873447.21007316140458, 1341955.135468159103766 ], [ -1873460.041934509761631, 1341957.935043313540518 ], [ -1873471.079947045072913, 1341907.342460347339511 ], [ -1873483.91187981236726, 1341910.14207117119804 ], [ -1873503.228516289265826, 1341821.605161265470088 ], [ -1873516.060577179538086, 1341824.404820131836459 ], [ -1873518.820113731082529, 1341811.756702728802338 ], [ -1873557.316327994689345, 1341820.155806746333838 ], [ -1873554.556734741432592, 1341832.8039117786102 ], [ -1873567.388778897002339, 1341835.603647345444188 ], [ -1873559.109939667629078, 1341873.54796275543049 ], [ -1873571.941922935191542, 1341876.347705125575885 ], [ -1873566.42265667184256, 1341901.643917735200375 ], [ -1873579.254597954917699, 1341904.443671033252031 ], [ -1873576.494945231359452, 1341917.091776382643729 ], [ -1873589.326863432303071, 1341919.891544733662158 ], [ -1873586.567191346781328, 1341932.539648073725402 ], [ -1873637.894746702164412, 1341943.738896729191765 ], [ -1873640.654494389658794, 1341931.090809885645285 ], [ -1873666.31828476395458, 1341936.690557512454689 ], [ -1873669.078069791197777, 1341924.042481031501666 ], [ -1873681.909977605333552, 1341926.842387731187046 ], [ -1873684.669781072530895, 1341914.194317484274507 ], [ -1873697.501703600399196, 1341916.994247485417873 ], [ -1873700.261525506619364, 1341904.3461834769696 ], [ -1873713.093462753575295, 1341907.146136777708307 ], [ -1873721.372982401400805, 1341869.201969829853624 ], [ -1873734.204972163075581, 1341872.001954677281901 ], [ -1873736.964830023935065, 1341859.353907380485907 ], [ -1873762.628834798233584, 1341864.953942849300802 ], [ -1873759.868939136853442, 1341877.601981897838414 ], [ -1873772.700916346395388, 1341880.402024269802496 ], [ -1873761.661253484198824, 1341930.994185112882406 ], [ -1873748.829351876629516, 1341928.194159237202257 ], [ -1873743.309555476764217, 1341953.490260598948225 ], [ -1873730.477687483886257, 1341950.690262145828456 ], [ -1873724.957927039824426, 1341975.986380213638768 ], [ -1873712.126092665828764, 1341973.186409184476361 ], [ -1873709.366230651270598, 1341985.834475516807288 ], [ -1873696.534410994034261, 1341983.034527788870037 ], [ -1873685.495033926796168, 1342033.626830752007663 ], [ -1873672.663285685004666, 1342030.826918694656342 ], [ -1873661.623976836213842, 1342081.419271992053837 ], [ -1873635.960619007702917, 1342075.819538394222036 ], [ -1873633.200828443281353, 1342088.467640251386911 ], [ -1873620.369162154616788, 1342085.667806338751689 ], [ -1873614.849617443280295, 1342110.964024644577876 ], [ -1873602.017984771868214, 1342108.164218154503033 ], [ -1873599.258230624720454, 1342120.812334604561329 ], [ -1873586.426612669602036, 1342118.012551414081827 ], [ -1873583.66687696101144, 1342130.660674104001373 ], [ -1873558.003666299162433, 1342125.061173494672403 ], [ -1873555.243967930786312, 1342137.709306545788422 ], [ -1873542.412375226151198, 1342134.909589126706123 ], [ -1873545.172054693801329, 1342122.261451952857897 ], [ -1873532.340438902145252, 1342119.461749584181234 ], [ -1873535.100099008530378, 1342106.813610396580771 ], [ -1873522.268460135208443, 1342104.013923079473898 ], [ -1873525.028100879164413, 1342091.3657818865031 ], [ -1873512.196438921615481, 1342088.566109620966017 ], [ -1873514.956060302443802, 1342075.917966422624886 ], [ -1873463.629295030608773, 1342064.719452612567693 ], [ -1873452.591109145665541, 1342115.312104088952765 ], [ -1873439.759482969762757, 1342112.51254006754607 ], [ -1873434.240425060270354, 1342137.808886740356684 ], [ -1873408.577235765289515, 1342132.209832718130201 ], [ -1873397.539265619358048, 1342182.802584412740543 ], [ -1873384.707740297075361, 1342180.00310265715234 ], [ -1873379.188790257321671, 1342205.29949943930842 ], [ -1873366.357298555318266, 1342202.500045106280595 ], [ -1873363.597841743845493, 1342215.148250794271007 ], [ -1873350.766364757437259, 1342212.348819759907201 ], [ -1873353.525802667718381, 1342199.700609948951751 ], [ -1873340.694302599178627, 1342196.901193964760751 ], [ -1873343.453721146797761, 1342184.252982150064781 ], [ -1873330.622197994263843, 1342181.453581218840554 ], [ -1873333.381597181782126, 1342168.805367385968566 ], [ -1873320.550050945021212, 1342166.005981505149975 ], [ -1873323.309430768946186, 1342153.357765668304637 ], [ -1873297.646287942538038, 1342147.759043184341863 ], [ -1873303.164970604237169, 1342122.462601362029091 ], [ -1873290.333355115959421, 1342119.663260634755716 ], [ -1873293.092676854459569, 1342107.015038768993691 ], [ -1873228.934442157624289, 1342093.01860213954933 ], [ -1873226.175214922986925, 1342105.666844619903713 ], [ -1873174.848627476254478, 1342094.470056955935434 ], [ -1873166.571169815026224, 1342132.414846558356658 ], [ -1873153.739569196710363, 1342129.615709948120639 ], [ -1873150.980434620054439, 1342142.263981505297124 ], [ -1873112.485664375126362, 1342133.866699093254283 ], [ -1873115.244742249371484, 1342121.218415166949853 ], [ -1873089.581503371708095, 1342115.620314521715045 ], [ -1873092.340542981633916, 1342102.972024467308074 ], [ -1873079.508898368338123, 1342100.172998783411458 ], [ -1873082.267918616300449, 1342087.524706720840186 ], [ -1873069.436250916915014, 1342084.72569608874619 ], [ -1873072.195251802681014, 1342072.077402018010616 ], [ -1873059.363561022328213, 1342069.27840643748641 ], [ -1873062.122542546596378, 1342056.630110357189551 ], [ -1873036.459110633470118, 1342051.032168476842344 ], [ -1873041.976996696088463, 1342025.735566162969917 ], [ -1873016.313472449313849, 1342020.137684490997344 ], [ -1873021.831281064078212, 1341994.841074141440913 ], [ -1873008.999474866082892, 1341992.042153822490945 ], [ -1873014.517243832582608, 1341966.745543692493811 ], [ -1873001.685395650565624, 1341963.946634302381426 ], [ -1873004.444260541815311, 1341951.29832828277722 ], [ -1872991.612389276502654, 1341948.49943394609727 ], [ -1872999.88892448018305, 1341910.554516210220754 ], [ -1872884.401384552009404, 1341885.365218752296641 ], [ -1872887.160058588720858, 1341872.716879969695583 ], [ -1872784.504031940596178, 1341850.327664283337072 ], [ -1872787.262554310029373, 1341837.679294631117955 ], [ -1872684.606108804233372, 1341815.291273194132373 ], [ -1872687.36447950382717, 1341802.642872683703899 ], [ -1872674.53238609759137, 1341799.844452170887962 ], [ -1872677.290737435454503, 1341787.196049650898203 ], [ -1872664.4586209456902, 1341784.397644192678854 ], [ -1872672.733615488279611, 1341746.452436962164938 ], [ -1872634.237070817733184, 1341738.057298544095829 ], [ -1872636.995344706811011, 1341725.408887998200953 ], [ -1872624.163135885959491, 1341722.610542753944173 ], [ -1872626.921390412608162, 1341709.962130201049149 ], [ -1872614.089158507063985, 1341707.163800011388958 ], [ -1872616.847393671283498, 1341694.51538545335643 ], [ -1872604.015138685703278, 1341691.717070318059996 ], [ -1872606.773354488192126, 1341679.068653747439384 ], [ -1872593.941076417453587, 1341676.270353665342554 ], [ -1872596.69927285797894, 1341663.621935089351609 ], [ -1872583.866971706971526, 1341660.823650063248351 ], [ -1872586.62514878436923, 1341648.175229483284056 ], [ -1872573.792824551230296, 1341645.376959510380402 ], [ -1872576.550982265966013, 1341632.728536926442757 ], [ -1872538.053927770117298, 1341624.333829696755856 ], [ -1872535.295826758258045, 1341636.982264645630494 ], [ -1872522.463485798798501, 1341634.184071375755593 ], [ -1872519.705403226660565, 1341646.832512563327327 ], [ -1872506.873076984193176, 1341644.0343425902538 ], [ -1872504.115012851078063, 1341656.682790017686784 ], [ -1872491.282701330492273, 1341653.884643343044445 ], [ -1872485.766609483398497, 1341679.181552780792117 ], [ -1872472.934331584023312, 1341676.383433525916189 ], [ -1872467.418275695061311, 1341701.680359665304422 ], [ -1872441.753782954066992, 1341696.084195164963603 ], [ -1872438.99579211929813, 1341708.732669652206823 ], [ -1872426.163558379514143, 1341705.934620286803693 ], [ -1872406.857741937506944, 1341794.474029743811116 ], [ -1872419.689843369647861, 1341797.272050259169191 ], [ -1872408.657862512627617, 1341847.866028552642092 ], [ -1872421.489884159294888, 1341850.664051757426932 ], [ -1872410.45782031910494, 1341901.258047402603552 ], [ -1872423.289762181695551, 1341904.056073298212141 ], [ -1872420.531726168002933, 1341916.704573375405744 ], [ -1872446.195559543557465, 1341922.300674447091296 ], [ -1872443.437485267175362, 1341934.949168391991407 ], [ -1872456.269376784097403, 1341937.747243569465354 ], [ -1872450.7531890461687, 1341963.044229557272047 ], [ -1872463.585038577206433, 1341965.842315666843206 ], [ -1872460.826925115194172, 1341978.490807709749788 ], [ -1872473.658751566428691, 1341981.288908875081688 ], [ -1872470.900618741521612, 1341993.937398917041719 ], [ -1872483.732422107597813, 1341996.735515132546425 ], [ -1872480.974269922124222, 1342009.384003159124404 ], [ -1872493.806050206301734, 1342012.182134429458529 ], [ -1872491.047878657234833, 1342024.830620453227311 ], [ -1872503.879635858349502, 1342027.628766778158024 ], [ -1872498.363253577845171, 1342052.92573691252619 ], [ -1872511.194968795869499, 1342055.7238941679243 ], [ -1872508.436758060706779, 1342068.372378295520321 ], [ -1872521.268450198229402, 1342071.170550603885204 ], [ -1872518.510220103198662, 1342083.819032713305205 ], [ -1872531.341889155795798, 1342086.617220074636862 ], [ -1872528.58363969810307, 1342099.26570017891936 ], [ -1872554.246927459258586, 1342104.862124183680862 ], [ -1872551.488639738410711, 1342117.51059815986082 ], [ -1872577.151872970629483, 1342123.107090619625524 ], [ -1872574.393546988023445, 1342135.755558457924053 ], [ -1872600.05672569014132, 1342141.352119372691959 ], [ -1872580.748166282428429, 1342229.891395752085373 ], [ -1872567.916711329948157, 1342227.093134561087936 ], [ -1872570.675059441942722, 1342214.444656041683629 ], [ -1872506.517627446679398, 1342200.453617092920467 ], [ -1872509.275880591012537, 1342187.805120083270594 ], [ -1872496.444362747715786, 1342185.00696569448337 ], [ -1872499.20259653008543, 1342172.358466675272211 ], [ -1872396.550152038689703, 1342149.973888887325302 ], [ -1872399.308234151219949, 1342137.325359008507803 ], [ -1872386.476640874054283, 1342134.527368949260563 ], [ -1872391.992765913950279, 1342109.230307284975424 ], [ -1872379.16113065299578, 1342106.432328159222379 ], [ -1872381.919173580594361, 1342093.783796376781538 ], [ -1872343.424186005955562, 1342085.38996167993173 ], [ -1872346.18217176781036, 1342072.741419652476907 ], [ -1872333.350481980014592, 1342069.943508982891217 ], [ -1872336.108448381302878, 1342057.294964940287173 ], [ -1872284.7815718119964, 1342046.103497523348778 ], [ -1872287.539462147047743, 1342033.454939109971747 ], [ -1872274.707713652169332, 1342030.657116072485223 ], [ -1872277.465584624791518, 1342018.008555655367672 ], [ -1872200.474892446538433, 1342001.221995374420658 ], [ -1872197.71713488176465, 1342013.870580519083887 ], [ -1872184.885357121005654, 1342011.072891706135124 ], [ -1872182.127617996186018, 1342023.721483086468652 ], [ -1872169.295854954048991, 1342020.923817569157109 ], [ -1872163.780413125175983, 1342046.221014911076054 ], [ -1872150.948683707043529, 1342043.423376810736954 ], [ -1872137.160165574168786, 1342106.666427766438574 ], [ -1872149.99180048587732, 1342109.464045260800049 ], [ -1872138.960902081569657, 1342160.058507576584816 ], [ -1872151.792457208968699, 1342162.856127763167024 ], [ -1872140.761475827544928, 1342213.450607408070937 ], [ -1872153.592951167142019, 1342216.248230285244063 ], [ -1872148.077419909182936, 1342241.545474545564502 ], [ -1872160.908853267552331, 1342244.34310835483484 ], [ -1872158.151068046689034, 1342256.991729530971497 ], [ -1872183.813884414266795, 1342262.58704643137753 ], [ -1872181.056060930481181, 1342275.235661475453526 ], [ -1872219.550197425298393, 1342283.62876827060245 ], [ -1872203.00290661980398, 1342359.520428752759472 ], [ -1872267.159150124294683, 1342373.5091999291908 ], [ -1872269.917127582477406, 1342360.860605175606906 ], [ -1872308.410880216397345, 1342369.254110335372388 ], [ -1872311.168913918314502, 1342356.605530056869611 ], [ -1872388.156419713282958, 1342373.393082811264321 ], [ -1872385.398272603517398, 1342386.041638359427452 ], [ -1872475.216706810286269, 1342405.62796014524065 ], [ -1872472.458426932105795, 1342418.276488953735679 ], [ -1872536.614231419283897, 1342432.267273415578529 ], [ -1872533.85585657437332, 1342444.915783727774397 ], [ -1872546.686986025655642, 1342447.713994021061808 ], [ -1872543.928591818315908, 1342460.362502325093374 ], [ -1872595.25299220951274, 1342471.55551874730736 ], [ -1872592.494521937333047, 1342484.20401267404668 ], [ -1872618.156659240834415, 1342489.800627685850486 ], [ -1872615.398150705965236, 1342502.449115480063483 ], [ -1872628.229194182669744, 1342505.247447625733912 ], [ -1872617.195079829543829, 1342555.84140344359912 ], [ -1872604.364111956907436, 1342553.043087787227705 ], [ -1872598.847089818213135, 1342578.340086616110057 ], [ -1872586.01615556422621, 1342575.541798376478255 ], [ -1872580.499169385526329, 1342600.838813898386434 ], [ -1872567.668268754146993, 1342598.040553078521043 ], [ -1872559.39284273609519, 1342635.986104560783133 ], [ -1872482.407691354863346, 1342619.197016485966742 ], [ -1872485.1660537479911, 1342606.548472478752956 ], [ -1872421.011551436036825, 1342592.558072415878996 ], [ -1872412.736746393609792, 1342630.503772597992793 ], [ -1872425.567598516121507, 1342633.301801896654069 ], [ -1872422.80931034614332, 1342645.950368726626039 ], [ -1872461.301784918410704, 1342654.344559302553535 ], [ -1872458.54343958501704, 1342666.993115875869989 ], [ -1872484.205030589364469, 1342672.58933054911904 ], [ -1872451.10439703380689, 1342824.372075229184702 ], [ -1872438.273830437334254, 1342821.574007768649608 ], [ -1872424.481974727241322, 1342884.816928391577676 ], [ -1872437.312446817290038, 1342887.614975243108347 ], [ -1872431.795663508586586, 1342912.912150024436414 ], [ -1872457.456519542029127, 1342918.508284756913781 ], [ -1872454.698089394485578, 1342931.156867069192231 ], [ -1872467.52849223697558, 1342933.954959072871134 ], [ -1872462.011592757655308, 1342959.252121790777892 ], [ -1872295.216521098278463, 1342922.878528403583914 ], [ -1872297.97472535027191, 1342910.229892407776788 ], [ -1872272.313844577874988, 1342904.634234316181391 ], [ -1872277.830176097340882, 1342879.336952163139358 ], [ -1872264.999691634671763, 1342876.539143632166088 ], [ -1872273.27412875671871, 1342838.593223876086995 ], [ -1872260.443583411397412, 1342835.795422154245898 ], [ -1872263.201709297019988, 1342823.146782334893942 ], [ -1872237.54056825931184, 1342817.551228167489171 ], [ -1872240.298655882012099, 1342804.902582214213908 ], [ -1872201.806856266222894, 1342796.509382399730384 ], [ -1872199.048825347563252, 1342809.158040716545656 ], [ -1872173.387642504880205, 1342803.562678281450644 ], [ -1872170.629648928996176, 1342816.21134695247747 ], [ -1872093.646113466937095, 1342799.425744532141834 ], [ -1872096.40399363450706, 1342786.777051135199144 ], [ -1872057.912112765479833, 1342778.384496402461082 ], [ -1872055.154289302648976, 1342791.033202164340764 ], [ -1872029.493052288889885, 1342785.438269783509895 ], [ -1872026.735266168834642, 1342798.086985896807164 ], [ -1872001.074050236260518, 1342792.492138451430947 ], [ -1871998.316301458980888, 1342805.140864917309955 ], [ -1871985.485706124920398, 1342802.343474076827988 ], [ -1871977.212513735052198, 1342840.289678507950157 ], [ -1871951.551423933357, 1342834.694979068590328 ], [ -1871948.79373002005741, 1342847.343726340448484 ], [ -1871923.13266130303964, 1342841.749111836776137 ], [ -1871920.375004731817171, 1342854.39786946401 ], [ -1871907.544483004603535, 1342851.600595094263554 ], [ -1871899.271567235235125, 1342889.5468929996714 ], [ -1871912.102032257942483, 1342892.344155007041991 ], [ -1871901.071395850041881, 1342942.939231945900247 ], [ -1871913.901781086577103, 1342945.736496642930433 ], [ -1871905.628742245258763, 1342983.682814143132418 ], [ -1871918.459066596347839, 1342986.480085650691763 ], [ -1871915.701367160771042, 1342999.128858251962811 ], [ -1871928.53166843065992, 1343001.926144812488928 ], [ -1871925.773949634516612, 1343014.574915398377925 ], [ -1871938.604227824835107, 1343017.372217010706663 ], [ -1871935.846489666262642, 1343030.020985587034374 ], [ -1871948.676744773052633, 1343032.818302251165733 ], [ -1871943.161229270743206, 1343058.115837501361966 ], [ -1871955.991442396538332, 1343060.913165094563738 ], [ -1871950.475887252017856, 1343086.210700538940728 ], [ -1871963.306058392161503, 1343089.00803906400688 ], [ -1871946.759268507594243, 1343164.900671315612271 ], [ -1871959.589322060346603, 1343167.698004286270589 ], [ -1871956.831503235269338, 1343180.346779588144273 ], [ -1871944.001468584407121, 1343177.549450738821179 ], [ -1871930.212462064344436, 1343240.793379514012486 ], [ -1871917.382517743157223, 1343237.996090441010892 ], [ -1871909.109165016328916, 1343275.942485384875908 ], [ -1871921.93905263277702, 1343278.739762094337493 ], [ -1871897.118799505289644, 1343392.57902373559773 ], [ -1871884.289082003291696, 1343389.781784117221832 ], [ -1871878.773502942640334, 1343415.079429254401475 ], [ -1871827.454742343397811, 1343403.890695466194302 ], [ -1871830.212456497829407, 1343391.241855354746804 ], [ -1871804.55301331798546, 1343385.647595250047743 ], [ -1871807.310689207399264, 1343372.998749014921486 ], [ -1871794.48094244603999, 1343370.201643601525575 ], [ -1871797.238598976284266, 1343357.552795343799517 ], [ -1871784.408829130697995, 1343354.755704979179427 ], [ -1871787.166466299677268, 1343342.10685471072793 ], [ -1871774.336673375219107, 1343339.30977939767763 ], [ -1871779.851908527314663, 1343314.012076958548278 ], [ -1871767.022073617205024, 1343311.215012574801221 ], [ -1871772.537269127322361, 1343285.917310326592997 ], [ -1871759.707392236916348, 1343283.120256874710321 ], [ -1871765.222548104124144, 1343257.822554820682853 ], [ -1871752.392629230394959, 1343255.025512300664559 ], [ -1871757.907745455624536, 1343229.727810439188033 ], [ -1871732.247819560114294, 1343224.133766431594267 ], [ -1871735.005339179653674, 1343211.484910424333066 ], [ -1871709.345358764287084, 1343205.890934864524752 ], [ -1871712.102840119739994, 1343193.24207272939384 ], [ -1871686.442805180326104, 1343187.648165617370978 ], [ -1871689.200248273322359, 1343174.999297345755622 ], [ -1871676.370205633807927, 1343172.202368427067995 ], [ -1871698.429582605604082, 1343071.011465249815956 ], [ -1871685.599384570494294, 1343068.214522540103644 ], [ -1871693.871586639434099, 1343030.26795630576089 ], [ -1871668.211064623203129, 1343024.67410368192941 ], [ -1871673.725788096198812, 1342999.376386926043779 ], [ -1871660.895483016269282, 1342996.579481133259833 ], [ -1871666.410166847286746, 1342971.281764569925144 ], [ -1871653.579819784732535, 1342968.484869709005579 ], [ -1871664.609106316696852, 1342917.889445440843701 ], [ -1871651.778679467504844, 1342915.092553272144869 ], [ -1871660.050582832656801, 1342877.145994862541556 ], [ -1871647.220095099182799, 1342874.349109504371881 ], [ -1871655.491937617305666, 1342836.402557732537389 ], [ -1871642.661388997221366, 1342833.605679186759517 ], [ -1871648.175910573685542, 1342808.307980310637504 ], [ -1871635.345319973304868, 1342805.511112696491182 ], [ -1871640.859801903599873, 1342780.213414034340531 ], [ -1871589.537246487801895, 1342769.026102354284376 ], [ -1871592.294411156093702, 1342756.37723970785737 ], [ -1871579.463742953492329, 1342753.580455600516871 ], [ -1871590.492321421392262, 1342702.985009635565802 ], [ -1871577.661573432153091, 1342700.188228221843019 ], [ -1871585.932945746928453, 1342662.241653551114723 ], [ -1871573.10213687364012, 1342659.444878950715065 ], [ -1871575.859241155907512, 1342646.796020830515772 ], [ -1871563.028409199556336, 1342643.999261283315718 ], [ -1871568.542578579625115, 1342618.701543139526621 ], [ -1871555.711704642279074, 1342615.904794526984915 ], [ -1871558.468769741710275, 1342603.255934497807175 ], [ -1871545.637872721534222, 1342600.45920093706809 ], [ -1871548.394918458303437, 1342587.810338903684169 ], [ -1871522.733074081130326, 1342582.216921064071357 ], [ -1871525.490081554045901, 1342569.568052902817726 ], [ -1871474.166267040418461, 1342558.381430831039324 ], [ -1871476.923198446864262, 1342545.732548297848552 ], [ -1871464.092215466778725, 1342542.935936595313251 ], [ -1871469.606039094738662, 1342517.638169628335163 ], [ -1871443.943984993733466, 1342512.044987264089286 ], [ -1871446.70085831428878, 1342499.396098707569763 ], [ -1871421.038749695522711, 1342493.802984801121056 ], [ -1871423.795584752224386, 1342481.154090115102008 ], [ -1871398.133421612437814, 1342475.561044663656503 ], [ -1871400.89021840505302, 1342462.912143852561712 ], [ -1871375.228000748204067, 1342457.319166858913377 ], [ -1871377.984759276267141, 1342444.670259923906997 ], [ -1871352.322487098164856, 1342439.077351387823001 ], [ -1871355.079207364702597, 1342426.428438316565007 ], [ -1871342.248046106658876, 1342423.632008688757196 ], [ -1871345.004747009137645, 1342410.983093617716804 ], [ -1871332.173562668263912, 1342408.186679045902565 ], [ -1871337.686925290850922, 1342382.888846994610503 ], [ -1871324.855698969680816, 1342380.092443359084427 ], [ -1871327.612360688624904, 1342367.443526381626725 ], [ -1871314.781111287185922, 1342364.647137799300253 ], [ -1871345.104151897132397, 1342225.509145137155429 ], [ -1871332.272690395126119, 1342222.712730416562408 ], [ -1871340.542544188210741, 1342184.766037149354815 ], [ -1871327.711021804716438, 1342181.969629245111719 ], [ -1871330.467619912931696, 1342169.320731595158577 ], [ -1871317.636074448702857, 1342166.524338748306036 ], [ -1871320.392653194954619, 1342153.875439091352746 ], [ -1871307.561084650224075, 1342151.079061299096793 ], [ -1871310.31764403427951, 1342138.430159635609016 ], [ -1871297.486052407184616, 1342135.633796897949651 ], [ -1871300.242592429276556, 1342122.984893227461725 ], [ -1871287.410977723775432, 1342120.188545544166118 ], [ -1871292.924018583726138, 1342094.89073630142957 ], [ -1871280.092361893970519, 1342092.094399555819109 ], [ -1871282.848862732760608, 1342079.445493978913873 ], [ -1871270.017182964133099, 1342076.649172290693969 ], [ -1871272.773664438631386, 1342064.00026471586898 ], [ -1871259.941961589967832, 1342061.203958083409816 ], [ -1871265.454885354731232, 1342035.906141034327447 ], [ -1871252.623140521580353, 1342033.109845336759463 ], [ -1871255.37958281324245, 1342020.460935855517164 ], [ -1871242.547814901918173, 1342017.664655213942751 ], [ -1871245.304237829754129, 1342005.015743732918054 ], [ -1871181.145241082878783, 1341991.034607557812706 ], [ -1871178.388912663795054, 1342003.683539633639157 ], [ -1871165.55711968196556, 1342000.887374042300507 ], [ -1871143.506626966409385, 1342102.07893968001008 ], [ -1871130.674981020390987, 1342099.282826215960085 ], [ -1871111.380908039165661, 1342187.825585891725495 ], [ -1871098.549390227533877, 1342185.029520432231948 ], [ -1871057.205155703704804, 1342374.76441577449441 ], [ -1871070.036389986751601, 1342377.56041945097968 ], [ -1871064.52377975708805, 1342402.858433157904074 ], [ -1871077.354972058674321, 1342405.654447769047692 ], [ -1871071.84232218330726, 1342430.952461691340432 ], [ -1871084.67347250203602, 1342433.748487239936367 ], [ -1871081.917127972468734, 1342446.397493248572573 ], [ -1871094.748255214188248, 1342449.193533853394911 ], [ -1871091.991891322890297, 1342461.842537852469832 ], [ -1871117.654095464386046, 1342467.434668343747035 ], [ -1871112.141290693311021, 1342492.732666204450652 ], [ -1871124.972348691662773, 1342495.528751974226907 ], [ -1871122.215926714241505, 1342508.17774995137006 ], [ -1871135.046961632557213, 1342510.973850774345919 ], [ -1871132.290520292241126, 1342523.622846748912707 ], [ -1871145.121532130520791, 1342526.418962629046291 ], [ -1871142.365071429172531, 1342539.067956589860842 ], [ -1871155.196060189045966, 1342541.86408752319403 ], [ -1871149.683099602581933, 1342567.162073542829603 ], [ -1871162.514046378433704, 1342569.95821541082114 ], [ -1871159.757546492153779, 1342582.607207471039146 ], [ -1871172.588470187736675, 1342585.403364395024255 ], [ -1871167.075431232340634, 1342610.701346607878804 ], [ -1871179.906312947394326, 1342613.497514467919245 ], [ -1871177.149773877812549, 1342626.146504620555788 ], [ -1871189.980632511200383, 1342628.942687533795834 ], [ -1871187.224074079655111, 1342641.591675679665059 ], [ -1871200.054909634403884, 1342644.387873647268862 ], [ -1871197.298331841360778, 1342657.036859783576801 ], [ -1871210.12914431351237, 1342659.833072805777192 ], [ -1871207.372547157341614, 1342672.482056937878951 ], [ -1871220.203336548991501, 1342675.27828501467593 ], [ -1871217.446720032254234, 1342687.927267133025452 ], [ -1871230.277486343868077, 1342690.723510264419019 ], [ -1871227.520850464235991, 1342703.372490377398208 ], [ -1871240.351593697443604, 1342706.168748561758548 ], [ -1871226.568312892690301, 1342769.413660184247419 ], [ -1871239.398957435972989, 1342772.209916945546865 ], [ -1871233.885604089591652, 1342797.507888134336099 ], [ -1871246.716206650482491, 1342800.304155830293894 ], [ -1871238.446116477018222, 1342838.251116076949984 ], [ -1871251.276658155489713, 1342841.047390589257702 ], [ -1871245.763224603608251, 1342866.345366397872567 ], [ -1871258.593724298058078, 1342869.141651841811836 ], [ -1871253.08025110187009, 1342894.439627857180312 ], [ -1871265.910708813695237, 1342897.23592423601076 ], [ -1871257.640438864473253, 1342935.182891726726666 ], [ -1871270.470835694111884, 1342937.979194920510054 ], [ -1871262.200504901120439, 1342975.926169037818909 ], [ -1871275.030840844614431, 1342978.722479046322405 ], [ -1871269.517246878007427, 1343004.020464110188186 ], [ -1871282.347540838643909, 1343006.816785050556064 ], [ -1871276.833907230291516, 1343032.114770308369771 ], [ -1871289.664159209001809, 1343034.911102183628827 ], [ -1871286.907322813291103, 1343047.560093857115135 ], [ -1871338.228213336784393, 1343058.745596606517211 ], [ -1871335.47130087390542, 1343071.394573911093175 ], [ -1871348.301494155079126, 1343074.190993411466479 ], [ -1871331.759896307950839, 1343150.084876829292625 ], [ -1871370.250110846711323, 1343158.474176205229014 ], [ -1871367.493119557388127, 1343171.123151798965409 ], [ -1871380.323163810418919, 1343173.919619149528444 ], [ -1871374.809142048936337, 1343199.217568422202021 ], [ -1871387.639144321205094, 1343202.01404670602642 ], [ -1871382.125082917278633, 1343227.311996176838875 ], [ -1871394.955043204594404, 1343230.108485392527655 ], [ -1871392.197992910863832, 1343242.757459172047675 ], [ -1871405.027930117677897, 1343245.553963440936059 ], [ -1871402.270860463613644, 1343258.202935203677043 ], [ -1871415.100774591555819, 1343260.999454524135217 ], [ -1871412.343685574131086, 1343273.64842428592965 ], [ -1871425.173576619708911, 1343276.444958657957613 ], [ -1871422.416468240553513, 1343289.093926408560947 ], [ -1871435.246336206793785, 1343291.890475833788514 ], [ -1871432.489208468236029, 1343304.539441563654691 ], [ -1871445.319053351646289, 1343307.336006040452048 ], [ -1871442.561906249728054, 1343319.984969769138843 ], [ -1871468.221545675536618, 1343325.578147997846827 ], [ -1871465.464360310230404, 1343338.227105594240129 ], [ -1871478.294154852628708, 1343341.023719346150756 ], [ -1871475.536950127920136, 1343353.672674922738224 ], [ -1871501.196488874265924, 1343359.265951704466715 ], [ -1871498.439245884306729, 1343371.914901157375425 ], [ -1871511.268990088254213, 1343374.711564185563475 ], [ -1871508.511727736564353, 1343387.360511627513915 ], [ -1871521.341448856983334, 1343390.157189707271755 ], [ -1871515.826884971931577, 1343415.455082672182471 ], [ -1871528.656564112054184, 1343418.251771684037521 ], [ -1871523.141960585489869, 1343443.549664837075397 ], [ -1871587.290104569634423, 1343457.533356267958879 ], [ -1871584.532707606675103, 1343470.182285412214696 ], [ -1871597.362304963171482, 1343472.97907709213905 ], [ -1871591.847471856046468, 1343498.276933458866552 ], [ -1871604.677027232479304, 1343501.073736070655286 ], [ -1871593.647279896307737, 1343551.669457616982982 ], [ -1871619.306226890999824, 1343557.263087391387671 ], [ -1871616.548751104623079, 1343569.912014806410298 ], [ -1871629.378199433907866, 1343572.708854330936447 ], [ -1871626.620704285334796, 1343585.357779736164957 ], [ -1871639.450129530392587, 1343588.154634311096743 ], [ -1871636.692615020787343, 1343600.803557702573016 ], [ -1871649.522017184877768, 1343603.600427327677608 ], [ -1871646.764483314473182, 1343616.249348706798628 ], [ -1871659.593862397363409, 1343619.046233383473009 ], [ -1871654.078755473019555, 1343644.344074225518852 ], [ -1871666.908092575380579, 1343647.140969831263646 ], [ -1871661.392946009291336, 1343672.438810864463449 ], [ -1871674.222241126000881, 1343675.235717399278656 ], [ -1871671.464648251887411, 1343687.884636958362535 ], [ -1871684.293920287396759, 1343690.681558543816209 ], [ -1871681.536308052018285, 1343703.330476087518036 ], [ -1871694.365557008422911, 1343706.127412725938484 ], [ -1871691.607925411080942, 1343718.77632826147601 ], [ -1871704.437151283724234, 1343721.57327994890511 ], [ -1871701.679500325582922, 1343734.222193466266617 ], [ -1871727.337901731021702, 1343739.816146112978458 ], [ -1871724.580212509259582, 1343752.46505350084044 ], [ -1871737.409388039959595, 1343755.262054460356012 ], [ -1871734.651679458329454, 1343767.910959828877822 ], [ -1871747.480831906897947, 1343770.707975836936384 ], [ -1871744.72310396307148, 1343783.356879197293893 ], [ -1871757.552233330672607, 1343786.153910257155076 ], [ -1871752.036738262046129, 1343811.451715051662177 ], [ -1871764.865825648186728, 1343814.248757040593773 ], [ -1871759.35029093711637, 1343839.546562027884647 ], [ -1871977.443494298495352, 1343887.099068865645677 ], [ -1871985.717759661376476, 1343849.152574735926464 ], [ -1871972.888724435120821, 1343846.355202719802037 ], [ -1871992.195195220876485, 1343757.813427992863581 ], [ -1871966.536847604671493, 1343752.218683772487566 ], [ -1871972.052902371855453, 1343726.921036338200793 ], [ -1871946.394462425727397, 1343721.326352315954864 ], [ -1871949.152451316593215, 1343708.677523514488712 ], [ -1871923.493956847349182, 1343703.082907935837284 ], [ -1871931.76780735142529, 1343665.13640946126543 ], [ -1871957.426415230846033, 1343670.731049767229706 ], [ -1871960.184402283048257, 1343658.082229400752112 ], [ -1871985.843031245283782, 1343663.676954636815935 ], [ -1871977.568955300142989, 1343701.623397333314642 ], [ -1872016.056697273394093, 1343710.01559187611565 ], [ -1872010.540530935395509, 1343735.313206152291968 ], [ -1872023.369732098188251, 1343738.11063443380408 ], [ -1872020.611629338469356, 1343750.759440610883757 ], [ -1872033.440807417267933, 1343753.556883939774707 ], [ -1872030.682685295585543, 1343766.205688105896115 ], [ -1872043.511840292485431, 1343769.003146486589685 ], [ -1872040.753698810236529, 1343781.651948635932058 ], [ -1872053.582830727333203, 1343784.44942206540145 ], [ -1872050.824669882655144, 1343797.098222206579521 ], [ -1872063.653778715524822, 1343799.895710685057566 ], [ -1872060.895598510513082, 1343812.544508808059618 ], [ -1872073.724684263346717, 1343815.342012338107452 ], [ -1872070.966484696604311, 1343827.990808450151235 ], [ -1872083.795547365443781, 1343830.788327027577907 ], [ -1872081.037328438833356, 1343843.437121120048687 ], [ -1872093.866368025774136, 1343846.234654746484011 ], [ -1872074.558690353296697, 1343934.776243577478454 ], [ -1872087.387593448162079, 1343937.573767522582784 ], [ -1872084.629333040909842, 1343950.222570234211162 ], [ -1872097.458213054109365, 1343953.020109226694331 ], [ -1872091.941653057467192, 1343978.317712732357904 ], [ -1872104.770491089206189, 1343981.115262653911486 ], [ -1872102.012191499816254, 1343993.764063445152715 ], [ -1872089.18337236973457, 1343990.966517646098509 ], [ -1872083.666809616610408, 1344016.264133788645267 ], [ -1872032.351642513647676, 1344005.074175272369757 ], [ -1872035.109848513966426, 1343992.425349658820778 ], [ -1871983.794538914458826, 1343981.235681382007897 ], [ -1871981.036408521234989, 1343993.884523481829092 ], [ -1871929.72110764705576, 1343982.695178422844037 ], [ -1871924.204996694345027, 1344007.992901919875294 ], [ -1871911.37619882915169, 1344005.195621825754642 ], [ -1871905.860123842721805, 1344030.493361993459985 ], [ -1871893.031359598971903, 1344027.69610931025818 ], [ -1871887.515320578822866, 1344052.993866144213825 ], [ -1871874.68658996024169, 1344050.19664087658748 ], [ -1871866.412584689212963, 1344088.143304296769202 ], [ -1871853.583906596293673, 1344085.346110563026741 ], [ -1871839.793983133276924, 1344148.590612336760387 ], [ -1871826.96539536700584, 1344145.793458379106596 ], [ -1871818.691492482321337, 1344183.74019708763808 ], [ -1871831.520023543620482, 1344186.537338681751862 ], [ -1871828.762036095140502, 1344199.186251675244421 ], [ -1871867.247547489125282, 1344207.577779110986739 ], [ -1871836.909031486604363, 1344346.715825050137937 ], [ -1871849.73731900495477, 1344349.512993865413591 ], [ -1871838.705041984329, 1344400.108693627407774 ], [ -1871851.533249715110287, 1344402.905865127686411 ], [ -1871843.258980422979221, 1344440.852649696636945 ], [ -1871856.087127268547192, 1344443.649828002089635 ], [ -1871853.329017686191946, 1344456.29875627392903 ], [ -1871866.157141452189535, 1344459.095949628390372 ], [ -1871863.39901250670664, 1344471.744875893229619 ], [ -1871876.227113189175725, 1344474.542084293672815 ], [ -1871873.468964882660657, 1344487.191008541965857 ], [ -1871886.297042483231053, 1344489.988231991184875 ], [ -1871883.538874816847965, 1344502.637154219904914 ], [ -1871909.194979676278308, 1344508.231650380417705 ], [ -1871903.67856735852547, 1344533.52948467223905 ], [ -1871916.506575715728104, 1344536.326753265224397 ], [ -1871910.990123758092523, 1344561.624587735394016 ], [ -1871923.818090129410848, 1344564.42186725186184 ], [ -1871912.785105098737404, 1344615.017544962931424 ], [ -1871925.61299168295227, 1344617.814827163005248 ], [ -1871909.063386953668669, 1344693.708382158540189 ], [ -1871921.891155946766958, 1344696.505658796988428 ], [ -1871877.758493466535583, 1344898.888776575680822 ], [ -1871916.240868081804365, 1344907.280523656168953 ], [ -1871907.965810671914369, 1344945.22738111554645 ], [ -1871895.138413353590295, 1344942.43012528703548 ], [ -1871892.380078867543489, 1344955.079086103942245 ], [ -1871866.725309491157532, 1344949.484640194103122 ], [ -1871855.692118174396455, 1345000.080537480534986 ], [ -1871868.519429343985394, 1345002.87773436261341 ], [ -1871863.002793130697682, 1345028.17568737687543 ], [ -1871875.830062318826094, 1345030.9728951852303 ], [ -1871870.31338646588847, 1345056.27084837667644 ], [ -1871883.140613667899743, 1345059.068067108513787 ], [ -1871880.382256152108312, 1345071.717042733449489 ], [ -1871906.0366602151189, 1345077.31152946036309 ], [ -1871903.278264435008168, 1345089.960498954402283 ], [ -1871928.932613973505795, 1345095.555054108146578 ], [ -1871926.17417993186973, 1345108.204017458716407 ], [ -1871939.001329528400674, 1345111.00131966592744 ], [ -1871936.24287612689659, 1345123.650280992500484 ], [ -1871949.070002641528845, 1345126.447598245693371 ], [ -1871940.794582977890968, 1345164.394482490373775 ], [ -1872017.756914050783962, 1345181.178714340552688 ], [ -1872014.998326501110569, 1345193.827655229484662 ], [ -1872079.1333929290995, 1345207.815021612448618 ], [ -1872076.374710412928835, 1345220.463943988550454 ], [ -1872102.028669915394858, 1345226.059016471495852 ], [ -1872099.269949136301875, 1345238.707932706689462 ], [ -1872112.096903717610985, 1345241.505493578733876 ], [ -1872109.338163577951491, 1345254.154407797148451 ], [ -1872122.165095074335113, 1345256.951983713777736 ], [ -1872116.647575615206733, 1345282.24981021345593 ], [ -1872142.301350462017581, 1345287.845003060530871 ], [ -1872139.542552240658551, 1345300.493911221856251 ], [ -1872242.157333184033632, 1345322.875416330993176 ], [ -1872239.398383290274069, 1345335.524293614085764 ], [ -1872252.225193195044994, 1345338.322063884232193 ], [ -1872241.189313424983993, 1345388.917577551910654 ], [ -1872305.32292219158262, 1345402.906633960083127 ], [ -1872308.081987330690026, 1345390.257773004705086 ], [ -1872423.522389825899154, 1345415.439319195458665 ], [ -1872418.003918860806152, 1345440.736968990648165 ], [ -1872430.83057153923437, 1345443.535006158053875 ], [ -1872428.071316466433927, 1345456.183830088935792 ], [ -1872556.337424274068326, 1345484.165214732987806 ], [ -1872550.818534720456228, 1345509.462786432821304 ], [ -1872563.645084699150175, 1345512.261022070655599 ], [ -1872560.885620332323015, 1345524.909806953277439 ], [ -1872612.191702828044072, 1345536.102924680104479 ], [ -1872614.951242801267654, 1345523.454156292369589 ], [ -1872653.430817471351475, 1345531.849208214087412 ], [ -1872650.671220793621615, 1345544.497964231297374 ], [ -1872689.150701123755425, 1345552.89317628624849 ], [ -1872686.39104728307575, 1345565.541922031436116 ], [ -1872712.043975458480418, 1345571.13881765678525 ], [ -1872709.284283356042579, 1345583.787557255476713 ], [ -1872747.763587549561635, 1345592.183032073779032 ], [ -1872745.003838284406811, 1345604.831761403474957 ], [ -1872783.483048135880381, 1345613.227396353380755 ], [ -1872786.242854105541483, 1345600.578679396072403 ], [ -1872824.7220830230508, 1345608.974499219562858 ], [ -1872827.481945238774642, 1345596.325796737568453 ], [ -1872865.961193219292909, 1345604.721801437204704 ], [ -1872868.721111680613831, 1345592.073113427497447 ], [ -1872894.373960562283173, 1345597.670553978998214 ], [ -1872899.893871714593843, 1345572.373200762318447 ], [ -1872951.199670501053333, 1345583.568344863597304 ], [ -1872953.959700993960723, 1345570.919687909074128 ], [ -1872979.612613093806431, 1345576.517383210593835 ], [ -1872976.852544798050076, 1345589.166031914064661 ], [ -1873028.158243206329644, 1345600.361636024201289 ], [ -1873025.39809884573333, 1345613.010270335944369 ], [ -1873063.877272027777508, 1345621.407162297284231 ], [ -1873066.637473092647269, 1345608.758540358860046 ], [ -1873079.463874691631645, 1345611.557546804659069 ], [ -1873076.703654725570232, 1345624.206164618721232 ], [ -1873128.009143682429567, 1345635.402365572284907 ], [ -1873116.96795681049116, 1345685.996791849378496 ], [ -1873104.141666451003402, 1345683.197729360545054 ], [ -1873098.621108064660802, 1345708.49496336444281 ], [ -1873047.316056006355211, 1345697.298938070423901 ], [ -1873044.555851730285212, 1345709.947574724676087 ], [ -1873031.729597161523998, 1345707.148620442952961 ], [ -1873028.969411328667775, 1345719.797263323096558 ], [ -1872964.838170249713585, 1345705.802800039760768 ], [ -1872962.078078463440761, 1345718.4514656488318 ], [ -1872949.251836602808908, 1345715.652634617639706 ], [ -1872946.491763261146843, 1345728.301306446781382 ], [ -1872933.66553611936979, 1345725.502498706802726 ], [ -1872930.90548122022301, 1345738.151176763232797 ], [ -1872866.774377278750762, 1345724.157446183962747 ], [ -1872872.29429760412313, 1345698.860050929477438 ], [ -1872808.162900095107034, 1345684.866758276009932 ], [ -1872810.922765064286068, 1345672.218043173663318 ], [ -1872733.964836634928361, 1345655.426699751289561 ], [ -1872731.205085075227544, 1345668.07543959794566 ], [ -1872718.378767932998016, 1345665.276953567517921 ], [ -1872710.099567209370434, 1345703.223198076477274 ], [ -1872722.925827646628022, 1345706.021671733353287 ], [ -1872717.40632040053606, 1345731.319170340197161 ], [ -1872730.232538850279525, 1345734.117654914734885 ], [ -1872727.472765637561679, 1345746.766403247136623 ], [ -1872740.29896100400947, 1345749.564902866259217 ], [ -1872737.539168431190774, 1345762.213649176526815 ], [ -1872750.365340716671199, 1345765.012163838837296 ], [ -1872747.605528784682974, 1345777.660908121149987 ], [ -1872760.431677984539419, 1345780.459437825251371 ], [ -1872757.671846691286191, 1345793.108180090552196 ], [ -1872770.497972807614133, 1345795.906724836444482 ], [ -1872756.698714956175536, 1345859.150447070132941 ], [ -1872769.524742384906858, 1345861.948990361532196 ], [ -1872758.485252245562151, 1345912.543989473022521 ], [ -1872745.659300422761589, 1345909.745462676277384 ], [ -1872737.37973470846191, 1345947.691746447701007 ], [ -1872750.205629826523364, 1345950.490260870661587 ], [ -1872747.445754768559709, 1345963.139022211311385 ], [ -1872824.400924238376319, 1345979.930486493511125 ], [ -1872827.160912705119699, 1345967.281749898567796 ], [ -1872891.290200094226748, 1345981.275184491183609 ], [ -1872894.050282607786357, 1345968.626470629591495 ], [ -1873073.611995670944452, 1346007.810694333631545 ], [ -1873070.851648537442088, 1346020.459350449731573 ], [ -1873134.980538592673838, 1346034.454605823615566 ], [ -1873132.220096491277218, 1346047.103243425488472 ], [ -1873145.045843055006117, 1346049.902347874362022 ], [ -1873134.003994462545961, 1346100.496902777813375 ], [ -1873185.306636458961293, 1346111.693446228280663 ], [ -1873182.546097559621558, 1346124.342073702486232 ], [ -1873208.197355658980086, 1346129.940452171256766 ], [ -1873205.436778497416526, 1346142.589073503389955 ], [ -1873218.262382369954139, 1346145.388287361711264 ], [ -1873215.501785848289728, 1346158.036906670080498 ], [ -1873241.15294324234128, 1346163.635383633431047 ], [ -1873238.39230846054852, 1346176.283996786689386 ], [ -1873251.217861983692273, 1346179.08325989311561 ], [ -1873248.457207842264324, 1346191.731871019816026 ], [ -1873235.631673220312223, 1346188.932612040312961 ], [ -1873227.349764746846631, 1346226.878470415482298 ], [ -1873342.778915403410792, 1346252.072379810735583 ], [ -1873331.735683906590566, 1346302.666738532250747 ], [ -1873318.910315060988069, 1346299.867355107096955 ], [ -1873307.867151833837852, 1346350.461763937724754 ], [ -1873295.04185441089794, 1346347.662416180362925 ], [ -1873286.759533880278468, 1346385.608257236424834 ], [ -1873299.584774599410594, 1346388.407592618837953 ], [ -1873294.063187485095114, 1346413.704822238069028 ], [ -1873306.888386218808591, 1346416.504168533720076 ], [ -1873304.127573072677478, 1346429.152782368240878 ], [ -1873316.952748724026605, 1346431.952143703121692 ], [ -1873311.431083253351972, 1346457.249369421973825 ], [ -1873324.256216917186975, 1346460.048741671722382 ], [ -1873321.495364592643455, 1346472.697353557450697 ], [ -1873334.320475173648447, 1346475.496740845963359 ], [ -1873331.559603489469737, 1346488.145350706530735 ], [ -1873344.384690983686596, 1346490.944753035670146 ], [ -1873338.862908439245075, 1346516.241970795206726 ], [ -1873390.163065375294536, 1346527.439738753018901 ], [ -1873392.924032481154427, 1346514.791145329363644 ], [ -1873469.874255792470649, 1346531.588396969716996 ], [ -1873467.113175278762355, 1346544.236965637654066 ], [ -1873505.58817375311628, 1346552.635837807087228 ], [ -1873502.827036075526848, 1346565.284396204631776 ], [ -1873541.301940193632618, 1346573.683428478892893 ], [ -1873538.540745354257524, 1346586.331976598827168 ], [ -1873577.015555114718154, 1346594.731168977916241 ], [ -1873574.25430311425589, 1346607.379706816282123 ], [ -1873599.904117565369233, 1346612.979255974059924 ], [ -1873594.381536584580317, 1346638.27632143930532 ], [ -1873607.206399734131992, 1346641.07611651183106 ], [ -1873604.445089653600007, 1346653.724648274248466 ], [ -1873630.094765594927594, 1346659.324287661584094 ], [ -1873627.33341725403443, 1346671.972813267726451 ], [ -1873640.158230049768463, 1346674.77265758253634 ], [ -1873637.39686234947294, 1346687.421181162120774 ], [ -1873663.046437584329396, 1346693.020919034024701 ], [ -1873660.285031624836847, 1346705.669436454540119 ], [ -1873698.759306390071288, 1346714.069174613570794 ], [ -1873707.043693006969988, 1346676.123665776802227 ], [ -1873758.342894268687814, 1346687.323634479660541 ], [ -1873755.581356916343793, 1346699.972118820995092 ], [ -1873768.406127869384363, 1346702.772154780337587 ], [ -1873762.883013989077881, 1346728.069121503038332 ], [ -1873750.058280837954953, 1346725.269093796378002 ], [ -1873747.296742109814659, 1346737.917584438575432 ], [ -1873734.472023674286902, 1346735.117580023128539 ], [ -1873731.710503390058875, 1346747.766076887026429 ], [ -1873706.061091770650819, 1346742.166133800288662 ], [ -1873700.538125432329252, 1346767.463150330586359 ], [ -1873687.713451149873435, 1346764.663215787615627 ], [ -1873673.906121787847951, 1346827.905814491212368 ], [ -1873661.081537827150896, 1346825.105919745983556 ], [ -1873658.320089481538162, 1346837.754449908155948 ], [ -1873594.197201421251521, 1346823.755284276558086 ], [ -1873591.435847122920677, 1346836.403837173711509 ], [ -1873578.611275860806927, 1346833.604065667139366 ], [ -1873575.849940005224198, 1346846.252624789951369 ], [ -1873550.200822731014341, 1346840.653147522825748 ], [ -1873539.155625937972218, 1346891.247438007500023 ], [ -1873551.980111062759534, 1346894.04715055343695 ], [ -1873549.218791818013415, 1346906.695724295917898 ], [ -1873574.867711709812284, 1346912.295198628446087 ], [ -1873572.106354204472154, 1346924.943766214651987 ], [ -1873597.755219560815021, 1346930.543308951193467 ], [ -1873594.993823794415221, 1346943.191870383685455 ], [ -1873633.467033745488152, 1346951.591315840370953 ], [ -1873630.70558081753552, 1346964.239866991294548 ], [ -1873643.529956865124404, 1346967.039716345025226 ], [ -1873635.245538627263159, 1347004.985370015259832 ], [ -1873789.137044405331835, 1347038.584908479824662 ], [ -1873791.898744423408061, 1347025.936404679436237 ], [ -1873843.195854728342965, 1347037.13688058545813 ], [ -1873840.434079105500132, 1347049.785367878386751 ], [ -1873866.082571347476915, 1347055.385712559800595 ], [ -1873863.320757464040071, 1347068.034193696454167 ], [ -1873876.144978406839073, 1347070.834390655625612 ], [ -1873873.383145164465532, 1347083.482869762694463 ], [ -1873886.207343024434522, 1347086.283081759233028 ], [ -1873883.4454904217273, 1347098.931558842537925 ], [ -1873909.093835780862719, 1347104.532032071147114 ], [ -1873906.331944919424132, 1347117.180502992589027 ], [ -1873944.804374875267968, 1347125.581344180274755 ], [ -1873942.042426852509379, 1347138.229804816888645 ], [ -1874031.811151307309046, 1347157.832409424474463 ], [ -1874034.573231637710705, 1347145.183977680513635 ], [ -1874073.045536050340161, 1347153.585393775720149 ], [ -1874075.807672625873238, 1347140.93697651126422 ], [ -1874088.631784626981243, 1347143.73749099788256 ], [ -1874091.39393964712508, 1347131.089079951867461 ], [ -1874117.042188896797597, 1347136.69017466949299 ], [ -1874119.804381259251386, 1347124.04177398327738 ], [ -1874132.628518510144204, 1347126.842354217078537 ], [ -1874135.390729315578938, 1347114.19395975372754 ], [ -1874199.511447291588411, 1347128.197169010760263 ], [ -1874196.749141981359571, 1347140.845542835071683 ], [ -1874209.573254118906334, 1347143.646238049725071 ], [ -1874176.425327840028331, 1347295.426838057581335 ], [ -1874163.601442514453083, 1347292.626192377181724 ], [ -1874160.839131247485057, 1347305.274593475274742 ], [ -1874006.952407707227394, 1347271.668389579514042 ], [ -1874004.190322794951499, 1347284.31684230780229 ], [ -1873952.894689969718456, 1347273.115404075710103 ], [ -1873950.1326802035328, 1347285.763875410426408 ], [ -1873937.308780438266695, 1347282.963567887665704 ], [ -1873940.070771303260699, 1347270.31509242602624 ], [ -1873927.246848451672122, 1347267.514799940632656 ], [ -1873930.00881995796226, 1347254.866322446614504 ], [ -1873853.065081563778222, 1347238.064945195335895 ], [ -1873855.826939204474911, 1347225.416445037350059 ], [ -1873804.53095431625843, 1347214.215893627842888 ], [ -1873807.292735894676298, 1347201.567379058338702 ], [ -1873781.644680541241542, 1347195.967210081405938 ], [ -1873784.406423859763891, 1347183.318689354229718 ], [ -1873758.758313966682181, 1347177.718588774092495 ], [ -1873761.52001902484335, 1347165.070061891805381 ], [ -1873735.871854592347518, 1347159.470029714517295 ], [ -1873738.633521388983354, 1347146.821496680146083 ], [ -1873700.161186659708619, 1347138.421579760033637 ], [ -1873697.399576566647738, 1347151.070125175174326 ], [ -1873671.751370293321088, 1347145.470284630544484 ], [ -1873668.989797543967143, 1347158.118840401060879 ], [ -1873656.165707033360377, 1347155.318953001638874 ], [ -1873653.404152726521716, 1347167.967514998046681 ], [ -1873640.580076931510121, 1347165.167650889838114 ], [ -1873635.057004747912288, 1347190.464789422927424 ], [ -1873609.408916213084012, 1347184.865135200554505 ], [ -1873606.647417236818001, 1347197.513715868350118 ], [ -1873593.823385596042499, 1347194.713921630056575 ], [ -1873588.300424072425812, 1347220.011097507551312 ], [ -1873575.476426050066948, 1347217.211330686230212 ], [ -1873572.714963502017781, 1347229.859925900120288 ], [ -1873547.06699270918034, 1347224.260458 ], [ -1873544.305567506002262, 1347236.909063565079123 ], [ -1873531.481594732962549, 1347234.109362486517057 ], [ -1873528.720187973231077, 1347246.757974274689332 ], [ -1873515.896229919977486, 1347243.95829648594372 ], [ -1873510.373452828964218, 1347269.255534609546885 ], [ -1873497.54952839249745, 1347266.455884236143902 ], [ -1873489.265416025882587, 1347304.401769532589242 ], [ -1873463.61766801471822, 1347298.802551036467776 ], [ -1873460.856334113050252, 1347311.451191913802177 ], [ -1873448.032472731312737, 1347308.651615537237376 ], [ -1873459.077729986049235, 1347258.05704809864983 ], [ -1873420.605893930187449, 1347249.658384429756552 ], [ -1873417.844637007219717, 1347262.307035523932427 ], [ -1873405.020702187437564, 1347259.507523420033976 ], [ -1873396.736985376104712, 1347297.453501659212634 ], [ -1873409.560863491846249, 1347300.253001383971423 ], [ -1873404.038345525506884, 1347325.550322444876656 ], [ -1873391.214505212614313, 1347322.750830971170217 ], [ -1873388.453264442738146, 1347335.399498779792339 ], [ -1873375.62943885056302, 1347332.600030596135184 ], [ -1873372.868216526461765, 1347345.248704619007185 ], [ -1873347.220590592129156, 1347339.64983399445191 ], [ -1873344.459405612200499, 1347352.298518368741497 ], [ -1873305.9879920410458, 1347343.900368535192683 ], [ -1873303.226863307179883, 1347356.549067390384153 ], [ -1873277.579271148191765, 1347350.950404902221635 ], [ -1873274.81817976036109, 1347363.59911410138011 ], [ -1873210.699220662238076, 1347349.602813864825293 ], [ -1873227.265195081708953, 1347273.710466340649873 ] ], [ [ -1873260.130506763933226, 1346446.05207207496278 ], [ -1873251.848231935407966, 1346483.997975915204734 ], [ -1873290.323500464204699, 1346492.395883047953248 ], [ -1873298.605945404851809, 1346454.450016336748376 ], [ -1873260.130506763933226, 1346446.05207207496278 ] ], [ [ -1873213.546574788866565, 1346290.121609712950885 ], [ -1873202.504014570498839, 1346340.716158962575719 ], [ -1873240.979925436666235, 1346349.113844887120649 ], [ -1873252.022712471662089, 1346298.519345141481608 ], [ -1873213.546574788866565, 1346290.121609712950885 ] ], [ [ -1872688.67591535160318, 1346109.327419684035704 ], [ -1872680.39638433768414, 1346147.273816674482077 ], [ -1872731.698746740119532, 1346158.46764874830842 ], [ -1872739.978504572762176, 1346120.521301249274984 ], [ -1872688.67591535160318, 1346109.327419684035704 ] ], [ [ -1872608.148055686149746, 1345985.75001302594319 ], [ -1872630.225545849651098, 1345884.559584005735815 ], [ -1872578.921546200988814, 1345873.366358476690948 ], [ -1872573.402327622985467, 1345898.663986117811874 ], [ -1872560.576355061260983, 1345895.865735898260027 ], [ -1872557.816763987764716, 1345908.514556988375261 ], [ -1872480.860954211559147, 1345891.725482912966982 ], [ -1872491.898862119065598, 1345841.130112178390846 ], [ -1872479.072803582297638, 1345838.331983753480017 ], [ -1872484.59171698265709, 1345813.034302743151784 ], [ -1872407.635051130084321, 1345796.245885209878907 ], [ -1872410.394393731839955, 1345783.597023121546954 ], [ -1872333.437463946407661, 1345766.809270845726132 ], [ -1872336.196692681638524, 1345754.160386107396334 ], [ -1872284.891913597704843, 1345742.968918096972629 ], [ -1872287.65106626576744, 1345730.320018976926804 ], [ -1872249.172381347278133, 1345721.926606849301606 ], [ -1872251.931476851925254, 1345709.277697460260242 ], [ -1872187.800157195655629, 1345695.289039968745783 ], [ -1872193.318157811881974, 1345669.991186266299337 ], [ -1872180.491843536030501, 1345667.193504021968693 ], [ -1872183.25082425493747, 1345654.544576200423762 ], [ -1872093.466374945593998, 1345634.96130830841139 ], [ -1872079.672128331847489, 1345698.206112729385495 ], [ -1872092.498396264156327, 1345701.003644313430414 ], [ -1872086.980656605912372, 1345726.30157255101949 ], [ -1872099.806882556993514, 1345729.099115058546886 ], [ -1872097.047993138432503, 1345741.748078207951039 ], [ -1872109.874196004122496, 1345744.545635757269338 ], [ -1872107.115287225693464, 1345757.194596882909536 ], [ -1872171.246144344797358, 1345771.182651520008221 ], [ -1872168.487140598939732, 1345783.831594132585451 ], [ -1872232.617798692779616, 1345797.820107319857925 ], [ -1872229.858699979493394, 1345810.469031419372186 ], [ -1872268.336987960617989, 1345818.86235696147196 ], [ -1872265.577832082519308, 1345831.511270798975602 ], [ -1872291.229965360602364, 1345837.10690874629654 ], [ -1872288.470771222840995, 1345849.755816428922117 ], [ -1872326.94888308015652, 1345858.14940472994931 ], [ -1872324.189631776651368, 1345870.798302153358236 ], [ -1872362.667649299371988, 1345879.192050581797957 ], [ -1872359.908340833382681, 1345891.840937733417377 ], [ -1872462.516052379040048, 1345914.225077211856842 ], [ -1872459.756592240184546, 1345926.873933476861566 ], [ -1872472.582518465584144, 1345929.672033037757501 ], [ -1872464.304078596411273, 1345967.618602059083059 ], [ -1872579.736716121435165, 1345992.80224923719652 ], [ -1872582.496366651030257, 1345980.153427910525352 ], [ -1872608.148055686149746, 1345985.75001302594319 ] ], [ [ -1871763.839088569628075, 1345298.062489522621036 ], [ -1871747.289448614697903, 1345373.956750871846452 ], [ -1871760.116201086901128, 1345376.75378576410003 ], [ -1871743.566431214800104, 1345452.648098074831069 ], [ -1871756.393066094256938, 1345455.445127404062077 ], [ -1871737.084848072146997, 1345543.988558563170955 ], [ -1871724.25834550592117, 1345541.191558086546138 ], [ -1871721.500045715365559, 1345553.840632206061855 ], [ -1871708.673557871254161, 1345551.04365501832217 ], [ -1871700.398712451336905, 1345588.990902368910611 ], [ -1871687.572277133585885, 1345586.193956714821979 ], [ -1871671.022687332006171, 1345662.088532892055809 ], [ -1871658.196361244888976, 1345659.291631133994088 ], [ -1871644.405118318973109, 1345722.537189680850133 ], [ -1871657.231349895708263, 1345725.334070829907432 ], [ -1871654.473081033211201, 1345737.983184722950682 ], [ -1871692.951693973504007, 1345746.37393080140464 ], [ -1871695.71001954190433, 1345733.724829275161028 ], [ -1871708.536234398139641, 1345736.521787088830024 ], [ -1871714.052921963389963, 1345711.223598586395383 ], [ -1871726.879170446190983, 1345714.020583811448887 ], [ -1871743.429335557157174, 1345638.126093464903533 ], [ -1871781.90839615999721, 1345646.51723833847791 ], [ -1871779.149979748530313, 1345659.166302439523861 ], [ -1871817.628946026787162, 1345667.557607447728515 ], [ -1871820.387419144390151, 1345654.90855571324937 ], [ -1871833.213751778705046, 1345657.705699839396402 ], [ -1871841.48922509024851, 1345619.758569594006985 ], [ -1871854.31561024999246, 1345622.555745252408087 ], [ -1871862.591136141680181, 1345584.608646294334903 ], [ -1871901.07043666485697, 1345593.000325371744111 ], [ -1871903.829001083271578, 1345580.351308960700408 ], [ -1871916.655445131007582, 1345583.148577776039019 ], [ -1871927.689773833146319, 1345532.552549617365003 ], [ -1871902.036730339517817, 1345526.957998175406829 ], [ -1871904.795273564988747, 1345514.308988146018237 ], [ -1871891.968726647552103, 1345511.51173705351539 ], [ -1871894.727250511758029, 1345498.862725007347763 ], [ -1871869.074106330517679, 1345493.268272079993039 ], [ -1871871.832591932266951, 1345480.619253895943984 ], [ -1871859.005994670558721, 1345477.822052059927955 ], [ -1871864.52292669727467, 1345452.52401374024339 ], [ -1871851.696287451777607, 1345449.726822828873992 ], [ -1871854.454733875114471, 1345437.077802701853216 ], [ -1871841.628071547951549, 1345434.280626835068688 ], [ -1871847.144925215747207, 1345408.982584643410519 ], [ -1871834.318220902234316, 1345406.185419700341299 ], [ -1871837.07662814646028, 1345393.536397638497874 ], [ -1871824.249900753144175, 1345390.739247739780694 ], [ -1871829.766676061786711, 1345365.441201676381752 ], [ -1871816.939906683051959, 1345362.644062702311203 ], [ -1871836.248473507585004, 1345274.100938855437562 ], [ -1871823.421567637939006, 1345271.303790196077898 ], [ -1871831.696604121476412, 1345233.35675629391335 ], [ -1871767.561728542670608, 1345219.371238684281707 ], [ -1871751.012218506541103, 1345295.26544906757772 ], [ -1871763.839088569628075, 1345298.062489522621036 ] ], [ [ -1871775.836477369768545, 1345181.424161884700879 ], [ -1871763.009433007333428, 1345178.627103500068188 ], [ -1871765.767662796890363, 1345165.978077984182164 ], [ -1871752.940595355117694, 1345163.18103464692831 ], [ -1871755.698805784108117, 1345150.532007114263251 ], [ -1871730.044620554428548, 1345144.937969699269161 ], [ -1871735.560964429052547, 1345119.639904457144439 ], [ -1871722.733827742049471, 1345116.842906259233132 ], [ -1871728.250131978886202, 1345091.544841182883829 ], [ -1871715.422953306231648, 1345088.747853908454999 ], [ -1871718.181085834279656, 1345076.098820405080914 ], [ -1871705.353884081821889, 1345073.301848178263754 ], [ -1871708.111997249536216, 1345060.652812658110633 ], [ -1871695.284772415878251, 1345057.855855477275327 ], [ -1871698.042866223258898, 1345045.20681793638505 ], [ -1871672.38836621074006, 1345039.612952836789191 ], [ -1871675.146421756595373, 1345026.96390915219672 ], [ -1871623.837295971810818, 1345015.776392486877739 ], [ -1871626.595275448868051, 1345003.127334428951144 ], [ -1871613.767964650411159, 1345000.33049906231463 ], [ -1871619.283884426578879, 1344975.032381007447839 ], [ -1871580.801813549594954, 1344966.641965191112831 ], [ -1871578.04391059698537, 1344979.291035530623049 ], [ -1871552.389213584363461, 1344973.697529069148004 ], [ -1871544.115615385584533, 1345011.64477743813768 ], [ -1871569.770198986632749, 1345017.238259172299877 ], [ -1871567.012294198619202, 1345029.887337928637862 ], [ -1871579.839560826774687, 1345032.684103425359353 ], [ -1871577.08163667935878, 1345045.333180160727352 ], [ -1871602.736119593959302, 1345050.926760417874902 ], [ -1871597.220194313675165, 1345076.22490371693857 ], [ -1871610.047391700325534, 1345079.021714356029406 ], [ -1871604.531426782021299, 1345104.31985782389529 ], [ -1871643.012880448484793, 1345112.710380020318553 ], [ -1871640.254840596346185, 1345125.359442542307079 ], [ -1871691.563311363570392, 1345136.547057338291779 ], [ -1871688.805195444263518, 1345149.196105478331447 ], [ -1871714.459367948118597, 1345154.790019643027335 ], [ -1871706.184904026100412, 1345192.737151957582682 ], [ -1871719.011927301296964, 1345195.534125425154343 ], [ -1871716.253752841381356, 1345208.183169615454972 ], [ -1871767.561728542670608, 1345219.371238684281707 ], [ -1871775.836477369768545, 1345181.424161884700879 ] ], [ [ -1872606.51761157787405, 1345746.878346378682181 ], [ -1872587.200370627921075, 1345835.419932780787349 ], [ -1872638.504597095772624, 1345846.613207797054201 ], [ -1872657.82236729003489, 1345758.071736861485988 ], [ -1872606.51761157787405, 1345746.878346378682181 ] ], [ [ -1871453.105762834195048, 1345429.065758734475821 ], [ -1871472.410924791358411, 1345340.521722871810198 ], [ -1871459.584118176717311, 1345337.725117909023538 ], [ -1871465.099836806301028, 1345312.426832627039403 ], [ -1871452.27298820647411, 1345309.630238588899374 ], [ -1871455.030827931361273, 1345296.981094982242212 ], [ -1871390.896427744766697, 1345282.998391700908542 ], [ -1871385.380936857778579, 1345308.296722228638828 ], [ -1871372.554082088638097, 1345305.500247318297625 ], [ -1871369.796354859136045, 1345318.149419858818874 ], [ -1871356.969514810713008, 1345315.352968235732988 ], [ -1871345.938676918623969, 1345365.949695906369016 ], [ -1871358.765441358555108, 1345368.746131045976654 ], [ -1871356.007711838698015, 1345381.395314092049375 ], [ -1871368.83445319510065, 1345384.191764276474714 ], [ -1871366.076704314444214, 1345396.840945307165384 ], [ -1871391.730136686237529, 1345402.433894937857985 ], [ -1871388.972349541727453, 1345415.083069832297042 ], [ -1871401.799040557583794, 1345417.879569278797135 ], [ -1871396.283427089918405, 1345443.177917129825801 ], [ -1871434.763361654477194, 1345451.567505744053051 ], [ -1871440.279088534647599, 1345426.269182618940249 ], [ -1871453.105762834195048, 1345429.065758734475821 ] ], [ [ -1871211.801341377664357, 1344501.940220597432926 ], [ -1871217.315796153852716, 1344476.641919835936278 ], [ -1871204.48769861087203, 1344473.845696071628481 ], [ -1871215.516527050174773, 1344423.249103319598362 ], [ -1871177.031982520828024, 1344414.860497603425756 ], [ -1871179.789131776895374, 1344402.211342318449169 ], [ -1871141.304492935305461, 1344393.822896769735962 ], [ -1871144.061585026327521, 1344381.173731228103861 ], [ -1871131.233344821259379, 1344378.377616932848468 ], [ -1871136.747489822097123, 1344353.079283928032964 ], [ -1871123.919207631610334, 1344350.28318056021817 ], [ -1871126.676260541426018, 1344337.634013097034767 ], [ -1871113.847955272998661, 1344334.83792477962561 ], [ -1871116.60498882131651, 1344322.188755303854123 ], [ -1871090.948327945312485, 1344316.596627939492464 ], [ -1871093.705323231173679, 1344303.947452324442565 ], [ -1871080.876967621501535, 1344301.151413277490065 ], [ -1871102.932762167183682, 1344199.958051221910864 ], [ -1871090.104251163778827, 1344197.161998385097831 ], [ -1871098.375109838554636, 1344159.214510003337637 ], [ -1871047.060797214275226, 1344148.030440921429545 ], [ -1871022.248889273963869, 1344261.873111246386543 ], [ -1871035.077303578611463, 1344264.669062683591619 ], [ -1871021.292799706337973, 1344327.915043737506494 ], [ -1871034.121115319896489, 1344330.710993746062741 ], [ -1871028.607272753724828, 1344356.0093926677946 ], [ -1871041.435546385357156, 1344358.805353606585413 ], [ -1871038.678605511551723, 1344371.454552105162293 ], [ -1871064.335102437296882, 1344377.046523253433406 ], [ -1871053.307183137862012, 1344427.643305340083316 ], [ -1871066.135349726071581, 1344430.439303190214559 ], [ -1871063.378349850652739, 1344443.088499861769378 ], [ -1871089.034632683265954, 1344448.68054482829757 ], [ -1871086.277594546088949, 1344461.329735356383026 ], [ -1871111.933822863968089, 1344466.921848760917783 ], [ -1871109.176746463170275, 1344479.571033157873899 ], [ -1871122.004835451021791, 1344482.367114493390545 ], [ -1871119.247739689657465, 1344495.016296873800457 ], [ -1871144.90386732830666, 1344500.608508816920221 ], [ -1871139.389598819892853, 1344525.906863414915279 ], [ -1871165.045634137000889, 1344531.499135553371161 ], [ -1871159.531288184691221, 1344556.797482090070844 ], [ -1871210.843157456256449, 1344567.982223439961672 ], [ -1871224.629396938718855, 1344504.736455290811136 ], [ -1871211.801341377664357, 1344501.940220597432926 ] ], [ [ -1870900.324306644732133, 1344328.050837619462982 ], [ -1870908.594502738909796, 1344290.103118805447593 ], [ -1870895.766126443399116, 1344287.307356375269592 ], [ -1870898.522838654229417, 1344274.658116864273325 ], [ -1870885.694439276587218, 1344271.86236948450096 ], [ -1870888.451132127083838, 1344259.213127956492826 ], [ -1870837.137417236110196, 1344248.030313665047288 ], [ -1870834.380799994571134, 1344260.679571670945734 ], [ -1870821.552379730390385, 1344257.883920141728595 ], [ -1870807.769381153630093, 1344321.130262341583148 ], [ -1870884.739273009356111, 1344337.904335482278839 ], [ -1870887.495987056288868, 1344325.255087547469884 ], [ -1870900.324306644732133, 1344328.050837619462982 ] ], [ [ -1870982.071269191335887, 1344014.616298815701157 ], [ -1870971.044304926879704, 1344065.213059650501236 ], [ -1870983.873013108270243, 1344068.008934571640566 ], [ -1870981.116251992061734, 1344080.658125928137451 ], [ -1870993.944937091786414, 1344083.454015899682418 ], [ -1870991.188156615011394, 1344096.103205239400268 ], [ -1871004.016818634234369, 1344098.89911026135087 ], [ -1871001.260018795495853, 1344111.548297590110451 ], [ -1871039.745923080248758, 1344119.936115319374949 ], [ -1871059.043909254483879, 1344031.391934765968472 ], [ -1870982.071269191335887, 1344014.616298815701157 ] ], [ [ -1871326.24602668103762, 1343175.382854841649532 ], [ -1871317.975218792213127, 1343213.329837684286758 ], [ -1871356.465149803087115, 1343221.719075263012201 ], [ -1871364.736127808922902, 1343183.772129498654976 ], [ -1871326.24602668103762, 1343175.382854841649532 ] ], [ [ -1868947.165241794893518, 1342498.202175271231681 ], [ -1868938.90511142835021, 1342536.151404230622575 ], [ -1869003.06003529089503, 1342550.11578705534339 ], [ -1869011.320449202088639, 1342512.166619812371209 ], [ -1868947.165241794893518, 1342498.202175271231681 ] ], [ [ -1871105.677385186543688, 1342584.071782161481678 ], [ -1871094.651681633898988, 1342634.667845853604376 ], [ -1871133.144206798868254, 1342643.056082275928929 ], [ -1871144.170137174194679, 1342592.460068011656404 ], [ -1871105.677385186543688, 1342584.071782161481678 ] ], [ [ -1868130.64692656439729, 1341803.81752586690709 ], [ -1868114.134935345733538, 1341879.717285878257826 ], [ -1868152.630844997474924, 1341888.092160598374903 ], [ -1868169.143176475772634, 1341812.192474611802027 ], [ -1868130.64692656439729, 1341803.81752586690709 ] ], [ [ -1868440.475994650507346, 1341738.739298047032207 ], [ -1868437.72358598606661, 1341751.389141171239316 ], [ -1868399.227063489845023, 1341743.012988376663998 ], [ -1868390.970004867995158, 1341780.962567435344681 ], [ -1868403.802126495633274, 1341783.75458685355261 ], [ -1868398.297380642965436, 1341809.05430856323801 ], [ -1868411.1294602942653, 1341811.846338930306956 ], [ -1868408.377067775698379, 1341824.496198838343844 ], [ -1868421.209124349057674, 1341827.288244266994298 ], [ -1868415.704300126759335, 1341852.587962196674198 ], [ -1868454.200331396656111, 1341860.964188859332353 ], [ -1868478.972536305896938, 1341747.115635761758313 ], [ -1868440.475994650507346, 1341738.739298047032207 ] ], [ [ -1871029.736340292030945, 1342315.78045180789195 ], [ -1871032.492567268433049, 1342303.13144009327516 ], [ -1870993.998518216889352, 1342294.7436548974365 ], [ -1870982.973834373056889, 1342345.339763852301985 ], [ -1871034.298922321060672, 1342356.523449894739315 ], [ -1871042.567662717308849, 1342318.576414436334744 ], [ -1871029.736340292030945, 1342315.78045180789195 ] ], [ [ -1872234.063384690321982, 1342525.292501754360273 ], [ -1872236.821367676137015, 1342512.643881651572883 ], [ -1872172.666163744637743, 1342498.65533714578487 ], [ -1872161.634607065469027, 1342549.249912652652711 ], [ -1872289.944154352881014, 1342577.227316153934225 ], [ -1872298.218389593064785, 1342539.281504998682067 ], [ -1872234.063384690321982, 1342525.292501754360273 ] ], [ [ -1869619.204225992318243, 1341942.300466764718294 ], [ -1869610.941843653330579, 1341980.248853916535154 ], [ -1869649.437302605248988, 1341988.63043884630315 ], [ -1869657.699855067767203, 1341950.68208873597905 ], [ -1869619.204225992318243, 1341942.300466764718294 ] ], [ [ -1870807.126652259612456, 1342042.035283716395497 ], [ -1870804.370829588035122, 1342054.684348120586947 ], [ -1870791.539112816564739, 1342051.888741439208388 ], [ -1870783.271698746364564, 1342089.835959682008252 ], [ -1870796.103358811931685, 1342092.631554009625688 ], [ -1870790.591709326021373, 1342117.929701835149899 ], [ -1870803.423327407799661, 1342120.725307100219652 ], [ -1870800.667483072727919, 1342133.374380061402917 ], [ -1870839.162255548173562, 1342141.76129855052568 ], [ -1870858.453553170198575, 1342053.217918663518503 ], [ -1870807.126652259612456, 1342042.035283716395497 ] ], [ [ -1869120.627024292480201, 1341701.272755534388125 ], [ -1869109.613632022636011, 1341751.871199665591121 ], [ -1869173.774415783816949, 1341765.836857993155718 ], [ -1869184.788186109159142, 1341715.238496151985601 ], [ -1869120.627024292480201, 1341701.272755534388125 ] ], [ [ -1870772.334157224511728, 1341954.958514665719122 ], [ -1870780.601387368282303, 1341917.011322740698233 ], [ -1870767.769464866491035, 1341914.215751578332856 ], [ -1870770.525188424624503, 1341901.566687713842839 ], [ -1870667.869506821269169, 1341879.202775788260624 ], [ -1870656.847214689711109, 1341929.799175704829395 ], [ -1870669.679113902151585, 1341932.594581111567095 ], [ -1870666.923520816955715, 1341945.243682252708822 ], [ -1870692.587268908275291, 1341950.834542353870347 ], [ -1870689.831637557130307, 1341963.483637381112203 ], [ -1870753.990840167738497, 1341977.461102612083778 ], [ -1870759.502291428623721, 1341952.16295585851185 ], [ -1870772.334157224511728, 1341954.958514665719122 ] ], [ [ -1871845.636389218969271, 1342149.110573436832055 ], [ -1871837.364452542737126, 1342187.056739685125649 ], [ -1871875.858984348597005, 1342195.448305704630911 ], [ -1871884.131091138347983, 1342157.502176540438086 ], [ -1871845.636389218969271, 1342149.110573436832055 ] ], [ [ -1872577.509322102647275, 1341566.688180193072185 ], [ -1872580.26745814923197, 1341554.039766180329025 ], [ -1872567.434993244940415, 1341551.241505707381293 ], [ -1872570.193109929794446, 1341538.593089683447033 ], [ -1872531.695633421186358, 1341530.198410956887528 ], [ -1872520.663390728412196, 1341580.792137196753174 ], [ -1872533.495811476139352, 1341583.590327775804326 ], [ -1872530.737730748020113, 1341596.238760505570099 ], [ -1872543.570128411054611, 1341599.036966139217839 ], [ -1872540.812028320739046, 1341611.68539686081931 ], [ -1872579.309139519697055, 1341620.080116455443203 ], [ -1872590.341763924574479, 1341569.486455720616505 ], [ -1872577.509322102647275, 1341566.688180193072185 ] ], [ [ -1872540.927444926695898, 1341426.212839154293761 ], [ -1872549.20155432773754, 1341388.267605097498745 ], [ -1872536.36884170374833, 1341385.469391050050035 ], [ -1872541.884874528739601, 1341360.172570683294907 ], [ -1872503.386598160490394, 1341351.778018863871694 ], [ -1872500.628638682654127, 1341364.42644034861587 ], [ -1872487.795890432083979, 1341361.628298884490505 ], [ -1872474.006180621217936, 1341424.870458685327321 ], [ -1872486.838834366761148, 1341427.668579543475062 ], [ -1872481.322909411974251, 1341452.965450026327744 ], [ -1872494.15552117372863, 1341455.763581819133833 ], [ -1872491.397539102239534, 1341468.41201611678116 ], [ -1872504.230127781862393, 1341471.210162963951007 ], [ -1872501.472126348642632, 1341483.858595253434032 ], [ -1872539.969810597831383, 1341492.253138487692922 ], [ -1872553.760096665704623, 1341429.01106001669541 ], [ -1872540.927444926695898, 1341426.212839154293761 ] ], [ [ -1866683.243652693228796, 1339435.634820949984714 ], [ -1866680.494486501673236, 1339448.285047946497798 ], [ -1866667.658874892629683, 1339445.495603739051148 ], [ -1866656.662281142547727, 1339496.096549327718094 ], [ -1866720.839919432066381, 1339510.043880012817681 ], [ -1866734.586133062606677, 1339446.792806022800505 ], [ -1866683.243652693228796, 1339435.634820949984714 ] ], [ [ -1872518.462166854878888, 1340666.080282328883186 ], [ -1872540.524121947120875, 1340564.893537699943408 ], [ -1872463.520401075715199, 1340548.104618884623051 ], [ -1872460.762771710986272, 1340560.752979276003316 ], [ -1872435.094869107473642, 1340555.15683467220515 ], [ -1872421.306904366705567, 1340618.398709605447948 ], [ -1872434.14076325437054, 1340621.196751713985577 ], [ -1872420.352692462271079, 1340684.438659003702924 ], [ -1872433.186452663969249, 1340687.236699687549844 ], [ -1872430.428818218642846, 1340699.885083383182064 ], [ -1872494.597462009172887, 1340713.875553862424567 ], [ -1872505.628375038038939, 1340663.28211421542801 ], [ -1872518.462166854878888, 1340666.080282328883186 ] ], [ [ -1871662.283151242183521, 1338240.356873556040227 ], [ -1871659.527429734123871, 1338253.005291879875585 ], [ -1871646.690031964099035, 1338250.208407309371978 ], [ -1871624.644394440576434, 1338351.395863354904577 ], [ -1871637.481641002232209, 1338354.192714982666075 ], [ -1871626.458735523512587, 1338404.786477538989857 ], [ -1871664.970223312964663, 1338413.177098104031757 ], [ -1871700.795376172289252, 1338248.747654723236337 ], [ -1871662.283151242183521, 1338240.356873556040227 ] ], [ [ -1865113.541414506733418, 1336326.068630809895694 ], [ -1865127.270971936406568, 1336262.816317912191153 ], [ -1865101.590224212966859, 1336257.242090776097029 ], [ -1865104.336096505867317, 1336244.591626371024176 ], [ -1865091.49569749366492, 1336241.804537480231375 ], [ -1865094.241550420643762, 1336229.154071099357679 ], [ -1865081.401128339581192, 1336226.366997294127941 ], [ -1865089.638627636246383, 1336188.415598612511531 ], [ -1865051.117166265379637, 1336180.054455396719277 ], [ -1865053.862941727973521, 1336167.403981117764488 ], [ -1865041.022427371237427, 1336164.616967652458698 ], [ -1865046.513939101947471, 1336139.316017274511978 ], [ -1865033.673382769804448, 1336136.529014790663496 ], [ -1865036.419119039084762, 1336123.878538687713444 ], [ -1865010.73795607779175, 1336118.304583079880103 ], [ -1865013.483654076699167, 1336105.654100896790624 ], [ -1864949.280579267768189, 1336091.719527155160904 ], [ -1864952.026182284578681, 1336079.069026585435495 ], [ -1864926.344885402359068, 1336073.495323201175779 ], [ -1864929.090450147399679, 1336060.844816562719643 ], [ -1864916.249776553129777, 1336058.057989548426121 ], [ -1864918.995321933645755, 1336045.407480927417055 ], [ -1864906.154625272843987, 1336042.620669001713395 ], [ -1864914.391201929887757, 1336004.669143602484837 ], [ -1864901.55044438992627, 1336001.88233855413273 ], [ -1864904.295950113562867, 1335989.231830244418234 ], [ -1864878.61438473733142, 1335983.658269511535764 ], [ -1864881.359852191526443, 1335971.007755120517686 ], [ -1864842.837416179710999, 1335962.647545624524355 ], [ -1864845.582826458849013, 1335949.997021058108658 ], [ -1864807.060296256095171, 1335941.636971953092143 ], [ -1864796.078879218082875, 1335992.2391322189942 ], [ -1864821.760418951744214, 1335997.81244628271088 ], [ -1864816.269632042618468, 1336023.113522784318775 ], [ -1864829.110357853351161, 1336025.900200391886756 ], [ -1864823.619531290838495, 1336051.201277192449197 ], [ -1864836.460215129423887, 1336053.987965784268454 ], [ -1864830.969348909100518, 1336079.289042899385095 ], [ -1864869.491262015420943, 1336087.649199190316722 ], [ -1864866.745771500049159, 1336100.299728630110621 ], [ -1864879.5863819681108, 1336103.086481666192412 ], [ -1864874.095361745450646, 1336128.387538720155135 ], [ -1864886.935930243926123, 1336131.174302740488201 ], [ -1864884.1904005354736, 1336143.824830357683823 ], [ -1864922.71202432573773, 1336152.18522523692809 ], [ -1864919.966437441762537, 1336164.835742678260431 ], [ -1864932.806951471371576, 1336167.622575245564803 ], [ -1864930.061345221707597, 1336180.273090711561963 ], [ -1864942.901836185250431, 1336183.059938363032416 ], [ -1864937.410584493307397, 1336208.360967466374859 ], [ -1864963.091478305170313, 1336213.934703922364861 ], [ -1864960.345813957741484, 1336226.585213462589309 ], [ -1864973.186235712375492, 1336229.372106369817629 ], [ -1864970.440551999723539, 1336242.022613931680098 ], [ -1864996.121345210121945, 1336247.596449103206396 ], [ -1864993.375623227795586, 1336260.246950582368299 ], [ -1865006.215994680766016, 1336263.03389284806326 ], [ -1865003.470253331353888, 1336275.684392357245088 ], [ -1865016.310601718025282, 1336278.471349707106128 ], [ -1865013.564841003157198, 1336291.12184723932296 ], [ -1865026.405166318174452, 1336293.908819673582911 ], [ -1865023.65938623668626, 1336306.559315234189853 ], [ -1865036.49968848307617, 1336309.346302754245698 ], [ -1865033.753889036830515, 1336321.996796332066879 ], [ -1865046.59416821715422, 1336324.783798936288804 ], [ -1865043.848349404521286, 1336337.434290541568771 ], [ -1865056.688605513190851, 1336340.221308229956776 ], [ -1865053.942767334636301, 1336352.871797859668732 ], [ -1865079.62322924984619, 1336358.445882593514398 ], [ -1865076.877352800685912, 1336371.096366147510707 ], [ -1865115.397957729175687, 1336379.457624845439568 ], [ -1865126.381687602028251, 1336328.855752643663436 ], [ -1865113.541414506733418, 1336326.068630809895694 ] ], [ [ -1864497.80430094874464, 1335569.867570794653147 ], [ -1864500.549095205264166, 1335557.21696605393663 ], [ -1864487.707669023191556, 1335554.430779429385439 ], [ -1864490.452443913090974, 1335541.780172717291862 ], [ -1864477.610994663089514, 1335538.994001178536564 ], [ -1864480.355750186135992, 1335526.343392497859895 ], [ -1864467.514277868438512, 1335523.55723604769446 ], [ -1864470.259014025796205, 1335510.906625391449779 ], [ -1864457.417518640402704, 1335508.120484029641375 ], [ -1864460.162235431140289, 1335495.469871403416619 ], [ -1864447.320716975955293, 1335492.683745127404109 ], [ -1864450.065414400072768, 1335480.033130529802293 ], [ -1864424.382327192462981, 1335474.46092734625563 ], [ -1864427.126986345741898, 1335461.81030667712912 ], [ -1864414.285417593549937, 1335459.024229768197984 ], [ -1864417.030057382304221, 1335446.373607119079679 ], [ -1864378.505269431043416, 1335438.015479227527976 ], [ -1864375.760686355177313, 1335450.666114180814475 ], [ -1864362.919100949773565, 1335447.880114031722769 ], [ -1864351.940839649410918, 1335498.482691523386165 ], [ -1864364.782349437475204, 1335501.268675266997889 ], [ -1864362.0377640533261, 1335513.919320860411972 ], [ -1864374.879250773694366, 1335516.705319694010541 ], [ -1864369.39004080905579, 1335542.006609073607251 ], [ -1864382.231485557276756, 1335544.792618894483894 ], [ -1864379.486860978184268, 1335557.443262675078586 ], [ -1864392.32828266103752, 1335560.229287582682446 ], [ -1864389.583638715092093, 1335572.879929394926876 ], [ -1864402.425037328153849, 1335575.665969391120598 ], [ -1864399.680374016053975, 1335588.31660922896117 ], [ -1864425.363120945869014, 1335593.88873858563602 ], [ -1864422.618419363629073, 1335606.539372346596792 ], [ -1864499.66644680313766, 1335623.256196351023391 ], [ -1864510.645704065449536, 1335572.653772508958355 ], [ -1864497.80430094874464, 1335569.867570794653147 ] ], [ [ -1875460.431884077377617, 1336180.298562870593742 ], [ -1875468.712860258528963, 1336142.357792487833649 ], [ -1875455.872308460529894, 1336139.555215702624992 ], [ -1875458.632614025147632, 1336126.908292380394414 ], [ -1875368.748501897556707, 1336107.290763290598989 ], [ -1875365.988328624982387, 1336119.937715487089008 ], [ -1875353.147743325913325, 1336117.135292208753526 ], [ -1875344.867277413140982, 1336155.076173959765583 ], [ -1875370.548330429475754, 1336160.681014956440777 ], [ -1875367.788136395160109, 1336173.327971564140171 ], [ -1875431.990601159865037, 1336187.340389223769307 ], [ -1875434.75088968873024, 1336174.693453240441158 ], [ -1875460.431884077377617, 1336180.298562870593742 ] ], [ [ -1875182.617415390908718, 1335973.925159941893071 ], [ -1875174.337811107980087, 1336011.86617605923675 ], [ -1875187.178553714882582, 1336014.668332136003301 ], [ -1875184.418665789999068, 1336027.31533765187487 ], [ -1875222.940811791457236, 1336035.721908638020977 ], [ -1875220.180866703623906, 1336048.368903920287266 ], [ -1875310.065595183521509, 1336067.984878940274939 ], [ -1875323.865977423032746, 1336004.750068240566179 ], [ -1875182.617415390908718, 1335973.925159941893071 ] ], [ [ -1874964.323186574270949, 1335926.291232167743146 ], [ -1874961.56364022847265, 1335938.938305512769148 ], [ -1874948.72278445539996, 1335936.136486582458019 ], [ -1874940.444199319928885, 1335974.077731795143336 ], [ -1874991.807370503665879, 1335985.28507316368632 ], [ -1875002.845785470679402, 1335934.696816463023424 ], [ -1874964.323186574270949, 1335926.291232167743146 ] ], [ [ -1873884.983748295344412, 1335200.649590622400865 ], [ -1873876.710375766269863, 1335238.591717750299722 ], [ -1873953.761701857671142, 1335255.393307488877326 ], [ -1873962.035414576763287, 1335217.451254541520029 ], [ -1873884.983748295344412, 1335200.649590622400865 ] ], [ [ -1874388.668491523247212, 1335111.761815319536254 ], [ -1874391.42695481935516, 1335099.114624317036942 ], [ -1874404.269061386818066, 1335101.915610458003357 ], [ -1874415.302985503803939, 1335051.326884319074452 ], [ -1874428.145163485547528, 1335054.127906140638515 ], [ -1874433.662160546751693, 1335028.833564132684842 ], [ -1874446.504372138064355, 1335031.634613389614969 ], [ -1874452.021405131090432, 1335006.340288183884695 ], [ -1874490.548128188587725, 1335014.743575828382745 ], [ -1874493.306700682966039, 1335002.096428798278794 ], [ -1874506.148952231509611, 1335004.897567184176296 ], [ -1874508.907543158857152, 1334992.250426415354013 ], [ -1874521.74980941764079, 1334995.051588112255558 ], [ -1874530.025636099278927, 1334957.110190996201709 ], [ -1874517.18331314320676, 1334954.309016932733357 ], [ -1874522.70049080112949, 1334929.014754632953554 ], [ -1874509.858125858241692, 1334926.213591514155269 ], [ -1874512.616695089731365, 1334913.566459443653002 ], [ -1874474.089518453227356, 1334905.163072864059359 ], [ -1874471.33100591879338, 1334917.810217302525416 ], [ -1874458.488624235149473, 1334915.009130946127698 ], [ -1874455.730130134383217, 1334927.656281641218811 ], [ -1874442.887763160979375, 1334924.85521859745495 ], [ -1874431.853857694426551, 1334975.443859228631482 ], [ -1874419.011562135070562, 1334972.642831866629422 ], [ -1874413.494644402060658, 1334997.937173254322261 ], [ -1874400.65238245530054, 1334995.136173324892297 ], [ -1874397.893941787304357, 1335007.783351351972669 ], [ -1874385.051694553811103, 1335004.982374736340716 ], [ -1874382.293272320646793, 1335017.62955901469104 ], [ -1874356.608803093200549, 1335012.027671598829329 ], [ -1874353.850418190937489, 1335024.674866266548634 ], [ -1874341.008196199312806, 1335021.873955466318876 ], [ -1874338.249829729786143, 1335034.521156393690035 ], [ -1874325.407622449565679, 1335031.720268905861303 ], [ -1874319.890925912186503, 1335057.014685408910736 ], [ -1874307.048752247355878, 1335054.213825356448069 ], [ -1874296.015429173829034, 1335104.802700508153066 ], [ -1874334.541710823774338, 1335113.205288774101064 ], [ -1874337.300098990090191, 1335100.558079142356291 ], [ -1874388.668491523247212, 1335111.761815319536254 ] ], [ [ -1874194.313835026463494, 1334830.896282496629283 ], [ -1874177.765250325901434, 1334906.77971240831539 ], [ -1874216.292419717647135, 1334915.181770558934659 ], [ -1874232.841344604734331, 1334839.298414835240692 ], [ -1874194.313835026463494, 1334830.896282496629283 ] ], [ [ -1865706.066676795016974, 1332480.837121580727398 ], [ -1865697.830374415963888, 1332518.786835978738964 ], [ -1865736.368249307153746, 1332527.150878456886858 ], [ -1865744.60472181555815, 1332489.201200981391594 ], [ -1865706.066676795016974, 1332480.837121580727398 ] ], [ [ -1872701.952149661723524, 1333962.405141393188387 ], [ -1872704.707863916177303, 1333949.757483289344236 ], [ -1872730.395507934968919, 1333955.354433708591387 ], [ -1872733.151259522419423, 1333942.70678598433733 ], [ -1872745.995094157755375, 1333945.505294100847095 ], [ -1872748.750864178175107, 1333932.857652637641877 ], [ -1872761.594713531434536, 1333935.656184066785499 ], [ -1872764.350501985754818, 1333923.008548859274015 ], [ -1872777.194366059266031, 1333925.80710359942168 ], [ -1872779.950172947719693, 1333913.159474647371098 ], [ -1872792.794051736593246, 1333915.958052698755637 ], [ -1872795.549877058248967, 1333903.310430007753894 ], [ -1872808.393770564580336, 1333906.109031370375305 ], [ -1872811.149614320136607, 1333893.461414934834465 ], [ -1872823.993522547185421, 1333896.26003960845992 ], [ -1872826.749384734546766, 1333883.6124294383917 ], [ -1872839.593307676492259, 1333886.411077423254028 ], [ -1872842.349188299383968, 1333873.763473503058776 ], [ -1872868.037059439113364, 1333879.360835289349779 ], [ -1872870.792977393371984, 1333866.713241754332557 ], [ -1872883.63692558882758, 1333869.511955555761233 ], [ -1872886.392861977685243, 1333856.864368273178115 ], [ -1872912.080783623503521, 1333862.461861691204831 ], [ -1872914.836757344892249, 1333849.814284789841622 ], [ -1872927.680730792926624, 1333852.613064407603815 ], [ -1872930.436722947983071, 1333839.965493761701509 ], [ -1872956.124695096397772, 1333845.56311881262809 ], [ -1872958.880724583286792, 1333832.915558551903814 ], [ -1872971.724723286228254, 1333835.714403984835371 ], [ -1872974.480771207949147, 1333823.066849975381047 ], [ -1873000.168793863151222, 1333828.664606660604477 ], [ -1873011.193132082233205, 1333778.074444980593398 ], [ -1873024.037212733412161, 1333780.873368588043377 ], [ -1873043.329918949864805, 1333692.340696916216984 ], [ -1873030.485706001054496, 1333689.541744479909539 ], [ -1873035.997865778859705, 1333664.246706461068243 ], [ -1872984.620820953743532, 1333653.051055704709142 ], [ -1872987.376824544509873, 1333640.403523431625217 ], [ -1872961.688239239389077, 1333634.805804980220273 ], [ -1872964.444204563042149, 1333622.158266615821049 ], [ -1872925.911238536704332, 1333613.761820535175502 ], [ -1872928.667146695777774, 1333601.11427195253782 ], [ -1872877.289724507369101, 1333589.919262751704082 ], [ -1872880.0455566002056, 1333577.271699839970097 ], [ -1872636.00152833131142, 1333524.099521755008027 ], [ -1872633.246055335039273, 1333536.747162906685844 ], [ -1872594.712706411955878, 1333528.352201593806967 ], [ -1872591.957289647776634, 1333540.999857241986319 ], [ -1872579.112850544508547, 1333538.201579309767112 ], [ -1872576.357452214928344, 1333550.849241211777553 ], [ -1872563.513027829816565, 1333548.050986590795219 ], [ -1872560.757647932739928, 1333560.698654755484313 ], [ -1872547.913238263456151, 1333557.900423445506021 ], [ -1872536.891789611196145, 1333608.491133980220184 ], [ -1872549.736123680602759, 1333611.289348819525912 ], [ -1872546.980741451494396, 1333623.937027688138187 ], [ -1872559.825052437372506, 1333626.735257604392245 ], [ -1872557.069650842109695, 1333639.382934496039525 ], [ -1872582.758222471224144, 1333644.979443673044443 ], [ -1872580.002782608615234, 1333657.627114475006238 ], [ -1872592.847043249988928, 1333660.425393736921251 ], [ -1872587.336124328896403, 1333685.720733513589948 ], [ -1872574.491901487577707, 1333682.922462486894801 ], [ -1872568.981018498772755, 1333708.217819071374834 ], [ -1872556.136829273076728, 1333705.419575472828001 ], [ -1872523.071718967752531, 1333857.19194419356063 ], [ -1872535.915681393817067, 1333859.990138381253928 ], [ -1872524.893887437647209, 1333910.58097997540608 ], [ -1872537.737770079635084, 1333913.379176885122433 ], [ -1872534.982301524374634, 1333926.026888519758359 ], [ -1872586.357714681653306, 1333937.219851619563997 ], [ -1872583.602170062251389, 1333949.867548914859071 ], [ -1872647.821247925050557, 1333963.859164047054946 ], [ -1872650.576887044124305, 1333951.211487341206521 ], [ -1872701.952149661723524, 1333962.405141393188387 ] ], [ [ -1865906.894789310870692, 1332299.247295060195029 ], [ -1865917.877395071089268, 1332248.648048328235745 ], [ -1865905.031024763127789, 1332245.859743736218661 ], [ -1865907.77665613940917, 1332233.209933298407122 ], [ -1865869.237463504076004, 1332224.845122396014631 ], [ -1865866.491888837423176, 1332237.494945142185315 ], [ -1865853.645501862745732, 1332234.706717338180169 ], [ -1865845.408831786829978, 1332272.656210716580972 ], [ -1865858.2551620521117, 1332275.444426211994141 ], [ -1865852.764008538564667, 1332300.744090962456539 ], [ -1865891.302860917989165, 1332309.108828012598678 ], [ -1865894.048494615359232, 1332296.459006879478693 ], [ -1865906.894789310870692, 1332299.247295060195029 ] ], [ [ -1875450.6434534965083, 1334190.788692438742146 ], [ -1875453.403085716534406, 1334178.141951420810074 ], [ -1875466.246568528702483, 1334180.944524516584352 ], [ -1875469.006219179369509, 1334168.297789766918868 ], [ -1875481.849716702010483, 1334171.100386179517955 ], [ -1875487.369054400129244, 1334145.806931344093755 ], [ -1875513.056112478254363, 1334151.412198242265731 ], [ -1875515.815818422706798, 1334138.765482289018109 ], [ -1875554.346430822275579, 1334147.17353895213455 ], [ -1875557.106192994862795, 1334134.526837509591132 ], [ -1875582.79328478500247, 1334140.132312830304727 ], [ -1875585.553084288490936, 1334127.485621772706509 ], [ -1875598.396642798092216, 1334130.288392346352339 ], [ -1875606.676095197210088, 1334092.34834440681152 ], [ -1875580.988860596437007, 1334086.742797709535807 ], [ -1875583.74863933166489, 1334074.096111096208915 ], [ -1875545.217699326341972, 1334065.687922622775659 ], [ -1875542.457977286307141, 1334078.334621608490124 ], [ -1875516.770700803259388, 1334072.729266837239265 ], [ -1875514.011016093427315, 1334085.375976209295914 ], [ -1875501.167390466667712, 1334082.573331736959517 ], [ -1875495.64805744192563, 1334107.866765156388283 ], [ -1875482.804465426830575, 1334105.064148124773055 ], [ -1875477.285168329253793, 1334130.357598358998075 ], [ -1875451.598047328647226, 1334124.752438369207084 ], [ -1875448.838435876881704, 1334137.39917494286783 ], [ -1875397.464219209505245, 1334126.189101768191904 ], [ -1875383.666532909264788, 1334189.422899243887514 ], [ -1875435.040371605893597, 1334200.632889942964539 ], [ -1875437.799985394347459, 1334187.986142659792677 ], [ -1875450.6434534965083, 1334190.788692438742146 ] ], [ [ -1872218.819021380972117, 1331485.825555150164291 ], [ -1872210.55643575056456, 1331523.768329703947529 ], [ -1872249.09877126221545, 1331532.161568857263774 ], [ -1872257.361526990309358, 1331494.218831345206127 ], [ -1872218.819021380972117, 1331485.825555150164291 ] ], [ [ -1873907.371562795713544, 1331641.73955374583602 ], [ -1873910.128168701194227, 1331629.092527935281396 ], [ -1873845.891646136529744, 1331615.091481294250116 ], [ -1873832.109084398020059, 1331678.32673483225517 ], [ -1873922.039525230880827, 1331697.928190341452137 ], [ -1873933.066104729659855, 1331647.34009855077602 ], [ -1873907.371562795713544, 1331641.73955374583602 ] ], [ [ -1872419.813912649871781, 1331304.391845619073138 ], [ -1872433.585973565233871, 1331241.154360530199483 ], [ -1872382.194445063360035, 1331229.962310647126287 ], [ -1872365.668424153933302, 1331305.847397980978712 ], [ -1872404.211736606666818, 1331314.241332506528124 ], [ -1872406.966131293447688, 1331301.593824929790571 ], [ -1872419.813912649871781, 1331304.391845619073138 ] ], [ [ -1873765.480820213444531, 1330007.850372501416132 ], [ -1873768.236670140642673, 1329995.203454558271915 ], [ -1873781.086403683759272, 1329998.003509446745738 ], [ -1873786.598139930283651, 1329972.709688244853169 ], [ -1873799.447907086228952, 1329975.509770574280992 ], [ -1873802.203793404391035, 1329962.86286732298322 ], [ -1873815.053575277328491, 1329965.66297297202982 ], [ -1873817.809480025200173, 1329953.01607599039562 ], [ -1873830.65927661024034, 1329955.816204959060997 ], [ -1873833.415199785958976, 1329943.169314255472273 ], [ -1873859.114818203262985, 1329948.769638036377728 ], [ -1873861.870778708020225, 1329936.122757719364017 ], [ -1873874.7206005374901, 1329938.922952530207112 ], [ -1873877.476579471258447, 1329926.276078488444909 ], [ -1873903.176248376723379, 1329931.876533954637125 ], [ -1873908.688280432019383, 1329906.582808798877522 ], [ -1873921.53814640478231, 1329909.383073571370915 ], [ -1873932.562280476558954, 1329858.795665585203096 ], [ -1873945.41221785871312, 1329861.595966034103185 ], [ -1873948.168269101763144, 1329848.94912354182452 ], [ -1873986.718112841481343, 1329857.350152458064258 ], [ -1873989.474220311036333, 1329844.703324475092813 ], [ -1874002.324178752256557, 1329847.503709968412295 ], [ -1874005.080304650822654, 1329834.856888259528205 ], [ -1874017.930277805775404, 1329837.657297074096277 ], [ -1874020.686422134051099, 1329825.010481636039913 ], [ -1874033.536410002969205, 1329827.810913773020729 ], [ -1874036.292572759557515, 1329815.164104609051719 ], [ -1874049.142575344536453, 1329817.964560067048296 ], [ -1874051.89875653013587, 1329805.31775717693381 ], [ -1874077.598786938237026, 1329810.918733935104683 ], [ -1874083.111223497660831, 1329785.625151086365804 ], [ -1874095.961270223371685, 1329788.425676506245509 ], [ -1874101.473742700880393, 1329763.132110514910892 ], [ -1874114.323823037091643, 1329765.932663375744596 ], [ -1874125.348837952595204, 1329715.345573720056564 ], [ -1874138.198989697732031, 1329718.146162257064134 ], [ -1874146.467802648898214, 1329680.205879996530712 ], [ -1874082.216718591982499, 1329666.203067553462461 ], [ -1874079.460542570101097, 1329678.849846748635173 ], [ -1874040.909898611251265, 1329670.448402069509029 ], [ -1874038.153778816107661, 1329683.095195773988962 ], [ -1874012.453366382280365, 1329677.494336905889213 ], [ -1874009.697283915942535, 1329690.141140995547175 ], [ -1873971.1466905772686, 1329681.740009065484628 ], [ -1873968.390664335573092, 1329694.386827673064545 ], [ -1873929.840090030571446, 1329685.985880920896307 ], [ -1873927.084120016312227, 1329698.632714033359662 ], [ -1873914.233939111698419, 1329695.832440974423662 ], [ -1873900.454176487866789, 1329759.066659458912909 ], [ -1873887.604085892206058, 1329756.266426191665232 ], [ -1873873.82440602616407, 1329819.500719123054296 ], [ -1873835.274392607854679, 1329811.100196312647313 ], [ -1873832.518511922564358, 1329823.74707371625118 ], [ -1873793.968517545377836, 1329815.346736080944538 ], [ -1873791.212693087058142, 1329827.993627993855625 ], [ -1873778.362705489154905, 1329825.193557971622795 ], [ -1873772.851092961151153, 1329850.487356496509165 ], [ -1873631.501369023695588, 1329819.687944193836302 ], [ -1873628.745769942877814, 1329832.334891982842237 ], [ -1873603.045803540851921, 1329826.735256702639163 ], [ -1873600.290241787908599, 1329839.382214882411063 ], [ -1873587.440271210856736, 1329836.582430162699893 ], [ -1873584.684727887390181, 1329849.229394614929333 ], [ -1873571.834772022906691, 1329846.42963321483694 ], [ -1873569.079247128916904, 1329859.076603939756751 ], [ -1873491.97953749075532, 1329842.278463494032621 ], [ -1873489.22412552125752, 1329854.925461074803025 ], [ -1873450.674270916497335, 1329846.526662434916943 ], [ -1873447.918915174202994, 1329859.173674523597583 ], [ -1873422.219028987688944, 1329853.574579677078873 ], [ -1873419.463710574898869, 1329866.221602150937542 ], [ -1873393.763845449779183, 1329860.622592346277088 ], [ -1873391.008564364165068, 1329873.269625215325505 ], [ -1873378.158644427312538, 1329870.47015323350206 ], [ -1873375.403381772106513, 1329883.117192370817065 ], [ -1873349.703567142831162, 1329877.51831424725242 ], [ -1873346.94834181596525, 1329890.16536377533339 ], [ -1873321.248548253905028, 1329884.566570696653798 ], [ -1873318.493360255844891, 1329897.213630609912798 ], [ -1873305.643476097146049, 1329894.41426699096337 ], [ -1873302.888306530425325, 1329907.06133316969499 ], [ -1873290.038437089184299, 1329904.261992870131508 ], [ -1873287.28328595100902, 1329916.90906532574445 ], [ -1873261.583572315284982, 1329911.31045056739822 ], [ -1873258.828458505915478, 1329923.95753341098316 ], [ -1873245.978614313760772, 1329921.158258950570598 ], [ -1873243.22351893549785, 1329933.805348059628159 ], [ -1873204.6740179550834, 1329925.407652243040502 ], [ -1873201.918978804955259, 1329938.054755858378485 ], [ -1873163.369496875442564, 1329929.657245211070403 ], [ -1873152.349562370218337, 1329980.245730611961335 ], [ -1873139.49980229139328, 1329977.446615268010646 ], [ -1873133.989870022749528, 1330002.740879122633487 ], [ -1873121.140143560012802, 1329999.941791213816032 ], [ -1873118.385195620823652, 1330012.588930489961058 ], [ -1873092.685767942341045, 1330006.990820511709899 ], [ -1873089.930857332423329, 1330019.637970173265785 ], [ -1873077.081156119005755, 1330016.83894810359925 ], [ -1873068.816478174179792, 1330054.780422351788729 ], [ -1873055.966829473851249, 1330051.981431834632531 ], [ -1873050.457079631276429, 1330077.275766995036975 ], [ -1873037.6074645484332, 1330074.47680391301401 ], [ -1873032.097750626737252, 1330099.771155926631764 ], [ -1873019.248169157654047, 1330096.972220278345048 ], [ -1873016.493330393685028, 1330109.619403626071289 ], [ -1873003.643763643689454, 1330106.820491296006367 ], [ -1872995.379301234381273, 1330144.762066612252966 ], [ -1872982.529786999337375, 1330141.963185835862532 ], [ -1872977.020180847495794, 1330167.257588374894112 ], [ -1872964.170700227841735, 1330164.458735032239929 ], [ -1872958.661129999440163, 1330189.753154413076118 ], [ -1872945.81168299401179, 1330186.954328504391015 ], [ -1872943.056916075060144, 1330199.601545542944223 ], [ -1872930.207483788719401, 1330196.802742952248082 ], [ -1872924.697986342944205, 1330222.097191718639806 ], [ -1872911.848587672924623, 1330219.298416563076898 ], [ -1872906.339126151520759, 1330244.59288216708228 ], [ -1872893.489761095261201, 1330241.794134445488453 ], [ -1872887.980335497995839, 1330267.088616888271645 ], [ -1872875.131004060618579, 1330264.289896600646898 ], [ -1872866.866918845102191, 1330302.231648764340207 ], [ -1872854.017639922676608, 1330299.432960027363151 ], [ -1872851.262962812324986, 1330312.080219169147313 ], [ -1872838.413698605261743, 1330309.28155375039205 ], [ -1872832.904380778316408, 1330334.576086718589067 ], [ -1872820.055150189902633, 1330331.777448735199869 ], [ -1872817.30050947307609, 1330344.424722561845556 ], [ -1872804.45129360165447, 1330341.626107893651351 ], [ -1872798.942048559430987, 1330366.920670241815969 ], [ -1872786.092866304796189, 1330364.122083007358015 ], [ -1872783.338261981261894, 1330376.769371518865228 ], [ -1872770.489094441989437, 1330373.970807601464912 ], [ -1872767.734508546767756, 1330386.618102391250432 ], [ -1872754.885355727048591, 1330383.819561792071909 ], [ -1872752.130788264097646, 1330396.466862842673436 ], [ -1872726.432507874676958, 1330390.869847479276359 ], [ -1872723.677977741928771, 1330403.517158915288746 ], [ -1872710.828850175021216, 1330400.718684152467176 ], [ -1872705.319826301652938, 1330426.013321712147444 ], [ -1872692.4707323492039, 1330423.21487438166514 ], [ -1872689.716238609747961, 1330435.862200502771884 ], [ -1872625.470800627954304, 1330421.870272442698479 ], [ -1872622.716400915523991, 1330434.51762130134739 ], [ -1872609.867319673765451, 1330431.719297408126295 ], [ -1872607.112938393605873, 1330444.366652530618012 ], [ -1872594.263871867442504, 1330441.568351954221725 ], [ -1872591.509509018622339, 1330454.215713339159265 ], [ -1872578.660457212943584, 1330451.417436078190804 ], [ -1872575.906112794065848, 1330464.064803735818714 ], [ -1872563.057075703749433, 1330461.266549793072045 ], [ -1872560.302749715046957, 1330473.913923721760511 ], [ -1872547.453727344749495, 1330471.115693095838651 ], [ -1872544.699419788084924, 1330483.76307328697294 ], [ -1872531.850412136409432, 1330480.964865976478904 ], [ -1872529.096123010618612, 1330493.612252434482798 ], [ -1872490.549131661653519, 1330485.217758058803156 ], [ -1872487.794898765860125, 1330497.865159016102552 ], [ -1872449.24792648316361, 1330489.470849794102833 ], [ -1872446.493749818066135, 1330502.118265249533579 ], [ -1872433.644769594538957, 1330499.320204691728577 ], [ -1872430.890611360082403, 1330511.967626412399113 ], [ -1872418.041645853314549, 1330509.16958917141892 ], [ -1872412.53336577792652, 1330534.464447300648317 ], [ -1872386.835497822845355, 1330528.868446884676814 ], [ -1872384.081394881941378, 1330541.515887405956164 ], [ -1872319.836746318032965, 1330527.526242953259498 ], [ -1872314.328728026943281, 1330552.821171603631228 ], [ -1872275.782002114923671, 1330544.427640032721683 ], [ -1872273.02804896584712, 1330557.075119929388165 ], [ -1872234.48134212451987, 1330548.681773509131745 ], [ -1872231.727445206372067, 1330561.329267902532592 ], [ -1872206.029657542239875, 1330555.733807857846841 ], [ -1872203.275797954527661, 1330568.381312632234767 ], [ -1872190.426916748983786, 1330565.583615524461493 ], [ -1872187.673075592843816, 1330578.231126565486193 ], [ -1872174.824209108017385, 1330575.433452774770558 ], [ -1872172.070386382983997, 1330588.080970082432032 ], [ -1872159.221534615382552, 1330585.283319607144222 ], [ -1872156.467730322387069, 1330597.930843177484348 ], [ -1872143.6188932757359, 1330595.133216017624363 ], [ -1872135.357534285634756, 1330633.075811981689185 ], [ -1872148.206314632901922, 1330635.873426796402782 ], [ -1872145.452508465154096, 1330648.520958977518603 ], [ -1872158.301265734247863, 1330651.318588877795264 ], [ -1872155.547440201509744, 1330663.966119080549106 ], [ -1872168.39617438823916, 1330666.763764063594863 ], [ -1872165.642329485854134, 1330679.411292310571298 ], [ -1872229.885843214811757, 1330693.399784663692117 ], [ -1872227.131903345463797, 1330706.047294485382736 ], [ -1872278.52656347444281, 1330717.238417513202876 ], [ -1872281.28057894250378, 1330704.590924153802916 ], [ -1872294.129252423997968, 1330707.388757025590166 ], [ -1872299.637319752248004, 1330682.093785000266507 ], [ -1872325.334729766473174, 1330687.689524808432907 ], [ -1872328.088800529483706, 1330675.042050242424011 ], [ -1872353.786231621401384, 1330680.637875082436949 ], [ -1872356.540339713683352, 1330667.990410906029865 ], [ -1872369.389067886164412, 1330670.788356240605935 ], [ -1872372.143194409785792, 1330658.140898331068456 ], [ -1872397.840676013147458, 1330663.73685483657755 ], [ -1872400.594839868368581, 1330651.08940730500035 ], [ -1872426.292342544067651, 1330656.685448842588812 ], [ -1872429.046543729258701, 1330644.038011696422473 ], [ -1872441.895307697355747, 1330646.836065382696688 ], [ -1872444.649527314584702, 1330634.18863449874334 ], [ -1872470.347080501029268, 1330639.784807702060789 ], [ -1872473.101337448460981, 1330627.137387200724334 ], [ -1872498.798911711666733, 1330632.733645438682288 ], [ -1872501.553205989766866, 1330620.086235321126878 ], [ -1872514.402005747193471, 1330622.884397356072441 ], [ -1872517.156318456167355, 1330610.236993505386636 ], [ -1872530.005132931983098, 1330613.035178855760023 ], [ -1872535.513794745784253, 1330587.740385833429173 ], [ -1872548.362642840947956, 1330590.53859861753881 ], [ -1872551.116991943446919, 1330577.891209454508498 ], [ -1872602.512418101541698, 1330589.084269057959318 ], [ -1872605.266842334531248, 1330576.436898505548015 ], [ -1872630.96456812415272, 1330582.033551743021235 ], [ -1872633.71902968804352, 1330569.386191570200026 ], [ -1872659.416776547208428, 1330574.982929842546582 ], [ -1872662.171275440370664, 1330562.335580057697371 ], [ -1872675.020161499269307, 1330565.133982111234218 ], [ -1872680.529195680050179, 1330539.839297224069014 ], [ -1872731.9248492855113, 1330551.033130371011794 ], [ -1872734.679441270884126, 1330538.385807618033141 ], [ -1872760.377280782209709, 1330543.982847629580647 ], [ -1872763.131910097552463, 1330531.335535260150209 ], [ -1872788.829770677955821, 1330536.932660305174068 ], [ -1872791.584437323501334, 1330524.285358322551474 ], [ -1872804.433380241738632, 1330527.083953762426972 ], [ -1872807.188065319089219, 1330514.436658040853217 ], [ -1872820.037022952921689, 1330517.235276798950508 ], [ -1872822.791726460680366, 1330504.587987348437309 ], [ -1872835.640698811039329, 1330507.38662942359224 ], [ -1872838.395420748041943, 1330494.739346246933565 ], [ -1872864.093390704365447, 1330500.336696230340749 ], [ -1872866.848149972269312, 1330487.689423433504999 ], [ -1872879.697147575439885, 1330490.488131343387067 ], [ -1872882.451925275148824, 1330477.840864810161293 ], [ -1872908.149945735232905, 1330483.438346464885399 ], [ -1872910.904760763281956, 1330470.79109032289125 ], [ -1872923.753783618099988, 1330473.589864067733288 ], [ -1872926.508617077721283, 1330460.942614190978929 ], [ -1872939.357654649298638, 1330463.74141125404276 ], [ -1872942.112506539560854, 1330451.094167644158006 ], [ -1872954.961558830458671, 1330453.892988025210798 ], [ -1872957.716429151128978, 1330441.245750684989616 ], [ -1872970.565496156923473, 1330444.044594383100048 ], [ -1872973.32038490800187, 1330431.397363312542439 ], [ -1872986.169466632651165, 1330434.196230327477679 ], [ -1872988.924373815301806, 1330421.549005519598722 ], [ -1873001.773470254614949, 1330424.347895852755755 ], [ -1873004.528395865811035, 1330411.700677322922274 ], [ -1873043.075716787483543, 1330420.097475877963006 ], [ -1873045.830698629142717, 1330407.450271843234077 ], [ -1873058.679816136602312, 1330410.249247214058414 ], [ -1873072.454812809126452, 1330347.013279909733683 ], [ -1873136.700810089474544, 1330361.008547699777409 ], [ -1873139.455902514047921, 1330348.361381277441978 ], [ -1873152.305108319967985, 1330351.160496556200087 ], [ -1873157.815329560311511, 1330325.86617840314284 ], [ -1873170.664568981854245, 1330328.665321117267013 ], [ -1873173.419697796925902, 1330316.018169389571995 ], [ -1873186.268951937323436, 1330318.817335421685129 ], [ -1873189.024099183268845, 1330306.1701899622567 ], [ -1873201.873368036933243, 1330308.969379311427474 ], [ -1873204.628533713985234, 1330296.322240118868649 ], [ -1873217.477817283943295, 1330299.1214527876582 ], [ -1873220.233001390006393, 1330286.474319867556915 ], [ -1873233.082299678353593, 1330289.273555854335427 ], [ -1873235.837502215988934, 1330276.626429198309779 ], [ -1873261.536124037578702, 1330282.224967010086402 ], [ -1873264.291363904252648, 1330269.577850743429735 ], [ -1873277.140687441686168, 1330272.377152568195015 ], [ -1873279.895945738535374, 1330259.730042569572106 ], [ -1873292.745283989468589, 1330262.529367713956162 ], [ -1873295.500560716027394, 1330249.882263988023624 ], [ -1873308.34991368278861, 1330252.681612449232489 ], [ -1873311.105208839522675, 1330240.034514992963523 ], [ -1873323.95457652490586, 1330242.833886774023995 ], [ -1873326.709890111349523, 1330230.186795588815585 ], [ -1873339.559272510232404, 1330232.986190687865019 ], [ -1873345.069936074782163, 1330207.692023006500676 ], [ -1873357.919352088356391, 1330210.491445542313159 ], [ -1873360.674702066695318, 1330197.844369046157226 ], [ -1873373.524132795864716, 1330200.643814900191501 ], [ -1873376.279501204611734, 1330187.996744672534987 ], [ -1873389.128946651471779, 1330190.796213846188039 ], [ -1873391.884333488997072, 1330178.149149894947186 ], [ -1873417.583249629242346, 1330183.748154080007225 ], [ -1873420.338673797436059, 1330171.101100508589298 ], [ -1873446.037610999308527, 1330176.700189735274762 ], [ -1873448.793072495609522, 1330164.05314655485563 ], [ -1873461.642553720157593, 1330166.852724088355899 ], [ -1873475.419948658905923, 1330103.61756107583642 ], [ -1873488.269520197063684, 1330106.417178398463875 ], [ -1873491.025016677333042, 1330093.770156370708719 ], [ -1873542.423336582724005, 1330104.968834149185568 ], [ -1873547.934479326475412, 1330079.674829494673759 ], [ -1873560.784086643019691, 1330082.474555178778246 ], [ -1873566.295265307184309, 1330057.180567377246916 ], [ -1873579.144906235625967, 1330059.980320498114452 ], [ -1873584.656120821833611, 1330034.686349539784715 ], [ -1873597.505795364268124, 1330037.486130098812282 ], [ -1873600.261420852504671, 1330024.839151965687051 ], [ -1873613.111110110068694, 1330027.638955844100565 ], [ -1873615.866754027549177, 1330014.991983987856656 ], [ -1873628.716458002105355, 1330017.791811186121777 ], [ -1873631.472120348829776, 1330005.144845600705594 ], [ -1873670.021263861563057, 1330013.544454759452492 ], [ -1873672.77698243688792, 1330000.89750367635861 ], [ -1873724.175857471767813, 1330012.097267852863297 ], [ -1873726.93165117315948, 1329999.450335394358262 ], [ -1873765.480820213444531, 1330007.850372501416132 ] ], [ [ -1873721.420063301222399, 1330024.744202463654801 ], [ -1873695.720671948278323, 1330019.144290208350867 ], [ -1873690.20915779704228, 1330044.438182352110744 ], [ -1873677.359493643278256, 1330041.638263263041154 ], [ -1873674.603754761628807, 1330054.285216688644141 ], [ -1873661.754105322761461, 1330051.485320919426158 ], [ -1873656.242663950193673, 1330076.779242462478578 ], [ -1873643.393048122525215, 1330073.979374131187797 ], [ -1873640.637345632305369, 1330086.626342246076092 ], [ -1873627.787744522094727, 1330083.826497233007103 ], [ -1873625.032060460653156, 1330096.47347162454389 ], [ -1873612.182474065339193, 1330093.673649932490662 ], [ -1873609.426808434072882, 1330106.320630590897053 ], [ -1873596.577236751327291, 1330103.520832218462601 ], [ -1873593.821589549072087, 1330116.167819152120501 ], [ -1873568.122471434529871, 1330110.568288248265162 ], [ -1873551.588805159321055, 1330186.450304461177438 ], [ -1873564.438252915162593, 1330189.250035606324673 ], [ -1873561.682621328625828, 1330201.897041727090254 ], [ -1873600.230882798321545, 1330210.296338016632944 ], [ -1873602.986571081914008, 1330197.649344249628484 ], [ -1873615.836002102121711, 1330200.449152201181278 ], [ -1873618.591708814026788, 1330187.802164709661156 ], [ -1873631.441154552390799, 1330190.601995979435742 ], [ -1873634.196879695635289, 1330177.955014753388241 ], [ -1873647.046340145403519, 1330180.754869343014434 ], [ -1873655.313569456106052, 1330142.813950939802453 ], [ -1873668.163082418963313, 1330145.613837085664272 ], [ -1873670.918843483552337, 1330132.966872707009315 ], [ -1873696.617894657654688, 1330138.566710838349536 ], [ -1873699.373693051049486, 1330125.919756847666577 ], [ -1873737.92229512706399, 1330134.319670408265665 ], [ -1873743.434003898175433, 1330109.025793601060286 ], [ -1873756.283567352220416, 1330111.825811426853761 ], [ -1873772.818795795785263, 1330035.944257396506146 ], [ -1873759.969118948793039, 1330033.144214861793444 ], [ -1873762.724969815695658, 1330020.49729260453023 ], [ -1873724.175857471767813, 1330012.097267852863297 ], [ -1873721.420063301222399, 1330024.744202463654801 ] ], [ [ -1862619.390137758105993, 1328288.526738008717075 ], [ -1862616.65044226218015, 1328301.177287026541308 ], [ -1862590.945899771526456, 1328295.610563363647088 ], [ -1862588.206241617677733, 1328308.261122724041343 ], [ -1862575.353983038570732, 1328305.47779379459098 ], [ -1862572.614343323977664, 1328318.128359395079315 ], [ -1862546.90985149727203, 1328312.561767342500389 ], [ -1862544.170249124756083, 1328325.212343284161761 ], [ -1862531.318015874130651, 1328322.429080158472061 ], [ -1862523.099262674106285, 1328360.380833174102008 ], [ -1862510.247081979876384, 1328357.597601536894217 ], [ -1862499.288813473889604, 1328408.199985386105254 ], [ -1862512.140918551012874, 1328410.983200647402555 ], [ -1862509.40133135439828, 1328423.633797899121419 ], [ -1862522.253413370577618, 1328426.417028273222968 ], [ -1862519.51380680501461, 1328439.067623576382175 ], [ -1862622.330161954974756, 1328461.334125205175951 ], [ -1862657.946977010462433, 1328296.876979829277843 ], [ -1862619.390137758105993, 1328288.526738008717075 ] ], [ [ -1863068.367853047093377, 1328451.993077552877367 ], [ -1863057.406336755026132, 1328502.594739947002381 ], [ -1863095.962216334883124, 1328510.946945398813114 ], [ -1863106.923959475010633, 1328460.34533214638941 ], [ -1863068.367853047093377, 1328451.993077552877367 ] ], [ [ -1870217.114650747971609, 1329924.213102821260691 ], [ -1870219.865516626508906, 1329911.564982615411282 ], [ -1870207.01565391686745, 1329908.770249397261068 ], [ -1870209.766500427620485, 1329896.122127228416502 ], [ -1870184.066724682925269, 1329890.53271017735824 ], [ -1870186.817532923305407, 1329877.88458194443956 ], [ -1870148.267781279981136, 1329869.500588049879298 ], [ -1870151.018532351357862, 1329856.852449634112418 ], [ -1870073.918802906293422, 1329840.084955640835688 ], [ -1870071.168165238341317, 1329852.733118718722835 ], [ -1870019.768337692366913, 1329841.555189875885844 ], [ -1870028.020022483775392, 1329803.610657772514969 ], [ -1869976.619901312980801, 1329792.432986840838566 ], [ -1869968.368443330051377, 1329830.377568268682808 ], [ -1869981.21842318540439, 1329833.171944865724072 ], [ -1869978.467917355243117, 1329845.820138865616173 ], [ -1870017.017775160260499, 1329854.203371544601396 ], [ -1870008.766084754606709, 1329892.147929465863854 ], [ -1870021.615972301922739, 1329894.942366431234404 ], [ -1870016.114805222954601, 1329920.238740921719 ], [ -1870041.814492189092562, 1329925.827656019246206 ], [ -1870039.063870147336274, 1329938.475838267477229 ], [ -1870218.960946582723409, 1329977.600337027106434 ], [ -1870229.964490378741175, 1329927.007851132191718 ], [ -1870217.114650747971609, 1329924.213102821260691 ] ], [ [ -1874892.362716316012666, 1330889.381828232202679 ], [ -1874884.089539976324886, 1330927.321693780831993 ], [ -1874922.634549338836223, 1330935.726918435422704 ], [ -1874930.907895764103159, 1330897.787089976482093 ], [ -1874892.362716316012666, 1330889.381828232202679 ] ], [ [ -1873392.755403156392276, 1330483.029346355237067 ], [ -1873417.554811120731756, 1330369.205607382114977 ], [ -1873379.007262048078701, 1330360.807130031054839 ], [ -1873376.251830847468227, 1330373.454215881414711 ], [ -1873363.402658353559673, 1330370.654765950050205 ], [ -1873355.136418633162975, 1330408.596048777690157 ], [ -1873342.287298654671758, 1330405.79663040000014 ], [ -1873339.53190337587148, 1330418.443733097752556 ], [ -1873326.682798111345619, 1330415.644338039914146 ], [ -1873318.416666160337627, 1330453.585671390173957 ], [ -1873331.265714727342129, 1330456.38505409588106 ], [ -1873325.754919950617477, 1330481.679278855444863 ], [ -1873338.603926534531638, 1330484.478672528406605 ], [ -1873335.848509545205161, 1330497.125784011092037 ], [ -1873374.395447501679882, 1330505.524067879421636 ], [ -1873379.90639440715313, 1330480.229871763149276 ], [ -1873392.755403156392276, 1330483.029346355237067 ] ], [ [ -1863035.948518396588042, 1328166.846391014987603 ], [ -1863022.247332451865077, 1328230.098391756881028 ], [ -1863073.656792377354577, 1328241.234493950381875 ], [ -1863087.358356401789933, 1328177.982575106201693 ], [ -1863035.948518396588042, 1328166.846391014987603 ] ], [ [ -1862722.85481102601625, 1328059.30072091287002 ], [ -1862714.635522857541218, 1328097.252202618401498 ], [ -1862766.045776853337884, 1328108.386466108029708 ], [ -1862774.265291871502995, 1328070.435033531393856 ], [ -1862722.85481102601625, 1328059.30072091287002 ] ], [ [ -1870753.090261639561504, 1329749.376777853583917 ], [ -1870761.344924926292151, 1329711.433022061595693 ], [ -1870864.146068723872304, 1329733.798052326543257 ], [ -1870869.649477642960846, 1329708.502291690092534 ], [ -1870882.49963962030597, 1329711.298015109961852 ], [ -1870890.754806187236682, 1329673.354402634780854 ], [ -1870839.353906413540244, 1329662.171574832638726 ], [ -1870836.602260294137523, 1329674.819459949620068 ], [ -1870759.500898707192391, 1329658.045818995917216 ], [ -1870756.749365520430729, 1329670.693730942206457 ], [ -1870743.899142869049683, 1329667.898195437621325 ], [ -1870741.147628114558756, 1329680.546113644959405 ], [ -1870715.4472080769483, 1329674.955108466790989 ], [ -1870693.435375585453585, 1329776.138597414596006 ], [ -1870731.985545766772702, 1329784.52503530588001 ], [ -1870740.240156565094367, 1329746.581247815862298 ], [ -1870753.090261639561504, 1329749.376777853583917 ] ], [ [ -1873485.484855773625895, 1330304.521549013908952 ], [ -1873499.262652142206207, 1330241.286360722966492 ], [ -1873447.865147053496912, 1330230.087940929224715 ], [ -1873428.576758024981245, 1330318.617334903217852 ], [ -1873467.124496237374842, 1330327.016034475062042 ], [ -1873472.635580270318314, 1330301.7219358519651 ], [ -1873485.484855773625895, 1330304.521549013908952 ] ], [ [ -1863370.774105737218633, 1327987.743806039681658 ], [ -1863362.552174494601786, 1328025.694607041077688 ], [ -1863413.96285620611161, 1328036.832743359962478 ], [ -1863422.185014293994755, 1327998.881991504691541 ], [ -1863370.774105737218633, 1327987.743806039681658 ] ], [ [ -1862555.56461022561416, 1327837.658967961091548 ], [ -1862563.782967216800898, 1327799.70739954826422 ], [ -1862512.370868137106299, 1327788.574345061089844 ], [ -1862515.110243916977197, 1327775.923810194246471 ], [ -1862437.991857100045308, 1327759.22478010575287 ], [ -1862424.295540659688413, 1327822.477598800323904 ], [ -1862501.413360350066796, 1327839.176506084622815 ], [ -1862504.152737996540964, 1327826.525962598621845 ], [ -1862555.56461022561416, 1327837.658967961091548 ] ], [ [ -1871097.267604072578251, 1329652.053740591509268 ], [ -1871100.019606484333053, 1329639.405946522485465 ], [ -1871112.869871715083718, 1329642.202014192705974 ], [ -1871126.6299712525215, 1329578.963096681050956 ], [ -1870972.42537873936817, 1329545.411305285990238 ], [ -1870969.673586569959298, 1329558.059133831877261 ], [ -1870956.82319560367614, 1329555.263280145591125 ], [ -1870940.31254615332, 1329631.150321287335828 ], [ -1870991.71363134868443, 1329642.333752555539832 ], [ -1870994.465483028674498, 1329629.685923430602998 ], [ -1871097.267604072578251, 1329652.053740591509268 ] ], [ [ -1873865.486527646891773, 1330228.355335177853703 ], [ -1873873.754720796830952, 1330190.414626806043088 ], [ -1873860.905274780699983, 1330187.614433438517153 ], [ -1873863.661319327540696, 1330174.967530832858756 ], [ -1873812.263417823240161, 1330163.766932900063694 ], [ -1873798.483568375464529, 1330227.001549815526232 ], [ -1873811.332955533172935, 1330229.801649904577062 ], [ -1873808.576965338550508, 1330242.448575622867793 ], [ -1873847.125045012682676, 1330250.848978743655607 ], [ -1873852.637138327118009, 1330225.55515416408889 ], [ -1873865.486527646891773, 1330228.355335177853703 ] ], [ [ -1863778.283963337074965, 1327970.08662924123928 ], [ -1863786.507580511737615, 1327932.136267938651145 ], [ -1863645.126324584707618, 1327901.501008724560961 ], [ -1863642.385327266529202, 1327914.151172060053796 ], [ -1863590.973912236979231, 1327903.011670378502458 ], [ -1863582.751144323498011, 1327940.962222472764552 ], [ -1863736.984509118134156, 1327974.381501968018711 ], [ -1863739.725659066345543, 1327961.731364934705198 ], [ -1863778.283963337074965, 1327970.08662924123928 ] ], [ [ -1871227.590972760459408, 1329547.945271883392707 ], [ -1871230.34312168858014, 1329535.297532241558656 ], [ -1871243.193542489781976, 1329538.093794657615945 ], [ -1871245.945709849940613, 1329525.446061281021684 ], [ -1871271.646576718892902, 1329531.038651949726045 ], [ -1871274.39878141018562, 1329518.390928951324895 ], [ -1871300.09966936474666, 1329523.983604656066746 ], [ -1871302.851911386707798, 1329511.335892041679472 ], [ -1871328.55282042385079, 1329516.928652784088627 ], [ -1871331.305099776713178, 1329504.280950547661632 ], [ -1871357.006029901327565, 1329509.873796328902245 ], [ -1871359.758346586721018, 1329497.226104466477409 ], [ -1871372.608824279857799, 1329500.022560274461284 ], [ -1871375.361159396357834, 1329487.374874678906053 ], [ -1871388.211651810444891, 1329490.171353802317753 ], [ -1871390.964005356654525, 1329477.523674479220062 ], [ -1871403.814512493554503, 1329480.320176919456571 ], [ -1871406.566884472500533, 1329467.672503858804703 ], [ -1871432.267924005398527, 1329473.265574571676552 ], [ -1871435.020333315944299, 1329460.61791188782081 ], [ -1871499.272953518899158, 1329474.600945289712399 ], [ -1871502.025456859264523, 1329461.953305329196155 ], [ -1871514.875987261300907, 1329464.749973732046783 ], [ -1871536.896148309577256, 1329363.568964488338679 ], [ -1871575.44816803955473, 1329371.959183632628992 ], [ -1871578.200742760440335, 1329359.311579508474097 ], [ -1871591.051426546182483, 1329362.108361743623391 ], [ -1871593.80401969817467, 1329349.460763889132068 ], [ -1871632.356102674733847, 1329357.851238153176382 ], [ -1871635.108752056956291, 1329345.203654792392626 ], [ -1871750.764945390634239, 1329370.376151580829173 ], [ -1871753.517764401854947, 1329357.728607397060841 ], [ -1871779.219132519792765, 1329363.322715035872534 ], [ -1871787.477700138231739, 1329325.380120091605932 ], [ -1871774.62696147011593, 1329322.583044328261167 ], [ -1871780.132633072324097, 1329297.287983574671671 ], [ -1871677.326270854100585, 1329274.912002982571721 ], [ -1871674.57358648465015, 1329287.559565192088485 ], [ -1871558.91627935343422, 1329262.388093111803755 ], [ -1871545.153700967784971, 1329325.626121563371271 ], [ -1871532.302962667308748, 1329322.829407914774492 ], [ -1871529.550464483443648, 1329335.477024181745946 ], [ -1871503.849013144616038, 1329329.88366272370331 ], [ -1871501.096552291419357, 1329342.531289371661842 ], [ -1871488.245839250506833, 1329339.734641559422016 ], [ -1871485.493396828416735, 1329352.382274475647137 ], [ -1871459.791996011976153, 1329346.789044687524438 ], [ -1871457.039590921020135, 1329359.436687981709838 ], [ -1871444.188903145259246, 1329356.640106005826965 ], [ -1871441.43651648494415, 1329369.287755568511784 ], [ -1871415.735166193684563, 1329363.69465745287016 ], [ -1871412.982816864503548, 1329376.342317396542057 ], [ -1871387.281487659318373, 1329370.749304319964722 ], [ -1871384.529175660572946, 1329383.396974644390866 ], [ -1871371.678523689974099, 1329380.60050102439709 ], [ -1871368.926230123499408, 1329393.248177611501887 ], [ -1871343.224951442331076, 1329387.65529620484449 ], [ -1871340.472695206524804, 1329400.302983174333349 ], [ -1871327.622068498982117, 1329397.506575389066711 ], [ -1871324.86983069521375, 1329410.154268621001393 ], [ -1871312.019218706293032, 1329407.35788415139541 ], [ -1871309.266999332234263, 1329420.005583657184616 ], [ -1871283.565800620941445, 1329414.412880554096773 ], [ -1871280.813618578948081, 1329427.060590433888137 ], [ -1871267.963031856575981, 1329424.264271800406277 ], [ -1871265.210868245223537, 1329436.911987951258197 ], [ -1871239.509720063535497, 1329431.319416517857462 ], [ -1871236.757593784481287, 1329443.967143045505509 ], [ -1871198.205896871164441, 1329435.578442255267873 ], [ -1871195.453826824203134, 1329448.226183269405738 ], [ -1871169.752712455345318, 1329442.633820315124467 ], [ -1871147.736437603598461, 1329543.815891781589016 ], [ -1871199.138044826453552, 1329555.000562899047509 ], [ -1871201.890156422043219, 1329542.3528128832113 ], [ -1871227.590972760459408, 1329547.945271883392707 ] ], [ [ -1864602.570958547759801, 1328016.302203469676897 ], [ -1864610.798077744664624, 1327978.352668850682676 ], [ -1864572.239810522645712, 1327969.993672367883846 ], [ -1864574.982125944690779, 1327957.343819509726018 ], [ -1864587.834904753835872, 1327960.130136561812833 ], [ -1864604.288900898769498, 1327884.231089233187959 ], [ -1864591.436008670367301, 1327881.444747593719512 ], [ -1864594.178320823702961, 1327868.794909814372659 ], [ -1864555.619562452659011, 1327860.435987840639427 ], [ -1864558.361817428609356, 1327847.786139923846349 ], [ -1864519.802964875008911, 1327839.427378515480086 ], [ -1864517.060766608454287, 1327852.077238725265488 ], [ -1864504.207826334051788, 1327849.291027434403077 ], [ -1864493.239104208303615, 1327899.890506217256188 ], [ -1864480.386235383106396, 1327897.10433052200824 ], [ -1864469.417581398505718, 1327947.703860164387152 ], [ -1864482.270374611252919, 1327950.490019466960803 ], [ -1864479.52819104352966, 1327963.139903169125319 ], [ -1864492.380961189279333, 1327965.926077579846606 ], [ -1864484.154350977856666, 1328003.875729304039851 ], [ -1864586.975908584194258, 1328026.165717678144574 ], [ -1864589.718263681046665, 1328013.515864396467805 ], [ -1864602.570958547759801, 1328016.302203469676897 ] ], [ [ -1864109.53768117679283, 1327869.699197514913976 ], [ -1864101.312773663550615, 1327907.6492115391884 ], [ -1864139.871320379432291, 1327916.006096846656874 ], [ -1864148.096398023189977, 1327878.056119695305824 ], [ -1864109.53768117679283, 1327869.699197514913976 ] ], [ [ -1865549.903908156324178, 1328115.77273560105823 ], [ -1865552.647638963302597, 1328103.123200937407091 ], [ -1865514.089931079884991, 1328094.759982126299292 ], [ -1865500.371555915800855, 1328158.007738479413092 ], [ -1865564.63390899146907, 1328171.946430028649047 ], [ -1865575.608988111140206, 1328121.348302638856694 ], [ -1865549.903908156324178, 1328115.77273560105823 ] ], [ [ -1874848.53739813528955, 1330164.440505898557603 ], [ -1874851.294813824119046, 1330151.793942777672783 ], [ -1874864.144313368946314, 1330154.595616123406217 ], [ -1874872.416614311980084, 1330116.655952046392485 ], [ -1874538.326791536295786, 1330043.818364172475412 ], [ -1874524.542077733203769, 1330107.051684024278075 ], [ -1874653.037553399568424, 1330135.064398767659441 ], [ -1874655.794686082284898, 1330122.417771691223606 ], [ -1874848.53739813528955, 1330164.440505898557603 ] ], [ [ -1864821.765299233375117, 1327812.180646313121542 ], [ -1864827.250519562978297, 1327786.881142834667116 ], [ -1864852.956582472426817, 1327792.454550094669685 ], [ -1864855.699229742400348, 1327779.804809784516692 ], [ -1864868.552273852284998, 1327782.591546322684735 ], [ -1864865.809607679257169, 1327795.241282535949722 ], [ -1864994.339630715083331, 1327823.109663312789053 ], [ -1865002.568194921361282, 1327785.160584101220593 ], [ -1864925.449890818912536, 1327768.439251377014443 ], [ -1864944.649063688702881, 1327679.891303160693496 ], [ -1864893.236248383065686, 1327668.744017390999943 ], [ -1864895.978909883880988, 1327656.094302730169147 ], [ -1864857.419197968672961, 1327647.73402778012678 ], [ -1864854.67659317725338, 1327660.383754736743867 ], [ -1864828.970135550945997, 1327654.810342335840687 ], [ -1864823.485000177286565, 1327680.109819112578407 ], [ -1864810.631802924908698, 1327677.323149919044226 ], [ -1864807.889253441710025, 1327689.972895630635321 ], [ -1864795.036070928210393, 1327687.186249743914232 ], [ -1864792.29353987891227, 1327699.836001715390012 ], [ -1864779.440372104058042, 1327697.049379134085029 ], [ -1864776.697859491920099, 1327709.699137355433777 ], [ -1864763.84470645384863, 1327706.912538076983765 ], [ -1864761.102212276309729, 1327719.562302556587383 ], [ -1864748.249073979677632, 1327716.775726583320647 ], [ -1864745.506598238600418, 1327729.425497314194217 ], [ -1864732.653474680613726, 1327726.638944647973403 ], [ -1864729.911017375998199, 1327739.288721630349755 ], [ -1864717.057908554561436, 1327736.502192266751081 ], [ -1864711.573030347703025, 1327761.801760897506028 ], [ -1864698.719955170992762, 1327759.015258938074112 ], [ -1864682.265422760974616, 1327834.914041122654453 ], [ -1864797.941928687738255, 1327859.993028894532472 ], [ -1864808.912299339892343, 1327809.393979689804837 ], [ -1864821.765299233375117, 1327812.180646313121542 ] ], [ [ -1874703.601522920886055, 1329841.39106827438809 ], [ -1874706.358625903259963, 1329828.744486624840647 ], [ -1874590.708596924552694, 1329803.532239858992398 ], [ -1874579.680862511740997, 1329854.11872771428898 ], [ -1874708.180117848329246, 1329882.13226644648239 ], [ -1874716.451486312784255, 1329844.192520917626098 ], [ -1874703.601522920886055, 1329841.39106827438809 ] ], [ [ -1872162.895583969308063, 1329208.399750880198553 ], [ -1872160.142244211863726, 1329221.047141085611656 ], [ -1872121.589547935174778, 1329212.654300748370588 ], [ -1872118.836264406796545, 1329225.301705454709008 ], [ -1872093.13448378443718, 1329219.70658281003125 ], [ -1872084.874743779888377, 1329257.64883455215022 ], [ -1872136.278061505872756, 1329268.839107283391058 ], [ -1872133.524738302687183, 1329281.486512376228347 ], [ -1872236.331021891906857, 1329303.867946690879762 ], [ -1872252.851861254544929, 1329227.983745926292613 ], [ -1872162.895583969308063, 1329208.399750880198553 ] ], [ [ -1865189.721290112473071, 1327666.809791234787554 ], [ -1865192.464365138905123, 1327654.160177525598556 ], [ -1865218.170824707020074, 1327659.734676294727251 ], [ -1865220.913937072269619, 1327647.085072936955839 ], [ -1865259.473651892971247, 1327655.446977440267801 ], [ -1865267.703156309435144, 1327617.498217192478478 ], [ -1865074.903356726281345, 1327575.690238863928244 ], [ -1865066.674702936317772, 1327613.639183567371219 ], [ -1865079.527995354030281, 1327616.426235375693068 ], [ -1865071.299280649283901, 1327654.37518717860803 ], [ -1865148.418607446132228, 1327671.097827598219737 ], [ -1865151.161626232555136, 1327658.448199432343245 ], [ -1865189.721290112473071, 1327666.809791234787554 ] ], [ [ -1872351.068743914365768, 1329209.626697064144537 ], [ -1872359.329549927730113, 1329171.684731574961916 ], [ -1872333.627609060378745, 1329166.088890173239633 ], [ -1872336.381172327091917, 1329153.441564426291734 ], [ -1872297.828172973822802, 1329145.047934008063748 ], [ -1872295.074666405329481, 1329157.695272100390866 ], [ -1872282.223677156027406, 1329154.897437815088779 ], [ -1872271.209721786202863, 1329205.486828196095303 ], [ -1872335.464248225092888, 1329219.476109358714893 ], [ -1872338.217832267982885, 1329206.828779106494039 ], [ -1872351.068743914365768, 1329209.626697064144537 ] ], [ [ -1875047.847687190398574, 1329744.227123644435778 ], [ -1875050.605237622279674, 1329731.580668896436691 ], [ -1875024.904970094095916, 1329725.976784135913476 ], [ -1875027.662482260260731, 1329713.330323298228905 ], [ -1874976.26182136288844, 1329702.122767721768469 ], [ -1874979.019257466774434, 1329689.476292558712885 ], [ -1874966.169062877772376, 1329686.674447550205514 ], [ -1874968.926479614106938, 1329674.027970419963822 ], [ -1874956.076261938316748, 1329671.226140492828563 ], [ -1874958.833659305935726, 1329658.579661399824545 ], [ -1874637.576384333660826, 1329588.540051102405414 ], [ -1874623.791755072306842, 1329651.77298314217478 ], [ -1874713.743394372751936, 1329671.382720058551058 ], [ -1874710.986334823304787, 1329684.029284092830494 ], [ -1874749.536917891586199, 1329692.433732736622915 ], [ -1874746.77980117732659, 1329705.080286565469578 ], [ -1874798.180444398662075, 1329716.286470444407314 ], [ -1874795.42325162072666, 1329728.933009952539578 ], [ -1875052.425084964372218, 1329784.968455528607592 ], [ -1875049.667513754451647, 1329797.614914778852835 ], [ -1875268.117434002924711, 1329845.25101259816438 ], [ -1875279.149001091020182, 1329794.665468752849847 ], [ -1875047.847687190398574, 1329744.227123644435778 ] ], [ [ -1872506.197543188929558, 1329177.16868999809958 ], [ -1872519.966578595340252, 1329113.932371839415282 ], [ -1872481.413402115227655, 1329105.537918403977528 ], [ -1872478.659652671543881, 1329118.185190065298229 ], [ -1872440.106495261890814, 1329109.790921810548753 ], [ -1872437.35280204587616, 1329122.438207978149876 ], [ -1872424.501760112587363, 1329119.640161082614213 ], [ -1872421.748085325816646, 1329132.287453522905707 ], [ -1872408.897058108588681, 1329129.489429945591837 ], [ -1872400.636087632970884, 1329167.431332531617954 ], [ -1872490.592793449759483, 1329187.017814435064793 ], [ -1872493.346583039266989, 1329174.370540224714205 ], [ -1872506.197543188929558, 1329177.16868999809958 ] ], [ [ -1872643.887808121507987, 1329101.175115225603804 ], [ -1872668.673560448456556, 1328987.350269881542772 ], [ -1872604.4172996240668, 1328973.358499085763469 ], [ -1872601.663423517020419, 1328986.005716078914702 ], [ -1872588.812177707441151, 1328983.207423647167161 ], [ -1872583.304461883148178, 1329008.501872329972684 ], [ -1872570.453249688027427, 1329005.703607333591208 ], [ -1872559.437888004817069, 1329056.292547025950626 ], [ -1872546.586747227469459, 1329053.494317692937329 ], [ -1872538.325277734547853, 1329091.436057440703735 ], [ -1872551.176361813908443, 1329094.234274428337812 ], [ -1872548.422518810955808, 1329106.881521209143102 ], [ -1872625.528822084190324, 1329123.671201718738303 ], [ -1872631.036734411492944, 1329098.376759696519002 ], [ -1872643.887808121507987, 1329101.175115225603804 ] ], [ [ -1874099.750364291947335, 1329153.376104932045564 ], [ -1874102.506389232352376, 1329140.729383135447279 ], [ -1874038.251274372218177, 1329126.726899174274877 ], [ -1874041.007204349851236, 1329114.080158943776041 ], [ -1874028.156149925664067, 1329111.279715643962845 ], [ -1874044.691606535110623, 1329035.399294825037941 ], [ -1874006.138077974086627, 1329026.998006022069603 ], [ -1874000.626374376239255, 1329052.291495706886053 ], [ -1873987.775227618403733, 1329049.491112749790773 ], [ -1873985.019394011469558, 1329062.137864953139797 ], [ -1873959.317125738598406, 1329056.537164889508858 ], [ -1873956.561329459771514, 1329069.183927479432896 ], [ -1873866.603390973992646, 1329049.582111002877355 ], [ -1873863.847726515261456, 1329062.228904577204958 ], [ -1873786.740872300928459, 1329045.42812125897035 ], [ -1873783.98532076459378, 1329058.074941694969311 ], [ -1873771.134182647336274, 1329055.274882472585887 ], [ -1873768.378649539779872, 1329067.921709181042388 ], [ -1873755.527526138816029, 1329065.121673281304538 ], [ -1873747.26098069222644, 1329103.062178704421967 ], [ -1873760.112047397065908, 1329105.862202251795679 ], [ -1873757.356512408936396, 1329118.509037591982633 ], [ -1873988.674657407216728, 1329168.912671161349863 ], [ -1873991.430532570462674, 1329156.265909943729639 ], [ -1874017.13250278797932, 1329161.866705983877182 ], [ -1874014.376589827938005, 1329174.513458964647725 ], [ -1874117.184152112342417, 1329196.917378331301734 ], [ -1874125.452343145851046, 1329158.977224706904963 ], [ -1874099.750364291947335, 1329153.376104932045564 ] ], [ [ -1866109.235842084279284, 1327336.470615494064987 ], [ -1866131.189806417096406, 1327235.276522622210905 ], [ -1866118.335944428807124, 1327232.48789927479811 ], [ -1866121.080168962711468, 1327219.838643271708861 ], [ -1866108.226283907424659, 1327217.050035032676533 ], [ -1866110.970489070750773, 1327204.400777084985748 ], [ -1866059.554831565823406, 1327193.246519803768024 ], [ -1866056.810702011687681, 1327205.89579415298067 ], [ -1866043.956796121317893, 1327203.107281952863559 ], [ -1866022.003894061082974, 1327304.301587211200967 ], [ -1866034.857648733071983, 1327307.090066605713218 ], [ -1866029.36938073229976, 1327332.388656295370311 ], [ -1866080.784206535900012, 1327343.542733145644888 ], [ -1866083.528416380519047, 1327330.893453620374203 ], [ -1866109.235842084279284, 1327336.470615494064987 ] ], [ [ -1874235.632261783350259, 1329024.020921072922647 ], [ -1874238.388432271778584, 1329011.374258102150634 ], [ -1874251.239635988837108, 1329014.175015558721498 ], [ -1874253.995824904879555, 1329001.528358867624775 ], [ -1874266.84704333730042, 1329004.329139648005366 ], [ -1874277.871869895374402, 1328953.742550923256204 ], [ -1874252.169277660315856, 1328948.140975616173819 ], [ -1874254.925445328932256, 1328935.494325585430488 ], [ -1874216.371468892786652, 1328927.092094301944599 ], [ -1874213.615357919363305, 1328939.738756687846035 ], [ -1874110.804721128894016, 1328917.333684533368796 ], [ -1874108.048760874895379, 1328929.980382016161457 ], [ -1874082.346097624860704, 1328924.379314256599173 ], [ -1874065.810553005198017, 1329000.259593897266313 ], [ -1874181.471385290147737, 1329025.464781353948638 ], [ -1874184.227480654371902, 1329012.818099755560979 ], [ -1874235.632261783350259, 1329024.020921072922647 ] ] ], [ [ [ -1864324.659969781292602, 1346395.146066657267511 ], [ -1863991.202620188705623, 1346322.718276572413743 ], [ -1863993.95036148512736, 1346310.066498135915026 ], [ -1863955.474275663960725, 1346301.710266808513552 ], [ -1863958.221959787420928, 1346289.058478146791458 ], [ -1863894.094972310587764, 1346275.131788714323193 ], [ -1863896.842561448924243, 1346262.47998161893338 ], [ -1863871.191699509276077, 1346256.909431793028489 ], [ -1863890.424546052468941, 1346168.346783296670765 ], [ -1863877.598976497771218, 1346165.561508390819654 ], [ -1863896.831668406259269, 1346076.998933804919943 ], [ -1863909.657370303291827, 1346079.784237450454384 ], [ -1863920.647545580286533, 1346029.177114484831691 ], [ -1863933.473318939562887, 1346031.962453718762845 ], [ -1863938.968441660283133, 1346006.658913017716259 ], [ -1863951.794248671503738, 1346009.444279628805816 ], [ -1863962.784564276225865, 1345958.837239798624068 ], [ -1863975.610442746430635, 1345961.622641999507323 ], [ -1863978.358039416605607, 1345948.970891383476555 ], [ -1863991.183932631043717, 1345951.756316857412457 ], [ -1863993.931547751650214, 1345939.104572444455698 ], [ -1864083.712816049112007, 1345958.603116154903546 ], [ -1864080.965068587101996, 1345971.254831825615838 ], [ -1864401.610317616723478, 1346040.900051743490621 ], [ -1864404.358537726104259, 1346028.248438734095544 ], [ -1864622.39614219032228, 1346075.61410037567839 ], [ -1864616.899058720329776, 1346100.917188855819404 ], [ -1864629.724724876927212, 1346103.703568526543677 ], [ -1864618.730476853204891, 1346154.309754195157439 ], [ -1864631.556063221069053, 1346157.096136602107435 ], [ -1864620.56173229124397, 1346207.702339367475361 ], [ -1864633.387238871771842, 1346210.488724510651082 ], [ -1864614.147009880514815, 1346299.049631259404123 ], [ -1864601.321635639993474, 1346296.263274868717417 ], [ -1864576.584335749037564, 1346410.127485625213012 ], [ -1864525.283477751072496, 1346398.982399572385475 ], [ -1864522.534962221980095, 1346411.634005449712276 ], [ -1864471.2341132319998, 1346400.489242470124736 ], [ -1864468.485672870883718, 1346413.140866870293394 ], [ -1864442.835261207772419, 1346407.568608586909249 ], [ -1864440.086858203401789, 1346420.220243294257671 ], [ -1864363.135636722203344, 1346403.503953048959374 ], [ -1864360.387346697971225, 1346416.15561449341476 ], [ -1864321.911736474838108, 1346407.797740421490744 ], [ -1864324.659969781292602, 1346395.146066657267511 ] ] ] ] } },
{ "type": "Feature", "properties": { "fan_class": "inactive", "confidence": "moderate for broad extents; low-moderate for small polygons", "source": "DRI 2015 presentation page 20 color-classified/georeferenced from PDF graticule" }, "geometry": { "type": "MultiPolygon", "coordinates": [ [ [ [ -1874008.329336324241012, 1331610.753821506630629 ], [ -1873995.482012776657939, 1331607.95342703582719 ], [ -1873998.238730201963335, 1331595.30643453495577 ], [ -1874011.086072648409754, 1331598.106833125697449 ], [ -1874013.842808505287394, 1331585.45984689029865 ], [ -1874065.232212039874867, 1331596.661649709800258 ], [ -1874067.989023024216294, 1331584.014682097826153 ], [ -1874093.683737481711432, 1331589.615706937154755 ], [ -1874099.197433639317751, 1331564.321794644696638 ], [ -1874112.044822389259934, 1331567.12234410084784 ], [ -1874114.801688665524125, 1331554.4753952936735 ], [ -1874127.649092127103359, 1331557.275968068046495 ], [ -1874130.405976832611486, 1331544.629025533329695 ], [ -1874143.253395008156076, 1331547.429621624527499 ], [ -1874146.010298144072294, 1331534.782685356680304 ], [ -1874197.400004592025653, 1331545.985278189415112 ], [ -1874200.156982855638489, 1331533.338360548950732 ], [ -1874225.851848767371848, 1331538.939780396409333 ], [ -1874228.608864359557629, 1331526.29287314414978 ], [ -1874267.151188533054665, 1331534.69515926274471 ], [ -1874269.908260352443904, 1331522.048266522586346 ], [ -1874282.755712270736694, 1331524.849071078700945 ], [ -1874285.512802520999685, 1331512.202184605412185 ], [ -1874298.360269152792171, 1331515.003012481378391 ], [ -1874301.117377833928913, 1331502.356132274959236 ], [ -1874326.812336341012269, 1331507.957853858591989 ], [ -1874329.569482350489125, 1331495.310984043171629 ], [ -1874342.416974223451689, 1331498.111877753864974 ], [ -1874345.174138662638143, 1331485.46501420927234 ], [ -1874370.869147651828825, 1331491.066867467248812 ], [ -1874373.626349420286715, 1331478.420014310628176 ], [ -1874399.321379464585334, 1331484.021952600451186 ], [ -1874402.078618561848998, 1331471.375109834829345 ], [ -1874427.773669658228755, 1331476.977133160922676 ], [ -1874430.530946085462347, 1331464.330300779081881 ], [ -1874443.378484254004434, 1331467.1313453593757 ], [ -1874446.135779110016301, 1331454.484519254416227 ], [ -1874458.983331993455067, 1331457.285587154561654 ], [ -1874461.740645279875025, 1331444.638767314841971 ], [ -1874474.58821287448518, 1331447.439858534606174 ], [ -1874477.345544590614736, 1331434.793044966179878 ], [ -1874490.1931269003544, 1331437.594159504165873 ], [ -1874492.950477046659216, 1331424.947352203773335 ], [ -1874505.798074066638947, 1331427.748490061378106 ], [ -1874508.555442641954869, 1331415.101689035072923 ], [ -1874534.2506619237829, 1331420.704030586639419 ], [ -1874537.008067829534411, 1331408.057239944115281 ], [ -1874575.550922049675137, 1331416.460908621083945 ], [ -1874578.308384180534631, 1331403.814132499275729 ], [ -1874591.15601278282702, 1331406.615397909656167 ], [ -1874599.428453063126653, 1331368.675094782374799 ], [ -1874650.819152387324721, 1331379.880397860426456 ], [ -1874653.576707137282938, 1331367.233650935580954 ], [ -1874666.424390402855352, 1331370.035028822952881 ], [ -1874669.181963583221659, 1331357.388288164976984 ], [ -1874682.02966155926697, 1331360.189689370570704 ], [ -1874687.544844309333712, 1331334.896222752053291 ], [ -1874700.392575895646587, 1331337.69765139860101 ], [ -1874703.150185465579852, 1331325.050925436895341 ], [ -1874715.997931764926761, 1331327.852377403061837 ], [ -1874718.755559765500948, 1331315.205657706595957 ], [ -1874731.603320778580382, 1331318.007132994011045 ], [ -1874734.360967208631337, 1331305.360419570002705 ], [ -1874747.208742931718007, 1331308.161918175639585 ], [ -1874755.481736103771254, 1331270.221803168999031 ], [ -1874768.329564335988835, 1331273.023333336925134 ], [ -1874776.602609984809533, 1331235.08325003972277 ], [ -1874763.754725056933239, 1331232.281707508256659 ], [ -1874777.543030600761995, 1331169.048257752787322 ], [ -1874790.391010020626709, 1331171.84982088743709 ], [ -1874795.90636675292626, 1331146.556464278837666 ], [ -1874808.754379785386845, 1331149.358054854441434 ], [ -1874811.512076346203685, 1331136.71138389618136 ], [ -1874824.360104088205844, 1331139.512997792800888 ], [ -1874827.117819078965113, 1331126.866333106998354 ], [ -1874839.965861534932628, 1331129.667970324866474 ], [ -1874845.481327905785292, 1331104.374655646504834 ], [ -1874858.329403969924897, 1331107.17632030392997 ], [ -1874861.087155351415277, 1331094.529670307179913 ], [ -1874873.935246127191931, 1331097.331358285387978 ], [ -1874876.693015935830772, 1331084.684714568313211 ], [ -1874889.541121423244476, 1331087.486425867769867 ], [ -1874892.298909662524238, 1331074.839788417564705 ], [ -1874905.147029861574993, 1331077.641523036640137 ], [ -1874913.420448460849002, 1331039.701635955367237 ], [ -1874926.26862117019482, 1331042.503402138128877 ], [ -1874929.026445330353454, 1331029.856781535316259 ], [ -1874941.874632749008015, 1331032.658571037463844 ], [ -1874944.632475338410586, 1331020.011956705711782 ], [ -1874957.480677471030504, 1331022.813769529107958 ], [ -1874960.238538489211351, 1331010.167161469813436 ], [ -1875011.631380737060681, 1331021.374621245311573 ], [ -1875003.35756949451752, 1331059.314402422169223 ], [ -1875016.2057128935121, 1331062.116303000831977 ], [ -1874983.110198931070045, 1331213.875571819487959 ], [ -1874970.262282311683521, 1331211.073720696847886 ], [ -1874961.988449964206666, 1331249.013598650461063 ], [ -1874949.14058585325256, 1331246.211779091507196 ], [ -1874943.62473307386972, 1331271.505050054984167 ], [ -1874917.929067882476375, 1331265.901485017267987 ], [ -1874915.171178585849702, 1331278.548131967661902 ], [ -1874902.323358609108254, 1331275.746382367564365 ], [ -1874894.049744600895792, 1331313.686348484363407 ], [ -1874906.897507882444188, 1331316.488085720688105 ], [ -1874901.38172507006675, 1331341.781398968538269 ], [ -1874965.620289692422375, 1331355.790331916883588 ], [ -1874962.862303090747446, 1331368.436971160350367 ], [ -1875001.405334930168465, 1331376.842548950575292 ], [ -1874995.889246930135414, 1331402.135809157975018 ], [ -1875008.736878037918359, 1331404.93769857659936 ], [ -1874989.430422981269658, 1331493.46414817404002 ], [ -1875002.27791761350818, 1331496.26602794113569 ], [ -1874999.519831832963973, 1331508.912668068194762 ], [ -1875050.909692900022492, 1331520.120362633373588 ], [ -1875045.393368743592873, 1331545.413616375532001 ], [ -1875058.240785747766495, 1331548.215579769806936 ], [ -1875055.482604068238288, 1331560.862205743091181 ], [ -1875068.329997984459624, 1331563.664184214314446 ], [ -1875060.055393438087776, 1331601.604062663624063 ], [ -1875047.208056216826662, 1331598.802096557337791 ], [ -1875044.449872661614791, 1331611.448731132550165 ], [ -1875031.602550148963928, 1331608.6467883461155 ], [ -1875028.844385024392977, 1331621.293429186800495 ], [ -1875015.997077225707471, 1331618.491509721148759 ], [ -1875013.238930530613288, 1331631.138156831730157 ], [ -1874987.544340168591589, 1331625.534383738180622 ], [ -1874984.786230801837519, 1331638.181041240924969 ], [ -1874971.938948236871511, 1331635.379187611863017 ], [ -1874969.180857299361378, 1331648.02585138566792 ], [ -1874943.486317409668118, 1331642.422209967626259 ], [ -1874940.728263800032437, 1331655.068884136620909 ], [ -1874889.33920936845243, 1331643.861848164116964 ], [ -1874892.097187384497374, 1331631.215157508850098 ], [ -1874737.929395396029577, 1331597.59584316262044 ], [ -1874735.171644161455333, 1331610.242583271116018 ], [ -1874722.324319847393781, 1331607.441102651646361 ], [ -1874719.566587043460459, 1331620.087849027244374 ], [ -1874681.024645682424307, 1331611.683534721378237 ], [ -1874678.266969106392935, 1331624.330295606283471 ], [ -1874549.793748120544478, 1331596.317203683778644 ], [ -1874555.308722833404317, 1331571.023601645138115 ], [ -1874503.919166042236611, 1331559.81886946526356 ], [ -1874501.161754514323547, 1331572.465685893082991 ], [ -1874488.314373750938103, 1331569.664554963586852 ], [ -1874482.799587087007239, 1331594.958202507346869 ], [ -1874469.952239933190867, 1331592.157099017174914 ], [ -1874458.922736576991156, 1331642.744436378823593 ], [ -1874330.449790785321966, 1331614.734622202347964 ], [ -1874327.692602762253955, 1331627.381503115408123 ], [ -1874314.845304059563205, 1331624.580631407443434 ], [ -1874312.088134467136115, 1331637.227518588770181 ], [ -1874286.393562308046967, 1331631.625841008732095 ], [ -1874283.636430043494329, 1331644.272738583851606 ], [ -1874193.7054279348813, 1331624.66750063910149 ], [ -1874188.191426586126909, 1331649.961359903682023 ], [ -1874175.344161625253037, 1331647.160696659004316 ], [ -1874172.587179146241397, 1331659.807633637916297 ], [ -1874108.350886071100831, 1331645.804625984281301 ], [ -1874105.593997617717832, 1331658.451585710747167 ], [ -1874028.510421212296933, 1331641.648634783225134 ], [ -1874031.267196272499859, 1331629.001650338061154 ], [ -1874005.57259952975437, 1331623.400812041712925 ], [ -1874008.329336324241012, 1331610.753821506630629 ] ] ], [ [ [ -1874375.385328545933589, 1331717.267356624361128 ], [ -1874378.142613873817027, 1331704.620483418228105 ], [ -1874365.295430594589561, 1331701.819536321330816 ], [ -1874368.052696555154398, 1331689.172661142423749 ], [ -1874393.747096725506708, 1331694.774582774378359 ], [ -1874396.504400013713166, 1331682.12771799066104 ], [ -1874409.351612721337005, 1331684.928711725631729 ], [ -1874412.108934440417215, 1331672.281853208784014 ], [ -1874450.65060414117761, 1331680.684961959253997 ], [ -1874453.407982088625431, 1331668.03811794728972 ], [ -1874504.7968920157291, 1331679.242548203794286 ], [ -1874507.554345088545233, 1331666.595722828060389 ], [ -1874533.24881273531355, 1331672.198061385890469 ], [ -1874530.491321865236387, 1331684.844878520350903 ], [ -1874633.268873820314184, 1331707.25496771116741 ], [ -1874636.026515879435465, 1331694.608183542266488 ], [ -1874648.873709936859086, 1331697.409535204060376 ], [ -1874651.631370425922796, 1331684.762757303193212 ], [ -1874677.325783774722368, 1331690.365526460343972 ], [ -1874680.083481593290344, 1331677.718758946051821 ], [ -1874705.777915996266529, 1331683.321613137843087 ], [ -1874708.535651142476127, 1331670.674856018973514 ], [ -1874734.23010659753345, 1331676.27779524680227 ], [ -1874736.987879072781652, 1331663.631048517301679 ], [ -1874788.3768153374549, 1331674.837173830717802 ], [ -1874791.134662938537076, 1331662.190445733256638 ], [ -1874881.065272510750219, 1331681.80193301057443 ], [ -1874875.549312261864543, 1331707.095333655364811 ], [ -1874888.39648765604943, 1331709.897043243981898 ], [ -1874874.606484341667965, 1331773.130561851197854 ], [ -1874617.664070847909898, 1331717.100429811980575 ], [ -1874609.391197149408981, 1331755.040814021369442 ], [ -1874596.544089215341955, 1331752.239521359791979 ], [ -1874593.786482610506937, 1331764.886324516264722 ], [ -1874580.939389388775453, 1331762.085055175703019 ], [ -1874578.181801214348525, 1331774.731864598812535 ], [ -1874565.334722703089938, 1331771.930618575308472 ], [ -1874562.57715295930393, 1331784.577434265287593 ], [ -1874536.883021180285141, 1331778.975008054170758 ], [ -1874534.125488765072078, 1331791.621834137942642 ], [ -1874418.501858640229329, 1331766.411903566913679 ], [ -1874421.25922096753493, 1331753.765040399041027 ], [ -1874382.717878884635866, 1331745.362063409062102 ], [ -1874388.23248874116689, 1331720.068318798439577 ], [ -1874375.385328545933589, 1331717.267356624361128 ] ] ], [ [ [ -1874410.166911302600056, 1331989.811833327170461 ], [ -1874412.924338286276907, 1331977.164946011267602 ], [ -1874451.464641188038513, 1331985.568058412754908 ], [ -1874456.979607145069167, 1331960.274314938113093 ], [ -1874469.826404207386076, 1331963.075399041175842 ], [ -1874472.583905382081866, 1331950.428534645587206 ], [ -1874562.511499893153086, 1331970.03668974689208 ], [ -1874565.269132890272886, 1331957.389856345253065 ], [ -1874603.8095244448632, 1331965.793651712825522 ], [ -1874606.567213670583442, 1331953.146832816535607 ], [ -1874619.414021381177008, 1331955.948140456108376 ], [ -1874627.68714294093661, 1331918.007709030993283 ], [ -1874614.8402785344515, 1331915.206389030441642 ], [ -1874620.355652768397704, 1331889.91277057910338 ], [ -1874646.049452992156148, 1331895.515446262201294 ], [ -1874657.08034702972509, 1331844.928268097573891 ], [ -1874631.386395616922528, 1331839.325559446355328 ], [ -1874634.144080158788711, 1331826.678762031253427 ], [ -1874646.991076855454594, 1331829.48011088045314 ], [ -1874649.748779827030376, 1331816.833319735014811 ], [ -1874713.983795015607029, 1331830.840372544713318 ], [ -1874716.741592011414468, 1331818.193604154046625 ], [ -1874793.823585478356108, 1331835.002725779544562 ], [ -1874796.581495396327227, 1331822.355984267313033 ], [ -1874835.122492307564244, 1331830.760816613212228 ], [ -1874837.880458452971652, 1331818.114089611917734 ], [ -1874850.727467948570848, 1331820.915742909535766 ], [ -1874853.485452524619177, 1331808.269022174878046 ], [ -1874866.33247673115693, 1331811.070698793744668 ], [ -1874863.574473256710917, 1331823.717415407067165 ], [ -1874889.268471315735951, 1331829.320817993255332 ], [ -1874886.510429576039314, 1331841.967528511071578 ], [ -1874899.357403428526595, 1331844.769254479790106 ], [ -1874891.083218703512102, 1331882.709386556176469 ], [ -1874903.930131671251729, 1331885.511119358241558 ], [ -1874879.107382112648338, 1331999.331594489747658 ], [ -1874866.260639231419191, 1331996.529898781562224 ], [ -1874863.502572503872216, 1332009.176633100723848 ], [ -1874837.809111976297572, 1332003.573307519312948 ], [ -1874835.051082576159388, 1332016.220052233431488 ], [ -1874809.357643099036068, 1332010.616811684099957 ], [ -1874817.631616500206292, 1331972.676559266401455 ], [ -1874804.784833787241951, 1331969.874955424806103 ], [ -1874807.542805085889995, 1331957.228204790735617 ], [ -1874704.768241474404931, 1331934.816032188246027 ], [ -1874702.010421363869682, 1331947.462815790902823 ], [ -1874689.163600973784924, 1331944.661384725244716 ], [ -1874669.858979379758239, 1332033.188958920305595 ], [ -1874657.012287093093619, 1332030.387575900414959 ], [ -1874651.496714506298304, 1332055.681196096586064 ], [ -1874638.65005583059974, 1332052.879840516019613 ], [ -1874635.892287733033299, 1332065.526657958049327 ], [ -1874456.03889130987227, 1332026.309753231704235 ], [ -1874458.796394826378673, 1332013.662878098199144 ], [ -1874445.949673358816653, 1332010.861810475587845 ], [ -1874448.707157508237287, 1331998.214933367911726 ], [ -1874410.166911302600056, 1331989.811833327170461 ] ] ], [ [ [ -1874007.226323755457997, 1332233.16776269627735 ], [ -1873994.379930305527523, 1332230.367369873682037 ], [ -1873999.893786671571434, 1332205.073267542989925 ], [ -1873987.047351238783449, 1332202.272885678103194 ], [ -1873992.561167935840786, 1332176.978783690137789 ], [ -1873979.714690520660952, 1332174.178412782261148 ], [ -1873985.228467547334731, 1332148.884311144240201 ], [ -1873972.38194814696908, 1332146.083951193839312 ], [ -1873986.166288029635325, 1332082.848714064108208 ], [ -1873999.012901924783364, 1332085.649094613501802 ], [ -1874004.52667239960283, 1332060.355023030657321 ], [ -1874030.219963226467371, 1332065.955858196830377 ], [ -1874032.976885560667142, 1332053.308833861956373 ], [ -1874084.363492595031857, 1332064.510751045076177 ], [ -1874081.606494665145874, 1332077.157758900662884 ], [ -1874094.453117064200342, 1332079.958282070234418 ], [ -1874086.18206377257593, 1332117.89930614666082 ], [ -1874137.568284725537524, 1332129.101541354320943 ], [ -1874134.811190429376438, 1332141.748537197476253 ], [ -1874173.350755505030975, 1332150.150402812985703 ], [ -1874170.593604044755921, 1332162.797388439299539 ], [ -1874183.44009846681729, 1332165.59804458450526 ], [ -1874169.654239649185911, 1332228.832984322682023 ], [ -1874156.80783972190693, 1332226.032348778098822 ], [ -1874154.050685452995822, 1332238.679347286466509 ], [ -1874141.204300236655399, 1332235.878735058708116 ], [ -1874135.690028094453737, 1332261.172746750758961 ], [ -1874122.843676493503153, 1332258.372161958133802 ], [ -1874120.086558618815616, 1332271.01917514577508 ], [ -1874094.393880660180002, 1332265.418071394087747 ], [ -1874091.636800115229562, 1332278.065094967139885 ], [ -1874053.097808484220877, 1332269.663595675257966 ], [ -1874050.340784169500694, 1332282.310633751796558 ], [ -1874011.801811569137499, 1332273.90931959124282 ], [ -1874014.558779186801985, 1332261.26226915512234 ], [ -1874001.712427719961852, 1332258.461865375284106 ], [ -1874007.226323755457997, 1332233.16776269627735 ] ] ], [ [ [ -1875043.814035664778203, 1333095.126699029002339 ], [ -1875049.331414319574833, 1333069.833149011479691 ], [ -1875075.021688136272132, 1333075.437106759985909 ], [ -1875080.539140512933955, 1333050.143581818323582 ], [ -1875093.384308937704191, 1333052.945597729180008 ], [ -1875101.660540690645576, 1333015.005338761257008 ], [ -1875114.505761626409367, 1333017.80738623579964 ], [ -1875122.782045864267275, 1332979.86715893773362 ], [ -1875135.627319306135178, 1332982.669237974332646 ], [ -1875141.144877587677911, 1332957.37577208224684 ], [ -1875153.990184639114887, 1332960.177878560964018 ], [ -1875165.025371184339747, 1332909.590988995973021 ], [ -1875177.8707496447023, 1332912.393131159711629 ], [ -1875183.388377906521782, 1332887.099707493791357 ], [ -1875196.233789974357933, 1332889.901877097086981 ], [ -1875198.992622302146628, 1332877.255172602366656 ], [ -1875250.374304294586182, 1332888.464059462537989 ], [ -1875247.615396372741088, 1332901.110747466795146 ], [ -1875260.460787503048778, 1332903.913013047771528 ], [ -1875257.701860214816406, 1332916.559699073433876 ], [ -1875270.547228261362761, 1332919.361979726003483 ], [ -1875265.029334485763684, 1332944.655349963111803 ], [ -1875252.184004236012697, 1332941.85307755577378 ], [ -1875232.871493569109589, 1333030.379969814326614 ], [ -1875245.716691529611126, 1333033.182213361840695 ], [ -1875231.921932523837313, 1333096.415751561056823 ], [ -1875219.076829055557027, 1333093.613528626970947 ], [ -1875216.317894749809057, 1333106.260246820747852 ], [ -1875203.472805995261297, 1333103.458047204883769 ], [ -1875200.713890119688585, 1333116.104771669954062 ], [ -1875187.868816075846553, 1333113.302595369517803 ], [ -1875185.109918630216271, 1333125.949326102621853 ], [ -1875172.264859297778457, 1333123.147173121804371 ], [ -1875169.505980284651741, 1333135.793910116190091 ], [ -1875143.815886851865798, 1333130.189669982530177 ], [ -1875141.057045167079195, 1333142.836417371872813 ], [ -1875076.831832802388817, 1333128.826173563022166 ], [ -1875079.590579994954169, 1333116.179405561648309 ], [ -1875053.900427943561226, 1333110.575434157857671 ], [ -1875056.659136869478971, 1333097.928660060977563 ], [ -1875043.814035664778203, 1333095.126699029002339 ] ] ], [ [ [ -1875789.725293985102326, 1336212.428448205115274 ], [ -1875795.246887379093096, 1336187.134818214457482 ], [ -1875782.406402495456859, 1336184.331753478385508 ], [ -1875796.210283331107348, 1336121.097695233300328 ], [ -1875783.369699765462428, 1336118.294629058334976 ], [ -1875786.130455635720864, 1336105.647819689009339 ], [ -1875747.608623108128086, 1336097.23872391297482 ], [ -1875750.369321815203875, 1336084.591904307017103 ], [ -1875724.688041388522834, 1336078.985928147565573 ], [ -1875730.209361813263968, 1336053.692278828006238 ], [ -1875743.050041919341311, 1336056.495265563949943 ], [ -1875748.571398275438696, 1336031.201633039396256 ], [ -1875761.412111988058314, 1336034.004647214664146 ], [ -1875769.694199722027406, 1335996.064226820599288 ], [ -1875782.534965941449627, 1335998.867272560717538 ], [ -1875785.295679819537327, 1335986.220474157249555 ], [ -1875798.136460749199614, 1335989.023543211398646 ], [ -1875806.418656281661242, 1335951.083173192804679 ], [ -1875819.259489720221609, 1335953.886273813201115 ], [ -1875822.020239530364051, 1335941.239492204738781 ], [ -1875847.701931633753702, 1335946.845759258139879 ], [ -1875850.462718774797395, 1335934.198988034855574 ], [ -1875863.303577444516122, 1335937.002154472051188 ], [ -1875866.064383018063381, 1335924.355389509815723 ], [ -1875878.905256394762546, 1335927.158579259412363 ], [ -1875884.426903940271586, 1335901.865063996287063 ], [ -1875897.267810927238315, 1335904.668281186604872 ], [ -1875902.78949440526776, 1335879.374782717088237 ], [ -1875941.312303616898134, 1335887.784574172459543 ], [ -1875944.073201352264732, 1335875.137840516166762 ], [ -1875956.914148279000074, 1335877.941146837314591 ], [ -1875962.435980147216469, 1335852.647694187005982 ], [ -1875988.117937022820115, 1335858.254380899248645 ], [ -1875990.878890054067597, 1335845.607666030526161 ], [ -1876016.560867971740663, 1335851.214437750866637 ], [ -1876013.799877143464983, 1335863.861144366906956 ], [ -1876000.958909178618342, 1335861.057753039523959 ], [ -1875989.915016795042902, 1335911.644617372890934 ], [ -1875977.074120232835412, 1335908.841261735884473 ], [ -1875949.464545620139688, 1336035.308613329427317 ], [ -1875936.623833856079727, 1336032.505318139912561 ], [ -1875925.580066551920027, 1336083.092335072113201 ], [ -1875912.739426193060353, 1336080.289075574604794 ], [ -1875904.456652514869347, 1336118.229373076697811 ], [ -1875994.340650191064924, 1336137.85250587342307 ], [ -1875980.535356624051929, 1336201.086233333451673 ], [ -1875967.694892588537186, 1336198.28289171308279 ], [ -1875964.933851374313235, 1336210.929647738579661 ], [ -1875952.093402048107237, 1336208.126329433405772 ], [ -1875946.571356021333486, 1336233.419856131542474 ], [ -1875933.730940300505608, 1336230.616565262898803 ], [ -1875928.208930204855278, 1336255.91010876162909 ], [ -1875902.528161792783067, 1336250.303601094987243 ], [ -1875899.767193844076246, 1336262.950384293915704 ], [ -1875886.926822253968567, 1336260.147163368761539 ], [ -1875884.16587273683399, 1336272.793952830135822 ], [ -1875807.123668618034571, 1336255.975054979790002 ], [ -1875809.884504743153229, 1336243.328240764094517 ], [ -1875797.044103831518441, 1336240.525154154282063 ], [ -1875802.565736885648221, 1336215.231523880269378 ], [ -1875789.725293985102326, 1336212.428448205115274 ] ] ], [ [ [ -1871992.683112085098401, 1343015.91286520450376 ], [ -1871979.852831713855267, 1343013.11548278061673 ], [ -1871982.610625657252967, 1343000.466730784159154 ], [ -1871969.78032220643945, 1342997.669363411841914 ], [ -1871972.538096787873656, 1342985.020609407220036 ], [ -1871946.877439540112391, 1342979.425923940492794 ], [ -1871952.392911716829985, 1342954.128405775642022 ], [ -1871939.562539019156247, 1342951.331083558499813 ], [ -1871942.320255515864119, 1342938.682323517976329 ], [ -1871929.489859738154337, 1342935.885016352403909 ], [ -1871940.520645517623052, 1342885.289980825502425 ], [ -1871927.690169953508303, 1342882.492676349589601 ], [ -1871933.205522279022262, 1342857.195163008291274 ], [ -1871946.036035645985976, 1342859.992475725244731 ], [ -1871948.79373002005741, 1342847.343726340448484 ], [ -1872012.946328664431348, 1342861.330598128959537 ], [ -1872015.704117085319012, 1342848.681871463311836 ], [ -1872041.365165084134787, 1342854.276762631954625 ], [ -1872044.122990849427879, 1342841.628046313300729 ], [ -1872069.784059927798808, 1342847.223022416001186 ], [ -1872072.541923034470528, 1342834.574316455749795 ], [ -1872085.372470204019919, 1342837.371837388491258 ], [ -1872088.13035175204277, 1342824.723137659486383 ], [ -1872113.791471356060356, 1342830.318245287751779 ], [ -1872116.549390246393159, 1342817.669555911561474 ], [ -1872206.363309478154406, 1342837.253065415425226 ], [ -1872203.605258278083056, 1342849.901725940173492 ], [ -1872229.266302630538121, 1342855.497178685618564 ], [ -1872223.750123243778944, 1342880.794489585096017 ], [ -1872236.580601344816387, 1342883.592236474622041 ], [ -1872231.064382313052192, 1342908.889547578059137 ], [ -1872218.233942014630884, 1342906.091808930970728 ], [ -1872215.475850709713995, 1342918.740471770055592 ], [ -1872202.645425132010132, 1342915.942756420001388 ], [ -1872194.371205160859972, 1342953.888769963057712 ], [ -1872181.540832104394212, 1342951.091086148051545 ], [ -1872176.024720958899707, 1342976.388447305420414 ], [ -1872163.194381526904181, 1342973.59079090738669 ], [ -1872160.436344164889306, 1342986.239478773903102 ], [ -1872134.775690561393276, 1342980.64423173898831 ], [ -1872132.017690541921183, 1342993.292929961113259 ], [ -1872055.035742800915614, 1342976.507673731306568 ], [ -1872052.277855731546879, 1342989.156398786697537 ], [ -1872026.6172108463943, 1342983.561475002439693 ], [ -1872012.827957607340068, 1343046.80517315864563 ], [ -1871999.997723401989788, 1343044.007760632550344 ], [ -1872002.755556067917496, 1343031.359012659871951 ], [ -1871989.925298780901358, 1343028.561615184182301 ], [ -1871992.683112085098401, 1343015.91286520450376 ] ] ], [ [ [ -1872691.910354505758733, 1345540.244432641426101 ], [ -1872694.670007429318503, 1345527.595691099762917 ], [ -1872669.016949120210484, 1345521.99884740030393 ], [ -1872674.536177983973175, 1345496.70135413412936 ], [ -1872687.36274703242816, 1345499.499774646945298 ], [ -1872690.12237967713736, 1345486.851035293191671 ], [ -1872702.948963445378467, 1345489.649479098850861 ], [ -1872705.708614533534274, 1345477.000745969358832 ], [ -1872731.361807329813018, 1345482.597699327394366 ], [ -1872734.121495763305575, 1345469.948976543731987 ], [ -1872759.774709632620215, 1345475.546014820458367 ], [ -1872762.534435408655554, 1345462.89730239356868 ], [ -1872788.187670355429873, 1345468.494425585959107 ], [ -1872790.947433476569131, 1345455.845723506063223 ], [ -1872855.080542163690552, 1345469.838887537596747 ], [ -1872852.320684535196051, 1345482.487568997079507 ], [ -1872890.800442854873836, 1345490.883685050765052 ], [ -1872893.560357187408954, 1345478.235015963437036 ], [ -1872983.346445868490264, 1345497.826653147349134 ], [ -1872986.106492051621899, 1345485.178015035809949 ], [ -1873011.759660405106843, 1345490.775806413032115 ], [ -1873006.239491974469274, 1345516.073068242985755 ], [ -1872993.412947691511363, 1345513.274171220837161 ], [ -1872990.65288169006817, 1345525.922809411771595 ], [ -1872977.826352125965059, 1345523.123935679672286 ], [ -1872975.066304565872997, 1345535.772580103483051 ], [ -1872962.239789720391855, 1345532.973729663994163 ], [ -1872959.479760603513569, 1345545.622380310669541 ], [ -1872921.000247676158324, 1345537.225956365698949 ], [ -1872918.240274805575609, 1345549.874621484661475 ], [ -1872905.413781031034887, 1345547.075855961069465 ], [ -1872899.893871714593843, 1345572.373200762318447 ], [ -1872887.067411563592032, 1345569.574462654301897 ], [ -1872884.307475117966533, 1345582.223142334958538 ], [ -1872845.828126272885129, 1345573.82705538906157 ], [ -1872843.06824607308954, 1345586.475749546661973 ], [ -1872804.5889162926469, 1345578.079847475513816 ], [ -1872801.82909233844839, 1345590.728556105401367 ], [ -1872737.696886903839186, 1345576.735789948375896 ], [ -1872740.456616350449622, 1345564.087060699472204 ], [ -1872701.977186204632744, 1345555.691618638811633 ], [ -1872704.736858488759026, 1345543.042879117885605 ], [ -1872691.910354505758733, 1345540.244432641426101 ] ] ], [ [ [ -1873236.609211528673768, 1346122.890296331141144 ], [ -1873239.369825575267896, 1346110.241687454748899 ], [ -1873213.718508605146781, 1346104.643215819261968 ], [ -1873216.479084389749914, 1346091.994600798003376 ], [ -1873190.827712882310152, 1346086.396197576308623 ], [ -1873193.588250406784937, 1346073.747576401568949 ], [ -1873167.936824365286157, 1346068.149241592269391 ], [ -1873170.697323628468439, 1346055.500614268239588 ], [ -1873157.871585432905704, 1346052.701471487525851 ], [ -1873160.632065336918458, 1346040.052842136938125 ], [ -1873147.806304057361558, 1346037.253714396618307 ], [ -1873153.327224684646353, 1346011.956453756196424 ], [ -1873140.501421417342499, 1346009.157336932374164 ], [ -1873143.261862141545862, 1345996.508705639978871 ], [ -1873091.958531645825133, 1345985.312413509469479 ], [ -1873094.718896305887029, 1345972.663767818361521 ], [ -1873043.415423281490803, 1345961.467765845125541 ], [ -1873046.175711877411231, 1345948.819105755072087 ], [ -1872917.916547520319, 1345920.830401212675497 ], [ -1872915.156447938177735, 1345933.479102549143136 ], [ -1872825.374916350701824, 1345913.888178635854274 ], [ -1872828.134883622406051, 1345901.239448428153992 ], [ -1872815.308914909139276, 1345898.440817551221699 ], [ -1872818.068862821673974, 1345885.792085318593308 ], [ -1872792.416875043185428, 1345880.194872819818556 ], [ -1872800.696602618321776, 1345842.248663988430053 ], [ -1872787.870545752812177, 1345839.450074115768075 ], [ -1872798.910100493812934, 1345788.85514193540439 ], [ -1872786.083963840035722, 1345786.056554732378572 ], [ -1872788.843832476530224, 1345773.407822822453454 ], [ -1872776.017672737129033, 1345770.609250661218539 ], [ -1872778.777522014686838, 1345757.9605167217087 ], [ -1872765.951339193852618, 1345755.161959603661671 ], [ -1872771.470998569624498, 1345729.86448978446424 ], [ -1872758.644773764070123, 1345727.065943585475907 ], [ -1872764.164393502287567, 1345701.768473927862942 ], [ -1872853.948143944842741, 1345721.358757567359135 ], [ -1872851.188201994402334, 1345734.007462477078661 ], [ -1872864.014416426885873, 1345736.806146968156099 ], [ -1872855.73453112016432, 1345774.752261933172122 ], [ -1872894.212979214033112, 1345783.148393287789077 ], [ -1872891.452959823422134, 1345795.797090109204873 ], [ -1872929.931313572218642, 1345804.193381589837372 ], [ -1872927.171237020054832, 1345816.842068132478744 ], [ -1872939.997327669290826, 1345819.640866168309003 ], [ -1872923.436745308339596, 1345895.533004845026881 ], [ -1872949.088687245734036, 1345901.130608921637759 ], [ -1872946.328550778795034, 1345913.779297803528607 ], [ -1873010.458237921120599, 1345927.773622781969607 ], [ -1873013.218468895182014, 1345915.12495452305302 ], [ -1873038.870352275669575, 1345920.722826928598806 ], [ -1873041.630620596231893, 1345908.074169011088088 ], [ -1873092.934412775794044, 1345919.270160316955298 ], [ -1873095.694756241515279, 1345906.621521008666605 ], [ -1873121.346665035234764, 1345912.219639907823876 ], [ -1873124.107045845361426, 1345899.571010950719938 ], [ -1873149.758975713513792, 1345905.169214765774086 ], [ -1873152.519393866881728, 1345892.520596161251888 ], [ -1873165.345371426781639, 1345895.319730943068862 ], [ -1873168.105808024294674, 1345882.671118561411276 ], [ -1873180.9318003046792, 1345885.470276635838673 ], [ -1873183.692255344241858, 1345872.821670481702313 ], [ -1873247.822248500771821, 1345886.817768970504403 ], [ -1873250.582797586452216, 1345874.169185549486428 ], [ -1873263.408802571939304, 1345876.968466871418059 ], [ -1873268.929937172913924, 1345851.671314572682604 ], [ -1873294.582010194659233, 1345857.269951217574999 ], [ -1873297.342614609980956, 1345844.621386472368613 ], [ -1873310.168663747375831, 1345847.420737669803202 ], [ -1873312.929286604281515, 1345834.772179151885211 ], [ -1873441.18973691877909, 1345862.766786533407867 ], [ -1873443.950548329623416, 1345850.118271371815354 ], [ -1873559.384766034781933, 1345875.315093877725303 ], [ -1873556.623784513678402, 1345887.963571908418089 ], [ -1873582.275749068241566, 1345893.563068376854062 ], [ -1873579.514729286311194, 1345906.211540256859735 ], [ -1873592.340686389245093, 1345909.011313115712255 ], [ -1873589.57964724721387, 1345921.659782971953973 ], [ -1873602.405581262893975, 1345924.459570869803429 ], [ -1873599.644522761227563, 1345937.108038702281192 ], [ -1873612.470433691516519, 1345939.907841640524566 ], [ -1873609.709355829749256, 1345952.556307450402528 ], [ -1873622.535243675578386, 1345955.356125429039821 ], [ -1873619.774146455107257, 1345968.004589206771925 ], [ -1873645.425871795043349, 1345973.604274412151426 ], [ -1873639.903600370744243, 1345998.901191783603281 ], [ -1873627.07777759572491, 1345996.101347849704325 ], [ -1873618.794423723593354, 1346034.046752038178965 ], [ -1873593.142879026709124, 1346028.447146425256506 ], [ -1873590.38179795211181, 1346041.09562695142813 ], [ -1873564.730274325236678, 1346035.496106256963685 ], [ -1873561.969230596441776, 1346048.144597125938162 ], [ -1873549.143481405917555, 1346045.344869651598856 ], [ -1873546.382456118473783, 1346057.993366754613817 ], [ -1873520.730982993496582, 1346052.393977558705956 ], [ -1873517.969995050225407, 1346065.042485010344535 ], [ -1873505.144271110882983, 1346062.242823287146166 ], [ -1873502.383301610127091, 1346074.89133696584031 ], [ -1873489.55759239057079, 1346072.09169853432104 ], [ -1873484.035689814016223, 1346097.388740454800427 ], [ -1873471.21001421334222, 1346094.589129441417754 ], [ -1873468.449081139871851, 1346107.237657671794295 ], [ -1873455.623420254793018, 1346104.438069948228076 ], [ -1873452.862505621509627, 1346117.086604415904731 ], [ -1873427.211209107190371, 1346111.487494721543044 ], [ -1873424.450331818778068, 1346124.136039537610486 ], [ -1873411.624696187674999, 1346121.336517565418035 ], [ -1873408.86383734177798, 1346133.985068608541042 ], [ -1873396.038216426037252, 1346131.185569926165044 ], [ -1873393.277376023586839, 1346143.834127192385495 ], [ -1873380.451769827865064, 1346141.034651801455766 ], [ -1873377.690947866998613, 1346153.683215298922732 ], [ -1873364.865356387803331, 1346150.883763200603426 ], [ -1873362.104552870383486, 1346163.532332919538021 ], [ -1873336.453395168064162, 1346157.933494470315054 ], [ -1873333.692628993652761, 1346170.582074547652155 ], [ -1873269.564756033243611, 1346156.585334452334791 ], [ -1873272.325427701231092, 1346143.936733747599646 ], [ -1873246.674211432226002, 1346138.338163620326668 ], [ -1873249.434844837989658, 1346125.68955677212216 ], [ -1873236.609211528673768, 1346122.890296331141144 ] ] ], [ [ [ -1873352.667361363768578, 1346452.99894213816151 ], [ -1873339.842217165743932, 1346450.199527432676405 ], [ -1873345.363957325462252, 1346424.902322413399816 ], [ -1873332.538771138992161, 1346422.10291862138547 ], [ -1873338.060471661156043, 1346396.805713756475598 ], [ -1873325.23524349112995, 1346394.006320878164843 ], [ -1873339.039392269449309, 1346330.763324836734682 ], [ -1873351.864714945899323, 1346333.562738342676312 ], [ -1873365.668946768622845, 1346270.31981543963775 ], [ -1873378.494359770556912, 1346273.119268740294501 ], [ -1873381.255223660031334, 1346260.470694589894265 ], [ -1873432.556909431703389, 1346271.668715946841985 ], [ -1873435.317848467733711, 1346259.020160398678854 ], [ -1873448.14327835268341, 1346261.819717776495963 ], [ -1873467.469971078680828, 1346173.279916632687673 ], [ -1873480.295529088703915, 1346176.079522057669237 ], [ -1873483.056502259569243, 1346163.430991566739976 ], [ -1873572.835423499811441, 1346183.028795062564313 ], [ -1873567.313212084583938, 1346208.325800377642736 ], [ -1873580.138717726105824, 1346211.125555003993213 ], [ -1873574.616466671926901, 1346236.422560480656102 ], [ -1873587.441930325469002, 1346239.222326018847525 ], [ -1873584.680785209871829, 1346251.870827777311206 ], [ -1873597.506225778022781, 1346254.670608354499564 ], [ -1873591.983896369580179, 1346279.967609922401607 ], [ -1873604.80929495440796, 1346282.767401414690539 ], [ -1873602.048110659467056, 1346295.415901231113821 ], [ -1873614.873486156575382, 1346298.215707761002705 ], [ -1873612.112282503629103, 1346310.864205545280129 ], [ -1873637.762983146356419, 1346316.463867849903181 ], [ -1873629.479256028775126, 1346354.409349048975855 ], [ -1873616.653964504366741, 1346351.609520692145452 ], [ -1873613.892740114592016, 1346364.258022759109735 ], [ -1873588.242182313231751, 1346358.65843179426156 ], [ -1873585.480995268560946, 1346371.306944208219647 ], [ -1873572.655728992074728, 1346368.50718159857206 ], [ -1873569.894560389686376, 1346381.155700239818543 ], [ -1873544.24405309301801, 1346375.556240773294121 ], [ -1873541.482921833638102, 1346388.204769769916311 ], [ -1873503.007186211645603, 1346379.805736685637385 ], [ -1873500.246111199026927, 1346392.454280156176537 ], [ -1873436.119895995594561, 1346378.456295617390424 ], [ -1873430.597933605313301, 1346403.753430123906583 ], [ -1873417.772715817671269, 1346400.95389896328561 ], [ -1873401.206931053427979, 1346476.845377635443583 ], [ -1873388.381822489667684, 1346474.04589039622806 ], [ -1873385.620875658700243, 1346486.694481653161347 ], [ -1873359.970683781662956, 1346481.09557291935198 ], [ -1873362.731592810014263, 1346468.44697340996936 ], [ -1873349.906471696449444, 1346465.64754366572015 ], [ -1873352.667361363768578, 1346452.99894213816151 ] ] ], [ [ [ -1872886.884612295776606, 1346801.8813942510169 ], [ -1872889.644968942273408, 1346789.232603806769475 ], [ -1872876.820327189518139, 1346786.433881013654172 ], [ -1872879.580664476612583, 1346773.785088542848825 ], [ -1872866.755999642191455, 1346770.986380790127441 ], [ -1872869.516317569417879, 1346758.337586294161156 ], [ -1872856.691629649139941, 1346755.538893579039723 ], [ -1872870.49311790918, 1346692.294931951444596 ], [ -1872844.843540510395542, 1346686.697562768124044 ], [ -1872850.364057002821937, 1346661.399976306827739 ], [ -1872824.714387266431004, 1346655.802667283685878 ], [ -1872827.474607021547854, 1346643.153868955327198 ], [ -1872814.649746980285272, 1346640.355239065596834 ], [ -1872817.409947375534102, 1346627.706438712077215 ], [ -1872804.585064250044525, 1346624.90782386274077 ], [ -1872810.105425863992423, 1346599.610221199691296 ], [ -1872797.280500751454383, 1346596.811617265222594 ], [ -1872802.800822730641812, 1346571.514014748157933 ], [ -1872789.97585563454777, 1346568.71542173018679 ], [ -1872792.735997034935281, 1346556.066619497258216 ], [ -1872779.911006852984428, 1346553.268041518051177 ], [ -1872782.671128893271089, 1346540.619237262755632 ], [ -1872757.021098185097799, 1346535.02213055244647 ], [ -1872759.781181964324787, 1346522.373320146463811 ], [ -1872734.131096722790971, 1346516.776281845523044 ], [ -1872739.651187301147729, 1346491.47865082975477 ], [ -1872726.826100605074316, 1346488.680152177810669 ], [ -1872729.586126305861399, 1346476.031335693318397 ], [ -1872703.935902562923729, 1346470.434387637767941 ], [ -1872706.695890002185479, 1346457.785565003985539 ], [ -1872604.094676551176235, 1346435.398506388999522 ], [ -1872601.334840325405821, 1346448.04736201511696 ], [ -1872575.684532947838306, 1346442.450797259574756 ], [ -1872578.444331370294094, 1346429.801933385198936 ], [ -1872437.367133905179799, 1346399.022152181249112 ], [ -1872440.126723951194435, 1346386.373245038092136 ], [ -1872388.825723827350885, 1346375.181155789643526 ], [ -1872391.585237806662917, 1346362.532234260579571 ], [ -1872378.759958421578631, 1346359.734255737857893 ], [ -1872389.797934154281393, 1346309.138574108015746 ], [ -1872376.972574981162325, 1346306.340598254930228 ], [ -1872382.491522293770686, 1346281.042761796386912 ], [ -1872344.015306272078305, 1346272.648924493696541 ], [ -1872346.774722537025809, 1346259.999997039092705 ], [ -1872321.123853150056675, 1346254.404193083988503 ], [ -1872323.883231153246015, 1346241.755259483121336 ], [ -1872298.232307238737121, 1346236.159523943439126 ], [ -1872300.991646979004145, 1346223.510584202827886 ], [ -1872288.166159846121445, 1346220.712741057854146 ], [ -1872290.925480228150263, 1346208.063799285097048 ], [ -1872278.099970014533028, 1346205.26597118168138 ], [ -1872280.859271035529673, 1346192.617027390981093 ], [ -1872255.208200260531157, 1346187.02142043504864 ], [ -1872257.967463019769639, 1346174.372470499249175 ], [ -1872245.141902460018173, 1346171.574691648129374 ], [ -1872247.901145859388635, 1346158.925739685539156 ], [ -1872222.249974392121658, 1346153.330231232801452 ], [ -1872225.009179529733956, 1346140.681273125344887 ], [ -1872212.18356862408109, 1346137.883543523726985 ], [ -1872214.942754402058199, 1346125.234583392273635 ], [ -1872189.291482242988423, 1346119.639173441333696 ], [ -1872192.050629758741707, 1346106.990207165013999 ], [ -1872179.224968507420272, 1346104.192526814294979 ], [ -1872184.743224360281602, 1346078.894592317054048 ], [ -1872171.917521124472842, 1346076.096922886790708 ], [ -1872174.676629462046549, 1346063.447954665869474 ], [ -1872264.456596634117886, 1346083.032072024652734 ], [ -1872261.697355983778834, 1346095.681011382723227 ], [ -1872287.34869974385947, 1346101.276637733913958 ], [ -1872284.589420830830932, 1346113.925570948282257 ], [ -1872310.240710065932944, 1346119.52126571466215 ], [ -1872307.481392892776057, 1346132.170192778576165 ], [ -1872333.132627599872649, 1346137.765955961542204 ], [ -1872330.373272164491937, 1346150.41487688315101 ], [ -1872368.850036159157753, 1346158.808653030078858 ], [ -1872366.090623559663072, 1346171.457563681295142 ], [ -1872404.567293223924935, 1346179.851499950280413 ], [ -1872401.807823461480439, 1346192.500400330638513 ], [ -1872414.633352750446647, 1346195.298413295997307 ], [ -1872409.114374047610909, 1346220.596212106989697 ], [ -1872473.241768759908155, 1346234.586523175472394 ], [ -1872470.482184212189168, 1346247.235405113780871 ], [ -1872508.958514162106439, 1346255.629809371894225 ], [ -1872506.198872450506315, 1346268.278681042604148 ], [ -1872570.325910891173407, 1346282.269717495888472 ], [ -1872567.566174214472994, 1346294.918570640962571 ], [ -1872618.867654092842713, 1346306.111728285672143 ], [ -1872616.107841350138187, 1346318.760567038785666 ], [ -1872628.933181965956464, 1346321.558900241041556 ], [ -1872626.173349863383919, 1346334.207736971788108 ], [ -1872638.998667393345386, 1346337.006085212808102 ], [ -1872636.23881593067199, 1346349.654919918626547 ], [ -1872649.064110377570614, 1346352.453283201437443 ], [ -1872643.544368276372552, 1346377.750950656831264 ], [ -1872656.369620740413666, 1346380.549324857536703 ], [ -1872650.849839001661167, 1346405.846992468694225 ], [ -1872702.150655820267275, 1346417.040647928602993 ], [ -1872704.910622524796054, 1346404.391829571919516 ], [ -1872717.735835175961256, 1346407.190295474836603 ], [ -1872723.255805014865473, 1346381.892673301743343 ], [ -1872774.556765018031001, 1346393.086761560291052 ], [ -1872771.796704720938578, 1346405.735555097460747 ], [ -1872900.048622964881361, 1346433.72207605978474 ], [ -1872902.808872277149931, 1346421.073323767399415 ], [ -1872941.284422901691869, 1346429.469666151795536 ], [ -1872944.044728458859026, 1346416.820928341709077 ], [ -1873059.471324594924226, 1346442.011027536354959 ], [ -1873062.231799808563665, 1346429.362328943330795 ], [ -1873087.882146298652515, 1346434.960347831016406 ], [ -1873090.642658856930211, 1346422.311659587547183 ], [ -1873103.467844731640071, 1346425.110701905097812 ], [ -1873106.228375732665882, 1346412.46201988752 ], [ -1873119.053576323902234, 1346415.261085494887084 ], [ -1873121.814125766744837, 1346402.612409708555788 ], [ -1873147.464552205754444, 1346408.210606669075787 ], [ -1873150.225138994865119, 1346395.56194122415036 ], [ -1873188.700803983258083, 1346403.959392780670896 ], [ -1873185.94016048964113, 1346416.608045847620815 ], [ -1873198.765354887349531, 1346419.407230571378022 ], [ -1873196.004692035960034, 1346432.055881605949253 ], [ -1873208.829863347113132, 1346434.855081368703395 ], [ -1873181.22302060178481, 1346561.341666002292186 ], [ -1873194.047998718218878, 1346564.140843677567318 ], [ -1873188.526586866471916, 1346589.438177552539855 ], [ -1873201.35152299515903, 1346592.237366139655933 ], [ -1873195.830071508185938, 1346617.5347001592163 ], [ -1873208.654965650988743, 1346620.333899661200121 ], [ -1873205.8942203191109, 1346632.982565692393109 ], [ -1873218.719091377686709, 1346635.781780234770849 ], [ -1873215.958326686639339, 1346648.430444239405915 ], [ -1873228.783174663083628, 1346651.229673819383606 ], [ -1873226.022390611702576, 1346663.878335800021887 ], [ -1873251.672036207979545, 1346669.476844203658402 ], [ -1873248.911213895073161, 1346682.125500035239384 ], [ -1873261.736011519562453, 1346684.924778858898208 ], [ -1873256.214327716967091, 1346710.222088564420119 ], [ -1873269.03908335370943, 1346713.021378301782534 ], [ -1873257.99563464615494, 1346763.616006394615397 ], [ -1873270.820310496492311, 1346766.415298792766407 ], [ -1873257.015894795302302, 1346829.658610513433814 ], [ -1873269.84047195292078, 1346832.457901447312906 ], [ -1873267.079568536719307, 1346845.106565963244066 ], [ -1873279.90412261034362, 1346847.905871936120093 ], [ -1873277.143199835205451, 1346860.554534420836717 ], [ -1873264.318664663471282, 1346857.755232573486865 ], [ -1873261.557760331314057, 1346870.403901285724714 ], [ -1873184.610574860824272, 1346853.608517404645681 ], [ -1873181.849783479468897, 1346866.257212968310341 ], [ -1873169.02525682724081, 1346863.458053521579131 ], [ -1873166.264483889099211, 1346876.106755309738219 ], [ -1873153.439971957588568, 1346873.307619151426479 ], [ -1873147.918462509522215, 1346898.605037278030068 ], [ -1872917.077212946256623, 1346848.224012043792754 ], [ -1872919.837627671426162, 1346835.575227679451928 ], [ -1872907.013055172748864, 1346832.776459768181667 ], [ -1872912.533845447003841, 1346807.478889080928639 ], [ -1872886.884612295776606, 1346801.8813942510169 ] ] ], [ [ [ -1873346.238381664501503, 1347405.692681943066418 ], [ -1873351.760792631655931, 1347380.39530676510185 ], [ -1873364.584546804428101, 1347383.194739280967042 ], [ -1873367.345770502695814, 1347370.546058964217082 ], [ -1873380.169539390830323, 1347373.345514768734574 ], [ -1873382.930781533243135, 1347360.696840670658275 ], [ -1873408.578344564884901, 1347366.295818021055311 ], [ -1873411.33962405170314, 1347353.647154277190566 ], [ -1873424.163418193114921, 1347356.446675823070109 ], [ -1873426.924716122681275, 1347343.798018306260929 ], [ -1873439.748524981550872, 1347346.597563141956925 ], [ -1873442.509841356892139, 1347333.948911839630455 ], [ -1873455.333664935547858, 1347336.748479963978752 ], [ -1873458.094999752938747, 1347324.09983489010483 ], [ -1873470.91883804788813, 1347326.899426304269582 ], [ -1873473.680191308958456, 1347314.250787453493103 ], [ -1873524.975578261306509, 1347325.449361249571666 ], [ -1873527.737006669864058, 1347312.800741003826261 ], [ -1873553.384712844388559, 1347318.400151132838801 ], [ -1873561.669108730973676, 1347280.454327733023092 ], [ -1873574.49301224690862, 1347283.254073922755197 ], [ -1873582.777460715966299, 1347245.308281781850383 ], [ -1873595.601416751742363, 1347248.108059512684122 ], [ -1873598.36291756038554, 1347235.459470453672111 ], [ -1873611.186888315482065, 1347238.259271477116272 ], [ -1873613.948407567339018, 1347225.610688642365858 ], [ -1873626.772393038263544, 1347228.41051295446232 ], [ -1873629.533930732635781, 1347215.761936347000301 ], [ -1873642.357930922880769, 1347218.561783948913217 ], [ -1873645.119487060699612, 1347205.913213565712795 ], [ -1873657.94350196630694, 1347208.713084457442164 ], [ -1873660.705076547339559, 1347196.064520297106355 ], [ -1873673.529106169939041, 1347198.864414480281994 ], [ -1873676.290699194418266, 1347186.215856544440612 ], [ -1873689.114743536571041, 1347189.015774018829688 ], [ -1873691.876355004264042, 1347176.367222307249904 ], [ -1873768.820646587060764, 1347193.167154336115345 ], [ -1873766.058921711985022, 1347205.815681287785992 ], [ -1873791.706947631435469, 1347211.415803684853017 ], [ -1873788.945184496231377, 1347224.064324478618801 ], [ -1873827.417135289404541, 1347232.464639417594299 ], [ -1873824.655314992414787, 1347245.113149928161874 ], [ -1873875.951115196803585, 1347256.313821627991274 ], [ -1873873.189218837302178, 1347268.962317725643516 ], [ -1873924.484876487869769, 1347280.163279529195279 ], [ -1873918.960931185400113, 1347305.460245002992451 ], [ -1873957.432517075212672, 1347313.861142806010321 ], [ -1873960.194546659477055, 1347301.212671400280669 ], [ -1874024.313867293065414, 1347315.214571639196947 ], [ -1874027.075990923680365, 1347302.566122972639278 ], [ -1874091.195301442872733, 1347316.568522928515449 ], [ -1874088.433083306998014, 1347329.216950957663357 ], [ -1874114.080740416422486, 1347334.818036826560274 ], [ -1874111.318484019488096, 1347347.466458701062948 ], [ -1874124.142287398222834, 1347350.267026252346113 ], [ -1874121.380011642118916, 1347362.915446095867082 ], [ -1874134.203791932435706, 1347365.716028683353215 ], [ -1874125.916905213613063, 1347403.661288414848968 ], [ -1874113.093181626405567, 1347400.860718212323263 ], [ -1874107.568625992396846, 1347426.157576774712652 ], [ -1874094.744936020346358, 1347423.35703398892656 ], [ -1874089.220416355878115, 1347448.653909199405462 ], [ -1874012.278415463399142, 1347431.851104443892837 ], [ -1874015.040562117937952, 1347419.202641025884077 ], [ -1873989.393157205311581, 1347413.601851154817268 ], [ -1873992.155265600420535, 1347400.953381576109678 ], [ -1873979.331537966849282, 1347398.153011257527396 ], [ -1873982.093627001857385, 1347385.504539652261883 ], [ -1873969.269876279868186, 1347382.704184369882569 ], [ -1873972.031945956638083, 1347370.055710732238367 ], [ -1873959.208172151586041, 1347367.255370484665036 ], [ -1873961.97022246918641, 1347354.606894814642146 ], [ -1873949.146425576182082, 1347351.806569603038952 ], [ -1873951.908456533681601, 1347339.15809190669097 ], [ -1873913.436984050320461, 1347330.757218869403005 ], [ -1873910.675009795930237, 1347343.405708947917446 ], [ -1873897.851196166593581, 1347340.605460388353094 ], [ -1873895.089240354951471, 1347353.253956694155931 ], [ -1873869.441638343269005, 1347347.653525319416076 ], [ -1873872.203556352993473, 1347335.005020758369938 ], [ -1873820.908226511674002, 1347323.804371458943933 ], [ -1873818.146384106948972, 1347336.452892527682707 ], [ -1873766.851062923436984, 1347325.252566348295659 ], [ -1873764.089295665500686, 1347337.901106022065505 ], [ -1873738.441647769883275, 1347332.301066162763163 ], [ -1873735.679917857050896, 1347344.949616186320782 ], [ -1873722.856106534833089, 1347342.149629129562527 ], [ -1873720.094395064283162, 1347354.79818538017571 ], [ -1873694.446797668933868, 1347349.198277009651065 ], [ -1873691.685123543720692, 1347361.846843608422205 ], [ -1873601.918533175019547, 1347342.247796834912151 ], [ -1873599.156990900635719, 1347354.896394421113655 ], [ -1873573.509393798653036, 1347349.296847491059452 ], [ -1873570.747888869140297, 1347361.945455425418913 ], [ -1873557.924102945253253, 1347359.145714834099635 ], [ -1873544.116665934910998, 1347422.388806604081765 ], [ -1873531.292970333946869, 1347419.589105807244778 ], [ -1873528.531500459648669, 1347432.237734577385709 ], [ -1873502.884134509367868, 1347426.638398726703599 ], [ -1873500.122701979940757, 1347439.287037848029286 ], [ -1873474.475357095478103, 1347433.687786900205538 ], [ -1873471.713961911154911, 1347446.336436371551827 ], [ -1873458.890302093932405, 1347443.53684376901947 ], [ -1873456.128925352822989, 1347456.185499464627355 ], [ -1873430.481630974449217, 1347450.586380001157522 ], [ -1873427.720291578443721, 1347463.23504604655318 ], [ -1873363.602076925104484, 1347449.23760337033309 ], [ -1873366.363321814453229, 1347436.588916693348438 ], [ -1873353.539647433208302, 1347433.789481519255787 ], [ -1873359.062098034424707, 1347408.492106205085292 ], [ -1873346.238381664501503, 1347405.692681943066418 ] ] ], [ [ [ -1866625.861144267721102, 1327064.470236700959504 ], [ -1866613.007027038838714, 1327061.680874147685245 ], [ -1866615.751884412951767, 1327049.031802901765332 ], [ -1866602.897744114045054, 1327046.242455453844741 ], [ -1866616.621929445769638, 1326982.997111111879349 ], [ -1866642.330394895747304, 1326988.575866231229156 ], [ -1866645.075268361018971, 1326975.926812041085213 ], [ -1866670.783754943870008, 1326981.505652198102325 ], [ -1866673.528665744001046, 1326968.85660837450996 ], [ -1866802.071037565590814, 1326996.75200269673951 ], [ -1866804.816136917565018, 1326984.103002045536414 ], [ -1866907.649885449092835, 1327006.420733339386061 ], [ -1866904.904634882230312, 1327019.069701173575595 ], [ -1866917.758815786102787, 1327021.859499921789393 ], [ -1866912.26827544439584, 1327047.157433853950351 ], [ -1866899.414132344070822, 1327044.367643309757113 ], [ -1866893.923627932555974, 1327069.665594078134745 ], [ -1866881.069518467178568, 1327066.875830949516967 ], [ -1866878.324284459464252, 1327079.524813678348437 ], [ -1866852.616090823663399, 1327073.945353247458115 ], [ -1866849.870894151739776, 1327086.594346337253228 ], [ -1866837.016809980850667, 1327083.804649036610499 ], [ -1866834.271631742594764, 1327096.453648386290297 ], [ -1866808.563488704152405, 1327090.874319616705179 ], [ -1866805.818347800523043, 1327103.523329333169386 ], [ -1866780.110225889133289, 1327097.944085598457605 ], [ -1866777.365122322691604, 1327110.593105668900535 ], [ -1866764.511074016802013, 1327107.803516716929153 ], [ -1866761.765988882631063, 1327120.452543052844703 ], [ -1866646.079536659643054, 1327095.347143776947632 ], [ -1866648.824451675871387, 1327082.698080522939563 ], [ -1866623.116267524892464, 1327077.119305993895978 ], [ -1866625.861144267721102, 1327064.470236700959504 ] ] ], [ [ [ -1865792.514250211650506, 1327307.49785955157131 ], [ -1865795.258045138558373, 1327294.848485508235171 ], [ -1865769.550495042931288, 1327289.27226201351732 ], [ -1865772.29425169643946, 1327276.622881925897673 ], [ -1865746.586647130548954, 1327271.046727064298466 ], [ -1865749.330365512752905, 1327258.397340927971527 ], [ -1865685.061186671257019, 1327244.457269409205765 ], [ -1865682.317562801297754, 1327257.106676045572385 ], [ -1865618.048374318052083, 1327243.167105225147679 ], [ -1865620.791903675533831, 1327230.517678090371192 ], [ -1865607.938034578692168, 1327227.729817451210693 ], [ -1865610.681544563500211, 1327215.08038838324137 ], [ -1865597.827652398496866, 1327212.292542852461338 ], [ -1865622.519051089882851, 1327098.447741394629702 ], [ -1865596.810914014000446, 1327092.872034161351621 ], [ -1865599.554362613009289, 1327080.222614364000037 ], [ -1865535.283852510387078, 1327066.283661932451651 ], [ -1865529.797143870033324, 1327091.582544679753482 ], [ -1865516.943067155312747, 1327088.794820017181337 ], [ -1865514.199731035390869, 1327101.444268726976588 ], [ -1865488.491602915804833, 1327095.868885227013379 ], [ -1865483.005004883510992, 1327121.16780551453121 ], [ -1865470.150972381234169, 1327118.380150775657967 ], [ -1865467.40769156627357, 1327131.029618251835927 ], [ -1865441.699651868082583, 1327125.454374597640708 ], [ -1865438.956408390542492, 1327138.10385243082419 ], [ -1865413.248389837797731, 1327132.528693807078525 ], [ -1865410.505183696513996, 1327145.17818200122565 ], [ -1865384.797186283627525, 1327139.603108410956338 ], [ -1865387.540354619733989, 1327126.953612018143758 ], [ -1865374.686330763623118, 1327124.166099936235696 ], [ -1865377.429479727754369, 1327111.516601607436314 ], [ -1865364.575432801386341, 1327108.729104633675888 ], [ -1865375.547948371851817, 1327058.13111648359336 ], [ -1865362.693821671651676, 1327055.34362232265994 ], [ -1865365.436930492054671, 1327042.694126578280702 ], [ -1865352.582780723460019, 1327039.906647525727749 ], [ -1865355.325870173750445, 1327027.257149841403589 ], [ -1865368.180038844700903, 1327030.044632992474362 ], [ -1865373.666254146024585, 1327004.745652293087915 ], [ -1865412.228848584229127, 1327013.10824159369804 ], [ -1865414.972012238809839, 1327000.458766787080094 ], [ -1865492.097202059114352, 1327017.184488613624126 ], [ -1865497.583754800027236, 1326991.885594645282254 ], [ -1865561.854820785811171, 1327005.824265397153795 ], [ -1865564.598190966527909, 1326993.174842149717733 ], [ -1865667.431831133086234, 1327015.477746991673484 ], [ -1865670.175352066289634, 1327002.828358696773648 ], [ -1865734.446336286142468, 1327016.76831900049001 ], [ -1865745.420793385943398, 1326966.170869406079873 ], [ -1865796.837808206444606, 1326977.323249001521617 ], [ -1865794.094119024928659, 1326989.972591758705676 ], [ -1865819.802563633304089, 1326995.548888607183471 ], [ -1865814.315108253387734, 1327020.847564208088443 ], [ -1865827.169286502059549, 1327023.635733244009316 ], [ -1865813.450545349856839, 1327086.882439508801326 ], [ -1865826.304624919546768, 1327089.670607253210619 ], [ -1865823.560856384690851, 1327102.319950871635228 ], [ -1865836.414912885753438, 1327105.108133724424988 ], [ -1865833.671124977292493, 1327117.757475412450731 ], [ -1865859.379187677754089, 1327123.333890544483438 ], [ -1865856.635361498221755, 1327135.983226181007922 ], [ -1865920.905350820394233, 1327149.924579652259126 ], [ -1865918.161429660161957, 1327162.573896949877962 ], [ -1865943.869358415482566, 1327168.150564594427124 ], [ -1865941.125398982316256, 1327180.799875849159434 ], [ -1865953.979338210541755, 1327183.588234383845702 ], [ -1865951.235359406797215, 1327196.237543695373461 ], [ -1865964.089275563135743, 1327199.025917337276042 ], [ -1865961.345277389744297, 1327211.675224702805281 ], [ -1865974.199170479085296, 1327214.463613454485312 ], [ -1865957.735058196354657, 1327290.3594783579465 ], [ -1865944.881278521148488, 1327287.571114210411906 ], [ -1865936.649272768292576, 1327325.519088090397418 ], [ -1865923.79554563597776, 1327322.730755452765152 ], [ -1865921.051561685046181, 1327335.380088494857773 ], [ -1865908.197849286021665, 1327332.591779164038599 ], [ -1865905.453883769689128, 1327345.241118459962308 ], [ -1865879.746484281495214, 1327339.664565626531839 ], [ -1865877.002556102583185, 1327352.31391527922824 ], [ -1865851.295177752152085, 1327346.737447477644309 ], [ -1865854.039068126352504, 1327334.088089623255655 ], [ -1865815.477912639733404, 1327325.723519675666466 ], [ -1865818.221745838876814, 1327313.074151676846668 ], [ -1865792.514250211650506, 1327307.49785955157131 ] ] ], [ [ [ -1864189.221723208203912, 1327688.306524767074734 ], [ -1864216.638548290589824, 1327561.807064149994403 ], [ -1864229.491918166168034, 1327564.59284571534954 ], [ -1864232.233617007732391, 1327551.942915608873591 ], [ -1864257.940382072003558, 1327557.514544555917382 ], [ -1864260.682118254713714, 1327544.864624790847301 ], [ -1864273.535513447597623, 1327547.650472172535956 ], [ -1864276.277268066536635, 1327535.00055866013281 ], [ -1864314.837485373485833, 1327543.358228341443464 ], [ -1864328.546535005094483, 1327480.108754580374807 ], [ -1864341.400026963325217, 1327482.894703375641257 ], [ -1864344.141854390734807, 1327470.244819188956171 ], [ -1864356.99536108947359, 1327473.03079128684476 ], [ -1864359.737206953344867, 1327460.380913351662457 ], [ -1864385.444245668360963, 1327465.952923366799951 ], [ -1864382.702361998381093, 1327478.602793107740581 ], [ -1864395.555856206687167, 1327481.388822830747813 ], [ -1864390.072049657814205, 1327506.688560585025698 ], [ -1864402.925501898629591, 1327509.47460131929256 ], [ -1864400.18357902020216, 1327522.124469333793968 ], [ -1864413.037008192623034, 1327524.910525177838281 ], [ -1864407.553123228717595, 1327550.210259472252801 ], [ -1864420.406510431319475, 1327552.996326328720897 ], [ -1864412.180622769286856, 1327590.945931654423475 ], [ -1864399.327292276080698, 1327588.159877090714872 ], [ -1864393.843402639962733, 1327613.459632938727736 ], [ -1864368.136804774170741, 1327607.887597819324583 ], [ -1864365.394897062098607, 1327620.537487170891836 ], [ -1864301.128424062626436, 1327606.607755987439305 ], [ -1864298.386610398534685, 1327619.257667983183637 ], [ -1864285.533322210190818, 1327616.471783466171473 ], [ -1864282.791526983026415, 1327629.121701713185757 ], [ -1864269.938253537984565, 1327626.335840499028563 ], [ -1864267.196476747049019, 1327638.985764995915815 ], [ -1864254.343218042049557, 1327636.199927085777745 ], [ -1864243.376181819010526, 1327686.79966302216053 ], [ -1864230.522994562285021, 1327684.013860709033906 ], [ -1864222.297769201919436, 1327721.963697572937235 ], [ -1864209.444634493906051, 1327719.177926758071408 ], [ -1864206.702910676598549, 1327731.827880786033347 ], [ -1864193.849790709093213, 1327729.04213327402249 ], [ -1864196.591495623346418, 1327716.392175148939714 ], [ -1864170.885205391095951, 1327710.820729552768171 ], [ -1864176.368538205046207, 1327685.520803377497941 ], [ -1864189.221723208203912, 1327688.306524767074734 ] ] ], [ [ [ -1863384.094841630896553, 1327553.57876146491617 ], [ -1863371.241455299546942, 1327550.794243208598346 ], [ -1863379.462939165066928, 1327512.843588839750737 ], [ -1863366.609491961775348, 1327510.059077504556626 ], [ -1863372.090441063512117, 1327484.758643844164908 ], [ -1863359.236951891565695, 1327481.974143527448177 ], [ -1863372.939221960026771, 1327418.72307660151273 ], [ -1863360.085634107002988, 1327415.938575014239177 ], [ -1863368.30693383468315, 1327377.987948434660211 ], [ -1863381.160578398965299, 1327380.772462306078523 ], [ -1863386.641480356222019, 1327355.472063555847853 ], [ -1863425.202502499334514, 1327363.825744985137135 ], [ -1863430.683516012271866, 1327338.525379422586411 ], [ -1863456.39091891865246, 1327344.094612795393914 ], [ -1863459.13146278145723, 1327331.444441439816728 ], [ -1863497.692592642037198, 1327339.798447844339535 ], [ -1863500.433192748576403, 1327327.148290931247175 ], [ -1863577.555453535867855, 1327343.856846923241392 ], [ -1863580.296166597865522, 1327331.206716735847294 ], [ -1863695.97944701067172, 1327356.270884109893814 ], [ -1863701.461211996618658, 1327330.970703925238922 ], [ -1863727.168637480586767, 1327336.540746566141024 ], [ -1863729.909557080129161, 1327323.890667898580432 ], [ -1863755.617003721417859, 1327329.460795561550185 ], [ -1863758.35796066140756, 1327316.810727239586413 ], [ -1863784.06542846490629, 1327322.380939926020801 ], [ -1863786.806422744179145, 1327309.730881953844801 ], [ -1863825.367649944033474, 1327318.086357331136242 ], [ -1863828.10870046634227, 1327305.436313804471865 ], [ -1863918.084883916657418, 1327324.933123963419348 ], [ -1863920.826066295383498, 1327312.28311126655899 ], [ -1863933.679809042718261, 1327315.068450788035989 ], [ -1863936.421009858837351, 1327302.418444341048598 ], [ -1863974.98226983868517, 1327310.774590442422777 ], [ -1863977.723526897374541, 1327298.124598439782858 ], [ -1864029.13855754560791, 1327309.266411871882156 ], [ -1864031.879889751551673, 1327296.616438408847898 ], [ -1864109.002424266887829, 1327313.329759370535612 ], [ -1864111.743869425030425, 1327300.679812644608319 ], [ -1864201.720102614955977, 1327320.179589735111222 ], [ -1864204.461679627653211, 1327307.52967384760268 ], [ -1864230.169175167102367, 1327313.101219795178622 ], [ -1864227.427560347830877, 1327325.751127489842474 ], [ -1864278.842425856040791, 1327336.894433490466326 ], [ -1864273.359043587464839, 1327362.194222583202645 ], [ -1864286.212711750064045, 1327364.980088908458129 ], [ -1864283.47100101201795, 1327377.629982590908185 ], [ -1864296.32464610831812, 1327380.415864025941119 ], [ -1864293.582915999693796, 1327393.065755768213421 ], [ -1864267.875659450655803, 1327387.494020296493545 ], [ -1864265.133966682013124, 1327400.143922384129837 ], [ -1864252.280351063702255, 1327397.35808755713515 ], [ -1864241.313650926807895, 1327447.957733866060153 ], [ -1864215.606558432104066, 1327442.386154610197991 ], [ -1864221.089833822799847, 1327417.086310754762962 ], [ -1864208.236243524821475, 1327414.300541744334623 ], [ -1864210.977861615363508, 1327401.650618955492973 ], [ -1864172.417009029537439, 1327393.293414880055934 ], [ -1864166.933885799720883, 1327418.593287198804319 ], [ -1864154.080297753680497, 1327415.807599116116762 ], [ -1864151.338754341937602, 1327428.457542604533955 ], [ -1864138.485181036405265, 1327425.671877825865522 ], [ -1864135.743656061124057, 1327438.321827565552667 ], [ -1864122.89009749609977, 1327435.536186090903357 ], [ -1864117.407083948841318, 1327460.836100235348567 ], [ -1864104.553559025749564, 1327458.050486163236201 ], [ -1864101.812070455867797, 1327470.700450559612364 ], [ -1864088.95856027584523, 1327467.914859791751951 ], [ -1864083.475619540084153, 1327493.214803252136335 ], [ -1864070.622143003623933, 1327490.429239884018898 ], [ -1864067.880690838210285, 1327503.079218946862966 ], [ -1864055.027229040628299, 1327500.293678881367669 ], [ -1864052.285795311210677, 1327512.943664196878672 ], [ -1864039.432348256232217, 1327510.158147436799482 ], [ -1864036.690932964906096, 1327522.808138996362686 ], [ -1864023.837500649038702, 1327520.02264554053545 ], [ -1864021.096103792311624, 1327532.672643358586356 ], [ -1864008.242686219746247, 1327529.887173206778243 ], [ -1864005.501307800179347, 1327542.537177271675318 ], [ -1863979.794497974682599, 1327536.966302783228457 ], [ -1863977.053156893933192, 1327549.616317200707272 ], [ -1863964.199764638673514, 1327546.830912864068523 ], [ -1863961.458441995084286, 1327559.480933531420305 ], [ -1863922.898296970175579, 1327551.124848054721951 ], [ -1863920.157030569855124, 1327563.77488316455856 ], [ -1863881.596904795384035, 1327555.418982841540128 ], [ -1863873.373272922355682, 1327593.369137977715582 ], [ -1863860.519946050597355, 1327590.583888574037701 ], [ -1863846.813978110207245, 1327653.834210699889809 ], [ -1863743.98796943994239, 1327631.553070776630193 ], [ -1863741.246925679035485, 1327644.203174436464906 ], [ -1863728.393674771301448, 1327641.418122473638505 ], [ -1863725.652649447321892, 1327654.068232383346185 ], [ -1863712.799413280794397, 1327651.283203724771738 ], [ -1863710.058406393276528, 1327663.933319887146354 ], [ -1863671.498729632701725, 1327655.578361439518631 ], [ -1863668.757778989616781, 1327668.228492040419951 ], [ -1863630.19812148460187, 1327659.873718745307997 ], [ -1863627.45722708501853, 1327672.523863790323958 ], [ -1863576.044367765076458, 1327661.384451345307752 ], [ -1863573.303548512980342, 1327674.034614928765222 ], [ -1863534.74391703819856, 1327665.680269556352869 ], [ -1863532.003154030069709, 1327678.330447582527995 ], [ -1863506.29675004654564, 1327672.760988226160407 ], [ -1863503.556024379562587, 1327685.411176593741402 ], [ -1863490.702835050644353, 1327682.626479822909459 ], [ -1863487.962127820588648, 1327695.27667444315739 ], [ -1863462.25577448355034, 1327689.707346712704748 ], [ -1863459.515104594873264, 1327702.357551674125716 ], [ -1863433.808772423537448, 1327696.788308962713927 ], [ -1863431.068139873677865, 1327709.438524276949465 ], [ -1863418.214986447477713, 1327706.653935825219378 ], [ -1863415.474372335476801, 1327719.304157384904101 ], [ -1863389.768090812023729, 1327713.735046296613291 ], [ -1863387.027514039771631, 1327726.385278206085786 ], [ -1863361.321253677364439, 1327720.816252135671675 ], [ -1863364.061792642110959, 1327708.166012037545443 ], [ -1863351.208637314382941, 1327705.381523716030642 ], [ -1863384.094841630896553, 1327553.57876146491617 ] ] ], [ [ [ -1868913.48663449077867, 1328925.50974044483155 ], [ -1868916.23533930350095, 1328912.861272149253637 ], [ -1868877.681261458666995, 1328904.482974307145923 ], [ -1868888.67584921233356, 1328853.889073386555538 ], [ -1868850.121506992494687, 1328845.510899094864726 ], [ -1868852.870096056722105, 1328832.862416930263862 ], [ -1868904.275952940341085, 1328844.033370824530721 ], [ -1868907.024617141811177, 1328831.384907239349559 ], [ -1868932.727558344602585, 1328836.970507627353072 ], [ -1868935.476259880000725, 1328824.322054413147271 ], [ -1868974.03069709171541, 1328832.70061135198921 ], [ -1868976.779454862233251, 1328820.052172613097355 ], [ -1868989.630944485077634, 1328822.845067443093285 ], [ -1868992.379720687866211, 1328810.196634968277067 ], [ -1869018.082725217798725, 1328815.782490457873791 ], [ -1869020.831538754748181, 1328803.134068349841982 ], [ -1869033.683053658809513, 1328805.927029007580131 ], [ -1869036.431885629193857, 1328793.278613163623959 ], [ -1869049.283415260724723, 1328796.071597133995965 ], [ -1869052.032265663612634, 1328783.423187552718446 ], [ -1869129.141469215974212, 1328800.181519316509366 ], [ -1869126.392505406867713, 1328812.829904252896085 ], [ -1869177.798482027603313, 1328824.002493087900802 ], [ -1869172.300401797750965, 1328849.299236559076235 ], [ -1869185.151847715489566, 1328852.092423563124612 ], [ -1869179.653727811295539, 1328877.389167432207614 ], [ -1869166.802319695241749, 1328874.595988644985482 ], [ -1869164.053277941653505, 1328887.244367920560762 ], [ -1869151.201884552603588, 1328884.451212445972487 ], [ -1869148.452861231518909, 1328897.09959798399359 ], [ -1869135.601482570171356, 1328894.306465820642188 ], [ -1869132.852477682288736, 1328906.954857618547976 ], [ -1869120.001113747712225, 1328904.161748766200617 ], [ -1869114.503140369895846, 1328929.458547039655969 ], [ -1869101.651810060953721, 1328926.665465608472005 ], [ -1869098.902841569855809, 1328939.313872088445351 ], [ -1869086.051525990711525, 1328936.520813969662413 ], [ -1869080.553625406464562, 1328961.817641604458913 ], [ -1869054.851057328749448, 1328956.23159941053018 ], [ -1869052.102144137024879, 1328968.880024672485888 ], [ -1869026.399597166338935, 1328963.294067510403693 ], [ -1869023.650721309706569, 1328975.942503137979656 ], [ -1868972.245652891695499, 1328964.770835696952417 ], [ -1868974.99445314402692, 1328952.1223836382851 ], [ -1868936.440551305189729, 1328943.743822377175093 ], [ -1868939.189294387353584, 1328931.095360145904124 ], [ -1868913.48663449077867, 1328925.50974044483155 ] ] ], [ [ [ -1862823.582293850602582, 1327842.726844986900687 ], [ -1862826.322122863959521, 1327830.07641052105464 ], [ -1862787.763190937228501, 1327821.725413877516985 ], [ -1862795.982505041640252, 1327783.774086559657007 ], [ -1862757.423365538474172, 1327775.423225929494947 ], [ -1862754.683651348110288, 1327788.073678500717506 ], [ -1862703.271482724230736, 1327776.939482931979001 ], [ -1862706.011121298186481, 1327764.289013983681798 ], [ -1862680.304974223254248, 1327758.722023253561929 ], [ -1862683.044574522180483, 1327746.071548272157088 ], [ -1862631.632154840277508, 1327734.93778091785498 ], [ -1862634.371679056901485, 1327722.287291713291779 ], [ -1862608.665406450163573, 1327716.72051508910954 ], [ -1862614.144377866527066, 1327691.419526773039252 ], [ -1862588.438013006001711, 1327685.852810602169484 ], [ -1862591.177460205741227, 1327673.202311490895227 ], [ -1862578.32425263361074, 1327670.418978122994304 ], [ -1862581.063680463237688, 1327657.768477068748325 ], [ -1862555.357215033378452, 1327652.201859766151756 ], [ -1862558.096604588907212, 1327639.551352677401155 ], [ -1862532.390084711369127, 1327633.984804015373811 ], [ -1862535.129435992101207, 1327621.334290891885757 ], [ -1862470.862968994537368, 1327607.41823489475064 ], [ -1862473.602225287118927, 1327594.767703462392092 ], [ -1862447.895571568747982, 1327589.201407328480855 ], [ -1862450.634789586532861, 1327576.550869864411652 ], [ -1862437.781437581637874, 1327573.767746513476595 ], [ -1862440.520636229775846, 1327561.117207104805857 ], [ -1862427.667261165101081, 1327558.334098869469017 ], [ -1862435.884797597071156, 1327520.382481294916943 ], [ -1862423.031361658126116, 1327517.599379986291751 ], [ -1862433.987994755152613, 1327466.997237001080066 ], [ -1862446.841506310738623, 1327469.78035468282178 ], [ -1862452.319857868133113, 1327444.479304306209087 ], [ -1862465.173403070541099, 1327447.262449382105842 ], [ -1862467.912597054149956, 1327434.611931515857577 ], [ -1862480.766157004516572, 1327437.395099892979488 ], [ -1862483.505369425751269, 1327424.744588274974376 ], [ -1862496.358944118721411, 1327427.527779951924458 ], [ -1862499.098174977349117, 1327414.87727458239533 ], [ -1862511.951764415483922, 1327417.660489560570568 ], [ -1862514.691013711504638, 1327405.009990442311391 ], [ -1862553.251813785871491, 1327413.359762902837247 ], [ -1862555.991119327722117, 1327400.709278215887025 ], [ -1862581.698336390545592, 1327406.275897414656356 ], [ -1862584.437679274240509, 1327393.625423070508987 ], [ -1862597.291300469543785, 1327396.408765574684367 ], [ -1862600.030661790631711, 1327383.758297479012981 ], [ -1862612.884297733660787, 1327386.541663284180686 ], [ -1862610.144917508354411, 1327399.192127287155017 ], [ -1862648.705743661383167, 1327407.542327667586505 ], [ -1862651.445180598413572, 1327394.891875946195796 ], [ -1862857.10259031294845, 1327439.429263044847175 ], [ -1862859.842329247621819, 1327426.77887897961773 ], [ -1862936.963696767576039, 1327443.481691406108439 ], [ -1862939.703548659337685, 1327430.831334062386304 ], [ -1862965.410675695165992, 1327436.399100054055452 ], [ -1862968.150564928539097, 1327423.748753051739186 ], [ -1863032.418404232244939, 1327437.66852463549003 ], [ -1863035.158387517789379, 1327425.018200261518359 ], [ -1863189.401004345389083, 1327458.427660369547084 ], [ -1863178.440161017235368, 1327509.028774251928553 ], [ -1863165.58670811355114, 1327506.244563314830884 ], [ -1863162.846515018492937, 1327518.89485126757063 ], [ -1862995.751494413008913, 1327482.701910180738196 ], [ -1862998.491441757883877, 1327470.051568997558206 ], [ -1862947.077372200088575, 1327458.915916110388935 ], [ -1862944.337500470690429, 1327471.566273669246584 ], [ -1862905.776961331022903, 1327463.214747964404523 ], [ -1862903.037145846756175, 1327475.865119962021708 ], [ -1862851.62311104289256, 1327464.730037638684735 ], [ -1862848.883370707510039, 1327477.380428167525679 ], [ -1862836.029870508471504, 1327474.596709699369967 ], [ -1862822.331256354460493, 1327537.84871513186954 ], [ -1862835.18466203357093, 1327540.632413129787892 ], [ -1862832.44491889863275, 1327553.282816586084664 ], [ -1862922.418509836774319, 1327572.769211717648432 ], [ -1862919.678633908275515, 1327585.41958866477944 ], [ -1862983.945265258196741, 1327599.338998075807467 ], [ -1862986.685235706390813, 1327586.688641600077972 ], [ -1863050.951857574749738, 1327600.608551664277911 ], [ -1863048.21179260709323, 1327613.258887668140233 ], [ -1863112.478215946583077, 1327627.17925743944943 ], [ -1863109.73805599170737, 1327639.829575130017474 ], [ -1863122.591309276642278, 1327642.613702611299232 ], [ -1863117.110950159840286, 1327667.914336261805147 ], [ -1863104.257734682410955, 1327665.130216970806941 ], [ -1863101.517573328223079, 1327677.780541120795533 ], [ -1863088.664372597122565, 1327674.996445132186636 ], [ -1863085.924229681259021, 1327687.64677552646026 ], [ -1863073.071043693693355, 1327684.862702837679535 ], [ -1863062.110542976530269, 1327735.464062351034954 ], [ -1863074.963653348386288, 1327738.248118659714237 ], [ -1863066.743216199567541, 1327776.199148630024865 ], [ -1863053.89016253920272, 1327773.415104604559019 ], [ -1863051.150034794583917, 1327786.065456324256957 ], [ -1863038.296995877986774, 1327783.28143560141325 ], [ -1863035.556886569829658, 1327795.931793575175107 ], [ -1863022.703862394439057, 1327793.147796153556556 ], [ -1863011.743496112292632, 1327843.749265965772793 ], [ -1862998.890543394722044, 1327840.965304128360003 ], [ -1862993.410395264625549, 1327866.266060138354078 ], [ -1862980.55747619480826, 1327863.482125697890297 ], [ -1862977.817420333158225, 1327876.132511030649766 ], [ -1862964.964516004780307, 1327873.348599890014157 ], [ -1862962.224478582153097, 1327885.998991465428844 ], [ -1862923.665797353722155, 1327877.647385567892343 ], [ -1862920.925816175062209, 1327890.297791584627703 ], [ -1862882.367154220817611, 1327881.946370830992237 ], [ -1862885.107078687055036, 1327869.295952531276271 ], [ -1862846.548322577029467, 1327860.94469235278666 ], [ -1862849.288189863786101, 1327848.294263927033171 ], [ -1862823.582293850602582, 1327842.726844986900687 ] ] ], [ [ [ -1872199.601394220255315, 1330647.064078059280291 ], [ -1872186.752630595350638, 1330644.26638644374907 ], [ -1872189.506492992630228, 1330631.61886876495555 ], [ -1872176.65770628512837, 1330628.821192233590409 ], [ -1872182.165391875430942, 1330603.526155098574236 ], [ -1872195.014216381823644, 1330606.323839860735461 ], [ -1872197.768077374203131, 1330593.676328635774553 ], [ -1872210.616916597587988, 1330596.474036711966619 ], [ -1872213.370796022005379, 1330583.826531749451533 ], [ -1872226.219649963779375, 1330586.624263142701238 ], [ -1872228.973547819303349, 1330573.976764446822926 ], [ -1872267.520141262561083, 1330582.370086175156757 ], [ -1872270.274095348548144, 1330569.72260197577998 ], [ -1872308.820707862498239, 1330578.116108854999766 ], [ -1872314.328728026943281, 1330552.821171603631228 ], [ -1872327.177628303878009, 1330555.619053860893473 ], [ -1872332.685684394324198, 1330530.324133442947641 ], [ -1872422.62813384598121, 1330549.909904485102743 ], [ -1872425.382293485570699, 1330537.262476309202611 ], [ -1872438.231217010412365, 1330540.060524520231411 ], [ -1872440.985395081806928, 1330527.413102609571069 ], [ -1872453.834333324339241, 1330530.211174134863541 ], [ -1872456.588529826141894, 1330517.563758495263755 ], [ -1872469.437482789624482, 1330520.361853338778019 ], [ -1872472.191697722533718, 1330507.714443964650854 ], [ -1872510.738588218577206, 1330516.108856044709682 ], [ -1872513.492859381716698, 1330503.461461168481037 ], [ -1872552.039768941001967, 1330511.856058401055634 ], [ -1872554.794096334371716, 1330499.208678022725508 ], [ -1872567.643076726235449, 1330502.006919617531821 ], [ -1872570.39742255047895, 1330489.359545507468283 ], [ -1872583.246417657937855, 1330492.157810418866575 ], [ -1872586.000781912822276, 1330479.510442577302456 ], [ -1872598.849791740765795, 1330482.308730805525556 ], [ -1872601.604174427688122, 1330469.661369225010276 ], [ -1872614.453198971226811, 1330472.459680770058185 ], [ -1872619.962000735802576, 1330447.164972308091819 ], [ -1872645.660112877609208, 1330452.761669464409351 ], [ -1872648.414550856221467, 1330440.11432669009082 ], [ -1872686.961744400672615, 1330448.50952878058888 ], [ -1872689.716238609747961, 1330435.862200502771884 ], [ -1872702.565313662867993, 1330438.6606437175069 ], [ -1872705.319826301652938, 1330426.013321712147444 ], [ -1872718.16891606990248, 1330428.8117882439401 ], [ -1872720.923447140026838, 1330416.164472505450249 ], [ -1872759.470748053863645, 1330424.559999653371051 ], [ -1872762.225335353752598, 1330411.912698412779719 ], [ -1872775.074446195038036, 1330414.711249982239679 ], [ -1872777.82905192556791, 1330402.063955011311918 ], [ -1872790.678177481982857, 1330404.862529895966873 ], [ -1872796.187425336800516, 1330379.567954636178911 ], [ -1872809.036584510002285, 1330382.366556954802945 ], [ -1872811.791226631961763, 1330369.719276677351445 ], [ -1872824.640400522388518, 1330372.517902312567458 ], [ -1872827.395061076618731, 1330359.870628294767812 ], [ -1872840.244249686598778, 1330362.669277248438448 ], [ -1872842.998928671237081, 1330350.022009500302374 ], [ -1872855.848131996346638, 1330352.820681772194803 ], [ -1872858.602829411160201, 1330340.173420293722302 ], [ -1872871.452047452796251, 1330342.972115882439539 ], [ -1872874.206763298949227, 1330330.324860669206828 ], [ -1872887.05599606060423, 1330333.123579576145858 ], [ -1872900.829662755830213, 1330269.887356377206743 ], [ -1872913.67898582899943, 1330272.686115066055208 ], [ -1872919.188487023115158, 1330247.391649089753628 ], [ -1872932.037843712372705, 1330250.190435213968158 ], [ -1872937.547380830859765, 1330224.895986076677218 ], [ -1872950.39677113876678, 1330227.694799635792151 ], [ -1872955.906344181159511, 1330202.400367336114869 ], [ -1872968.755768102826551, 1330205.199208327801898 ], [ -1872971.510572820203379, 1330192.551999523304403 ], [ -1872984.360011458629742, 1330195.350863833213225 ], [ -1872992.624479493126273, 1330157.409262690460309 ], [ -1873005.473970646737143, 1330160.208158552646637 ], [ -1873010.983651457121596, 1330134.913776786765084 ], [ -1873023.833176229149103, 1330137.712700084317476 ], [ -1873029.342892963672057, 1330112.418335157446563 ], [ -1873042.192451349226758, 1330115.217285889899358 ], [ -1873044.947327911155298, 1330102.570110775996 ], [ -1873057.796901015099138, 1330105.369084826903418 ], [ -1873063.30669053341262, 1330080.074749279767275 ], [ -1873076.156297250883654, 1330082.873750765807927 ], [ -1873078.911210204474628, 1330070.226590343983844 ], [ -1873091.760831638006493, 1330073.025615148246288 ], [ -1873097.270693938015029, 1330047.731308990856633 ], [ -1873110.120348990196362, 1330050.530361230252311 ], [ -1873115.630247212713584, 1330025.236071918858215 ], [ -1873128.479935877257958, 1330028.035151593619958 ], [ -1873131.234903184231371, 1330015.388014281867072 ], [ -1873144.084606565767899, 1330018.187117276247591 ], [ -1873157.859530560206622, 1329954.95148360892199 ], [ -1873209.2586802423466, 1329966.148169940104708 ], [ -1873212.013739230809733, 1329953.501066132215783 ], [ -1873237.713326770346612, 1329959.099532744148746 ], [ -1873240.46842308784835, 1329946.452439322834834 ], [ -1873266.168031695531681, 1329952.050990976626053 ], [ -1873268.923165341373533, 1329939.403907947707921 ], [ -1873294.622795012313873, 1329945.002544643357396 ], [ -1873297.377965986728668, 1329932.355472002411261 ], [ -1873310.227793448604643, 1329935.154823270393535 ], [ -1873312.982982853893191, 1329922.507756894920021 ], [ -1873338.682663022307679, 1329928.106525270268321 ], [ -1873341.437889756402001, 1329915.459469282766804 ], [ -1873354.287742466898635, 1329918.258886391529813 ], [ -1873357.042987629538402, 1329905.611836680676788 ], [ -1873382.742718293564394, 1329911.210736738750711 ], [ -1873385.498000785941258, 1329898.563697411678731 ], [ -1873411.19775251718238, 1329904.16268251137808 ], [ -1873413.953072339296341, 1329891.51565356971696 ], [ -1873439.652845132164657, 1329897.114723712904379 ], [ -1873442.40820228215307, 1329884.467705161776394 ], [ -1873468.107996141305193, 1329890.066860349616036 ], [ -1873470.863390620797873, 1329877.419852185295895 ], [ -1873535.112896549515426, 1329891.418096776818857 ], [ -1873537.86838505230844, 1329878.77111135981977 ], [ -1873563.568195933941752, 1329884.370551845990121 ], [ -1873566.323721766239032, 1329871.723576815798879 ], [ -1873579.173639832995832, 1329874.523329979274422 ], [ -1873581.929184094304219, 1329861.876361221540719 ], [ -1873594.779116873629391, 1329864.676137705799192 ], [ -1873597.534679565345868, 1329852.029175217729062 ], [ -1873623.23457037191838, 1329857.628794027259573 ], [ -1873625.990170392207801, 1329844.98184192716144 ], [ -1873780.189390558749437, 1329878.581217183964327 ], [ -1873782.945216894848272, 1329865.93431665468961 ], [ -1873795.795143610099331, 1329868.734393525868654 ], [ -1873806.818519855616614, 1329818.146829424193129 ], [ -1873883.918445848394185, 1329834.947792728431523 ], [ -1873867.382698309374973, 1329910.829003549180925 ], [ -1873854.532834497978911, 1329908.028819701634347 ], [ -1873851.77689383039251, 1329920.675699831452221 ], [ -1873800.377472331514582, 1329909.475172938313335 ], [ -1873794.865740778855979, 1329934.768972599180415 ], [ -1873782.015912742121145, 1329931.968897118698806 ], [ -1873776.504217109642923, 1329957.262713631382212 ], [ -1873763.654422685969621, 1329954.46266558743082 ], [ -1873760.898593064630404, 1329967.109581192722544 ], [ -1873748.048813353292644, 1329964.309556471416727 ], [ -1873745.293002160498872, 1329976.956478351727128 ], [ -1873732.443237166153267, 1329974.156476948643103 ], [ -1873729.687444403767586, 1329986.803405097220093 ], [ -1873691.138181010028347, 1329978.40352845354937 ], [ -1873688.382444475777447, 1329991.050471105845645 ], [ -1873649.833200121996924, 1329982.650779632851481 ], [ -1873647.077519813552499, 1329995.297736800042912 ], [ -1873621.378040455048904, 1329989.698046730132774 ], [ -1873618.622397475410253, 1330002.345014284132048 ], [ -1873592.922939180629328, 1329996.745409258874133 ], [ -1873590.167333530727774, 1330009.392387196421623 ], [ -1873577.317617006832734, 1330006.592617604881525 ], [ -1873571.806442095665261, 1330031.886588183697313 ], [ -1873558.956759183201939, 1330029.086846027290449 ], [ -1873556.201189922401682, 1330041.733838666696101 ], [ -1873543.351521727396175, 1330038.934119830140844 ], [ -1873537.840419597458094, 1330064.228119795676321 ], [ -1873524.990785014582798, 1330061.428428398212418 ], [ -1873519.479718804825097, 1330086.722445215564221 ], [ -1873480.930903352098539, 1330078.323510935995728 ], [ -1873469.908992090262473, 1330128.911619823426008 ], [ -1873457.059454168891534, 1330126.112029937328771 ], [ -1873451.548533521825448, 1330151.406105532543734 ], [ -1873425.849520724033937, 1330145.806999836117029 ], [ -1873423.094097495777532, 1330158.454049093881622 ], [ -1873397.395105759613216, 1330152.85502843814902 ], [ -1873394.639719859464094, 1330165.502088086679578 ], [ -1873381.790236614178866, 1330162.702610678970814 ], [ -1873379.034869143040851, 1330175.34967660298571 ], [ -1873366.1854006156791, 1330172.550222514895722 ], [ -1873363.430051576113328, 1330185.197294701356441 ], [ -1873350.580597764579579, 1330182.397863931721076 ], [ -1873347.825267154257745, 1330195.044942393433303 ], [ -1873334.975828058319166, 1330192.245534942019731 ], [ -1873332.220515878172591, 1330204.892619671998546 ], [ -1873319.371091495500877, 1330202.093235538806766 ], [ -1873316.615797746228054, 1330214.740326537052169 ], [ -1873303.766388081945479, 1330211.940965722082183 ], [ -1873301.011112762149423, 1330224.588062992785126 ], [ -1873288.16171781369485, 1330221.788725497433916 ], [ -1873285.406460924306884, 1330234.435829035006464 ], [ -1873272.557080689817667, 1330231.636514858109877 ], [ -1873269.8018422301393, 1330244.28362466674298 ], [ -1873256.952476713340729, 1330241.484333809232339 ], [ -1873254.197256684303284, 1330254.131449887529016 ], [ -1873241.347905883798376, 1330251.332182346843183 ], [ -1873238.592704284237698, 1330263.979304697597399 ], [ -1873212.894027929985896, 1330258.380835457006469 ], [ -1873210.138863659929484, 1330271.027968191541731 ], [ -1873197.289538108976558, 1330268.22876649023965 ], [ -1873194.534392268629745, 1330280.875905497232452 ], [ -1873181.685081431176513, 1330278.076727115549147 ], [ -1873178.929954022401944, 1330290.723872385220602 ], [ -1873166.080657903570682, 1330287.924717320129275 ], [ -1873163.325548923807219, 1330300.571868865052238 ], [ -1873150.476267521735281, 1330297.772737119812518 ], [ -1873147.721176972845569, 1330310.419894930208102 ], [ -1873134.871910286368802, 1330307.620786501793191 ], [ -1873126.606692525092512, 1330345.562285199761391 ], [ -1873100.908259996911511, 1330339.9641506485641 ], [ -1873098.153224270092323, 1330352.611329421866685 ], [ -1873072.454812809126452, 1330347.013279909733683 ], [ -1873066.944815546507016, 1330372.307660375488922 ], [ -1873054.095641341293231, 1330369.508672653697431 ], [ -1873048.585680001880974, 1330394.803069961257279 ], [ -1873022.887394638964906, 1330389.205168589483947 ], [ -1873020.132451064884663, 1330401.852378705516458 ], [ -1872981.5850483502727, 1330393.455683005508035 ], [ -1872978.830161004327238, 1330406.102907623862848 ], [ -1872965.981037301011384, 1330403.304051576182246 ], [ -1872963.226168387569487, 1330415.951282455585897 ], [ -1872950.37705939845182, 1330413.152449724730104 ], [ -1872944.867357960902154, 1330438.446926188189536 ], [ -1872932.018282590899616, 1330435.648120892699808 ], [ -1872929.263450068654492, 1330448.295366465346888 ], [ -1872916.414389415178448, 1330445.496584486681968 ], [ -1872913.659575323574245, 1330458.143836330622435 ], [ -1872900.810529387090355, 1330455.345077669946477 ], [ -1872898.055733726127073, 1330467.992335779359564 ], [ -1872872.357667102944106, 1330462.394884291803464 ], [ -1872869.602908772649243, 1330475.042152784764767 ], [ -1872843.904863219009712, 1330469.444786333478987 ], [ -1872841.150142217520624, 1330482.092065216042101 ], [ -1872815.452117736451328, 1330476.494783802190796 ], [ -1872812.697434065630659, 1330489.142073065740988 ], [ -1872799.84843444917351, 1330486.343465276295319 ], [ -1872797.093769210157916, 1330498.99076080089435 ], [ -1872784.244784313254058, 1330496.192176329670474 ], [ -1872781.490137503948063, 1330508.839478129753843 ], [ -1872768.641167323803529, 1330506.040916973957792 ], [ -1872765.886538944672793, 1330518.688225043704733 ], [ -1872740.188623835332692, 1330513.091168568469584 ], [ -1872737.434032787568867, 1330525.738487017573789 ], [ -1872698.887185459025204, 1330517.343058658763766 ], [ -1872696.132650640560314, 1330529.990391608793288 ], [ -1872683.283712067641318, 1330527.191958005772904 ], [ -1872680.529195680050179, 1330539.839297224069014 ], [ -1872667.680271822027862, 1330537.040886937873438 ], [ -1872664.925773865310475, 1330549.688232422806323 ], [ -1872626.379033907549456, 1330541.293129118857905 ], [ -1872623.624592180829495, 1330553.940489101689309 ], [ -1872597.926782429916784, 1330548.343857801752165 ], [ -1872592.417973168194294, 1330573.638600687962025 ], [ -1872566.720222288975492, 1330568.042062653694302 ], [ -1872563.965854754904285, 1330580.689445554278791 ], [ -1872512.57037841854617, 1330569.496616357704625 ], [ -1872509.816086014732718, 1330582.144017868675292 ], [ -1872484.11836055573076, 1330576.547726704971865 ], [ -1872478.609849938657135, 1330601.842552653048187 ], [ -1872452.912183354608715, 1330596.246354755014181 ], [ -1872450.157965142978355, 1330608.893779185134917 ], [ -1872437.309144476195797, 1330606.0957131520845 ], [ -1872434.554944695904851, 1330618.74314384884201 ], [ -1872408.857328622601926, 1330613.14707761653699 ], [ -1872406.103166172513738, 1330625.794518695678562 ], [ -1872393.25437076180242, 1330622.996518496191129 ], [ -1872390.500226743053645, 1330635.643965842202306 ], [ -1872351.953872128622606, 1330627.250092792557552 ], [ -1872349.199784340569749, 1330639.89755463367328 ], [ -1872323.50223148916848, 1330634.301743499701843 ], [ -1872320.748181032016873, 1330646.949215724831447 ], [ -1872307.899417235283181, 1330644.151343073928729 ], [ -1872299.637319752248004, 1330682.093785000266507 ], [ -1872286.78860847139731, 1330679.295943895820528 ], [ -1872284.034593941876665, 1330691.943432945525274 ], [ -1872219.791069332510233, 1330677.954536007950082 ], [ -1872222.5449893635232, 1330665.307026381837204 ], [ -1872196.847512453561649, 1330659.711593778105453 ], [ -1872199.601394220255315, 1330647.064078059280291 ] ] ], [ [ [ -1862314.28910881280899, 1328765.454913074150681 ], [ -1862322.50739910476841, 1328727.502830137498677 ], [ -1862309.655767013318837, 1328724.719898252515122 ], [ -1862312.395177275175229, 1328712.069204144645482 ], [ -1862338.098475106526166, 1328717.635095307370648 ], [ -1862340.837922711623833, 1328704.984411539509892 ], [ -1862353.689584292005748, 1328707.767390021355823 ], [ -1862356.429050335660577, 1328695.116712498944253 ], [ -1862382.13239882979542, 1328700.682735264999792 ], [ -1862387.611405137460679, 1328675.381403042934835 ], [ -1862400.463110957294703, 1328678.164451421238482 ], [ -1862419.639750696485862, 1328589.60988504323177 ], [ -1862406.787912545958534, 1328586.826808008830994 ], [ -1862417.745906532276422, 1328536.224229593761265 ], [ -1862430.597820299910381, 1328539.007323004072532 ], [ -1862433.337336538126692, 1328526.356687863823026 ], [ -1862446.189265049062669, 1328529.139804571168497 ], [ -1862448.928799724439159, 1328516.489175683585927 ], [ -1862538.892315184231848, 1328535.971559038152918 ], [ -1862536.152648178860545, 1328548.62215926963836 ], [ -1862561.856434499379247, 1328554.188719172263518 ], [ -1862559.116729218279943, 1328566.839313373668119 ], [ -1862597.672320791054517, 1328575.18928498448804 ], [ -1862603.151844311971217, 1328549.888123304815963 ], [ -1862616.00373766082339, 1328552.671493772417307 ], [ -1862624.223076158436015, 1328514.719779679086059 ], [ -1862662.778901380952448, 1328523.070043162442744 ], [ -1862665.518736661877483, 1328510.419488380663097 ], [ -1862678.370688988128677, 1328513.202952046180144 ], [ -1862681.110542706912383, 1328500.552403509849682 ], [ -1862693.962509779958054, 1328503.335890476591885 ], [ -1862704.921995612792671, 1328452.733734221430495 ], [ -1862717.774034141562879, 1328455.517256768187508 ], [ -1862720.513923337915912, 1328442.866727182408795 ], [ -1862733.365976613014936, 1328445.650273030390963 ], [ -1862736.105884248856455, 1328432.99974968470633 ], [ -1862748.957952266791835, 1328435.783318831119686 ], [ -1862765.397501720581204, 1328359.880248510045931 ], [ -1862778.24967900547199, 1328362.663861427921802 ], [ -1862780.989621186861768, 1328350.013361333869398 ], [ -1862819.546184790087864, 1328358.364327606279403 ], [ -1862822.286183219403028, 1328345.71384194213897 ], [ -1862835.138381671626121, 1328348.497539870673791 ], [ -1862832.398364338092506, 1328361.148021440487355 ], [ -1862858.102710957173258, 1328366.715466728201136 ], [ -1862855.362655350472778, 1328379.365942256292328 ], [ -1862868.214803517330438, 1328382.149689612677321 ], [ -1862851.774346665479243, 1328458.052563399076462 ], [ -1862864.626377245876938, 1328460.836305393604562 ], [ -1862853.665987741667777, 1328511.438247901154682 ], [ -1862840.814032778143883, 1328508.654522285331041 ], [ -1862838.073953140992671, 1328521.305017383070663 ], [ -1862825.222012919606641, 1328518.521315067075193 ], [ -1862822.481951721012592, 1328531.171816411660984 ], [ -1862796.778096609283239, 1328525.604477583430707 ], [ -1862794.038072752766311, 1328538.254989269422367 ], [ -1862781.186157862888649, 1328535.47135275718756 ], [ -1862778.446152444463223, 1328548.121870690025389 ], [ -1862765.594252299051732, 1328545.338257477618754 ], [ -1862757.37428996223025, 1328583.289836458396167 ], [ -1862770.226133395219222, 1328586.073437387822196 ], [ -1862767.486126113682985, 1328598.723963922820985 ], [ -1862780.337946482934058, 1328601.507579962024465 ], [ -1862777.5979198301211, 1328614.158104559872299 ], [ -1862790.449717137729749, 1328616.941735710250214 ], [ -1862787.709671117598191, 1328629.592258352087811 ], [ -1862800.561445359373465, 1328632.375904612243176 ], [ -1862797.821379967266694, 1328645.026425316696987 ], [ -1862810.673131147166714, 1328647.810086688026786 ], [ -1862796.972702679689974, 1328711.062701999209821 ], [ -1862771.26938520395197, 1328705.49543940811418 ], [ -1862768.529335921397433, 1328718.145977111533284 ], [ -1862755.677689847303554, 1328715.362378717167303 ], [ -1862752.937659002840519, 1328728.012922666268423 ], [ -1862714.382752541685477, 1328719.662254999158904 ], [ -1862711.642777944682166, 1328732.312813379568979 ], [ -1862685.939523979322985, 1328726.745805812068284 ], [ -1862683.199586724396795, 1328739.396374535281211 ], [ -1862657.496353929396719, 1328733.829451975645497 ], [ -1862643.796849712729454, 1328797.082368783885613 ], [ -1862630.945321598323062, 1328794.29895678232424 ], [ -1862625.465554461115971, 1328819.600146741373464 ], [ -1862612.614059994230047, 1328816.816762133967131 ], [ -1862609.874194630188867, 1328829.467364438809454 ], [ -1862558.46825079456903, 1328818.334034429630265 ], [ -1862552.98866990651004, 1328843.635278233559802 ], [ -1862347.364834040170535, 1328799.105161922750995 ], [ -1862350.104322247905657, 1328786.45447344169952 ], [ -1862324.40123009798117, 1328780.88854639721103 ], [ -1862327.14068003022112, 1328768.237851883051917 ], [ -1862314.28910881280899, 1328765.454913074150681 ] ] ], [ [ [ -1872581.780442030634731, 1333896.478490639012307 ], [ -1872584.535965886199847, 1333883.830797782167792 ], [ -1872571.692039086483419, 1333881.03253093897365 ], [ -1872574.447543576126918, 1333868.384836100973189 ], [ -1872561.603593697072938, 1333865.586584334960207 ], [ -1872572.625531393336132, 1333814.995809922693297 ], [ -1872559.781501732533798, 1333812.197560878703371 ], [ -1872568.0478934077546, 1333774.254490195307881 ], [ -1872580.891979767940938, 1333777.052751593058929 ], [ -1872597.424863926833495, 1333701.166692724917084 ], [ -1872610.269059505313635, 1333703.964998020092025 ], [ -1872613.024557466851547, 1333691.31733314669691 ], [ -1872677.245567137608305, 1333705.309168122010306 ], [ -1872685.512341718422249, 1333667.366248132893816 ], [ -1872634.135315548162907, 1333656.1726923531387 ], [ -1872636.890830542892218, 1333643.52504016761668 ], [ -1872611.202254566829652, 1333637.928369204746559 ], [ -1872613.957731295377016, 1333625.280710923718289 ], [ -1872588.269100794801489, 1333619.684108501998708 ], [ -1872593.779977253405377, 1333594.388781892135739 ], [ -1872580.935617928626016, 1333591.590501236496493 ], [ -1872583.691036557778716, 1333578.94283702573739 ], [ -1872596.535414782818407, 1333581.741121799917892 ], [ -1872602.046288442797959, 1333556.445808035088703 ], [ -1872627.735107942018658, 1333562.042451632441953 ], [ -1872630.490581871010363, 1333549.394806202501059 ], [ -1872669.023836459033191, 1333557.789927907520905 ], [ -1872671.779366622446105, 1333545.142296964302659 ], [ -1872825.912235405761749, 1333578.724560652161017 ], [ -1872823.156478444579989, 1333591.372142180334777 ], [ -1872887.378234869102016, 1333605.365547199035063 ], [ -1872884.622382943984121, 1333618.013110272353515 ], [ -1872923.155329911969602, 1333626.409371253335848 ], [ -1872920.399420819943771, 1333639.05692411842756 ], [ -1872946.087993419962004, 1333644.654519172152504 ], [ -1872943.332046061521396, 1333657.302065940340981 ], [ -1872969.020564134465531, 1333662.899729532655329 ], [ -1872966.2645785107743, 1333675.54727020394057 ], [ -1873004.797267551999539, 1333683.9438971884083 ], [ -1873002.041224762564525, 1333696.591427647508681 ], [ -1873027.729625411797315, 1333702.189266700763255 ], [ -1873019.461380846099928, 1333740.131846208125353 ], [ -1873032.305518196662888, 1333742.930782170966268 ], [ -1873026.793315019691363, 1333768.225837646285072 ], [ -1873013.949215468717739, 1333765.426909921690822 ], [ -1873011.193132082233205, 1333778.074444980593398 ], [ -1872972.660865027690306, 1333769.677789321634918 ], [ -1872969.904837870970368, 1333782.325338889844716 ], [ -1872944.216676724841818, 1333776.727672654902562 ], [ -1872938.704696613131091, 1333802.022794677643105 ], [ -1872925.860647566150874, 1333799.223998586181551 ], [ -1872920.348703387659043, 1333824.519137409515679 ], [ -1872894.660668343305588, 1333818.921619281172752 ], [ -1872891.904733355157077, 1333831.569200135301799 ], [ -1872879.060728460317478, 1333828.770473978715017 ], [ -1872876.304811904439703, 1333841.418061096919701 ], [ -1872850.616827365709469, 1333835.82067460147664 ], [ -1872847.860948143294081, 1333848.468272095080465 ], [ -1872835.016968502197415, 1333845.669611754827201 ], [ -1872832.261107712518424, 1333858.317215510876849 ], [ -1872806.573173680109903, 1333852.719960648566484 ], [ -1872801.061526301549748, 1333878.015191048383713 ], [ -1872788.21759081305936, 1333875.216600643005222 ], [ -1872785.461785325082019, 1333887.864223167067394 ], [ -1872772.617864551953971, 1333885.065656072925776 ], [ -1872769.862077496247366, 1333897.713284862227738 ], [ -1872757.018171443371102, 1333894.914741079322994 ], [ -1872754.262402821332216, 1333907.562376125482842 ], [ -1872741.41851148637943, 1333904.763855653814971 ], [ -1872738.662761297542602, 1333917.411496959859505 ], [ -1872725.818884680746123, 1333914.612999799195677 ], [ -1872723.063152925809845, 1333927.260647360701114 ], [ -1872710.219291024841368, 1333924.462173511274159 ], [ -1872707.463577704038471, 1333937.109827328240499 ], [ -1872668.93202361324802, 1333928.714533293154091 ], [ -1872666.176366525003687, 1333941.36220160801895 ], [ -1872614.800978126935661, 1333930.168761402601376 ], [ -1872617.556559615302831, 1333917.521076617063954 ], [ -1872591.868802525335923, 1333911.924463434843346 ], [ -1872594.624345747055486, 1333899.276772557990626 ], [ -1872581.780442030634731, 1333896.478490639012307 ] ] ], [ [ [ -1871793.281792348716408, 1343807.19400744442828 ], [ -1871780.452694419771433, 1343804.396922992775217 ], [ -1871785.968264177674428, 1343779.099138893652707 ], [ -1871773.139124267734587, 1343776.302065370837227 ], [ -1871775.896889554802328, 1343763.653172364691272 ], [ -1871763.067726561333984, 1343760.856113892048597 ], [ -1871765.825472488766536, 1343748.20721886632964 ], [ -1871752.996286415727809, 1343745.410175444092602 ], [ -1871755.754012980498374, 1343732.761278410209343 ], [ -1871742.92480382649228, 1343729.96425003814511 ], [ -1871745.682511031161994, 1343717.315350986085832 ], [ -1871720.024042380275205, 1343711.721343513112515 ], [ -1871722.781711320625618, 1343699.072438332950696 ], [ -1871709.952451821649447, 1343696.275459231575951 ], [ -1871712.710101400967687, 1343683.626552036264911 ], [ -1871699.880818823119625, 1343680.829587986692786 ], [ -1871702.638449041172862, 1343668.180678780190647 ], [ -1871689.809143379097804, 1343665.383729779627174 ], [ -1871695.32436463306658, 1343640.085909446235746 ], [ -1871682.495016990695149, 1343637.28897137590684 ], [ -1871685.252608026843518, 1343624.640060249017552 ], [ -1871672.42323730327189, 1343621.843137230491266 ], [ -1871677.938380192033947, 1343596.54531306354329 ], [ -1871665.10896748281084, 1343593.748400975484401 ], [ -1871670.62407073029317, 1343568.450576998060569 ], [ -1871657.794616040075198, 1343565.65367583767511 ], [ -1871660.552148072514683, 1343553.004762892378494 ], [ -1871634.893188350833952, 1343547.411009849281982 ], [ -1871637.650682120583951, 1343534.762090767500922 ], [ -1871611.99166787462309, 1343529.168406166601926 ], [ -1871614.749123381450772, 1343516.519480952527374 ], [ -1871601.919591088779271, 1343513.722663290333003 ], [ -1871612.949332909891382, 1343463.126967042218894 ], [ -1871561.63085951237008, 1343451.939822179963812 ], [ -1871564.38821821170859, 1343439.290886906441301 ], [ -1871551.558570513268933, 1343436.494144499767572 ], [ -1871557.073248727945611, 1343411.196272043511271 ], [ -1871544.243559046648443, 1343408.399540568701923 ], [ -1871549.758197620045394, 1343383.101668302202597 ], [ -1871536.928465956123546, 1343380.304947757860646 ], [ -1871539.685765651753172, 1343367.656010667327791 ], [ -1871526.856010904302821, 1343364.859305173391476 ], [ -1871529.613291236804798, 1343352.210366078885272 ], [ -1871503.953731402987614, 1343346.617004368687049 ], [ -1871506.710973473964259, 1343333.968059131875634 ], [ -1871493.881168387830257, 1343331.171402914216742 ], [ -1871496.638391097076237, 1343318.522455667844042 ], [ -1871483.808562927646562, 1343315.72581450198777 ], [ -1871486.565766273532063, 1343303.076865253038704 ], [ -1871460.9060595985502, 1343297.483632199000567 ], [ -1871463.663224683143198, 1343284.834676809143275 ], [ -1871450.833346174797043, 1343282.038084919564426 ], [ -1871453.590491898125038, 1343269.389127518748865 ], [ -1871440.760590309277177, 1343266.59255068236962 ], [ -1871443.51771666877903, 1343253.943591278977692 ], [ -1871430.687791996635497, 1343251.147029493004084 ], [ -1871433.444898995803669, 1343238.498068072833121 ], [ -1871420.614951244788244, 1343235.70152134122327 ], [ -1871423.372038882924244, 1343223.052557910094038 ], [ -1871410.542068049078807, 1343220.256026230286807 ], [ -1871416.056204141117632, 1343194.958097456023097 ], [ -1871403.226191326975822, 1343192.161576708080247 ], [ -1871408.740287775872275, 1343166.863648134982213 ], [ -1871395.910232979338616, 1343164.067138320300728 ], [ -1871401.424289786955342, 1343138.769209938356653 ], [ -1871388.594193005003035, 1343135.972711055539548 ], [ -1871391.35120181622915, 1343123.323745912173763 ], [ -1871378.521081956336275, 1343120.527262082323432 ], [ -1871381.278071406995878, 1343107.87829492520541 ], [ -1871355.617781346198171, 1343102.285376543411985 ], [ -1871358.374732533236966, 1343089.636403256794438 ], [ -1871345.544562330469489, 1343086.839968704851344 ], [ -1871351.058425519848242, 1343061.542020226595923 ], [ -1871338.228213336784393, 1343058.745596606517211 ], [ -1871340.985125340288505, 1343046.0966214123182 ], [ -1871328.154890074627474, 1343043.300212845206261 ], [ -1871333.668674898101017, 1343018.002260544802994 ], [ -1871320.838397651910782, 1343015.205862912582234 ], [ -1871323.595270472113043, 1343002.556885806145146 ], [ -1871310.764970145421103, 1342999.760503227123991 ], [ -1871316.278676603222266, 1342974.462547102710232 ], [ -1871303.448334292043, 1342971.666175455553457 ], [ -1871308.962001105071977, 1342946.368219539290294 ], [ -1871296.131616813130677, 1342943.571858826791868 ], [ -1871301.645243983482942, 1342918.273903108667582 ], [ -1871288.814817709848285, 1342915.477553329430521 ], [ -1871294.3284052379895, 1342890.17959780828096 ], [ -1871281.497936981497332, 1342887.383258962538093 ], [ -1871289.768258115975186, 1342849.436329160584137 ], [ -1871276.93772897310555, 1342846.63999712956138 ], [ -1871285.207989263581112, 1342808.693073958391324 ], [ -1871272.377399238757789, 1342805.896748742088675 ], [ -1871280.647598684532568, 1342767.949832203099504 ], [ -1871267.816947775194421, 1342765.153513801982626 ], [ -1871281.600509807933122, 1342701.908674523467198 ], [ -1871268.769760208902881, 1342699.112354697426781 ], [ -1871271.526452332735062, 1342686.463389056967571 ], [ -1871258.695679655298591, 1342683.667084286920726 ], [ -1871264.209024721523747, 1342658.369151092832908 ], [ -1871251.378210061462596, 1342655.572857256047428 ], [ -1871254.134863002225757, 1342642.923889706609771 ], [ -1871228.473183341091499, 1342637.331351316766813 ], [ -1871231.22979801800102, 1342624.682377640623599 ], [ -1871218.398933019023389, 1342621.886133087333292 ], [ -1871221.155528333969414, 1342609.237157403025776 ], [ -1871208.324640254024416, 1342606.440927902702242 ], [ -1871211.081216207472607, 1342593.791950210230425 ], [ -1871198.250305045163259, 1342590.99573576473631 ], [ -1871203.763417767826468, 1342565.697778473142534 ], [ -1871190.932464625686407, 1342562.901574963703752 ], [ -1871193.689001394435763, 1342550.252595366444439 ], [ -1871180.858025169698521, 1342547.456406911369413 ], [ -1871186.371059524361044, 1342522.158445810433477 ], [ -1871173.54004131956026, 1342519.362268290249631 ], [ -1871179.053036029217765, 1342494.064307400025427 ], [ -1871166.221975842025131, 1342491.268140817526728 ], [ -1871168.978453605202958, 1342478.619159417226911 ], [ -1871130.485191266750917, 1342470.230762351537123 ], [ -1871135.99803200061433, 1342444.932781176874414 ], [ -1871123.166898394469172, 1342442.136678930837661 ], [ -1871128.679699485423043, 1342416.838697961298749 ], [ -1871115.84852389479056, 1342414.042606651317328 ], [ -1871118.604904847685248, 1342401.393615215783939 ], [ -1871105.773706179577857, 1342398.597538963193074 ], [ -1871108.530067769344896, 1342385.948545524850488 ], [ -1871095.698846018407494, 1342383.152484325459227 ], [ -1871101.211530016269535, 1342357.854495534207672 ], [ -1871088.380266286199912, 1342355.058445270871744 ], [ -1871118.699787445133552, 1342215.919612635159865 ], [ -1871131.531259095994756, 1342218.715708206407726 ], [ -1871148.069269665051252, 1342142.821931934915483 ], [ -1871160.900850551202893, 1342145.618071392411366 ], [ -1871169.169906325638294, 1342107.671224136836827 ], [ -1871182.001539736287668, 1342110.467395125422627 ], [ -1871190.270648074103519, 1342072.520579233765602 ], [ -1871203.102334014140069, 1342075.316781756002456 ], [ -1871208.615108408033848, 1342050.018923296360299 ], [ -1871234.278543355176225, 1342055.611402339069173 ], [ -1871231.522118585649878, 1342068.260322270682082 ], [ -1871244.353810890112072, 1342071.056586435995996 ], [ -1871241.597366756526753, 1342083.70550436922349 ], [ -1871254.429035982349887, 1342086.501783590298146 ], [ -1871251.672572488663718, 1342099.150699509773403 ], [ -1871264.504218631889671, 1342101.946993785444647 ], [ -1871261.747735774610192, 1342114.595907705137506 ], [ -1871274.5793588378001, 1342117.392217036802322 ], [ -1871271.822856619022787, 1342130.041128946933895 ], [ -1871284.654456603340805, 1342132.837453335989267 ], [ -1871281.897935022599995, 1342145.486363237723708 ], [ -1871294.729511924553663, 1342148.282702681375667 ], [ -1871289.21642957883887, 1342173.580520583083853 ], [ -1871302.047964500728995, 1342176.376870962791145 ], [ -1871299.291403735522181, 1342189.025778965326026 ], [ -1871312.122915574815124, 1342191.822144399629906 ], [ -1871303.853173810755834, 1342229.76886872202158 ], [ -1871316.684624766232446, 1342232.565240974072367 ], [ -1871286.361994932405651, 1342371.703347492730245 ], [ -1871299.193233789643273, 1342374.499693606514484 ], [ -1871293.679984577698633, 1342399.797550373943523 ], [ -1871306.511181454639882, 1342402.593907424015924 ], [ -1871303.754537257365882, 1342415.24283485324122 ], [ -1871316.585711051942781, 1342418.039206959307194 ], [ -1871313.829047490376979, 1342430.688132388750091 ], [ -1871326.660198204452172, 1342433.484519548015669 ], [ -1871323.903515283251181, 1342446.133442959282547 ], [ -1871349.56576637364924, 1342451.726266562473029 ], [ -1871346.809045187896118, 1342464.375183851458132 ], [ -1871372.471241758903489, 1342469.968075909418985 ], [ -1871369.714482309063897, 1342482.616987073328346 ], [ -1871382.545555423712358, 1342485.413457744754851 ], [ -1871379.78877661190927, 1342498.062366900267079 ], [ -1871405.450872500659898, 1342503.655357523821294 ], [ -1871402.694055425236002, 1342516.304260549833998 ], [ -1871428.356096796924248, 1342521.897319631185383 ], [ -1871425.599241458345205, 1342534.546216529328376 ], [ -1871451.261228310409933, 1342540.139344065450132 ], [ -1871448.50433470774442, 1342552.788234838284552 ], [ -1871461.335302962455899, 1342555.584823248209432 ], [ -1871455.821476573590189, 1342580.882602881873026 ], [ -1871481.483324941247702, 1342586.475820744177327 ], [ -1871478.72637325222604, 1342599.124705492286012 ], [ -1871504.388167097466066, 1342604.717991809360683 ], [ -1871501.631177145754918, 1342617.366870423778892 ], [ -1871514.462048900546506, 1342620.163538223365322 ], [ -1871511.705039586871862, 1342632.812414831016213 ], [ -1871537.366732750320807, 1342638.405799710657448 ], [ -1871531.852637134725228, 1342663.703542782925069 ], [ -1871544.683439646614715, 1342666.500255743274465 ], [ -1871539.169304386945441, 1342691.797999019501731 ], [ -1871552.000064914347604, 1342694.594722913112491 ], [ -1871540.971713266801089, 1342745.19021831988357 ], [ -1871553.80239400989376, 1342747.986944907112047 ], [ -1871551.045286046341062, 1342760.63581991312094 ], [ -1871576.706597186625004, 1342766.229322366649285 ], [ -1871573.949450959218666, 1342778.878191247349605 ], [ -1871586.780081358738244, 1342781.674967113882303 ], [ -1871584.022915770998225, 1342794.323833977803588 ], [ -1871596.853523089550436, 1342797.12062489753589 ], [ -1871591.339152726344764, 1342822.418356734793633 ], [ -1871604.169718064134941, 1342825.21515858755447 ], [ -1871601.412513291463256, 1342837.864023548318073 ], [ -1871614.243055545957759, 1342840.660840454278514 ], [ -1871611.485831412021071, 1342853.309703405248001 ], [ -1871624.316350587876514, 1342856.106535364408046 ], [ -1871618.80186313460581, 1342881.404259362723678 ], [ -1871631.632340325042605, 1342884.201102253748104 ], [ -1871626.117813229095191, 1342909.498826450668275 ], [ -1871638.948248439235613, 1342912.29568027635105 ], [ -1871630.676397640490904, 1342950.24227003287524 ], [ -1871643.506771963788196, 1342953.039130667690188 ], [ -1871632.477555517107248, 1343003.634596747113392 ], [ -1871645.307850054232404, 1343006.431460074381903 ], [ -1871639.793201267253608, 1343031.729197535663843 ], [ -1871652.623453821288422, 1343034.526071796193719 ], [ -1871649.866109837312251, 1343047.174939566524699 ], [ -1871662.696339310379699, 1343049.971828877227381 ], [ -1871657.181612156331539, 1343075.269562518922612 ], [ -1871682.841982959769666, 1343080.86338217719458 ], [ -1871671.812371920328587, 1343131.458841807208955 ], [ -1871684.642475447384641, 1343134.255763914901763 ], [ -1871668.097931681200862, 1343210.148991928203031 ], [ -1871680.927917615510523, 1343212.945908484281972 ], [ -1871678.170473142992705, 1343225.594783085398376 ], [ -1871703.830394671997055, 1343231.188665472669527 ], [ -1871701.072911936789751, 1343243.837533939862624 ], [ -1871726.73277894151397, 1343249.431484775152057 ], [ -1871723.975257943151519, 1343262.080347107257694 ], [ -1871736.805166274541989, 1343264.877347162924707 ], [ -1871731.290085094049573, 1343290.175069919321686 ], [ -1871744.11995144514367, 1343292.972080905688927 ], [ -1871741.362391263246536, 1343305.620941327186301 ], [ -1871754.192234530113637, 1343308.417967365123332 ], [ -1871748.677074984880164, 1343333.715686287963763 ], [ -1871761.506876268656924, 1343336.51272325636819 ], [ -1871755.991677078185603, 1343361.810442387359217 ], [ -1871768.82143638166599, 1343364.607490286231041 ], [ -1871766.063817197224125, 1343377.256348885130137 ], [ -1871778.893553416477516, 1343380.053411834407598 ], [ -1871776.135914868442342, 1343392.702268430730328 ], [ -1871788.965628008823842, 1343395.499346431577578 ], [ -1871786.207970099290833, 1343408.148201015312225 ], [ -1871799.037660155678168, 1343410.945294066565111 ], [ -1871796.2799828867428, 1343423.594146629562601 ], [ -1871821.939312656410038, 1343429.188382008112967 ], [ -1871819.18159712292254, 1343441.8372284444049 ], [ -1871832.011236836668104, 1343444.63437077193521 ], [ -1871829.25350194144994, 1343457.283215197268873 ], [ -1871842.083118575625122, 1343460.080372574971989 ], [ -1871839.325364319607615, 1343472.729214984923601 ], [ -1871852.154957870254293, 1343475.526387413032353 ], [ -1871846.639410176081583, 1343500.824070315342396 ], [ -1871859.468961745733395, 1343503.621253672521561 ], [ -1871856.711168306879699, 1343516.27009416767396 ], [ -1871869.540696792537346, 1343519.067292576655746 ], [ -1871864.025070731760934, 1343544.364971652394161 ], [ -1871876.854557236190885, 1343547.162180990213528 ], [ -1871871.338891534833238, 1343572.45986025291495 ], [ -1871884.168336054077372, 1343575.257080519804731 ], [ -1871878.652630708646029, 1343600.554759980645031 ], [ -1871891.482033244101331, 1343603.351991175208241 ], [ -1871888.724160981131718, 1343616.000829944154248 ], [ -1871901.553540435386822, 1343618.798076190287247 ], [ -1871898.795648811152205, 1343631.446912945248187 ], [ -1871911.625005183042958, 1343634.244174241786823 ], [ -1871903.351270846556872, 1343672.190684797009453 ], [ -1871916.180566336028278, 1343674.98795290151611 ], [ -1871899.632971842307597, 1343750.881006202660501 ], [ -1871912.462149739731103, 1343753.678268749732524 ], [ -1871909.704196813050658, 1343766.327114227227867 ], [ -1871935.36250226595439, 1343771.921688593691215 ], [ -1871932.60451107728295, 1343784.570527930278331 ], [ -1871945.433638631133363, 1343787.367839748039842 ], [ -1871942.675628080032766, 1343800.016677076695487 ], [ -1871955.504732554545626, 1343802.814003944629803 ], [ -1871947.230641441885382, 1343840.760516200680286 ], [ -1871960.05968502862379, 1343843.557849875185639 ], [ -1871954.543584185652435, 1343868.855527009349316 ], [ -1871941.714578401995823, 1343866.058201578678563 ], [ -1871938.956546193920076, 1343878.707047422882169 ], [ -1871810.666447467170656, 1343850.73488872195594 ], [ -1871813.42429065820761, 1343838.086001663701609 ], [ -1871787.766182949766517, 1343832.49179173191078 ], [ -1871793.281792348716408, 1343807.19400744442828 ] ] ], [ [ [ -1869871.290319297229871, 1344117.100982522591949 ], [ -1869874.045540045714006, 1344104.451409236993641 ], [ -1869861.216886325040832, 1344101.657192775979638 ], [ -1869866.727288640802726, 1344076.358044288586825 ], [ -1869853.898592938436195, 1344073.563838762231171 ], [ -1869859.408955613849685, 1344048.264690464595333 ], [ -1869846.580217928858474, 1344045.470495874295011 ], [ -1869849.335379676427692, 1344032.82092076446861 ], [ -1869836.506618915358558, 1344030.026741228997707 ], [ -1869839.261761301895604, 1344017.377164106816053 ], [ -1869826.432977462187409, 1344014.582999622682109 ], [ -1869834.698345158714801, 1343976.634268549270928 ], [ -1869821.869500435888767, 1343973.84011088591069 ], [ -1869838.400110030546784, 1343897.942680887179449 ], [ -1869825.571147713111714, 1343895.148517692228779 ], [ -1869842.101627378491685, 1343819.25113880680874 ], [ -1869829.272547471802682, 1343816.456970079801977 ], [ -1869837.537724403431639, 1343778.508296720450744 ], [ -1869799.05028950353153, 1343770.125868514413014 ], [ -1869788.030279509490356, 1343820.724153278628364 ], [ -1869775.201201801653951, 1343817.930065352004021 ], [ -1869764.181260080542415, 1343868.528400279115885 ], [ -1869725.694228745531291, 1343860.146300930529833 ], [ -1869728.449158156523481, 1343847.496701683849096 ], [ -1869702.791078582406044, 1343841.908723073080182 ], [ -1869705.545969727216288, 1343829.259117708308622 ], [ -1869679.887835647212341, 1343823.671207546954975 ], [ -1869685.397540951147676, 1343798.37198666180484 ], [ -1869672.5684298442211, 1343795.578052104217932 ], [ -1869683.587759338086471, 1343744.979619134450331 ], [ -1869670.758568442426622, 1343742.185687281889841 ], [ -1869673.513380765449256, 1343729.536080192308873 ], [ -1869647.854948647785932, 1343723.948265766724944 ], [ -1869664.383586122654378, 1343648.05061805085279 ], [ -1869677.212917685974389, 1343650.844540377613157 ], [ -1869679.96770789520815, 1343638.194943915354088 ], [ -1869692.797054186230525, 1343640.988889529369771 ], [ -1869695.551862839609385, 1343628.339299291372299 ], [ -1869746.86928186728619, 1343639.515289931558073 ], [ -1869744.114397603087127, 1343652.164863703073934 ], [ -1869756.943723018048331, 1343654.958905174629763 ], [ -1869754.188819392118603, 1343667.608476936351508 ], [ -1869767.018121731234714, 1343670.402533462503925 ], [ -1869761.508275296771899, 1343695.701675075571984 ], [ -1869774.33753565326333, 1343698.495742540573701 ], [ -1869768.82764957845211, 1343723.794884344795719 ], [ -1869807.315292180748656, 1343732.177177062956616 ], [ -1869823.845285149058327, 1343656.279851032653823 ], [ -1869849.503919507842511, 1343661.868191436398774 ], [ -1869846.748884021770209, 1343674.517732273554429 ], [ -1869885.236747533781454, 1343682.900374314747751 ], [ -1869882.481654880335554, 1343695.549904908053577 ], [ -1869908.140171871054918, 1343701.138420557836071 ], [ -1869905.385040953289717, 1343713.78794502466917 ], [ -1869918.214274282334372, 1343716.582227487582713 ], [ -1869915.459124002838507, 1343729.231749944854528 ], [ -1869928.28833425603807, 1343732.026047463761643 ], [ -1869925.53316461481154, 1343744.675567909842357 ], [ -1869938.362351787742227, 1343747.469880481949076 ], [ -1869932.851973325014114, 1343772.768919456517324 ], [ -1869945.681118516018614, 1343775.56324296630919 ], [ -1869942.92590969405137, 1343788.212761496193707 ], [ -1869968.584149746689945, 1343793.801457793219015 ], [ -1869965.828902660403401, 1343806.450970193604007 ], [ -1869978.65799751970917, 1343809.245342982467264 ], [ -1869970.392196799162775, 1343847.193880475591868 ], [ -1869983.221230776747689, 1343849.988260083599016 ], [ -1869977.71065686410293, 1343875.287287375656888 ], [ -1869990.539648858131841, 1343878.081677918555215 ], [ -1869982.273727840045467, 1343916.030222301604226 ], [ -1869995.102658950490877, 1343918.824619663413614 ], [ -1869989.592004839563742, 1343944.123651548288763 ], [ -1870002.420893968548626, 1343946.918059846386313 ], [ -1869994.154852653620765, 1343984.866611113771796 ], [ -1870006.983680901816115, 1343987.661026231013238 ], [ -1870004.228313976433128, 1344000.310543415369466 ], [ -1870017.057119143661112, 1344003.104973585577682 ], [ -1870011.546346110990271, 1344028.404006038559601 ], [ -1870024.375109299318865, 1344031.198447143426165 ], [ -1870018.864296629093587, 1344056.497479774756357 ], [ -1870031.693017833866179, 1344059.291931815911084 ], [ -1870028.937591906869784, 1344071.941447177669033 ], [ -1870041.766290032537654, 1344074.735914272023365 ], [ -1870039.010844744509086, 1344087.385427621426061 ], [ -1870051.839519794797525, 1344090.179909768747166 ], [ -1870049.084055145969614, 1344102.82942110276781 ], [ -1870061.912707114359364, 1344105.623918300261721 ], [ -1870045.379796171560884, 1344181.521005828864872 ], [ -1870032.551257619168609, 1344178.726533335866407 ], [ -1870035.306725020054728, 1344166.077009366359562 ], [ -1869958.335292586591095, 1344149.31055227201432 ], [ -1869961.090646112337708, 1344136.661005704896525 ], [ -1869871.290319297229871, 1344117.100982522591949 ] ] ], [ [ [ -1863995.755467400187626, 1345807.016321481205523 ], [ -1863998.503039701841772, 1345794.364591911667958 ], [ -1863985.676911288639531, 1345791.579155501676723 ], [ -1864040.627883597742766, 1345538.544922233559191 ], [ -1864053.454390130005777, 1345541.330440759658813 ], [ -1864058.949515155283734, 1345516.027071773773059 ], [ -1864084.602591350674629, 1345521.598182749934494 ], [ -1864087.350190991768613, 1345508.946509612957016 ], [ -1864703.019931559218094, 1345642.676370693137869 ], [ -1864700.271424442296848, 1345655.327846716158092 ], [ -1864713.097756457747892, 1345658.114350971532986 ], [ -1864710.349229980260134, 1345670.765824983362108 ], [ -1864723.175538928480819, 1345673.552344301715493 ], [ -1864662.707425242755562, 1345951.885212693363428 ], [ -1864649.881532218074426, 1345949.098783734953031 ], [ -1864647.132995263207704, 1345961.750305972527713 ], [ -1864634.307116982759908, 1345958.9639002897311 ], [ -1864631.558598479721695, 1345971.615428724559024 ], [ -1864015.912452329182997, 1345837.890692597487941 ], [ -1864018.660063353134319, 1345825.238967048702762 ], [ -1864005.833981078816578, 1345822.453500516945496 ], [ -1864008.581572742667049, 1345809.801772952778265 ], [ -1863995.755467400187626, 1345807.016321481205523 ] ] ] ] } }
]
}
