{
"type": "FeatureCollection",
"name": "deanza_villas_parcel_polygons",
"crs": { "type": "name", "properties": { "name": "urn:ogc:def:crs:OGC:1.3:CRS84" } },
"features": [
{ "type": "Feature", "properties": { "apn": "1403300302", "apn_8": "14033003", "parcelid": 609348, "situs_address": 1682, "situs_street": "MONTEZUMA", "situs_suffix": "CT", "situs_post_dir": "", "situs_pre_dir": "", "subname": "DE ANZA VILLAS", "submap": "007135     ", "situs_community": "BORREGO SPRINGS", "situs_zip": "92004-4336" }, "geometry": { "type": "Polygon", "coordinates": [ [ [ -116.400738373769343, 33.287862214119357 ], [ -116.4007350698338, 33.287875671157508 ], [ -116.400731800266513, 33.287889136268966 ], [ -116.400728571504416, 33.287902606740772 ], [ -116.400725381406545, 33.287916086182392 ], [ -116.400722229965083, 33.287929570085275 ], [ -116.400719115036082, 33.287943060255465 ], [ -116.401765614356776, 33.287918677204701 ], [ -116.401744350902106, 33.285142565953656 ], [ -116.401014994915187, 33.285077831194819 ], [ -116.401005287208278, 33.285141054220993 ], [ -116.401006075842631, 33.285147025073499 ], [ -116.401007696894112, 33.285160698848252 ], [ -116.401009054954372, 33.285174391878137 ], [ -116.401010152172049, 33.285188105062097 ], [ -116.401010990673811, 33.285201826675845 ], [ -116.401011567243671, 33.285215559428281 ], [ -116.40101187865595, 33.285229300618397 ], [ -116.401011935627722, 33.28524303941289 ], [ -116.401011730653138, 33.285256781231034 ], [ -116.40101125942374, 33.28527051796295 ], [ -116.401010530517198, 33.285284243286505 ], [ -116.401009539646836, 33.28529796171518 ], [ -116.40100829108502, 33.285311660620458 ], [ -116.401006779469981, 33.285325343615348 ], [ -116.401005010155529, 33.285339002578411 ], [ -116.401002978850286, 33.285352639318091 ], [ -116.401000688760945, 33.285366245715494 ], [ -116.400998143106506, 33.285379820864904 ], [ -116.400995336514313, 33.285393362067879 ], [ -116.400992273258339, 33.285406857597337 ], [ -116.400988955493403, 33.285420311959093 ], [ -116.400985383214689, 33.285433722447998 ], [ -116.400981554265613, 33.285447083656656 ], [ -116.4009774707839, 33.285460390172453 ], [ -116.400973134913514, 33.285473640189245 ], [ -116.400970998144373, 33.285479661486434 ], [ -116.400966505463586, 33.285492872921537 ], [ -116.400962278065847, 33.285506148954624 ], [ -116.40095831164146, 33.285519480574223 ], [ -116.400954611552166, 33.285532864167166 ], [ -116.400951178870102, 33.285546298830447 ], [ -116.400948008221292, 33.285559780963908 ], [ -116.400945109260277, 33.285573306047475 ], [ -116.40094247553327, 33.285586866875576 ], [ -116.400940113484921, 33.285600465243725 ], [ -116.400938016661556, 33.285614093946414 ], [ -116.4009361947207, 33.285627750266841 ], [ -116.400934644430976, 33.285641427897176 ], [ -116.400933359351015, 33.285655126845342 ], [ -116.400932349135346, 33.28566884259115 ], [ -116.400931612702749, 33.285682570627586 ], [ -116.400931145752836, 33.285696307353149 ], [ -116.400930950421952, 33.285710046453445 ], [ -116.400931029931087, 33.285723787924653 ], [ -116.400931526026781, 33.285730699582622 ], [ -116.400932629680725, 33.285744412758319 ], [ -116.400933873948574, 33.285758111336229 ], [ -116.400935274949575, 33.285771804313534 ], [ -116.400936823007683, 33.285785483586679 ], [ -116.400938525637983, 33.285799149146818 ], [ -116.400940375328645, 33.285812802806262 ], [ -116.400942378519559, 33.285826443655502 ], [ -116.400944528756966, 33.285840064489044 ], [ -116.400946829266289, 33.285853668007917 ], [ -116.40094928112434, 33.285867256014171 ], [ -116.400951880029055, 33.28588082400465 ], [ -116.400954629196605, 33.285894369270387 ], [ -116.400957525409396, 33.285907893618685 ], [ -116.4009904612941, 33.286031527672172 ], [ -116.400991360278226, 33.286034870901204 ], [ -116.400994911199902, 33.286048287152411 ], [ -116.400998366597335, 33.286061717044866 ], [ -116.401001727553464, 33.286075165987278 ], [ -116.401004990842864, 33.286088631278581 ], [ -116.401008158612555, 33.286102112916183 ], [ -116.401011227643409, 33.286115611805613 ], [ -116.401014206517772, 33.286129124329783 ], [ -116.401017086648466, 33.286142651400844 ], [ -116.401019868032421, 33.286156191215397 ], [ -116.401022558187705, 33.286169745567683 ], [ -116.401025147450511, 33.286183313567768 ], [ -116.401027641188733, 33.286196895209144 ], [ -116.401030040472719, 33.286210488687153 ], [ -116.401032341006655, 33.286224093105389 ], [ -116.401034543867112, 33.28623771026583 ], [ -116.40103665227015, 33.286251337459618 ], [ -116.401037864523801, 33.286257664859946 ], [ -116.401040338941655, 33.286271246524464 ], [ -116.401042649140962, 33.286284850930599 ], [ -116.401044792968477, 33.286298474474336 ], [ -116.4010467704192, 33.286312114450602 ], [ -116.401048580421204, 33.286325771762414 ], [ -116.401050227267078, 33.286339445502946 ], [ -116.401051703432486, 33.286353130271173 ], [ -116.401053013216199, 33.286366828766973 ], [ -116.401054156610414, 33.286380536481936 ], [ -116.401055132543036, 33.286394254319063 ], [ -116.401055941003094, 33.286407975966725 ], [ -116.401056579855762, 33.286421708640759 ], [ -116.401056894510177, 33.286427364481426 ], [ -116.401057640716957, 33.286441094319798 ], [ -116.401058367593166, 33.286454820574932 ], [ -116.40105907193059, 33.286468550464221 ], [ -116.401059756943695, 33.286482280376937 ], [ -116.40106042263244, 33.286496010313151 ], [ -116.401061064702589, 33.286509740278071 ], [ -116.401061683158645, 33.286523472976704 ], [ -116.40106228336245, 33.28653720479587 ], [ -116.401062863169855, 33.286550937541485 ], [ -116.401063420432166, 33.28656467031449 ], [ -116.401063957301091, 33.28657840581733 ], [ -116.401064472693903, 33.286592138641232 ], [ -116.401064966619799, 33.286605874196283 ], [ -116.401065442294794, 33.286619609773503 ], [ -116.401065894355796, 33.286633348084465 ], [ -116.4010663238669, 33.286647083717789 ], [ -116.401066734058233, 33.286660822079639 ], [ -116.401067123851561, 33.28667456046626 ], [ -116.401067491094977, 33.286688296175257 ], [ -116.401067839023312, 33.286702037317816 ], [ -116.401068164401735, 33.286715775782753 ], [ -116.401068469382068, 33.286729514272494 ], [ -116.401068751817164, 33.286743252789584 ], [ -116.40106901385883, 33.286756994036523 ], [ -116.401069256571361, 33.286770732601937 ], [ -116.401069476743203, 33.286784473899779 ], [ -116.401069674365132, 33.28679821251999 ], [ -116.401069854814381, 33.286811953866128 ], [ -116.401070009497488, 33.286825695243508 ], [ -116.40107014807684, 33.286839436640541 ], [ -116.401070259816507, 33.28685317807021 ], [ -116.401070355452376, 33.286866919519404 ], [ -116.401070431763642, 33.286880660992104 ], [ -116.401070478014404, 33.286894402501346 ], [ -116.401070508161382, 33.286908144030164 ], [ -116.401070686833648, 33.286916498756703 ], [ -116.401070939213866, 33.286930240015053 ], [ -116.401071138988172, 33.286943981337394 ], [ -116.401071287234899, 33.286957725427463 ], [ -116.401071389303198, 33.286971461458563 ], [ -116.40107143662776, 33.286985202966299 ], [ -116.401071433493541, 33.286998944535412 ], [ -116.401071382047789, 33.287012686163294 ], [ -116.401071277995925, 33.28702642785516 ], [ -116.401071125632484, 33.287040169605838 ], [ -116.401070919584683, 33.287053908716729 ], [ -116.40107066200909, 33.287067650595368 ], [ -116.40107035504353, 33.287081389828998 ], [ -116.401069999761475, 33.287095126416403 ], [ -116.401069591877985, 33.287108865772765 ], [ -116.401069127079964, 33.287122597083311 ], [ -116.401068621499249, 33.287136336558525 ], [ -116.401068062229413, 33.287150070688973 ], [ -116.401067451422236, 33.287163802177055 ], [ -116.401066788002623, 33.287177530122413 ], [ -116.401066075199026, 33.287191259029569 ], [ -116.401065313009852, 33.287204987996724 ], [ -116.401064499278633, 33.287218711616532 ], [ -116.401062960493576, 33.287231594853409 ], [ -116.40106102364382, 33.287245239590398 ], [ -116.401058770022416, 33.287258849547371 ], [ -116.401056204991008, 33.287272421111027 ], [ -116.40105332961376, 33.287285948870029 ], [ -116.401050141733975, 33.287299427416848 ], [ -116.401046647785293, 33.287312852235303 ], [ -116.401042842387199, 33.287326216118508 ], [ -116.401038731977962, 33.287339517255191 ], [ -116.401034314396355, 33.287352747532879 ], [ -116.401029595005511, 33.287365904239941 ], [ -116.401024571651789, 33.287378983772356 ], [ -116.401019250759731, 33.287391976203757 ], [ -116.401013634481018, 33.287404884236508 ], [ -116.401007717425685, 33.28741769525363 ], [ -116.401001506033779, 33.287430408345671 ], [ -116.400995005662182, 33.287443017194235 ], [ -116.400988217379791, 33.287455519092951 ], [ -116.400981141178733, 33.287467909533383 ], [ -116.400973786713493, 33.287480183995442 ], [ -116.400966140014773, 33.287492335282558 ], [ -116.400958222545142, 33.287504357958547 ], [ -116.400950028934986, 33.287516251128167 ], [ -116.400941564545903, 33.287528011178196 ], [ -116.400932827222988, 33.28753963360279 ], [ -116.400923831977835, 33.287551107563552 ], [ -116.400914564853565, 33.287562433077326 ], [ -116.400906038613769, 33.28757319504313 ], [ -116.400897076682043, 33.287584691503277 ], [ -116.400888222211876, 33.287596248244569 ], [ -116.400879468750887, 33.287607858963099 ], [ -116.400870827042809, 33.287619528154188 ], [ -116.400862292785504, 33.287631251314785 ], [ -116.400853863834982, 33.28764303025077 ], [ -116.400845546625007, 33.287654860445997 ], [ -116.400837336873678, 33.287666749119154 ], [ -116.400829235637559, 33.287678686350482 ], [ -116.400821242929041, 33.287690679353361 ], [ -116.400813364103755, 33.28770272090803 ], [ -116.400809512938281, 33.287708865107732 ], [ -116.400802089671714, 33.287721112592344 ], [ -116.400794933917467, 33.287733468854555 ], [ -116.400788041379528, 33.287745932997915 ], [ -116.400781420634459, 33.287758497798627 ], [ -116.400775067384828, 33.287771161458622 ], [ -116.400768990210253, 33.287783918557437 ], [ -116.400763190182772, 33.28779676819218 ], [ -116.400757666216563, 33.287809703150707 ], [ -116.400752420448057, 33.287822717118786 ], [ -116.400747455026149, 33.287835810995539 ], [ -116.400742772087199, 33.287848978466592 ], [ -116.400738373769343, 33.287862214119357 ] ] ] } },
{ "type": "Feature", "properties": { "apn": "1403300307", "apn_8": "14033003", "parcelid": 609348, "situs_address": 1686, "situs_street": "MONTEZUMA", "situs_suffix": "CT", "situs_post_dir": "", "situs_pre_dir": "", "subname": "DE ANZA VILLAS", "submap": "007135     ", "situs_community": "BORREGO SPRINGS", "situs_zip": "92004-4336" }, "geometry": { "type": "Polygon", "coordinates": [ [ [ -116.400738373769343, 33.287862214119357 ], [ -116.4007350698338, 33.287875671157508 ], [ -116.400731800266513, 33.287889136268966 ], [ -116.400728571504416, 33.287902606740772 ], [ -116.400725381406545, 33.287916086182392 ], [ -116.400722229965083, 33.287929570085275 ], [ -116.400719115036082, 33.287943060255465 ], [ -116.401765614356776, 33.287918677204701 ], [ -116.401744350902106, 33.285142565953656 ], [ -116.401014994915187, 33.285077831194819 ], [ -116.401005287208278, 33.285141054220993 ], [ -116.401006075842631, 33.285147025073499 ], [ -116.401007696894112, 33.285160698848252 ], [ -116.401009054954372, 33.285174391878137 ], [ -116.401010152172049, 33.285188105062097 ], [ -116.401010990673811, 33.285201826675845 ], [ -116.401011567243671, 33.285215559428281 ], [ -116.40101187865595, 33.285229300618397 ], [ -116.401011935627722, 33.28524303941289 ], [ -116.401011730653138, 33.285256781231034 ], [ -116.40101125942374, 33.28527051796295 ], [ -116.401010530517198, 33.285284243286505 ], [ -116.401009539646836, 33.28529796171518 ], [ -116.40100829108502, 33.285311660620458 ], [ -116.401006779469981, 33.285325343615348 ], [ -116.401005010155529, 33.285339002578411 ], [ -116.401002978850286, 33.285352639318091 ], [ -116.401000688760945, 33.285366245715494 ], [ -116.400998143106506, 33.285379820864904 ], [ -116.400995336514313, 33.285393362067879 ], [ -116.400992273258339, 33.285406857597337 ], [ -116.400988955493403, 33.285420311959093 ], [ -116.400985383214689, 33.285433722447998 ], [ -116.400981554265613, 33.285447083656656 ], [ -116.4009774707839, 33.285460390172453 ], [ -116.400973134913514, 33.285473640189245 ], [ -116.400970998144373, 33.285479661486434 ], [ -116.400966505463586, 33.285492872921537 ], [ -116.400962278065847, 33.285506148954624 ], [ -116.40095831164146, 33.285519480574223 ], [ -116.400954611552166, 33.285532864167166 ], [ -116.400951178870102, 33.285546298830447 ], [ -116.400948008221292, 33.285559780963908 ], [ -116.400945109260277, 33.285573306047475 ], [ -116.40094247553327, 33.285586866875576 ], [ -116.400940113484921, 33.285600465243725 ], [ -116.400938016661556, 33.285614093946414 ], [ -116.4009361947207, 33.285627750266841 ], [ -116.400934644430976, 33.285641427897176 ], [ -116.400933359351015, 33.285655126845342 ], [ -116.400932349135346, 33.28566884259115 ], [ -116.400931612702749, 33.285682570627586 ], [ -116.400931145752836, 33.285696307353149 ], [ -116.400930950421952, 33.285710046453445 ], [ -116.400931029931087, 33.285723787924653 ], [ -116.400931526026781, 33.285730699582622 ], [ -116.400932629680725, 33.285744412758319 ], [ -116.400933873948574, 33.285758111336229 ], [ -116.400935274949575, 33.285771804313534 ], [ -116.400936823007683, 33.285785483586679 ], [ -116.400938525637983, 33.285799149146818 ], [ -116.400940375328645, 33.285812802806262 ], [ -116.400942378519559, 33.285826443655502 ], [ -116.400944528756966, 33.285840064489044 ], [ -116.400946829266289, 33.285853668007917 ], [ -116.40094928112434, 33.285867256014171 ], [ -116.400951880029055, 33.28588082400465 ], [ -116.400954629196605, 33.285894369270387 ], [ -116.400957525409396, 33.285907893618685 ], [ -116.4009904612941, 33.286031527672172 ], [ -116.400991360278226, 33.286034870901204 ], [ -116.400994911199902, 33.286048287152411 ], [ -116.400998366597335, 33.286061717044866 ], [ -116.401001727553464, 33.286075165987278 ], [ -116.401004990842864, 33.286088631278581 ], [ -116.401008158612555, 33.286102112916183 ], [ -116.401011227643409, 33.286115611805613 ], [ -116.401014206517772, 33.286129124329783 ], [ -116.401017086648466, 33.286142651400844 ], [ -116.401019868032421, 33.286156191215397 ], [ -116.401022558187705, 33.286169745567683 ], [ -116.401025147450511, 33.286183313567768 ], [ -116.401027641188733, 33.286196895209144 ], [ -116.401030040472719, 33.286210488687153 ], [ -116.401032341006655, 33.286224093105389 ], [ -116.401034543867112, 33.28623771026583 ], [ -116.40103665227015, 33.286251337459618 ], [ -116.401037864523801, 33.286257664859946 ], [ -116.401040338941655, 33.286271246524464 ], [ -116.401042649140962, 33.286284850930599 ], [ -116.401044792968477, 33.286298474474336 ], [ -116.4010467704192, 33.286312114450602 ], [ -116.401048580421204, 33.286325771762414 ], [ -116.401050227267078, 33.286339445502946 ], [ -116.401051703432486, 33.286353130271173 ], [ -116.401053013216199, 33.286366828766973 ], [ -116.401054156610414, 33.286380536481936 ], [ -116.401055132543036, 33.286394254319063 ], [ -116.401055941003094, 33.286407975966725 ], [ -116.401056579855762, 33.286421708640759 ], [ -116.401056894510177, 33.286427364481426 ], [ -116.401057640716957, 33.286441094319798 ], [ -116.401058367593166, 33.286454820574932 ], [ -116.40105907193059, 33.286468550464221 ], [ -116.401059756943695, 33.286482280376937 ], [ -116.40106042263244, 33.286496010313151 ], [ -116.401061064702589, 33.286509740278071 ], [ -116.401061683158645, 33.286523472976704 ], [ -116.40106228336245, 33.28653720479587 ], [ -116.401062863169855, 33.286550937541485 ], [ -116.401063420432166, 33.28656467031449 ], [ -116.401063957301091, 33.28657840581733 ], [ -116.401064472693903, 33.286592138641232 ], [ -116.401064966619799, 33.286605874196283 ], [ -116.401065442294794, 33.286619609773503 ], [ -116.401065894355796, 33.286633348084465 ], [ -116.4010663238669, 33.286647083717789 ], [ -116.401066734058233, 33.286660822079639 ], [ -116.401067123851561, 33.28667456046626 ], [ -116.401067491094977, 33.286688296175257 ], [ -116.401067839023312, 33.286702037317816 ], [ -116.401068164401735, 33.286715775782753 ], [ -116.401068469382068, 33.286729514272494 ], [ -116.401068751817164, 33.286743252789584 ], [ -116.40106901385883, 33.286756994036523 ], [ -116.401069256571361, 33.286770732601937 ], [ -116.401069476743203, 33.286784473899779 ], [ -116.401069674365132, 33.28679821251999 ], [ -116.401069854814381, 33.286811953866128 ], [ -116.401070009497488, 33.286825695243508 ], [ -116.40107014807684, 33.286839436640541 ], [ -116.401070259816507, 33.28685317807021 ], [ -116.401070355452376, 33.286866919519404 ], [ -116.401070431763642, 33.286880660992104 ], [ -116.401070478014404, 33.286894402501346 ], [ -116.401070508161382, 33.286908144030164 ], [ -116.401070686833648, 33.286916498756703 ], [ -116.401070939213866, 33.286930240015053 ], [ -116.401071138988172, 33.286943981337394 ], [ -116.401071287234899, 33.286957725427463 ], [ -116.401071389303198, 33.286971461458563 ], [ -116.40107143662776, 33.286985202966299 ], [ -116.401071433493541, 33.286998944535412 ], [ -116.401071382047789, 33.287012686163294 ], [ -116.401071277995925, 33.28702642785516 ], [ -116.401071125632484, 33.287040169605838 ], [ -116.401070919584683, 33.287053908716729 ], [ -116.40107066200909, 33.287067650595368 ], [ -116.40107035504353, 33.287081389828998 ], [ -116.401069999761475, 33.287095126416403 ], [ -116.401069591877985, 33.287108865772765 ], [ -116.401069127079964, 33.287122597083311 ], [ -116.401068621499249, 33.287136336558525 ], [ -116.401068062229413, 33.287150070688973 ], [ -116.401067451422236, 33.287163802177055 ], [ -116.401066788002623, 33.287177530122413 ], [ -116.401066075199026, 33.287191259029569 ], [ -116.401065313009852, 33.287204987996724 ], [ -116.401064499278633, 33.287218711616532 ], [ -116.401062960493576, 33.287231594853409 ], [ -116.40106102364382, 33.287245239590398 ], [ -116.401058770022416, 33.287258849547371 ], [ -116.401056204991008, 33.287272421111027 ], [ -116.40105332961376, 33.287285948870029 ], [ -116.401050141733975, 33.287299427416848 ], [ -116.401046647785293, 33.287312852235303 ], [ -116.401042842387199, 33.287326216118508 ], [ -116.401038731977962, 33.287339517255191 ], [ -116.401034314396355, 33.287352747532879 ], [ -116.401029595005511, 33.287365904239941 ], [ -116.401024571651789, 33.287378983772356 ], [ -116.401019250759731, 33.287391976203757 ], [ -116.401013634481018, 33.287404884236508 ], [ -116.401007717425685, 33.28741769525363 ], [ -116.401001506033779, 33.287430408345671 ], [ -116.400995005662182, 33.287443017194235 ], [ -116.400988217379791, 33.287455519092951 ], [ -116.400981141178733, 33.287467909533383 ], [ -116.400973786713493, 33.287480183995442 ], [ -116.400966140014773, 33.287492335282558 ], [ -116.400958222545142, 33.287504357958547 ], [ -116.400950028934986, 33.287516251128167 ], [ -116.400941564545903, 33.287528011178196 ], [ -116.400932827222988, 33.28753963360279 ], [ -116.400923831977835, 33.287551107563552 ], [ -116.400914564853565, 33.287562433077326 ], [ -116.400906038613769, 33.28757319504313 ], [ -116.400897076682043, 33.287584691503277 ], [ -116.400888222211876, 33.287596248244569 ], [ -116.400879468750887, 33.287607858963099 ], [ -116.400870827042809, 33.287619528154188 ], [ -116.400862292785504, 33.287631251314785 ], [ -116.400853863834982, 33.28764303025077 ], [ -116.400845546625007, 33.287654860445997 ], [ -116.400837336873678, 33.287666749119154 ], [ -116.400829235637559, 33.287678686350482 ], [ -116.400821242929041, 33.287690679353361 ], [ -116.400813364103755, 33.28770272090803 ], [ -116.400809512938281, 33.287708865107732 ], [ -116.400802089671714, 33.287721112592344 ], [ -116.400794933917467, 33.287733468854555 ], [ -116.400788041379528, 33.287745932997915 ], [ -116.400781420634459, 33.287758497798627 ], [ -116.400775067384828, 33.287771161458622 ], [ -116.400768990210253, 33.287783918557437 ], [ -116.400763190182772, 33.28779676819218 ], [ -116.400757666216563, 33.287809703150707 ], [ -116.400752420448057, 33.287822717118786 ], [ -116.400747455026149, 33.287835810995539 ], [ -116.400742772087199, 33.287848978466592 ], [ -116.400738373769343, 33.287862214119357 ] ] ] } },
{ "type": "Feature", "properties": { "apn": "1403300312", "apn_8": "14033003", "parcelid": 609348, "situs_address": 1666, "situs_street": "MONTEZUMA", "situs_suffix": "CT", "situs_post_dir": "", "situs_pre_dir": "", "subname": "DE ANZA VILLAS", "submap": "007135     ", "situs_community": "BORREGO SPRINGS", "situs_zip": "92004-4336" }, "geometry": { "type": "Polygon", "coordinates": [ [ [ -116.400738373769343, 33.287862214119357 ], [ -116.4007350698338, 33.287875671157508 ], [ -116.400731800266513, 33.287889136268966 ], [ -116.400728571504416, 33.287902606740772 ], [ -116.400725381406545, 33.287916086182392 ], [ -116.400722229965083, 33.287929570085275 ], [ -116.400719115036082, 33.287943060255465 ], [ -116.401765614356776, 33.287918677204701 ], [ -116.401744350902106, 33.285142565953656 ], [ -116.401014994915187, 33.285077831194819 ], [ -116.401005287208278, 33.285141054220993 ], [ -116.401006075842631, 33.285147025073499 ], [ -116.401007696894112, 33.285160698848252 ], [ -116.401009054954372, 33.285174391878137 ], [ -116.401010152172049, 33.285188105062097 ], [ -116.401010990673811, 33.285201826675845 ], [ -116.401011567243671, 33.285215559428281 ], [ -116.40101187865595, 33.285229300618397 ], [ -116.401011935627722, 33.28524303941289 ], [ -116.401011730653138, 33.285256781231034 ], [ -116.40101125942374, 33.28527051796295 ], [ -116.401010530517198, 33.285284243286505 ], [ -116.401009539646836, 33.28529796171518 ], [ -116.40100829108502, 33.285311660620458 ], [ -116.401006779469981, 33.285325343615348 ], [ -116.401005010155529, 33.285339002578411 ], [ -116.401002978850286, 33.285352639318091 ], [ -116.401000688760945, 33.285366245715494 ], [ -116.400998143106506, 33.285379820864904 ], [ -116.400995336514313, 33.285393362067879 ], [ -116.400992273258339, 33.285406857597337 ], [ -116.400988955493403, 33.285420311959093 ], [ -116.400985383214689, 33.285433722447998 ], [ -116.400981554265613, 33.285447083656656 ], [ -116.4009774707839, 33.285460390172453 ], [ -116.400973134913514, 33.285473640189245 ], [ -116.400970998144373, 33.285479661486434 ], [ -116.400966505463586, 33.285492872921537 ], [ -116.400962278065847, 33.285506148954624 ], [ -116.40095831164146, 33.285519480574223 ], [ -116.400954611552166, 33.285532864167166 ], [ -116.400951178870102, 33.285546298830447 ], [ -116.400948008221292, 33.285559780963908 ], [ -116.400945109260277, 33.285573306047475 ], [ -116.40094247553327, 33.285586866875576 ], [ -116.400940113484921, 33.285600465243725 ], [ -116.400938016661556, 33.285614093946414 ], [ -116.4009361947207, 33.285627750266841 ], [ -116.400934644430976, 33.285641427897176 ], [ -116.400933359351015, 33.285655126845342 ], [ -116.400932349135346, 33.28566884259115 ], [ -116.400931612702749, 33.285682570627586 ], [ -116.400931145752836, 33.285696307353149 ], [ -116.400930950421952, 33.285710046453445 ], [ -116.400931029931087, 33.285723787924653 ], [ -116.400931526026781, 33.285730699582622 ], [ -116.400932629680725, 33.285744412758319 ], [ -116.400933873948574, 33.285758111336229 ], [ -116.400935274949575, 33.285771804313534 ], [ -116.400936823007683, 33.285785483586679 ], [ -116.400938525637983, 33.285799149146818 ], [ -116.400940375328645, 33.285812802806262 ], [ -116.400942378519559, 33.285826443655502 ], [ -116.400944528756966, 33.285840064489044 ], [ -116.400946829266289, 33.285853668007917 ], [ -116.40094928112434, 33.285867256014171 ], [ -116.400951880029055, 33.28588082400465 ], [ -116.400954629196605, 33.285894369270387 ], [ -116.400957525409396, 33.285907893618685 ], [ -116.4009904612941, 33.286031527672172 ], [ -116.400991360278226, 33.286034870901204 ], [ -116.400994911199902, 33.286048287152411 ], [ -116.400998366597335, 33.286061717044866 ], [ -116.401001727553464, 33.286075165987278 ], [ -116.401004990842864, 33.286088631278581 ], [ -116.401008158612555, 33.286102112916183 ], [ -116.401011227643409, 33.286115611805613 ], [ -116.401014206517772, 33.286129124329783 ], [ -116.401017086648466, 33.286142651400844 ], [ -116.401019868032421, 33.286156191215397 ], [ -116.401022558187705, 33.286169745567683 ], [ -116.401025147450511, 33.286183313567768 ], [ -116.401027641188733, 33.286196895209144 ], [ -116.401030040472719, 33.286210488687153 ], [ -116.401032341006655, 33.286224093105389 ], [ -116.401034543867112, 33.28623771026583 ], [ -116.40103665227015, 33.286251337459618 ], [ -116.401037864523801, 33.286257664859946 ], [ -116.401040338941655, 33.286271246524464 ], [ -116.401042649140962, 33.286284850930599 ], [ -116.401044792968477, 33.286298474474336 ], [ -116.4010467704192, 33.286312114450602 ], [ -116.401048580421204, 33.286325771762414 ], [ -116.401050227267078, 33.286339445502946 ], [ -116.401051703432486, 33.286353130271173 ], [ -116.401053013216199, 33.286366828766973 ], [ -116.401054156610414, 33.286380536481936 ], [ -116.401055132543036, 33.286394254319063 ], [ -116.401055941003094, 33.286407975966725 ], [ -116.401056579855762, 33.286421708640759 ], [ -116.401056894510177, 33.286427364481426 ], [ -116.401057640716957, 33.286441094319798 ], [ -116.401058367593166, 33.286454820574932 ], [ -116.40105907193059, 33.286468550464221 ], [ -116.401059756943695, 33.286482280376937 ], [ -116.40106042263244, 33.286496010313151 ], [ -116.401061064702589, 33.286509740278071 ], [ -116.401061683158645, 33.286523472976704 ], [ -116.40106228336245, 33.28653720479587 ], [ -116.401062863169855, 33.286550937541485 ], [ -116.401063420432166, 33.28656467031449 ], [ -116.401063957301091, 33.28657840581733 ], [ -116.401064472693903, 33.286592138641232 ], [ -116.401064966619799, 33.286605874196283 ], [ -116.401065442294794, 33.286619609773503 ], [ -116.401065894355796, 33.286633348084465 ], [ -116.4010663238669, 33.286647083717789 ], [ -116.401066734058233, 33.286660822079639 ], [ -116.401067123851561, 33.28667456046626 ], [ -116.401067491094977, 33.286688296175257 ], [ -116.401067839023312, 33.286702037317816 ], [ -116.401068164401735, 33.286715775782753 ], [ -116.401068469382068, 33.286729514272494 ], [ -116.401068751817164, 33.286743252789584 ], [ -116.40106901385883, 33.286756994036523 ], [ -116.401069256571361, 33.286770732601937 ], [ -116.401069476743203, 33.286784473899779 ], [ -116.401069674365132, 33.28679821251999 ], [ -116.401069854814381, 33.286811953866128 ], [ -116.401070009497488, 33.286825695243508 ], [ -116.40107014807684, 33.286839436640541 ], [ -116.401070259816507, 33.28685317807021 ], [ -116.401070355452376, 33.286866919519404 ], [ -116.401070431763642, 33.286880660992104 ], [ -116.401070478014404, 33.286894402501346 ], [ -116.401070508161382, 33.286908144030164 ], [ -116.401070686833648, 33.286916498756703 ], [ -116.401070939213866, 33.286930240015053 ], [ -116.401071138988172, 33.286943981337394 ], [ -116.401071287234899, 33.286957725427463 ], [ -116.401071389303198, 33.286971461458563 ], [ -116.40107143662776, 33.286985202966299 ], [ -116.401071433493541, 33.286998944535412 ], [ -116.401071382047789, 33.287012686163294 ], [ -116.401071277995925, 33.28702642785516 ], [ -116.401071125632484, 33.287040169605838 ], [ -116.401070919584683, 33.287053908716729 ], [ -116.40107066200909, 33.287067650595368 ], [ -116.40107035504353, 33.287081389828998 ], [ -116.401069999761475, 33.287095126416403 ], [ -116.401069591877985, 33.287108865772765 ], [ -116.401069127079964, 33.287122597083311 ], [ -116.401068621499249, 33.287136336558525 ], [ -116.401068062229413, 33.287150070688973 ], [ -116.401067451422236, 33.287163802177055 ], [ -116.401066788002623, 33.287177530122413 ], [ -116.401066075199026, 33.287191259029569 ], [ -116.401065313009852, 33.287204987996724 ], [ -116.401064499278633, 33.287218711616532 ], [ -116.401062960493576, 33.287231594853409 ], [ -116.40106102364382, 33.287245239590398 ], [ -116.401058770022416, 33.287258849547371 ], [ -116.401056204991008, 33.287272421111027 ], [ -116.40105332961376, 33.287285948870029 ], [ -116.401050141733975, 33.287299427416848 ], [ -116.401046647785293, 33.287312852235303 ], [ -116.401042842387199, 33.287326216118508 ], [ -116.401038731977962, 33.287339517255191 ], [ -116.401034314396355, 33.287352747532879 ], [ -116.401029595005511, 33.287365904239941 ], [ -116.401024571651789, 33.287378983772356 ], [ -116.401019250759731, 33.287391976203757 ], [ -116.401013634481018, 33.287404884236508 ], [ -116.401007717425685, 33.28741769525363 ], [ -116.401001506033779, 33.287430408345671 ], [ -116.400995005662182, 33.287443017194235 ], [ -116.400988217379791, 33.287455519092951 ], [ -116.400981141178733, 33.287467909533383 ], [ -116.400973786713493, 33.287480183995442 ], [ -116.400966140014773, 33.287492335282558 ], [ -116.400958222545142, 33.287504357958547 ], [ -116.400950028934986, 33.287516251128167 ], [ -116.400941564545903, 33.287528011178196 ], [ -116.400932827222988, 33.28753963360279 ], [ -116.400923831977835, 33.287551107563552 ], [ -116.400914564853565, 33.287562433077326 ], [ -116.400906038613769, 33.28757319504313 ], [ -116.400897076682043, 33.287584691503277 ], [ -116.400888222211876, 33.287596248244569 ], [ -116.400879468750887, 33.287607858963099 ], [ -116.400870827042809, 33.287619528154188 ], [ -116.400862292785504, 33.287631251314785 ], [ -116.400853863834982, 33.28764303025077 ], [ -116.400845546625007, 33.287654860445997 ], [ -116.400837336873678, 33.287666749119154 ], [ -116.400829235637559, 33.287678686350482 ], [ -116.400821242929041, 33.287690679353361 ], [ -116.400813364103755, 33.28770272090803 ], [ -116.400809512938281, 33.287708865107732 ], [ -116.400802089671714, 33.287721112592344 ], [ -116.400794933917467, 33.287733468854555 ], [ -116.400788041379528, 33.287745932997915 ], [ -116.400781420634459, 33.287758497798627 ], [ -116.400775067384828, 33.287771161458622 ], [ -116.400768990210253, 33.287783918557437 ], [ -116.400763190182772, 33.28779676819218 ], [ -116.400757666216563, 33.287809703150707 ], [ -116.400752420448057, 33.287822717118786 ], [ -116.400747455026149, 33.287835810995539 ], [ -116.400742772087199, 33.287848978466592 ], [ -116.400738373769343, 33.287862214119357 ] ] ] } },
{ "type": "Feature", "properties": { "apn": "1403300310", "apn_8": "14033003", "parcelid": 609348, "situs_address": 1670, "situs_street": "MONTEZUMA", "situs_suffix": "CT", "situs_post_dir": "", "situs_pre_dir": "", "subname": "DE ANZA VILLAS", "submap": "007135     ", "situs_community": "BORREGO SPRINGS", "situs_zip": "92004-4336" }, "geometry": { "type": "Polygon", "coordinates": [ [ [ -116.400738373769343, 33.287862214119357 ], [ -116.4007350698338, 33.287875671157508 ], [ -116.400731800266513, 33.287889136268966 ], [ -116.400728571504416, 33.287902606740772 ], [ -116.400725381406545, 33.287916086182392 ], [ -116.400722229965083, 33.287929570085275 ], [ -116.400719115036082, 33.287943060255465 ], [ -116.401765614356776, 33.287918677204701 ], [ -116.401744350902106, 33.285142565953656 ], [ -116.401014994915187, 33.285077831194819 ], [ -116.401005287208278, 33.285141054220993 ], [ -116.401006075842631, 33.285147025073499 ], [ -116.401007696894112, 33.285160698848252 ], [ -116.401009054954372, 33.285174391878137 ], [ -116.401010152172049, 33.285188105062097 ], [ -116.401010990673811, 33.285201826675845 ], [ -116.401011567243671, 33.285215559428281 ], [ -116.40101187865595, 33.285229300618397 ], [ -116.401011935627722, 33.28524303941289 ], [ -116.401011730653138, 33.285256781231034 ], [ -116.40101125942374, 33.28527051796295 ], [ -116.401010530517198, 33.285284243286505 ], [ -116.401009539646836, 33.28529796171518 ], [ -116.40100829108502, 33.285311660620458 ], [ -116.401006779469981, 33.285325343615348 ], [ -116.401005010155529, 33.285339002578411 ], [ -116.401002978850286, 33.285352639318091 ], [ -116.401000688760945, 33.285366245715494 ], [ -116.400998143106506, 33.285379820864904 ], [ -116.400995336514313, 33.285393362067879 ], [ -116.400992273258339, 33.285406857597337 ], [ -116.400988955493403, 33.285420311959093 ], [ -116.400985383214689, 33.285433722447998 ], [ -116.400981554265613, 33.285447083656656 ], [ -116.4009774707839, 33.285460390172453 ], [ -116.400973134913514, 33.285473640189245 ], [ -116.400970998144373, 33.285479661486434 ], [ -116.400966505463586, 33.285492872921537 ], [ -116.400962278065847, 33.285506148954624 ], [ -116.40095831164146, 33.285519480574223 ], [ -116.400954611552166, 33.285532864167166 ], [ -116.400951178870102, 33.285546298830447 ], [ -116.400948008221292, 33.285559780963908 ], [ -116.400945109260277, 33.285573306047475 ], [ -116.40094247553327, 33.285586866875576 ], [ -116.400940113484921, 33.285600465243725 ], [ -116.400938016661556, 33.285614093946414 ], [ -116.4009361947207, 33.285627750266841 ], [ -116.400934644430976, 33.285641427897176 ], [ -116.400933359351015, 33.285655126845342 ], [ -116.400932349135346, 33.28566884259115 ], [ -116.400931612702749, 33.285682570627586 ], [ -116.400931145752836, 33.285696307353149 ], [ -116.400930950421952, 33.285710046453445 ], [ -116.400931029931087, 33.285723787924653 ], [ -116.400931526026781, 33.285730699582622 ], [ -116.400932629680725, 33.285744412758319 ], [ -116.400933873948574, 33.285758111336229 ], [ -116.400935274949575, 33.285771804313534 ], [ -116.400936823007683, 33.285785483586679 ], [ -116.400938525637983, 33.285799149146818 ], [ -116.400940375328645, 33.285812802806262 ], [ -116.400942378519559, 33.285826443655502 ], [ -116.400944528756966, 33.285840064489044 ], [ -116.400946829266289, 33.285853668007917 ], [ -116.40094928112434, 33.285867256014171 ], [ -116.400951880029055, 33.28588082400465 ], [ -116.400954629196605, 33.285894369270387 ], [ -116.400957525409396, 33.285907893618685 ], [ -116.4009904612941, 33.286031527672172 ], [ -116.400991360278226, 33.286034870901204 ], [ -116.400994911199902, 33.286048287152411 ], [ -116.400998366597335, 33.286061717044866 ], [ -116.401001727553464, 33.286075165987278 ], [ -116.401004990842864, 33.286088631278581 ], [ -116.401008158612555, 33.286102112916183 ], [ -116.401011227643409, 33.286115611805613 ], [ -116.401014206517772, 33.286129124329783 ], [ -116.401017086648466, 33.286142651400844 ], [ -116.401019868032421, 33.286156191215397 ], [ -116.401022558187705, 33.286169745567683 ], [ -116.401025147450511, 33.286183313567768 ], [ -116.401027641188733, 33.286196895209144 ], [ -116.401030040472719, 33.286210488687153 ], [ -116.401032341006655, 33.286224093105389 ], [ -116.401034543867112, 33.28623771026583 ], [ -116.40103665227015, 33.286251337459618 ], [ -116.401037864523801, 33.286257664859946 ], [ -116.401040338941655, 33.286271246524464 ], [ -116.401042649140962, 33.286284850930599 ], [ -116.401044792968477, 33.286298474474336 ], [ -116.4010467704192, 33.286312114450602 ], [ -116.401048580421204, 33.286325771762414 ], [ -116.401050227267078, 33.286339445502946 ], [ -116.401051703432486, 33.286353130271173 ], [ -116.401053013216199, 33.286366828766973 ], [ -116.401054156610414, 33.286380536481936 ], [ -116.401055132543036, 33.286394254319063 ], [ -116.401055941003094, 33.286407975966725 ], [ -116.401056579855762, 33.286421708640759 ], [ -116.401056894510177, 33.286427364481426 ], [ -116.401057640716957, 33.286441094319798 ], [ -116.401058367593166, 33.286454820574932 ], [ -116.40105907193059, 33.286468550464221 ], [ -116.401059756943695, 33.286482280376937 ], [ -116.40106042263244, 33.286496010313151 ], [ -116.401061064702589, 33.286509740278071 ], [ -116.401061683158645, 33.286523472976704 ], [ -116.40106228336245, 33.28653720479587 ], [ -116.401062863169855, 33.286550937541485 ], [ -116.401063420432166, 33.28656467031449 ], [ -116.401063957301091, 33.28657840581733 ], [ -116.401064472693903, 33.286592138641232 ], [ -116.401064966619799, 33.286605874196283 ], [ -116.401065442294794, 33.286619609773503 ], [ -116.401065894355796, 33.286633348084465 ], [ -116.4010663238669, 33.286647083717789 ], [ -116.401066734058233, 33.286660822079639 ], [ -116.401067123851561, 33.28667456046626 ], [ -116.401067491094977, 33.286688296175257 ], [ -116.401067839023312, 33.286702037317816 ], [ -116.401068164401735, 33.286715775782753 ], [ -116.401068469382068, 33.286729514272494 ], [ -116.401068751817164, 33.286743252789584 ], [ -116.40106901385883, 33.286756994036523 ], [ -116.401069256571361, 33.286770732601937 ], [ -116.401069476743203, 33.286784473899779 ], [ -116.401069674365132, 33.28679821251999 ], [ -116.401069854814381, 33.286811953866128 ], [ -116.401070009497488, 33.286825695243508 ], [ -116.40107014807684, 33.286839436640541 ], [ -116.401070259816507, 33.28685317807021 ], [ -116.401070355452376, 33.286866919519404 ], [ -116.401070431763642, 33.286880660992104 ], [ -116.401070478014404, 33.286894402501346 ], [ -116.401070508161382, 33.286908144030164 ], [ -116.401070686833648, 33.286916498756703 ], [ -116.401070939213866, 33.286930240015053 ], [ -116.401071138988172, 33.286943981337394 ], [ -116.401071287234899, 33.286957725427463 ], [ -116.401071389303198, 33.286971461458563 ], [ -116.40107143662776, 33.286985202966299 ], [ -116.401071433493541, 33.286998944535412 ], [ -116.401071382047789, 33.287012686163294 ], [ -116.401071277995925, 33.28702642785516 ], [ -116.401071125632484, 33.287040169605838 ], [ -116.401070919584683, 33.287053908716729 ], [ -116.40107066200909, 33.287067650595368 ], [ -116.40107035504353, 33.287081389828998 ], [ -116.401069999761475, 33.287095126416403 ], [ -116.401069591877985, 33.287108865772765 ], [ -116.401069127079964, 33.287122597083311 ], [ -116.401068621499249, 33.287136336558525 ], [ -116.401068062229413, 33.287150070688973 ], [ -116.401067451422236, 33.287163802177055 ], [ -116.401066788002623, 33.287177530122413 ], [ -116.401066075199026, 33.287191259029569 ], [ -116.401065313009852, 33.287204987996724 ], [ -116.401064499278633, 33.287218711616532 ], [ -116.401062960493576, 33.287231594853409 ], [ -116.40106102364382, 33.287245239590398 ], [ -116.401058770022416, 33.287258849547371 ], [ -116.401056204991008, 33.287272421111027 ], [ -116.40105332961376, 33.287285948870029 ], [ -116.401050141733975, 33.287299427416848 ], [ -116.401046647785293, 33.287312852235303 ], [ -116.401042842387199, 33.287326216118508 ], [ -116.401038731977962, 33.287339517255191 ], [ -116.401034314396355, 33.287352747532879 ], [ -116.401029595005511, 33.287365904239941 ], [ -116.401024571651789, 33.287378983772356 ], [ -116.401019250759731, 33.287391976203757 ], [ -116.401013634481018, 33.287404884236508 ], [ -116.401007717425685, 33.28741769525363 ], [ -116.401001506033779, 33.287430408345671 ], [ -116.400995005662182, 33.287443017194235 ], [ -116.400988217379791, 33.287455519092951 ], [ -116.400981141178733, 33.287467909533383 ], [ -116.400973786713493, 33.287480183995442 ], [ -116.400966140014773, 33.287492335282558 ], [ -116.400958222545142, 33.287504357958547 ], [ -116.400950028934986, 33.287516251128167 ], [ -116.400941564545903, 33.287528011178196 ], [ -116.400932827222988, 33.28753963360279 ], [ -116.400923831977835, 33.287551107563552 ], [ -116.400914564853565, 33.287562433077326 ], [ -116.400906038613769, 33.28757319504313 ], [ -116.400897076682043, 33.287584691503277 ], [ -116.400888222211876, 33.287596248244569 ], [ -116.400879468750887, 33.287607858963099 ], [ -116.400870827042809, 33.287619528154188 ], [ -116.400862292785504, 33.287631251314785 ], [ -116.400853863834982, 33.28764303025077 ], [ -116.400845546625007, 33.287654860445997 ], [ -116.400837336873678, 33.287666749119154 ], [ -116.400829235637559, 33.287678686350482 ], [ -116.400821242929041, 33.287690679353361 ], [ -116.400813364103755, 33.28770272090803 ], [ -116.400809512938281, 33.287708865107732 ], [ -116.400802089671714, 33.287721112592344 ], [ -116.400794933917467, 33.287733468854555 ], [ -116.400788041379528, 33.287745932997915 ], [ -116.400781420634459, 33.287758497798627 ], [ -116.400775067384828, 33.287771161458622 ], [ -116.400768990210253, 33.287783918557437 ], [ -116.400763190182772, 33.28779676819218 ], [ -116.400757666216563, 33.287809703150707 ], [ -116.400752420448057, 33.287822717118786 ], [ -116.400747455026149, 33.287835810995539 ], [ -116.400742772087199, 33.287848978466592 ], [ -116.400738373769343, 33.287862214119357 ] ] ] } },
{ "type": "Feature", "properties": { "apn": "1403300301", "apn_8": "14033003", "parcelid": 609348, "situs_address": 1680, "situs_street": "MONTEZUMA", "situs_suffix": "CT", "situs_post_dir": "", "situs_pre_dir": "", "subname": "DE ANZA VILLAS", "submap": "007135     ", "situs_community": "BORREGO SPRINGS", "situs_zip": "92004-4336" }, "geometry": { "type": "Polygon", "coordinates": [ [ [ -116.400738373769343, 33.287862214119357 ], [ -116.4007350698338, 33.287875671157508 ], [ -116.400731800266513, 33.287889136268966 ], [ -116.400728571504416, 33.287902606740772 ], [ -116.400725381406545, 33.287916086182392 ], [ -116.400722229965083, 33.287929570085275 ], [ -116.400719115036082, 33.287943060255465 ], [ -116.401765614356776, 33.287918677204701 ], [ -116.401744350902106, 33.285142565953656 ], [ -116.401014994915187, 33.285077831194819 ], [ -116.401005287208278, 33.285141054220993 ], [ -116.401006075842631, 33.285147025073499 ], [ -116.401007696894112, 33.285160698848252 ], [ -116.401009054954372, 33.285174391878137 ], [ -116.401010152172049, 33.285188105062097 ], [ -116.401010990673811, 33.285201826675845 ], [ -116.401011567243671, 33.285215559428281 ], [ -116.40101187865595, 33.285229300618397 ], [ -116.401011935627722, 33.28524303941289 ], [ -116.401011730653138, 33.285256781231034 ], [ -116.40101125942374, 33.28527051796295 ], [ -116.401010530517198, 33.285284243286505 ], [ -116.401009539646836, 33.28529796171518 ], [ -116.40100829108502, 33.285311660620458 ], [ -116.401006779469981, 33.285325343615348 ], [ -116.401005010155529, 33.285339002578411 ], [ -116.401002978850286, 33.285352639318091 ], [ -116.401000688760945, 33.285366245715494 ], [ -116.400998143106506, 33.285379820864904 ], [ -116.400995336514313, 33.285393362067879 ], [ -116.400992273258339, 33.285406857597337 ], [ -116.400988955493403, 33.285420311959093 ], [ -116.400985383214689, 33.285433722447998 ], [ -116.400981554265613, 33.285447083656656 ], [ -116.4009774707839, 33.285460390172453 ], [ -116.400973134913514, 33.285473640189245 ], [ -116.400970998144373, 33.285479661486434 ], [ -116.400966505463586, 33.285492872921537 ], [ -116.400962278065847, 33.285506148954624 ], [ -116.40095831164146, 33.285519480574223 ], [ -116.400954611552166, 33.285532864167166 ], [ -116.400951178870102, 33.285546298830447 ], [ -116.400948008221292, 33.285559780963908 ], [ -116.400945109260277, 33.285573306047475 ], [ -116.40094247553327, 33.285586866875576 ], [ -116.400940113484921, 33.285600465243725 ], [ -116.400938016661556, 33.285614093946414 ], [ -116.4009361947207, 33.285627750266841 ], [ -116.400934644430976, 33.285641427897176 ], [ -116.400933359351015, 33.285655126845342 ], [ -116.400932349135346, 33.28566884259115 ], [ -116.400931612702749, 33.285682570627586 ], [ -116.400931145752836, 33.285696307353149 ], [ -116.400930950421952, 33.285710046453445 ], [ -116.400931029931087, 33.285723787924653 ], [ -116.400931526026781, 33.285730699582622 ], [ -116.400932629680725, 33.285744412758319 ], [ -116.400933873948574, 33.285758111336229 ], [ -116.400935274949575, 33.285771804313534 ], [ -116.400936823007683, 33.285785483586679 ], [ -116.400938525637983, 33.285799149146818 ], [ -116.400940375328645, 33.285812802806262 ], [ -116.400942378519559, 33.285826443655502 ], [ -116.400944528756966, 33.285840064489044 ], [ -116.400946829266289, 33.285853668007917 ], [ -116.40094928112434, 33.285867256014171 ], [ -116.400951880029055, 33.28588082400465 ], [ -116.400954629196605, 33.285894369270387 ], [ -116.400957525409396, 33.285907893618685 ], [ -116.4009904612941, 33.286031527672172 ], [ -116.400991360278226, 33.286034870901204 ], [ -116.400994911199902, 33.286048287152411 ], [ -116.400998366597335, 33.286061717044866 ], [ -116.401001727553464, 33.286075165987278 ], [ -116.401004990842864, 33.286088631278581 ], [ -116.401008158612555, 33.286102112916183 ], [ -116.401011227643409, 33.286115611805613 ], [ -116.401014206517772, 33.286129124329783 ], [ -116.401017086648466, 33.286142651400844 ], [ -116.401019868032421, 33.286156191215397 ], [ -116.401022558187705, 33.286169745567683 ], [ -116.401025147450511, 33.286183313567768 ], [ -116.401027641188733, 33.286196895209144 ], [ -116.401030040472719, 33.286210488687153 ], [ -116.401032341006655, 33.286224093105389 ], [ -116.401034543867112, 33.28623771026583 ], [ -116.40103665227015, 33.286251337459618 ], [ -116.401037864523801, 33.286257664859946 ], [ -116.401040338941655, 33.286271246524464 ], [ -116.401042649140962, 33.286284850930599 ], [ -116.401044792968477, 33.286298474474336 ], [ -116.4010467704192, 33.286312114450602 ], [ -116.401048580421204, 33.286325771762414 ], [ -116.401050227267078, 33.286339445502946 ], [ -116.401051703432486, 33.286353130271173 ], [ -116.401053013216199, 33.286366828766973 ], [ -116.401054156610414, 33.286380536481936 ], [ -116.401055132543036, 33.286394254319063 ], [ -116.401055941003094, 33.286407975966725 ], [ -116.401056579855762, 33.286421708640759 ], [ -116.401056894510177, 33.286427364481426 ], [ -116.401057640716957, 33.286441094319798 ], [ -116.401058367593166, 33.286454820574932 ], [ -116.40105907193059, 33.286468550464221 ], [ -116.401059756943695, 33.286482280376937 ], [ -116.40106042263244, 33.286496010313151 ], [ -116.401061064702589, 33.286509740278071 ], [ -116.401061683158645, 33.286523472976704 ], [ -116.40106228336245, 33.28653720479587 ], [ -116.401062863169855, 33.286550937541485 ], [ -116.401063420432166, 33.28656467031449 ], [ -116.401063957301091, 33.28657840581733 ], [ -116.401064472693903, 33.286592138641232 ], [ -116.401064966619799, 33.286605874196283 ], [ -116.401065442294794, 33.286619609773503 ], [ -116.401065894355796, 33.286633348084465 ], [ -116.4010663238669, 33.286647083717789 ], [ -116.401066734058233, 33.286660822079639 ], [ -116.401067123851561, 33.28667456046626 ], [ -116.401067491094977, 33.286688296175257 ], [ -116.401067839023312, 33.286702037317816 ], [ -116.401068164401735, 33.286715775782753 ], [ -116.401068469382068, 33.286729514272494 ], [ -116.401068751817164, 33.286743252789584 ], [ -116.40106901385883, 33.286756994036523 ], [ -116.401069256571361, 33.286770732601937 ], [ -116.401069476743203, 33.286784473899779 ], [ -116.401069674365132, 33.28679821251999 ], [ -116.401069854814381, 33.286811953866128 ], [ -116.401070009497488, 33.286825695243508 ], [ -116.40107014807684, 33.286839436640541 ], [ -116.401070259816507, 33.28685317807021 ], [ -116.401070355452376, 33.286866919519404 ], [ -116.401070431763642, 33.286880660992104 ], [ -116.401070478014404, 33.286894402501346 ], [ -116.401070508161382, 33.286908144030164 ], [ -116.401070686833648, 33.286916498756703 ], [ -116.401070939213866, 33.286930240015053 ], [ -116.401071138988172, 33.286943981337394 ], [ -116.401071287234899, 33.286957725427463 ], [ -116.401071389303198, 33.286971461458563 ], [ -116.40107143662776, 33.286985202966299 ], [ -116.401071433493541, 33.286998944535412 ], [ -116.401071382047789, 33.287012686163294 ], [ -116.401071277995925, 33.28702642785516 ], [ -116.401071125632484, 33.287040169605838 ], [ -116.401070919584683, 33.287053908716729 ], [ -116.40107066200909, 33.287067650595368 ], [ -116.40107035504353, 33.287081389828998 ], [ -116.401069999761475, 33.287095126416403 ], [ -116.401069591877985, 33.287108865772765 ], [ -116.401069127079964, 33.287122597083311 ], [ -116.401068621499249, 33.287136336558525 ], [ -116.401068062229413, 33.287150070688973 ], [ -116.401067451422236, 33.287163802177055 ], [ -116.401066788002623, 33.287177530122413 ], [ -116.401066075199026, 33.287191259029569 ], [ -116.401065313009852, 33.287204987996724 ], [ -116.401064499278633, 33.287218711616532 ], [ -116.401062960493576, 33.287231594853409 ], [ -116.40106102364382, 33.287245239590398 ], [ -116.401058770022416, 33.287258849547371 ], [ -116.401056204991008, 33.287272421111027 ], [ -116.40105332961376, 33.287285948870029 ], [ -116.401050141733975, 33.287299427416848 ], [ -116.401046647785293, 33.287312852235303 ], [ -116.401042842387199, 33.287326216118508 ], [ -116.401038731977962, 33.287339517255191 ], [ -116.401034314396355, 33.287352747532879 ], [ -116.401029595005511, 33.287365904239941 ], [ -116.401024571651789, 33.287378983772356 ], [ -116.401019250759731, 33.287391976203757 ], [ -116.401013634481018, 33.287404884236508 ], [ -116.401007717425685, 33.28741769525363 ], [ -116.401001506033779, 33.287430408345671 ], [ -116.400995005662182, 33.287443017194235 ], [ -116.400988217379791, 33.287455519092951 ], [ -116.400981141178733, 33.287467909533383 ], [ -116.400973786713493, 33.287480183995442 ], [ -116.400966140014773, 33.287492335282558 ], [ -116.400958222545142, 33.287504357958547 ], [ -116.400950028934986, 33.287516251128167 ], [ -116.400941564545903, 33.287528011178196 ], [ -116.400932827222988, 33.28753963360279 ], [ -116.400923831977835, 33.287551107563552 ], [ -116.400914564853565, 33.287562433077326 ], [ -116.400906038613769, 33.28757319504313 ], [ -116.400897076682043, 33.287584691503277 ], [ -116.400888222211876, 33.287596248244569 ], [ -116.400879468750887, 33.287607858963099 ], [ -116.400870827042809, 33.287619528154188 ], [ -116.400862292785504, 33.287631251314785 ], [ -116.400853863834982, 33.28764303025077 ], [ -116.400845546625007, 33.287654860445997 ], [ -116.400837336873678, 33.287666749119154 ], [ -116.400829235637559, 33.287678686350482 ], [ -116.400821242929041, 33.287690679353361 ], [ -116.400813364103755, 33.28770272090803 ], [ -116.400809512938281, 33.287708865107732 ], [ -116.400802089671714, 33.287721112592344 ], [ -116.400794933917467, 33.287733468854555 ], [ -116.400788041379528, 33.287745932997915 ], [ -116.400781420634459, 33.287758497798627 ], [ -116.400775067384828, 33.287771161458622 ], [ -116.400768990210253, 33.287783918557437 ], [ -116.400763190182772, 33.28779676819218 ], [ -116.400757666216563, 33.287809703150707 ], [ -116.400752420448057, 33.287822717118786 ], [ -116.400747455026149, 33.287835810995539 ], [ -116.400742772087199, 33.287848978466592 ], [ -116.400738373769343, 33.287862214119357 ] ] ] } },
{ "type": "Feature", "properties": { "apn": "1403300305", "apn_8": "14033003", "parcelid": 609348, "situs_address": 1690, "situs_street": "MONTEZUMA", "situs_suffix": "CT", "situs_post_dir": "", "situs_pre_dir": "", "subname": "DE ANZA VILLAS", "submap": "007135     ", "situs_community": "BORREGO SPRINGS", "situs_zip": "92004-4336" }, "geometry": { "type": "Polygon", "coordinates": [ [ [ -116.400738373769343, 33.287862214119357 ], [ -116.4007350698338, 33.287875671157508 ], [ -116.400731800266513, 33.287889136268966 ], [ -116.400728571504416, 33.287902606740772 ], [ -116.400725381406545, 33.287916086182392 ], [ -116.400722229965083, 33.287929570085275 ], [ -116.400719115036082, 33.287943060255465 ], [ -116.401765614356776, 33.287918677204701 ], [ -116.401744350902106, 33.285142565953656 ], [ -116.401014994915187, 33.285077831194819 ], [ -116.401005287208278, 33.285141054220993 ], [ -116.401006075842631, 33.285147025073499 ], [ -116.401007696894112, 33.285160698848252 ], [ -116.401009054954372, 33.285174391878137 ], [ -116.401010152172049, 33.285188105062097 ], [ -116.401010990673811, 33.285201826675845 ], [ -116.401011567243671, 33.285215559428281 ], [ -116.40101187865595, 33.285229300618397 ], [ -116.401011935627722, 33.28524303941289 ], [ -116.401011730653138, 33.285256781231034 ], [ -116.40101125942374, 33.28527051796295 ], [ -116.401010530517198, 33.285284243286505 ], [ -116.401009539646836, 33.28529796171518 ], [ -116.40100829108502, 33.285311660620458 ], [ -116.401006779469981, 33.285325343615348 ], [ -116.401005010155529, 33.285339002578411 ], [ -116.401002978850286, 33.285352639318091 ], [ -116.401000688760945, 33.285366245715494 ], [ -116.400998143106506, 33.285379820864904 ], [ -116.400995336514313, 33.285393362067879 ], [ -116.400992273258339, 33.285406857597337 ], [ -116.400988955493403, 33.285420311959093 ], [ -116.400985383214689, 33.285433722447998 ], [ -116.400981554265613, 33.285447083656656 ], [ -116.4009774707839, 33.285460390172453 ], [ -116.400973134913514, 33.285473640189245 ], [ -116.400970998144373, 33.285479661486434 ], [ -116.400966505463586, 33.285492872921537 ], [ -116.400962278065847, 33.285506148954624 ], [ -116.40095831164146, 33.285519480574223 ], [ -116.400954611552166, 33.285532864167166 ], [ -116.400951178870102, 33.285546298830447 ], [ -116.400948008221292, 33.285559780963908 ], [ -116.400945109260277, 33.285573306047475 ], [ -116.40094247553327, 33.285586866875576 ], [ -116.400940113484921, 33.285600465243725 ], [ -116.400938016661556, 33.285614093946414 ], [ -116.4009361947207, 33.285627750266841 ], [ -116.400934644430976, 33.285641427897176 ], [ -116.400933359351015, 33.285655126845342 ], [ -116.400932349135346, 33.28566884259115 ], [ -116.400931612702749, 33.285682570627586 ], [ -116.400931145752836, 33.285696307353149 ], [ -116.400930950421952, 33.285710046453445 ], [ -116.400931029931087, 33.285723787924653 ], [ -116.400931526026781, 33.285730699582622 ], [ -116.400932629680725, 33.285744412758319 ], [ -116.400933873948574, 33.285758111336229 ], [ -116.400935274949575, 33.285771804313534 ], [ -116.400936823007683, 33.285785483586679 ], [ -116.400938525637983, 33.285799149146818 ], [ -116.400940375328645, 33.285812802806262 ], [ -116.400942378519559, 33.285826443655502 ], [ -116.400944528756966, 33.285840064489044 ], [ -116.400946829266289, 33.285853668007917 ], [ -116.40094928112434, 33.285867256014171 ], [ -116.400951880029055, 33.28588082400465 ], [ -116.400954629196605, 33.285894369270387 ], [ -116.400957525409396, 33.285907893618685 ], [ -116.4009904612941, 33.286031527672172 ], [ -116.400991360278226, 33.286034870901204 ], [ -116.400994911199902, 33.286048287152411 ], [ -116.400998366597335, 33.286061717044866 ], [ -116.401001727553464, 33.286075165987278 ], [ -116.401004990842864, 33.286088631278581 ], [ -116.401008158612555, 33.286102112916183 ], [ -116.401011227643409, 33.286115611805613 ], [ -116.401014206517772, 33.286129124329783 ], [ -116.401017086648466, 33.286142651400844 ], [ -116.401019868032421, 33.286156191215397 ], [ -116.401022558187705, 33.286169745567683 ], [ -116.401025147450511, 33.286183313567768 ], [ -116.401027641188733, 33.286196895209144 ], [ -116.401030040472719, 33.286210488687153 ], [ -116.401032341006655, 33.286224093105389 ], [ -116.401034543867112, 33.28623771026583 ], [ -116.40103665227015, 33.286251337459618 ], [ -116.401037864523801, 33.286257664859946 ], [ -116.401040338941655, 33.286271246524464 ], [ -116.401042649140962, 33.286284850930599 ], [ -116.401044792968477, 33.286298474474336 ], [ -116.4010467704192, 33.286312114450602 ], [ -116.401048580421204, 33.286325771762414 ], [ -116.401050227267078, 33.286339445502946 ], [ -116.401051703432486, 33.286353130271173 ], [ -116.401053013216199, 33.286366828766973 ], [ -116.401054156610414, 33.286380536481936 ], [ -116.401055132543036, 33.286394254319063 ], [ -116.401055941003094, 33.286407975966725 ], [ -116.401056579855762, 33.286421708640759 ], [ -116.401056894510177, 33.286427364481426 ], [ -116.401057640716957, 33.286441094319798 ], [ -116.401058367593166, 33.286454820574932 ], [ -116.40105907193059, 33.286468550464221 ], [ -116.401059756943695, 33.286482280376937 ], [ -116.40106042263244, 33.286496010313151 ], [ -116.401061064702589, 33.286509740278071 ], [ -116.401061683158645, 33.286523472976704 ], [ -116.40106228336245, 33.28653720479587 ], [ -116.401062863169855, 33.286550937541485 ], [ -116.401063420432166, 33.28656467031449 ], [ -116.401063957301091, 33.28657840581733 ], [ -116.401064472693903, 33.286592138641232 ], [ -116.401064966619799, 33.286605874196283 ], [ -116.401065442294794, 33.286619609773503 ], [ -116.401065894355796, 33.286633348084465 ], [ -116.4010663238669, 33.286647083717789 ], [ -116.401066734058233, 33.286660822079639 ], [ -116.401067123851561, 33.28667456046626 ], [ -116.401067491094977, 33.286688296175257 ], [ -116.401067839023312, 33.286702037317816 ], [ -116.401068164401735, 33.286715775782753 ], [ -116.401068469382068, 33.286729514272494 ], [ -116.401068751817164, 33.286743252789584 ], [ -116.40106901385883, 33.286756994036523 ], [ -116.401069256571361, 33.286770732601937 ], [ -116.401069476743203, 33.286784473899779 ], [ -116.401069674365132, 33.28679821251999 ], [ -116.401069854814381, 33.286811953866128 ], [ -116.401070009497488, 33.286825695243508 ], [ -116.40107014807684, 33.286839436640541 ], [ -116.401070259816507, 33.28685317807021 ], [ -116.401070355452376, 33.286866919519404 ], [ -116.401070431763642, 33.286880660992104 ], [ -116.401070478014404, 33.286894402501346 ], [ -116.401070508161382, 33.286908144030164 ], [ -116.401070686833648, 33.286916498756703 ], [ -116.401070939213866, 33.286930240015053 ], [ -116.401071138988172, 33.286943981337394 ], [ -116.401071287234899, 33.286957725427463 ], [ -116.401071389303198, 33.286971461458563 ], [ -116.40107143662776, 33.286985202966299 ], [ -116.401071433493541, 33.286998944535412 ], [ -116.401071382047789, 33.287012686163294 ], [ -116.401071277995925, 33.28702642785516 ], [ -116.401071125632484, 33.287040169605838 ], [ -116.401070919584683, 33.287053908716729 ], [ -116.40107066200909, 33.287067650595368 ], [ -116.40107035504353, 33.287081389828998 ], [ -116.401069999761475, 33.287095126416403 ], [ -116.401069591877985, 33.287108865772765 ], [ -116.401069127079964, 33.287122597083311 ], [ -116.401068621499249, 33.287136336558525 ], [ -116.401068062229413, 33.287150070688973 ], [ -116.401067451422236, 33.287163802177055 ], [ -116.401066788002623, 33.287177530122413 ], [ -116.401066075199026, 33.287191259029569 ], [ -116.401065313009852, 33.287204987996724 ], [ -116.401064499278633, 33.287218711616532 ], [ -116.401062960493576, 33.287231594853409 ], [ -116.40106102364382, 33.287245239590398 ], [ -116.401058770022416, 33.287258849547371 ], [ -116.401056204991008, 33.287272421111027 ], [ -116.40105332961376, 33.287285948870029 ], [ -116.401050141733975, 33.287299427416848 ], [ -116.401046647785293, 33.287312852235303 ], [ -116.401042842387199, 33.287326216118508 ], [ -116.401038731977962, 33.287339517255191 ], [ -116.401034314396355, 33.287352747532879 ], [ -116.401029595005511, 33.287365904239941 ], [ -116.401024571651789, 33.287378983772356 ], [ -116.401019250759731, 33.287391976203757 ], [ -116.401013634481018, 33.287404884236508 ], [ -116.401007717425685, 33.28741769525363 ], [ -116.401001506033779, 33.287430408345671 ], [ -116.400995005662182, 33.287443017194235 ], [ -116.400988217379791, 33.287455519092951 ], [ -116.400981141178733, 33.287467909533383 ], [ -116.400973786713493, 33.287480183995442 ], [ -116.400966140014773, 33.287492335282558 ], [ -116.400958222545142, 33.287504357958547 ], [ -116.400950028934986, 33.287516251128167 ], [ -116.400941564545903, 33.287528011178196 ], [ -116.400932827222988, 33.28753963360279 ], [ -116.400923831977835, 33.287551107563552 ], [ -116.400914564853565, 33.287562433077326 ], [ -116.400906038613769, 33.28757319504313 ], [ -116.400897076682043, 33.287584691503277 ], [ -116.400888222211876, 33.287596248244569 ], [ -116.400879468750887, 33.287607858963099 ], [ -116.400870827042809, 33.287619528154188 ], [ -116.400862292785504, 33.287631251314785 ], [ -116.400853863834982, 33.28764303025077 ], [ -116.400845546625007, 33.287654860445997 ], [ -116.400837336873678, 33.287666749119154 ], [ -116.400829235637559, 33.287678686350482 ], [ -116.400821242929041, 33.287690679353361 ], [ -116.400813364103755, 33.28770272090803 ], [ -116.400809512938281, 33.287708865107732 ], [ -116.400802089671714, 33.287721112592344 ], [ -116.400794933917467, 33.287733468854555 ], [ -116.400788041379528, 33.287745932997915 ], [ -116.400781420634459, 33.287758497798627 ], [ -116.400775067384828, 33.287771161458622 ], [ -116.400768990210253, 33.287783918557437 ], [ -116.400763190182772, 33.28779676819218 ], [ -116.400757666216563, 33.287809703150707 ], [ -116.400752420448057, 33.287822717118786 ], [ -116.400747455026149, 33.287835810995539 ], [ -116.400742772087199, 33.287848978466592 ], [ -116.400738373769343, 33.287862214119357 ] ] ] } },
{ "type": "Feature", "properties": { "apn": "1403300309", "apn_8": "14033003", "parcelid": 609348, "situs_address": 1674, "situs_street": "MONTEZUMA", "situs_suffix": "CT", "situs_post_dir": "", "situs_pre_dir": "", "subname": "DE ANZA VILLAS", "submap": "007135     ", "situs_community": "BORREGO SPRINGS", "situs_zip": "92004-4336" }, "geometry": { "type": "Polygon", "coordinates": [ [ [ -116.400738373769343, 33.287862214119357 ], [ -116.4007350698338, 33.287875671157508 ], [ -116.400731800266513, 33.287889136268966 ], [ -116.400728571504416, 33.287902606740772 ], [ -116.400725381406545, 33.287916086182392 ], [ -116.400722229965083, 33.287929570085275 ], [ -116.400719115036082, 33.287943060255465 ], [ -116.401765614356776, 33.287918677204701 ], [ -116.401744350902106, 33.285142565953656 ], [ -116.401014994915187, 33.285077831194819 ], [ -116.401005287208278, 33.285141054220993 ], [ -116.401006075842631, 33.285147025073499 ], [ -116.401007696894112, 33.285160698848252 ], [ -116.401009054954372, 33.285174391878137 ], [ -116.401010152172049, 33.285188105062097 ], [ -116.401010990673811, 33.285201826675845 ], [ -116.401011567243671, 33.285215559428281 ], [ -116.40101187865595, 33.285229300618397 ], [ -116.401011935627722, 33.28524303941289 ], [ -116.401011730653138, 33.285256781231034 ], [ -116.40101125942374, 33.28527051796295 ], [ -116.401010530517198, 33.285284243286505 ], [ -116.401009539646836, 33.28529796171518 ], [ -116.40100829108502, 33.285311660620458 ], [ -116.401006779469981, 33.285325343615348 ], [ -116.401005010155529, 33.285339002578411 ], [ -116.401002978850286, 33.285352639318091 ], [ -116.401000688760945, 33.285366245715494 ], [ -116.400998143106506, 33.285379820864904 ], [ -116.400995336514313, 33.285393362067879 ], [ -116.400992273258339, 33.285406857597337 ], [ -116.400988955493403, 33.285420311959093 ], [ -116.400985383214689, 33.285433722447998 ], [ -116.400981554265613, 33.285447083656656 ], [ -116.4009774707839, 33.285460390172453 ], [ -116.400973134913514, 33.285473640189245 ], [ -116.400970998144373, 33.285479661486434 ], [ -116.400966505463586, 33.285492872921537 ], [ -116.400962278065847, 33.285506148954624 ], [ -116.40095831164146, 33.285519480574223 ], [ -116.400954611552166, 33.285532864167166 ], [ -116.400951178870102, 33.285546298830447 ], [ -116.400948008221292, 33.285559780963908 ], [ -116.400945109260277, 33.285573306047475 ], [ -116.40094247553327, 33.285586866875576 ], [ -116.400940113484921, 33.285600465243725 ], [ -116.400938016661556, 33.285614093946414 ], [ -116.4009361947207, 33.285627750266841 ], [ -116.400934644430976, 33.285641427897176 ], [ -116.400933359351015, 33.285655126845342 ], [ -116.400932349135346, 33.28566884259115 ], [ -116.400931612702749, 33.285682570627586 ], [ -116.400931145752836, 33.285696307353149 ], [ -116.400930950421952, 33.285710046453445 ], [ -116.400931029931087, 33.285723787924653 ], [ -116.400931526026781, 33.285730699582622 ], [ -116.400932629680725, 33.285744412758319 ], [ -116.400933873948574, 33.285758111336229 ], [ -116.400935274949575, 33.285771804313534 ], [ -116.400936823007683, 33.285785483586679 ], [ -116.400938525637983, 33.285799149146818 ], [ -116.400940375328645, 33.285812802806262 ], [ -116.400942378519559, 33.285826443655502 ], [ -116.400944528756966, 33.285840064489044 ], [ -116.400946829266289, 33.285853668007917 ], [ -116.40094928112434, 33.285867256014171 ], [ -116.400951880029055, 33.28588082400465 ], [ -116.400954629196605, 33.285894369270387 ], [ -116.400957525409396, 33.285907893618685 ], [ -116.4009904612941, 33.286031527672172 ], [ -116.400991360278226, 33.286034870901204 ], [ -116.400994911199902, 33.286048287152411 ], [ -116.400998366597335, 33.286061717044866 ], [ -116.401001727553464, 33.286075165987278 ], [ -116.401004990842864, 33.286088631278581 ], [ -116.401008158612555, 33.286102112916183 ], [ -116.401011227643409, 33.286115611805613 ], [ -116.401014206517772, 33.286129124329783 ], [ -116.401017086648466, 33.286142651400844 ], [ -116.401019868032421, 33.286156191215397 ], [ -116.401022558187705, 33.286169745567683 ], [ -116.401025147450511, 33.286183313567768 ], [ -116.401027641188733, 33.286196895209144 ], [ -116.401030040472719, 33.286210488687153 ], [ -116.401032341006655, 33.286224093105389 ], [ -116.401034543867112, 33.28623771026583 ], [ -116.40103665227015, 33.286251337459618 ], [ -116.401037864523801, 33.286257664859946 ], [ -116.401040338941655, 33.286271246524464 ], [ -116.401042649140962, 33.286284850930599 ], [ -116.401044792968477, 33.286298474474336 ], [ -116.4010467704192, 33.286312114450602 ], [ -116.401048580421204, 33.286325771762414 ], [ -116.401050227267078, 33.286339445502946 ], [ -116.401051703432486, 33.286353130271173 ], [ -116.401053013216199, 33.286366828766973 ], [ -116.401054156610414, 33.286380536481936 ], [ -116.401055132543036, 33.286394254319063 ], [ -116.401055941003094, 33.286407975966725 ], [ -116.401056579855762, 33.286421708640759 ], [ -116.401056894510177, 33.286427364481426 ], [ -116.401057640716957, 33.286441094319798 ], [ -116.401058367593166, 33.286454820574932 ], [ -116.40105907193059, 33.286468550464221 ], [ -116.401059756943695, 33.286482280376937 ], [ -116.40106042263244, 33.286496010313151 ], [ -116.401061064702589, 33.286509740278071 ], [ -116.401061683158645, 33.286523472976704 ], [ -116.40106228336245, 33.28653720479587 ], [ -116.401062863169855, 33.286550937541485 ], [ -116.401063420432166, 33.28656467031449 ], [ -116.401063957301091, 33.28657840581733 ], [ -116.401064472693903, 33.286592138641232 ], [ -116.401064966619799, 33.286605874196283 ], [ -116.401065442294794, 33.286619609773503 ], [ -116.401065894355796, 33.286633348084465 ], [ -116.4010663238669, 33.286647083717789 ], [ -116.401066734058233, 33.286660822079639 ], [ -116.401067123851561, 33.28667456046626 ], [ -116.401067491094977, 33.286688296175257 ], [ -116.401067839023312, 33.286702037317816 ], [ -116.401068164401735, 33.286715775782753 ], [ -116.401068469382068, 33.286729514272494 ], [ -116.401068751817164, 33.286743252789584 ], [ -116.40106901385883, 33.286756994036523 ], [ -116.401069256571361, 33.286770732601937 ], [ -116.401069476743203, 33.286784473899779 ], [ -116.401069674365132, 33.28679821251999 ], [ -116.401069854814381, 33.286811953866128 ], [ -116.401070009497488, 33.286825695243508 ], [ -116.40107014807684, 33.286839436640541 ], [ -116.401070259816507, 33.28685317807021 ], [ -116.401070355452376, 33.286866919519404 ], [ -116.401070431763642, 33.286880660992104 ], [ -116.401070478014404, 33.286894402501346 ], [ -116.401070508161382, 33.286908144030164 ], [ -116.401070686833648, 33.286916498756703 ], [ -116.401070939213866, 33.286930240015053 ], [ -116.401071138988172, 33.286943981337394 ], [ -116.401071287234899, 33.286957725427463 ], [ -116.401071389303198, 33.286971461458563 ], [ -116.40107143662776, 33.286985202966299 ], [ -116.401071433493541, 33.286998944535412 ], [ -116.401071382047789, 33.287012686163294 ], [ -116.401071277995925, 33.28702642785516 ], [ -116.401071125632484, 33.287040169605838 ], [ -116.401070919584683, 33.287053908716729 ], [ -116.40107066200909, 33.287067650595368 ], [ -116.40107035504353, 33.287081389828998 ], [ -116.401069999761475, 33.287095126416403 ], [ -116.401069591877985, 33.287108865772765 ], [ -116.401069127079964, 33.287122597083311 ], [ -116.401068621499249, 33.287136336558525 ], [ -116.401068062229413, 33.287150070688973 ], [ -116.401067451422236, 33.287163802177055 ], [ -116.401066788002623, 33.287177530122413 ], [ -116.401066075199026, 33.287191259029569 ], [ -116.401065313009852, 33.287204987996724 ], [ -116.401064499278633, 33.287218711616532 ], [ -116.401062960493576, 33.287231594853409 ], [ -116.40106102364382, 33.287245239590398 ], [ -116.401058770022416, 33.287258849547371 ], [ -116.401056204991008, 33.287272421111027 ], [ -116.40105332961376, 33.287285948870029 ], [ -116.401050141733975, 33.287299427416848 ], [ -116.401046647785293, 33.287312852235303 ], [ -116.401042842387199, 33.287326216118508 ], [ -116.401038731977962, 33.287339517255191 ], [ -116.401034314396355, 33.287352747532879 ], [ -116.401029595005511, 33.287365904239941 ], [ -116.401024571651789, 33.287378983772356 ], [ -116.401019250759731, 33.287391976203757 ], [ -116.401013634481018, 33.287404884236508 ], [ -116.401007717425685, 33.28741769525363 ], [ -116.401001506033779, 33.287430408345671 ], [ -116.400995005662182, 33.287443017194235 ], [ -116.400988217379791, 33.287455519092951 ], [ -116.400981141178733, 33.287467909533383 ], [ -116.400973786713493, 33.287480183995442 ], [ -116.400966140014773, 33.287492335282558 ], [ -116.400958222545142, 33.287504357958547 ], [ -116.400950028934986, 33.287516251128167 ], [ -116.400941564545903, 33.287528011178196 ], [ -116.400932827222988, 33.28753963360279 ], [ -116.400923831977835, 33.287551107563552 ], [ -116.400914564853565, 33.287562433077326 ], [ -116.400906038613769, 33.28757319504313 ], [ -116.400897076682043, 33.287584691503277 ], [ -116.400888222211876, 33.287596248244569 ], [ -116.400879468750887, 33.287607858963099 ], [ -116.400870827042809, 33.287619528154188 ], [ -116.400862292785504, 33.287631251314785 ], [ -116.400853863834982, 33.28764303025077 ], [ -116.400845546625007, 33.287654860445997 ], [ -116.400837336873678, 33.287666749119154 ], [ -116.400829235637559, 33.287678686350482 ], [ -116.400821242929041, 33.287690679353361 ], [ -116.400813364103755, 33.28770272090803 ], [ -116.400809512938281, 33.287708865107732 ], [ -116.400802089671714, 33.287721112592344 ], [ -116.400794933917467, 33.287733468854555 ], [ -116.400788041379528, 33.287745932997915 ], [ -116.400781420634459, 33.287758497798627 ], [ -116.400775067384828, 33.287771161458622 ], [ -116.400768990210253, 33.287783918557437 ], [ -116.400763190182772, 33.28779676819218 ], [ -116.400757666216563, 33.287809703150707 ], [ -116.400752420448057, 33.287822717118786 ], [ -116.400747455026149, 33.287835810995539 ], [ -116.400742772087199, 33.287848978466592 ], [ -116.400738373769343, 33.287862214119357 ] ] ] } },
{ "type": "Feature", "properties": { "apn": "1403300304", "apn_8": "14033003", "parcelid": 609348, "situs_address": 1694, "situs_street": "MONTEZUMA", "situs_suffix": "CT", "situs_post_dir": "", "situs_pre_dir": "", "subname": "DE ANZA VILLAS", "submap": "007135     ", "situs_community": "BORREGO SPRINGS", "situs_zip": "92004-4336" }, "geometry": { "type": "Polygon", "coordinates": [ [ [ -116.400738373769343, 33.287862214119357 ], [ -116.4007350698338, 33.287875671157508 ], [ -116.400731800266513, 33.287889136268966 ], [ -116.400728571504416, 33.287902606740772 ], [ -116.400725381406545, 33.287916086182392 ], [ -116.400722229965083, 33.287929570085275 ], [ -116.400719115036082, 33.287943060255465 ], [ -116.401765614356776, 33.287918677204701 ], [ -116.401744350902106, 33.285142565953656 ], [ -116.401014994915187, 33.285077831194819 ], [ -116.401005287208278, 33.285141054220993 ], [ -116.401006075842631, 33.285147025073499 ], [ -116.401007696894112, 33.285160698848252 ], [ -116.401009054954372, 33.285174391878137 ], [ -116.401010152172049, 33.285188105062097 ], [ -116.401010990673811, 33.285201826675845 ], [ -116.401011567243671, 33.285215559428281 ], [ -116.40101187865595, 33.285229300618397 ], [ -116.401011935627722, 33.28524303941289 ], [ -116.401011730653138, 33.285256781231034 ], [ -116.40101125942374, 33.28527051796295 ], [ -116.401010530517198, 33.285284243286505 ], [ -116.401009539646836, 33.28529796171518 ], [ -116.40100829108502, 33.285311660620458 ], [ -116.401006779469981, 33.285325343615348 ], [ -116.401005010155529, 33.285339002578411 ], [ -116.401002978850286, 33.285352639318091 ], [ -116.401000688760945, 33.285366245715494 ], [ -116.400998143106506, 33.285379820864904 ], [ -116.400995336514313, 33.285393362067879 ], [ -116.400992273258339, 33.285406857597337 ], [ -116.400988955493403, 33.285420311959093 ], [ -116.400985383214689, 33.285433722447998 ], [ -116.400981554265613, 33.285447083656656 ], [ -116.4009774707839, 33.285460390172453 ], [ -116.400973134913514, 33.285473640189245 ], [ -116.400970998144373, 33.285479661486434 ], [ -116.400966505463586, 33.285492872921537 ], [ -116.400962278065847, 33.285506148954624 ], [ -116.40095831164146, 33.285519480574223 ], [ -116.400954611552166, 33.285532864167166 ], [ -116.400951178870102, 33.285546298830447 ], [ -116.400948008221292, 33.285559780963908 ], [ -116.400945109260277, 33.285573306047475 ], [ -116.40094247553327, 33.285586866875576 ], [ -116.400940113484921, 33.285600465243725 ], [ -116.400938016661556, 33.285614093946414 ], [ -116.4009361947207, 33.285627750266841 ], [ -116.400934644430976, 33.285641427897176 ], [ -116.400933359351015, 33.285655126845342 ], [ -116.400932349135346, 33.28566884259115 ], [ -116.400931612702749, 33.285682570627586 ], [ -116.400931145752836, 33.285696307353149 ], [ -116.400930950421952, 33.285710046453445 ], [ -116.400931029931087, 33.285723787924653 ], [ -116.400931526026781, 33.285730699582622 ], [ -116.400932629680725, 33.285744412758319 ], [ -116.400933873948574, 33.285758111336229 ], [ -116.400935274949575, 33.285771804313534 ], [ -116.400936823007683, 33.285785483586679 ], [ -116.400938525637983, 33.285799149146818 ], [ -116.400940375328645, 33.285812802806262 ], [ -116.400942378519559, 33.285826443655502 ], [ -116.400944528756966, 33.285840064489044 ], [ -116.400946829266289, 33.285853668007917 ], [ -116.40094928112434, 33.285867256014171 ], [ -116.400951880029055, 33.28588082400465 ], [ -116.400954629196605, 33.285894369270387 ], [ -116.400957525409396, 33.285907893618685 ], [ -116.4009904612941, 33.286031527672172 ], [ -116.400991360278226, 33.286034870901204 ], [ -116.400994911199902, 33.286048287152411 ], [ -116.400998366597335, 33.286061717044866 ], [ -116.401001727553464, 33.286075165987278 ], [ -116.401004990842864, 33.286088631278581 ], [ -116.401008158612555, 33.286102112916183 ], [ -116.401011227643409, 33.286115611805613 ], [ -116.401014206517772, 33.286129124329783 ], [ -116.401017086648466, 33.286142651400844 ], [ -116.401019868032421, 33.286156191215397 ], [ -116.401022558187705, 33.286169745567683 ], [ -116.401025147450511, 33.286183313567768 ], [ -116.401027641188733, 33.286196895209144 ], [ -116.401030040472719, 33.286210488687153 ], [ -116.401032341006655, 33.286224093105389 ], [ -116.401034543867112, 33.28623771026583 ], [ -116.40103665227015, 33.286251337459618 ], [ -116.401037864523801, 33.286257664859946 ], [ -116.401040338941655, 33.286271246524464 ], [ -116.401042649140962, 33.286284850930599 ], [ -116.401044792968477, 33.286298474474336 ], [ -116.4010467704192, 33.286312114450602 ], [ -116.401048580421204, 33.286325771762414 ], [ -116.401050227267078, 33.286339445502946 ], [ -116.401051703432486, 33.286353130271173 ], [ -116.401053013216199, 33.286366828766973 ], [ -116.401054156610414, 33.286380536481936 ], [ -116.401055132543036, 33.286394254319063 ], [ -116.401055941003094, 33.286407975966725 ], [ -116.401056579855762, 33.286421708640759 ], [ -116.401056894510177, 33.286427364481426 ], [ -116.401057640716957, 33.286441094319798 ], [ -116.401058367593166, 33.286454820574932 ], [ -116.40105907193059, 33.286468550464221 ], [ -116.401059756943695, 33.286482280376937 ], [ -116.40106042263244, 33.286496010313151 ], [ -116.401061064702589, 33.286509740278071 ], [ -116.401061683158645, 33.286523472976704 ], [ -116.40106228336245, 33.28653720479587 ], [ -116.401062863169855, 33.286550937541485 ], [ -116.401063420432166, 33.28656467031449 ], [ -116.401063957301091, 33.28657840581733 ], [ -116.401064472693903, 33.286592138641232 ], [ -116.401064966619799, 33.286605874196283 ], [ -116.401065442294794, 33.286619609773503 ], [ -116.401065894355796, 33.286633348084465 ], [ -116.4010663238669, 33.286647083717789 ], [ -116.401066734058233, 33.286660822079639 ], [ -116.401067123851561, 33.28667456046626 ], [ -116.401067491094977, 33.286688296175257 ], [ -116.401067839023312, 33.286702037317816 ], [ -116.401068164401735, 33.286715775782753 ], [ -116.401068469382068, 33.286729514272494 ], [ -116.401068751817164, 33.286743252789584 ], [ -116.40106901385883, 33.286756994036523 ], [ -116.401069256571361, 33.286770732601937 ], [ -116.401069476743203, 33.286784473899779 ], [ -116.401069674365132, 33.28679821251999 ], [ -116.401069854814381, 33.286811953866128 ], [ -116.401070009497488, 33.286825695243508 ], [ -116.40107014807684, 33.286839436640541 ], [ -116.401070259816507, 33.28685317807021 ], [ -116.401070355452376, 33.286866919519404 ], [ -116.401070431763642, 33.286880660992104 ], [ -116.401070478014404, 33.286894402501346 ], [ -116.401070508161382, 33.286908144030164 ], [ -116.401070686833648, 33.286916498756703 ], [ -116.401070939213866, 33.286930240015053 ], [ -116.401071138988172, 33.286943981337394 ], [ -116.401071287234899, 33.286957725427463 ], [ -116.401071389303198, 33.286971461458563 ], [ -116.40107143662776, 33.286985202966299 ], [ -116.401071433493541, 33.286998944535412 ], [ -116.401071382047789, 33.287012686163294 ], [ -116.401071277995925, 33.28702642785516 ], [ -116.401071125632484, 33.287040169605838 ], [ -116.401070919584683, 33.287053908716729 ], [ -116.40107066200909, 33.287067650595368 ], [ -116.40107035504353, 33.287081389828998 ], [ -116.401069999761475, 33.287095126416403 ], [ -116.401069591877985, 33.287108865772765 ], [ -116.401069127079964, 33.287122597083311 ], [ -116.401068621499249, 33.287136336558525 ], [ -116.401068062229413, 33.287150070688973 ], [ -116.401067451422236, 33.287163802177055 ], [ -116.401066788002623, 33.287177530122413 ], [ -116.401066075199026, 33.287191259029569 ], [ -116.401065313009852, 33.287204987996724 ], [ -116.401064499278633, 33.287218711616532 ], [ -116.401062960493576, 33.287231594853409 ], [ -116.40106102364382, 33.287245239590398 ], [ -116.401058770022416, 33.287258849547371 ], [ -116.401056204991008, 33.287272421111027 ], [ -116.40105332961376, 33.287285948870029 ], [ -116.401050141733975, 33.287299427416848 ], [ -116.401046647785293, 33.287312852235303 ], [ -116.401042842387199, 33.287326216118508 ], [ -116.401038731977962, 33.287339517255191 ], [ -116.401034314396355, 33.287352747532879 ], [ -116.401029595005511, 33.287365904239941 ], [ -116.401024571651789, 33.287378983772356 ], [ -116.401019250759731, 33.287391976203757 ], [ -116.401013634481018, 33.287404884236508 ], [ -116.401007717425685, 33.28741769525363 ], [ -116.401001506033779, 33.287430408345671 ], [ -116.400995005662182, 33.287443017194235 ], [ -116.400988217379791, 33.287455519092951 ], [ -116.400981141178733, 33.287467909533383 ], [ -116.400973786713493, 33.287480183995442 ], [ -116.400966140014773, 33.287492335282558 ], [ -116.400958222545142, 33.287504357958547 ], [ -116.400950028934986, 33.287516251128167 ], [ -116.400941564545903, 33.287528011178196 ], [ -116.400932827222988, 33.28753963360279 ], [ -116.400923831977835, 33.287551107563552 ], [ -116.400914564853565, 33.287562433077326 ], [ -116.400906038613769, 33.28757319504313 ], [ -116.400897076682043, 33.287584691503277 ], [ -116.400888222211876, 33.287596248244569 ], [ -116.400879468750887, 33.287607858963099 ], [ -116.400870827042809, 33.287619528154188 ], [ -116.400862292785504, 33.287631251314785 ], [ -116.400853863834982, 33.28764303025077 ], [ -116.400845546625007, 33.287654860445997 ], [ -116.400837336873678, 33.287666749119154 ], [ -116.400829235637559, 33.287678686350482 ], [ -116.400821242929041, 33.287690679353361 ], [ -116.400813364103755, 33.28770272090803 ], [ -116.400809512938281, 33.287708865107732 ], [ -116.400802089671714, 33.287721112592344 ], [ -116.400794933917467, 33.287733468854555 ], [ -116.400788041379528, 33.287745932997915 ], [ -116.400781420634459, 33.287758497798627 ], [ -116.400775067384828, 33.287771161458622 ], [ -116.400768990210253, 33.287783918557437 ], [ -116.400763190182772, 33.28779676819218 ], [ -116.400757666216563, 33.287809703150707 ], [ -116.400752420448057, 33.287822717118786 ], [ -116.400747455026149, 33.287835810995539 ], [ -116.400742772087199, 33.287848978466592 ], [ -116.400738373769343, 33.287862214119357 ] ] ] } },
{ "type": "Feature", "properties": { "apn": "1403300306", "apn_8": "14033003", "parcelid": 609348, "situs_address": 1688, "situs_street": "MONTEZUMA", "situs_suffix": "CT", "situs_post_dir": "", "situs_pre_dir": "", "subname": "DE ANZA VILLAS", "submap": "007135     ", "situs_community": "BORREGO SPRINGS", "situs_zip": "92004-4336" }, "geometry": { "type": "Polygon", "coordinates": [ [ [ -116.400738373769343, 33.287862214119357 ], [ -116.4007350698338, 33.287875671157508 ], [ -116.400731800266513, 33.287889136268966 ], [ -116.400728571504416, 33.287902606740772 ], [ -116.400725381406545, 33.287916086182392 ], [ -116.400722229965083, 33.287929570085275 ], [ -116.400719115036082, 33.287943060255465 ], [ -116.401765614356776, 33.287918677204701 ], [ -116.401744350902106, 33.285142565953656 ], [ -116.401014994915187, 33.285077831194819 ], [ -116.401005287208278, 33.285141054220993 ], [ -116.401006075842631, 33.285147025073499 ], [ -116.401007696894112, 33.285160698848252 ], [ -116.401009054954372, 33.285174391878137 ], [ -116.401010152172049, 33.285188105062097 ], [ -116.401010990673811, 33.285201826675845 ], [ -116.401011567243671, 33.285215559428281 ], [ -116.40101187865595, 33.285229300618397 ], [ -116.401011935627722, 33.28524303941289 ], [ -116.401011730653138, 33.285256781231034 ], [ -116.40101125942374, 33.28527051796295 ], [ -116.401010530517198, 33.285284243286505 ], [ -116.401009539646836, 33.28529796171518 ], [ -116.40100829108502, 33.285311660620458 ], [ -116.401006779469981, 33.285325343615348 ], [ -116.401005010155529, 33.285339002578411 ], [ -116.401002978850286, 33.285352639318091 ], [ -116.401000688760945, 33.285366245715494 ], [ -116.400998143106506, 33.285379820864904 ], [ -116.400995336514313, 33.285393362067879 ], [ -116.400992273258339, 33.285406857597337 ], [ -116.400988955493403, 33.285420311959093 ], [ -116.400985383214689, 33.285433722447998 ], [ -116.400981554265613, 33.285447083656656 ], [ -116.4009774707839, 33.285460390172453 ], [ -116.400973134913514, 33.285473640189245 ], [ -116.400970998144373, 33.285479661486434 ], [ -116.400966505463586, 33.285492872921537 ], [ -116.400962278065847, 33.285506148954624 ], [ -116.40095831164146, 33.285519480574223 ], [ -116.400954611552166, 33.285532864167166 ], [ -116.400951178870102, 33.285546298830447 ], [ -116.400948008221292, 33.285559780963908 ], [ -116.400945109260277, 33.285573306047475 ], [ -116.40094247553327, 33.285586866875576 ], [ -116.400940113484921, 33.285600465243725 ], [ -116.400938016661556, 33.285614093946414 ], [ -116.4009361947207, 33.285627750266841 ], [ -116.400934644430976, 33.285641427897176 ], [ -116.400933359351015, 33.285655126845342 ], [ -116.400932349135346, 33.28566884259115 ], [ -116.400931612702749, 33.285682570627586 ], [ -116.400931145752836, 33.285696307353149 ], [ -116.400930950421952, 33.285710046453445 ], [ -116.400931029931087, 33.285723787924653 ], [ -116.400931526026781, 33.285730699582622 ], [ -116.400932629680725, 33.285744412758319 ], [ -116.400933873948574, 33.285758111336229 ], [ -116.400935274949575, 33.285771804313534 ], [ -116.400936823007683, 33.285785483586679 ], [ -116.400938525637983, 33.285799149146818 ], [ -116.400940375328645, 33.285812802806262 ], [ -116.400942378519559, 33.285826443655502 ], [ -116.400944528756966, 33.285840064489044 ], [ -116.400946829266289, 33.285853668007917 ], [ -116.40094928112434, 33.285867256014171 ], [ -116.400951880029055, 33.28588082400465 ], [ -116.400954629196605, 33.285894369270387 ], [ -116.400957525409396, 33.285907893618685 ], [ -116.4009904612941, 33.286031527672172 ], [ -116.400991360278226, 33.286034870901204 ], [ -116.400994911199902, 33.286048287152411 ], [ -116.400998366597335, 33.286061717044866 ], [ -116.401001727553464, 33.286075165987278 ], [ -116.401004990842864, 33.286088631278581 ], [ -116.401008158612555, 33.286102112916183 ], [ -116.401011227643409, 33.286115611805613 ], [ -116.401014206517772, 33.286129124329783 ], [ -116.401017086648466, 33.286142651400844 ], [ -116.401019868032421, 33.286156191215397 ], [ -116.401022558187705, 33.286169745567683 ], [ -116.401025147450511, 33.286183313567768 ], [ -116.401027641188733, 33.286196895209144 ], [ -116.401030040472719, 33.286210488687153 ], [ -116.401032341006655, 33.286224093105389 ], [ -116.401034543867112, 33.28623771026583 ], [ -116.40103665227015, 33.286251337459618 ], [ -116.401037864523801, 33.286257664859946 ], [ -116.401040338941655, 33.286271246524464 ], [ -116.401042649140962, 33.286284850930599 ], [ -116.401044792968477, 33.286298474474336 ], [ -116.4010467704192, 33.286312114450602 ], [ -116.401048580421204, 33.286325771762414 ], [ -116.401050227267078, 33.286339445502946 ], [ -116.401051703432486, 33.286353130271173 ], [ -116.401053013216199, 33.286366828766973 ], [ -116.401054156610414, 33.286380536481936 ], [ -116.401055132543036, 33.286394254319063 ], [ -116.401055941003094, 33.286407975966725 ], [ -116.401056579855762, 33.286421708640759 ], [ -116.401056894510177, 33.286427364481426 ], [ -116.401057640716957, 33.286441094319798 ], [ -116.401058367593166, 33.286454820574932 ], [ -116.40105907193059, 33.286468550464221 ], [ -116.401059756943695, 33.286482280376937 ], [ -116.40106042263244, 33.286496010313151 ], [ -116.401061064702589, 33.286509740278071 ], [ -116.401061683158645, 33.286523472976704 ], [ -116.40106228336245, 33.28653720479587 ], [ -116.401062863169855, 33.286550937541485 ], [ -116.401063420432166, 33.28656467031449 ], [ -116.401063957301091, 33.28657840581733 ], [ -116.401064472693903, 33.286592138641232 ], [ -116.401064966619799, 33.286605874196283 ], [ -116.401065442294794, 33.286619609773503 ], [ -116.401065894355796, 33.286633348084465 ], [ -116.4010663238669, 33.286647083717789 ], [ -116.401066734058233, 33.286660822079639 ], [ -116.401067123851561, 33.28667456046626 ], [ -116.401067491094977, 33.286688296175257 ], [ -116.401067839023312, 33.286702037317816 ], [ -116.401068164401735, 33.286715775782753 ], [ -116.401068469382068, 33.286729514272494 ], [ -116.401068751817164, 33.286743252789584 ], [ -116.40106901385883, 33.286756994036523 ], [ -116.401069256571361, 33.286770732601937 ], [ -116.401069476743203, 33.286784473899779 ], [ -116.401069674365132, 33.28679821251999 ], [ -116.401069854814381, 33.286811953866128 ], [ -116.401070009497488, 33.286825695243508 ], [ -116.40107014807684, 33.286839436640541 ], [ -116.401070259816507, 33.28685317807021 ], [ -116.401070355452376, 33.286866919519404 ], [ -116.401070431763642, 33.286880660992104 ], [ -116.401070478014404, 33.286894402501346 ], [ -116.401070508161382, 33.286908144030164 ], [ -116.401070686833648, 33.286916498756703 ], [ -116.401070939213866, 33.286930240015053 ], [ -116.401071138988172, 33.286943981337394 ], [ -116.401071287234899, 33.286957725427463 ], [ -116.401071389303198, 33.286971461458563 ], [ -116.40107143662776, 33.286985202966299 ], [ -116.401071433493541, 33.286998944535412 ], [ -116.401071382047789, 33.287012686163294 ], [ -116.401071277995925, 33.28702642785516 ], [ -116.401071125632484, 33.287040169605838 ], [ -116.401070919584683, 33.287053908716729 ], [ -116.40107066200909, 33.287067650595368 ], [ -116.40107035504353, 33.287081389828998 ], [ -116.401069999761475, 33.287095126416403 ], [ -116.401069591877985, 33.287108865772765 ], [ -116.401069127079964, 33.287122597083311 ], [ -116.401068621499249, 33.287136336558525 ], [ -116.401068062229413, 33.287150070688973 ], [ -116.401067451422236, 33.287163802177055 ], [ -116.401066788002623, 33.287177530122413 ], [ -116.401066075199026, 33.287191259029569 ], [ -116.401065313009852, 33.287204987996724 ], [ -116.401064499278633, 33.287218711616532 ], [ -116.401062960493576, 33.287231594853409 ], [ -116.40106102364382, 33.287245239590398 ], [ -116.401058770022416, 33.287258849547371 ], [ -116.401056204991008, 33.287272421111027 ], [ -116.40105332961376, 33.287285948870029 ], [ -116.401050141733975, 33.287299427416848 ], [ -116.401046647785293, 33.287312852235303 ], [ -116.401042842387199, 33.287326216118508 ], [ -116.401038731977962, 33.287339517255191 ], [ -116.401034314396355, 33.287352747532879 ], [ -116.401029595005511, 33.287365904239941 ], [ -116.401024571651789, 33.287378983772356 ], [ -116.401019250759731, 33.287391976203757 ], [ -116.401013634481018, 33.287404884236508 ], [ -116.401007717425685, 33.28741769525363 ], [ -116.401001506033779, 33.287430408345671 ], [ -116.400995005662182, 33.287443017194235 ], [ -116.400988217379791, 33.287455519092951 ], [ -116.400981141178733, 33.287467909533383 ], [ -116.400973786713493, 33.287480183995442 ], [ -116.400966140014773, 33.287492335282558 ], [ -116.400958222545142, 33.287504357958547 ], [ -116.400950028934986, 33.287516251128167 ], [ -116.400941564545903, 33.287528011178196 ], [ -116.400932827222988, 33.28753963360279 ], [ -116.400923831977835, 33.287551107563552 ], [ -116.400914564853565, 33.287562433077326 ], [ -116.400906038613769, 33.28757319504313 ], [ -116.400897076682043, 33.287584691503277 ], [ -116.400888222211876, 33.287596248244569 ], [ -116.400879468750887, 33.287607858963099 ], [ -116.400870827042809, 33.287619528154188 ], [ -116.400862292785504, 33.287631251314785 ], [ -116.400853863834982, 33.28764303025077 ], [ -116.400845546625007, 33.287654860445997 ], [ -116.400837336873678, 33.287666749119154 ], [ -116.400829235637559, 33.287678686350482 ], [ -116.400821242929041, 33.287690679353361 ], [ -116.400813364103755, 33.28770272090803 ], [ -116.400809512938281, 33.287708865107732 ], [ -116.400802089671714, 33.287721112592344 ], [ -116.400794933917467, 33.287733468854555 ], [ -116.400788041379528, 33.287745932997915 ], [ -116.400781420634459, 33.287758497798627 ], [ -116.400775067384828, 33.287771161458622 ], [ -116.400768990210253, 33.287783918557437 ], [ -116.400763190182772, 33.28779676819218 ], [ -116.400757666216563, 33.287809703150707 ], [ -116.400752420448057, 33.287822717118786 ], [ -116.400747455026149, 33.287835810995539 ], [ -116.400742772087199, 33.287848978466592 ], [ -116.400738373769343, 33.287862214119357 ] ] ] } },
{ "type": "Feature", "properties": { "apn": "1403300308", "apn_8": "14033003", "parcelid": 609348, "situs_address": 1676, "situs_street": "MONTEZUMA", "situs_suffix": "CT", "situs_post_dir": "", "situs_pre_dir": "", "subname": "DE ANZA VILLAS", "submap": "007135     ", "situs_community": "BORREGO SPRINGS", "situs_zip": "92004-4336" }, "geometry": { "type": "Polygon", "coordinates": [ [ [ -116.400738373769343, 33.287862214119357 ], [ -116.4007350698338, 33.287875671157508 ], [ -116.400731800266513, 33.287889136268966 ], [ -116.400728571504416, 33.287902606740772 ], [ -116.400725381406545, 33.287916086182392 ], [ -116.400722229965083, 33.287929570085275 ], [ -116.400719115036082, 33.287943060255465 ], [ -116.401765614356776, 33.287918677204701 ], [ -116.401744350902106, 33.285142565953656 ], [ -116.401014994915187, 33.285077831194819 ], [ -116.401005287208278, 33.285141054220993 ], [ -116.401006075842631, 33.285147025073499 ], [ -116.401007696894112, 33.285160698848252 ], [ -116.401009054954372, 33.285174391878137 ], [ -116.401010152172049, 33.285188105062097 ], [ -116.401010990673811, 33.285201826675845 ], [ -116.401011567243671, 33.285215559428281 ], [ -116.40101187865595, 33.285229300618397 ], [ -116.401011935627722, 33.28524303941289 ], [ -116.401011730653138, 33.285256781231034 ], [ -116.40101125942374, 33.28527051796295 ], [ -116.401010530517198, 33.285284243286505 ], [ -116.401009539646836, 33.28529796171518 ], [ -116.40100829108502, 33.285311660620458 ], [ -116.401006779469981, 33.285325343615348 ], [ -116.401005010155529, 33.285339002578411 ], [ -116.401002978850286, 33.285352639318091 ], [ -116.401000688760945, 33.285366245715494 ], [ -116.400998143106506, 33.285379820864904 ], [ -116.400995336514313, 33.285393362067879 ], [ -116.400992273258339, 33.285406857597337 ], [ -116.400988955493403, 33.285420311959093 ], [ -116.400985383214689, 33.285433722447998 ], [ -116.400981554265613, 33.285447083656656 ], [ -116.4009774707839, 33.285460390172453 ], [ -116.400973134913514, 33.285473640189245 ], [ -116.400970998144373, 33.285479661486434 ], [ -116.400966505463586, 33.285492872921537 ], [ -116.400962278065847, 33.285506148954624 ], [ -116.40095831164146, 33.285519480574223 ], [ -116.400954611552166, 33.285532864167166 ], [ -116.400951178870102, 33.285546298830447 ], [ -116.400948008221292, 33.285559780963908 ], [ -116.400945109260277, 33.285573306047475 ], [ -116.40094247553327, 33.285586866875576 ], [ -116.400940113484921, 33.285600465243725 ], [ -116.400938016661556, 33.285614093946414 ], [ -116.4009361947207, 33.285627750266841 ], [ -116.400934644430976, 33.285641427897176 ], [ -116.400933359351015, 33.285655126845342 ], [ -116.400932349135346, 33.28566884259115 ], [ -116.400931612702749, 33.285682570627586 ], [ -116.400931145752836, 33.285696307353149 ], [ -116.400930950421952, 33.285710046453445 ], [ -116.400931029931087, 33.285723787924653 ], [ -116.400931526026781, 33.285730699582622 ], [ -116.400932629680725, 33.285744412758319 ], [ -116.400933873948574, 33.285758111336229 ], [ -116.400935274949575, 33.285771804313534 ], [ -116.400936823007683, 33.285785483586679 ], [ -116.400938525637983, 33.285799149146818 ], [ -116.400940375328645, 33.285812802806262 ], [ -116.400942378519559, 33.285826443655502 ], [ -116.400944528756966, 33.285840064489044 ], [ -116.400946829266289, 33.285853668007917 ], [ -116.40094928112434, 33.285867256014171 ], [ -116.400951880029055, 33.28588082400465 ], [ -116.400954629196605, 33.285894369270387 ], [ -116.400957525409396, 33.285907893618685 ], [ -116.4009904612941, 33.286031527672172 ], [ -116.400991360278226, 33.286034870901204 ], [ -116.400994911199902, 33.286048287152411 ], [ -116.400998366597335, 33.286061717044866 ], [ -116.401001727553464, 33.286075165987278 ], [ -116.401004990842864, 33.286088631278581 ], [ -116.401008158612555, 33.286102112916183 ], [ -116.401011227643409, 33.286115611805613 ], [ -116.401014206517772, 33.286129124329783 ], [ -116.401017086648466, 33.286142651400844 ], [ -116.401019868032421, 33.286156191215397 ], [ -116.401022558187705, 33.286169745567683 ], [ -116.401025147450511, 33.286183313567768 ], [ -116.401027641188733, 33.286196895209144 ], [ -116.401030040472719, 33.286210488687153 ], [ -116.401032341006655, 33.286224093105389 ], [ -116.401034543867112, 33.28623771026583 ], [ -116.40103665227015, 33.286251337459618 ], [ -116.401037864523801, 33.286257664859946 ], [ -116.401040338941655, 33.286271246524464 ], [ -116.401042649140962, 33.286284850930599 ], [ -116.401044792968477, 33.286298474474336 ], [ -116.4010467704192, 33.286312114450602 ], [ -116.401048580421204, 33.286325771762414 ], [ -116.401050227267078, 33.286339445502946 ], [ -116.401051703432486, 33.286353130271173 ], [ -116.401053013216199, 33.286366828766973 ], [ -116.401054156610414, 33.286380536481936 ], [ -116.401055132543036, 33.286394254319063 ], [ -116.401055941003094, 33.286407975966725 ], [ -116.401056579855762, 33.286421708640759 ], [ -116.401056894510177, 33.286427364481426 ], [ -116.401057640716957, 33.286441094319798 ], [ -116.401058367593166, 33.286454820574932 ], [ -116.40105907193059, 33.286468550464221 ], [ -116.401059756943695, 33.286482280376937 ], [ -116.40106042263244, 33.286496010313151 ], [ -116.401061064702589, 33.286509740278071 ], [ -116.401061683158645, 33.286523472976704 ], [ -116.40106228336245, 33.28653720479587 ], [ -116.401062863169855, 33.286550937541485 ], [ -116.401063420432166, 33.28656467031449 ], [ -116.401063957301091, 33.28657840581733 ], [ -116.401064472693903, 33.286592138641232 ], [ -116.401064966619799, 33.286605874196283 ], [ -116.401065442294794, 33.286619609773503 ], [ -116.401065894355796, 33.286633348084465 ], [ -116.4010663238669, 33.286647083717789 ], [ -116.401066734058233, 33.286660822079639 ], [ -116.401067123851561, 33.28667456046626 ], [ -116.401067491094977, 33.286688296175257 ], [ -116.401067839023312, 33.286702037317816 ], [ -116.401068164401735, 33.286715775782753 ], [ -116.401068469382068, 33.286729514272494 ], [ -116.401068751817164, 33.286743252789584 ], [ -116.40106901385883, 33.286756994036523 ], [ -116.401069256571361, 33.286770732601937 ], [ -116.401069476743203, 33.286784473899779 ], [ -116.401069674365132, 33.28679821251999 ], [ -116.401069854814381, 33.286811953866128 ], [ -116.401070009497488, 33.286825695243508 ], [ -116.40107014807684, 33.286839436640541 ], [ -116.401070259816507, 33.28685317807021 ], [ -116.401070355452376, 33.286866919519404 ], [ -116.401070431763642, 33.286880660992104 ], [ -116.401070478014404, 33.286894402501346 ], [ -116.401070508161382, 33.286908144030164 ], [ -116.401070686833648, 33.286916498756703 ], [ -116.401070939213866, 33.286930240015053 ], [ -116.401071138988172, 33.286943981337394 ], [ -116.401071287234899, 33.286957725427463 ], [ -116.401071389303198, 33.286971461458563 ], [ -116.40107143662776, 33.286985202966299 ], [ -116.401071433493541, 33.286998944535412 ], [ -116.401071382047789, 33.287012686163294 ], [ -116.401071277995925, 33.28702642785516 ], [ -116.401071125632484, 33.287040169605838 ], [ -116.401070919584683, 33.287053908716729 ], [ -116.40107066200909, 33.287067650595368 ], [ -116.40107035504353, 33.287081389828998 ], [ -116.401069999761475, 33.287095126416403 ], [ -116.401069591877985, 33.287108865772765 ], [ -116.401069127079964, 33.287122597083311 ], [ -116.401068621499249, 33.287136336558525 ], [ -116.401068062229413, 33.287150070688973 ], [ -116.401067451422236, 33.287163802177055 ], [ -116.401066788002623, 33.287177530122413 ], [ -116.401066075199026, 33.287191259029569 ], [ -116.401065313009852, 33.287204987996724 ], [ -116.401064499278633, 33.287218711616532 ], [ -116.401062960493576, 33.287231594853409 ], [ -116.40106102364382, 33.287245239590398 ], [ -116.401058770022416, 33.287258849547371 ], [ -116.401056204991008, 33.287272421111027 ], [ -116.40105332961376, 33.287285948870029 ], [ -116.401050141733975, 33.287299427416848 ], [ -116.401046647785293, 33.287312852235303 ], [ -116.401042842387199, 33.287326216118508 ], [ -116.401038731977962, 33.287339517255191 ], [ -116.401034314396355, 33.287352747532879 ], [ -116.401029595005511, 33.287365904239941 ], [ -116.401024571651789, 33.287378983772356 ], [ -116.401019250759731, 33.287391976203757 ], [ -116.401013634481018, 33.287404884236508 ], [ -116.401007717425685, 33.28741769525363 ], [ -116.401001506033779, 33.287430408345671 ], [ -116.400995005662182, 33.287443017194235 ], [ -116.400988217379791, 33.287455519092951 ], [ -116.400981141178733, 33.287467909533383 ], [ -116.400973786713493, 33.287480183995442 ], [ -116.400966140014773, 33.287492335282558 ], [ -116.400958222545142, 33.287504357958547 ], [ -116.400950028934986, 33.287516251128167 ], [ -116.400941564545903, 33.287528011178196 ], [ -116.400932827222988, 33.28753963360279 ], [ -116.400923831977835, 33.287551107563552 ], [ -116.400914564853565, 33.287562433077326 ], [ -116.400906038613769, 33.28757319504313 ], [ -116.400897076682043, 33.287584691503277 ], [ -116.400888222211876, 33.287596248244569 ], [ -116.400879468750887, 33.287607858963099 ], [ -116.400870827042809, 33.287619528154188 ], [ -116.400862292785504, 33.287631251314785 ], [ -116.400853863834982, 33.28764303025077 ], [ -116.400845546625007, 33.287654860445997 ], [ -116.400837336873678, 33.287666749119154 ], [ -116.400829235637559, 33.287678686350482 ], [ -116.400821242929041, 33.287690679353361 ], [ -116.400813364103755, 33.28770272090803 ], [ -116.400809512938281, 33.287708865107732 ], [ -116.400802089671714, 33.287721112592344 ], [ -116.400794933917467, 33.287733468854555 ], [ -116.400788041379528, 33.287745932997915 ], [ -116.400781420634459, 33.287758497798627 ], [ -116.400775067384828, 33.287771161458622 ], [ -116.400768990210253, 33.287783918557437 ], [ -116.400763190182772, 33.28779676819218 ], [ -116.400757666216563, 33.287809703150707 ], [ -116.400752420448057, 33.287822717118786 ], [ -116.400747455026149, 33.287835810995539 ], [ -116.400742772087199, 33.287848978466592 ], [ -116.400738373769343, 33.287862214119357 ] ] ] } },
{ "type": "Feature", "properties": { "apn": "1403300303", "apn_8": "14033003", "parcelid": 609348, "situs_address": 1696, "situs_street": "MONTEZUMA", "situs_suffix": "CT", "situs_post_dir": "", "situs_pre_dir": "", "subname": "DE ANZA VILLAS", "submap": "007135     ", "situs_community": "BORREGO SPRINGS", "situs_zip": "92004-4336" }, "geometry": { "type": "Polygon", "coordinates": [ [ [ -116.400738373769343, 33.287862214119357 ], [ -116.4007350698338, 33.287875671157508 ], [ -116.400731800266513, 33.287889136268966 ], [ -116.400728571504416, 33.287902606740772 ], [ -116.400725381406545, 33.287916086182392 ], [ -116.400722229965083, 33.287929570085275 ], [ -116.400719115036082, 33.287943060255465 ], [ -116.401765614356776, 33.287918677204701 ], [ -116.401744350902106, 33.285142565953656 ], [ -116.401014994915187, 33.285077831194819 ], [ -116.401005287208278, 33.285141054220993 ], [ -116.401006075842631, 33.285147025073499 ], [ -116.401007696894112, 33.285160698848252 ], [ -116.401009054954372, 33.285174391878137 ], [ -116.401010152172049, 33.285188105062097 ], [ -116.401010990673811, 33.285201826675845 ], [ -116.401011567243671, 33.285215559428281 ], [ -116.40101187865595, 33.285229300618397 ], [ -116.401011935627722, 33.28524303941289 ], [ -116.401011730653138, 33.285256781231034 ], [ -116.40101125942374, 33.28527051796295 ], [ -116.401010530517198, 33.285284243286505 ], [ -116.401009539646836, 33.28529796171518 ], [ -116.40100829108502, 33.285311660620458 ], [ -116.401006779469981, 33.285325343615348 ], [ -116.401005010155529, 33.285339002578411 ], [ -116.401002978850286, 33.285352639318091 ], [ -116.401000688760945, 33.285366245715494 ], [ -116.400998143106506, 33.285379820864904 ], [ -116.400995336514313, 33.285393362067879 ], [ -116.400992273258339, 33.285406857597337 ], [ -116.400988955493403, 33.285420311959093 ], [ -116.400985383214689, 33.285433722447998 ], [ -116.400981554265613, 33.285447083656656 ], [ -116.4009774707839, 33.285460390172453 ], [ -116.400973134913514, 33.285473640189245 ], [ -116.400970998144373, 33.285479661486434 ], [ -116.400966505463586, 33.285492872921537 ], [ -116.400962278065847, 33.285506148954624 ], [ -116.40095831164146, 33.285519480574223 ], [ -116.400954611552166, 33.285532864167166 ], [ -116.400951178870102, 33.285546298830447 ], [ -116.400948008221292, 33.285559780963908 ], [ -116.400945109260277, 33.285573306047475 ], [ -116.40094247553327, 33.285586866875576 ], [ -116.400940113484921, 33.285600465243725 ], [ -116.400938016661556, 33.285614093946414 ], [ -116.4009361947207, 33.285627750266841 ], [ -116.400934644430976, 33.285641427897176 ], [ -116.400933359351015, 33.285655126845342 ], [ -116.400932349135346, 33.28566884259115 ], [ -116.400931612702749, 33.285682570627586 ], [ -116.400931145752836, 33.285696307353149 ], [ -116.400930950421952, 33.285710046453445 ], [ -116.400931029931087, 33.285723787924653 ], [ -116.400931526026781, 33.285730699582622 ], [ -116.400932629680725, 33.285744412758319 ], [ -116.400933873948574, 33.285758111336229 ], [ -116.400935274949575, 33.285771804313534 ], [ -116.400936823007683, 33.285785483586679 ], [ -116.400938525637983, 33.285799149146818 ], [ -116.400940375328645, 33.285812802806262 ], [ -116.400942378519559, 33.285826443655502 ], [ -116.400944528756966, 33.285840064489044 ], [ -116.400946829266289, 33.285853668007917 ], [ -116.40094928112434, 33.285867256014171 ], [ -116.400951880029055, 33.28588082400465 ], [ -116.400954629196605, 33.285894369270387 ], [ -116.400957525409396, 33.285907893618685 ], [ -116.4009904612941, 33.286031527672172 ], [ -116.400991360278226, 33.286034870901204 ], [ -116.400994911199902, 33.286048287152411 ], [ -116.400998366597335, 33.286061717044866 ], [ -116.401001727553464, 33.286075165987278 ], [ -116.401004990842864, 33.286088631278581 ], [ -116.401008158612555, 33.286102112916183 ], [ -116.401011227643409, 33.286115611805613 ], [ -116.401014206517772, 33.286129124329783 ], [ -116.401017086648466, 33.286142651400844 ], [ -116.401019868032421, 33.286156191215397 ], [ -116.401022558187705, 33.286169745567683 ], [ -116.401025147450511, 33.286183313567768 ], [ -116.401027641188733, 33.286196895209144 ], [ -116.401030040472719, 33.286210488687153 ], [ -116.401032341006655, 33.286224093105389 ], [ -116.401034543867112, 33.28623771026583 ], [ -116.40103665227015, 33.286251337459618 ], [ -116.401037864523801, 33.286257664859946 ], [ -116.401040338941655, 33.286271246524464 ], [ -116.401042649140962, 33.286284850930599 ], [ -116.401044792968477, 33.286298474474336 ], [ -116.4010467704192, 33.286312114450602 ], [ -116.401048580421204, 33.286325771762414 ], [ -116.401050227267078, 33.286339445502946 ], [ -116.401051703432486, 33.286353130271173 ], [ -116.401053013216199, 33.286366828766973 ], [ -116.401054156610414, 33.286380536481936 ], [ -116.401055132543036, 33.286394254319063 ], [ -116.401055941003094, 33.286407975966725 ], [ -116.401056579855762, 33.286421708640759 ], [ -116.401056894510177, 33.286427364481426 ], [ -116.401057640716957, 33.286441094319798 ], [ -116.401058367593166, 33.286454820574932 ], [ -116.40105907193059, 33.286468550464221 ], [ -116.401059756943695, 33.286482280376937 ], [ -116.40106042263244, 33.286496010313151 ], [ -116.401061064702589, 33.286509740278071 ], [ -116.401061683158645, 33.286523472976704 ], [ -116.40106228336245, 33.28653720479587 ], [ -116.401062863169855, 33.286550937541485 ], [ -116.401063420432166, 33.28656467031449 ], [ -116.401063957301091, 33.28657840581733 ], [ -116.401064472693903, 33.286592138641232 ], [ -116.401064966619799, 33.286605874196283 ], [ -116.401065442294794, 33.286619609773503 ], [ -116.401065894355796, 33.286633348084465 ], [ -116.4010663238669, 33.286647083717789 ], [ -116.401066734058233, 33.286660822079639 ], [ -116.401067123851561, 33.28667456046626 ], [ -116.401067491094977, 33.286688296175257 ], [ -116.401067839023312, 33.286702037317816 ], [ -116.401068164401735, 33.286715775782753 ], [ -116.401068469382068, 33.286729514272494 ], [ -116.401068751817164, 33.286743252789584 ], [ -116.40106901385883, 33.286756994036523 ], [ -116.401069256571361, 33.286770732601937 ], [ -116.401069476743203, 33.286784473899779 ], [ -116.401069674365132, 33.28679821251999 ], [ -116.401069854814381, 33.286811953866128 ], [ -116.401070009497488, 33.286825695243508 ], [ -116.40107014807684, 33.286839436640541 ], [ -116.401070259816507, 33.28685317807021 ], [ -116.401070355452376, 33.286866919519404 ], [ -116.401070431763642, 33.286880660992104 ], [ -116.401070478014404, 33.286894402501346 ], [ -116.401070508161382, 33.286908144030164 ], [ -116.401070686833648, 33.286916498756703 ], [ -116.401070939213866, 33.286930240015053 ], [ -116.401071138988172, 33.286943981337394 ], [ -116.401071287234899, 33.286957725427463 ], [ -116.401071389303198, 33.286971461458563 ], [ -116.40107143662776, 33.286985202966299 ], [ -116.401071433493541, 33.286998944535412 ], [ -116.401071382047789, 33.287012686163294 ], [ -116.401071277995925, 33.28702642785516 ], [ -116.401071125632484, 33.287040169605838 ], [ -116.401070919584683, 33.287053908716729 ], [ -116.40107066200909, 33.287067650595368 ], [ -116.40107035504353, 33.287081389828998 ], [ -116.401069999761475, 33.287095126416403 ], [ -116.401069591877985, 33.287108865772765 ], [ -116.401069127079964, 33.287122597083311 ], [ -116.401068621499249, 33.287136336558525 ], [ -116.401068062229413, 33.287150070688973 ], [ -116.401067451422236, 33.287163802177055 ], [ -116.401066788002623, 33.287177530122413 ], [ -116.401066075199026, 33.287191259029569 ], [ -116.401065313009852, 33.287204987996724 ], [ -116.401064499278633, 33.287218711616532 ], [ -116.401062960493576, 33.287231594853409 ], [ -116.40106102364382, 33.287245239590398 ], [ -116.401058770022416, 33.287258849547371 ], [ -116.401056204991008, 33.287272421111027 ], [ -116.40105332961376, 33.287285948870029 ], [ -116.401050141733975, 33.287299427416848 ], [ -116.401046647785293, 33.287312852235303 ], [ -116.401042842387199, 33.287326216118508 ], [ -116.401038731977962, 33.287339517255191 ], [ -116.401034314396355, 33.287352747532879 ], [ -116.401029595005511, 33.287365904239941 ], [ -116.401024571651789, 33.287378983772356 ], [ -116.401019250759731, 33.287391976203757 ], [ -116.401013634481018, 33.287404884236508 ], [ -116.401007717425685, 33.28741769525363 ], [ -116.401001506033779, 33.287430408345671 ], [ -116.400995005662182, 33.287443017194235 ], [ -116.400988217379791, 33.287455519092951 ], [ -116.400981141178733, 33.287467909533383 ], [ -116.400973786713493, 33.287480183995442 ], [ -116.400966140014773, 33.287492335282558 ], [ -116.400958222545142, 33.287504357958547 ], [ -116.400950028934986, 33.287516251128167 ], [ -116.400941564545903, 33.287528011178196 ], [ -116.400932827222988, 33.28753963360279 ], [ -116.400923831977835, 33.287551107563552 ], [ -116.400914564853565, 33.287562433077326 ], [ -116.400906038613769, 33.28757319504313 ], [ -116.400897076682043, 33.287584691503277 ], [ -116.400888222211876, 33.287596248244569 ], [ -116.400879468750887, 33.287607858963099 ], [ -116.400870827042809, 33.287619528154188 ], [ -116.400862292785504, 33.287631251314785 ], [ -116.400853863834982, 33.28764303025077 ], [ -116.400845546625007, 33.287654860445997 ], [ -116.400837336873678, 33.287666749119154 ], [ -116.400829235637559, 33.287678686350482 ], [ -116.400821242929041, 33.287690679353361 ], [ -116.400813364103755, 33.28770272090803 ], [ -116.400809512938281, 33.287708865107732 ], [ -116.400802089671714, 33.287721112592344 ], [ -116.400794933917467, 33.287733468854555 ], [ -116.400788041379528, 33.287745932997915 ], [ -116.400781420634459, 33.287758497798627 ], [ -116.400775067384828, 33.287771161458622 ], [ -116.400768990210253, 33.287783918557437 ], [ -116.400763190182772, 33.28779676819218 ], [ -116.400757666216563, 33.287809703150707 ], [ -116.400752420448057, 33.287822717118786 ], [ -116.400747455026149, 33.287835810995539 ], [ -116.400742772087199, 33.287848978466592 ], [ -116.400738373769343, 33.287862214119357 ] ] ] } },
{ "type": "Feature", "properties": { "apn": "1403300311", "apn_8": "14033003", "parcelid": 609348, "situs_address": 1668, "situs_street": "MONTEZUMA", "situs_suffix": "CT", "situs_post_dir": "", "situs_pre_dir": "", "subname": "DE ANZA VILLAS", "submap": "007135     ", "situs_community": "BORREGO SPRINGS", "situs_zip": "92004-4336" }, "geometry": { "type": "Polygon", "coordinates": [ [ [ -116.400738373769343, 33.287862214119357 ], [ -116.4007350698338, 33.287875671157508 ], [ -116.400731800266513, 33.287889136268966 ], [ -116.400728571504416, 33.287902606740772 ], [ -116.400725381406545, 33.287916086182392 ], [ -116.400722229965083, 33.287929570085275 ], [ -116.400719115036082, 33.287943060255465 ], [ -116.401765614356776, 33.287918677204701 ], [ -116.401744350902106, 33.285142565953656 ], [ -116.401014994915187, 33.285077831194819 ], [ -116.401005287208278, 33.285141054220993 ], [ -116.401006075842631, 33.285147025073499 ], [ -116.401007696894112, 33.285160698848252 ], [ -116.401009054954372, 33.285174391878137 ], [ -116.401010152172049, 33.285188105062097 ], [ -116.401010990673811, 33.285201826675845 ], [ -116.401011567243671, 33.285215559428281 ], [ -116.40101187865595, 33.285229300618397 ], [ -116.401011935627722, 33.28524303941289 ], [ -116.401011730653138, 33.285256781231034 ], [ -116.40101125942374, 33.28527051796295 ], [ -116.401010530517198, 33.285284243286505 ], [ -116.401009539646836, 33.28529796171518 ], [ -116.40100829108502, 33.285311660620458 ], [ -116.401006779469981, 33.285325343615348 ], [ -116.401005010155529, 33.285339002578411 ], [ -116.401002978850286, 33.285352639318091 ], [ -116.401000688760945, 33.285366245715494 ], [ -116.400998143106506, 33.285379820864904 ], [ -116.400995336514313, 33.285393362067879 ], [ -116.400992273258339, 33.285406857597337 ], [ -116.400988955493403, 33.285420311959093 ], [ -116.400985383214689, 33.285433722447998 ], [ -116.400981554265613, 33.285447083656656 ], [ -116.4009774707839, 33.285460390172453 ], [ -116.400973134913514, 33.285473640189245 ], [ -116.400970998144373, 33.285479661486434 ], [ -116.400966505463586, 33.285492872921537 ], [ -116.400962278065847, 33.285506148954624 ], [ -116.40095831164146, 33.285519480574223 ], [ -116.400954611552166, 33.285532864167166 ], [ -116.400951178870102, 33.285546298830447 ], [ -116.400948008221292, 33.285559780963908 ], [ -116.400945109260277, 33.285573306047475 ], [ -116.40094247553327, 33.285586866875576 ], [ -116.400940113484921, 33.285600465243725 ], [ -116.400938016661556, 33.285614093946414 ], [ -116.4009361947207, 33.285627750266841 ], [ -116.400934644430976, 33.285641427897176 ], [ -116.400933359351015, 33.285655126845342 ], [ -116.400932349135346, 33.28566884259115 ], [ -116.400931612702749, 33.285682570627586 ], [ -116.400931145752836, 33.285696307353149 ], [ -116.400930950421952, 33.285710046453445 ], [ -116.400931029931087, 33.285723787924653 ], [ -116.400931526026781, 33.285730699582622 ], [ -116.400932629680725, 33.285744412758319 ], [ -116.400933873948574, 33.285758111336229 ], [ -116.400935274949575, 33.285771804313534 ], [ -116.400936823007683, 33.285785483586679 ], [ -116.400938525637983, 33.285799149146818 ], [ -116.400940375328645, 33.285812802806262 ], [ -116.400942378519559, 33.285826443655502 ], [ -116.400944528756966, 33.285840064489044 ], [ -116.400946829266289, 33.285853668007917 ], [ -116.40094928112434, 33.285867256014171 ], [ -116.400951880029055, 33.28588082400465 ], [ -116.400954629196605, 33.285894369270387 ], [ -116.400957525409396, 33.285907893618685 ], [ -116.4009904612941, 33.286031527672172 ], [ -116.400991360278226, 33.286034870901204 ], [ -116.400994911199902, 33.286048287152411 ], [ -116.400998366597335, 33.286061717044866 ], [ -116.401001727553464, 33.286075165987278 ], [ -116.401004990842864, 33.286088631278581 ], [ -116.401008158612555, 33.286102112916183 ], [ -116.401011227643409, 33.286115611805613 ], [ -116.401014206517772, 33.286129124329783 ], [ -116.401017086648466, 33.286142651400844 ], [ -116.401019868032421, 33.286156191215397 ], [ -116.401022558187705, 33.286169745567683 ], [ -116.401025147450511, 33.286183313567768 ], [ -116.401027641188733, 33.286196895209144 ], [ -116.401030040472719, 33.286210488687153 ], [ -116.401032341006655, 33.286224093105389 ], [ -116.401034543867112, 33.28623771026583 ], [ -116.40103665227015, 33.286251337459618 ], [ -116.401037864523801, 33.286257664859946 ], [ -116.401040338941655, 33.286271246524464 ], [ -116.401042649140962, 33.286284850930599 ], [ -116.401044792968477, 33.286298474474336 ], [ -116.4010467704192, 33.286312114450602 ], [ -116.401048580421204, 33.286325771762414 ], [ -116.401050227267078, 33.286339445502946 ], [ -116.401051703432486, 33.286353130271173 ], [ -116.401053013216199, 33.286366828766973 ], [ -116.401054156610414, 33.286380536481936 ], [ -116.401055132543036, 33.286394254319063 ], [ -116.401055941003094, 33.286407975966725 ], [ -116.401056579855762, 33.286421708640759 ], [ -116.401056894510177, 33.286427364481426 ], [ -116.401057640716957, 33.286441094319798 ], [ -116.401058367593166, 33.286454820574932 ], [ -116.40105907193059, 33.286468550464221 ], [ -116.401059756943695, 33.286482280376937 ], [ -116.40106042263244, 33.286496010313151 ], [ -116.401061064702589, 33.286509740278071 ], [ -116.401061683158645, 33.286523472976704 ], [ -116.40106228336245, 33.28653720479587 ], [ -116.401062863169855, 33.286550937541485 ], [ -116.401063420432166, 33.28656467031449 ], [ -116.401063957301091, 33.28657840581733 ], [ -116.401064472693903, 33.286592138641232 ], [ -116.401064966619799, 33.286605874196283 ], [ -116.401065442294794, 33.286619609773503 ], [ -116.401065894355796, 33.286633348084465 ], [ -116.4010663238669, 33.286647083717789 ], [ -116.401066734058233, 33.286660822079639 ], [ -116.401067123851561, 33.28667456046626 ], [ -116.401067491094977, 33.286688296175257 ], [ -116.401067839023312, 33.286702037317816 ], [ -116.401068164401735, 33.286715775782753 ], [ -116.401068469382068, 33.286729514272494 ], [ -116.401068751817164, 33.286743252789584 ], [ -116.40106901385883, 33.286756994036523 ], [ -116.401069256571361, 33.286770732601937 ], [ -116.401069476743203, 33.286784473899779 ], [ -116.401069674365132, 33.28679821251999 ], [ -116.401069854814381, 33.286811953866128 ], [ -116.401070009497488, 33.286825695243508 ], [ -116.40107014807684, 33.286839436640541 ], [ -116.401070259816507, 33.28685317807021 ], [ -116.401070355452376, 33.286866919519404 ], [ -116.401070431763642, 33.286880660992104 ], [ -116.401070478014404, 33.286894402501346 ], [ -116.401070508161382, 33.286908144030164 ], [ -116.401070686833648, 33.286916498756703 ], [ -116.401070939213866, 33.286930240015053 ], [ -116.401071138988172, 33.286943981337394 ], [ -116.401071287234899, 33.286957725427463 ], [ -116.401071389303198, 33.286971461458563 ], [ -116.40107143662776, 33.286985202966299 ], [ -116.401071433493541, 33.286998944535412 ], [ -116.401071382047789, 33.287012686163294 ], [ -116.401071277995925, 33.28702642785516 ], [ -116.401071125632484, 33.287040169605838 ], [ -116.401070919584683, 33.287053908716729 ], [ -116.40107066200909, 33.287067650595368 ], [ -116.40107035504353, 33.287081389828998 ], [ -116.401069999761475, 33.287095126416403 ], [ -116.401069591877985, 33.287108865772765 ], [ -116.401069127079964, 33.287122597083311 ], [ -116.401068621499249, 33.287136336558525 ], [ -116.401068062229413, 33.287150070688973 ], [ -116.401067451422236, 33.287163802177055 ], [ -116.401066788002623, 33.287177530122413 ], [ -116.401066075199026, 33.287191259029569 ], [ -116.401065313009852, 33.287204987996724 ], [ -116.401064499278633, 33.287218711616532 ], [ -116.401062960493576, 33.287231594853409 ], [ -116.40106102364382, 33.287245239590398 ], [ -116.401058770022416, 33.287258849547371 ], [ -116.401056204991008, 33.287272421111027 ], [ -116.40105332961376, 33.287285948870029 ], [ -116.401050141733975, 33.287299427416848 ], [ -116.401046647785293, 33.287312852235303 ], [ -116.401042842387199, 33.287326216118508 ], [ -116.401038731977962, 33.287339517255191 ], [ -116.401034314396355, 33.287352747532879 ], [ -116.401029595005511, 33.287365904239941 ], [ -116.401024571651789, 33.287378983772356 ], [ -116.401019250759731, 33.287391976203757 ], [ -116.401013634481018, 33.287404884236508 ], [ -116.401007717425685, 33.28741769525363 ], [ -116.401001506033779, 33.287430408345671 ], [ -116.400995005662182, 33.287443017194235 ], [ -116.400988217379791, 33.287455519092951 ], [ -116.400981141178733, 33.287467909533383 ], [ -116.400973786713493, 33.287480183995442 ], [ -116.400966140014773, 33.287492335282558 ], [ -116.400958222545142, 33.287504357958547 ], [ -116.400950028934986, 33.287516251128167 ], [ -116.400941564545903, 33.287528011178196 ], [ -116.400932827222988, 33.28753963360279 ], [ -116.400923831977835, 33.287551107563552 ], [ -116.400914564853565, 33.287562433077326 ], [ -116.400906038613769, 33.28757319504313 ], [ -116.400897076682043, 33.287584691503277 ], [ -116.400888222211876, 33.287596248244569 ], [ -116.400879468750887, 33.287607858963099 ], [ -116.400870827042809, 33.287619528154188 ], [ -116.400862292785504, 33.287631251314785 ], [ -116.400853863834982, 33.28764303025077 ], [ -116.400845546625007, 33.287654860445997 ], [ -116.400837336873678, 33.287666749119154 ], [ -116.400829235637559, 33.287678686350482 ], [ -116.400821242929041, 33.287690679353361 ], [ -116.400813364103755, 33.28770272090803 ], [ -116.400809512938281, 33.287708865107732 ], [ -116.400802089671714, 33.287721112592344 ], [ -116.400794933917467, 33.287733468854555 ], [ -116.400788041379528, 33.287745932997915 ], [ -116.400781420634459, 33.287758497798627 ], [ -116.400775067384828, 33.287771161458622 ], [ -116.400768990210253, 33.287783918557437 ], [ -116.400763190182772, 33.28779676819218 ], [ -116.400757666216563, 33.287809703150707 ], [ -116.400752420448057, 33.287822717118786 ], [ -116.400747455026149, 33.287835810995539 ], [ -116.400742772087199, 33.287848978466592 ], [ -116.400738373769343, 33.287862214119357 ] ] ] } },
{ "type": "Feature", "properties": { "apn": "1403300100", "apn_8": "14033001", "parcelid": 656388, "situs_address": 0, "situs_street": "MONTEZUMA", "situs_suffix": "RD", "situs_post_dir": "", "situs_pre_dir": "", "subname": "DE ANZA VILLAS", "submap": "007135     ", "situs_community": "BORREGO SPRINGS", "situs_zip": "92004     " }, "geometry": { "type": "Polygon", "coordinates": [ [ [ -116.400067458585525, 33.287813557274902 ], [ -116.400430807024946, 33.287881825361652 ], [ -116.400428384064497, 33.287865671140324 ], [ -116.400428736234133, 33.287851937265266 ], [ -116.400430764479864, 33.287838308658948 ], [ -116.400434440053829, 33.287824925116084 ], [ -116.400439728841633, 33.287811927339561 ], [ -116.400446572031612, 33.287799453357067 ], [ -116.400454900057611, 33.287787630389182 ], [ -116.400464629404539, 33.287776590181764 ], [ -116.400475652898038, 33.287766441065621 ], [ -116.400487852630889, 33.287757293187966 ], [ -116.400501105306489, 33.287749244079144 ], [ -116.400515265054949, 33.287742375066607 ], [ -116.400530191363515, 33.287736761159593 ], [ -116.400545724360924, 33.2877324575541 ], [ -116.40056169772501, 33.287729514043754 ], [ -116.400577948321867, 33.287727961483469 ], [ -116.400584342305947, 33.287727733718953 ], [ -116.400585638811947, 33.287724376103078 ], [ -116.40059102638584, 33.287711403447013 ], [ -116.400596940299593, 33.287698591552498 ], [ -116.400603374136224, 33.287685954854027 ], [ -116.40061032041443, 33.287673513197632 ], [ -116.400617772720366, 33.287661282821055 ], [ -116.400625723551144, 33.28764927094678 ], [ -116.400634158985397, 33.287637498330234 ], [ -116.400644407683231, 33.28762382638353 ], [ -116.400652050148338, 33.287611677826696 ], [ -116.400659788228282, 33.287599567925469 ], [ -116.400667614411006, 33.287587498492343 ], [ -116.400675532996985, 33.287575473128697 ], [ -116.400683536466417, 33.287563489138648 ], [ -116.400691631265488, 33.287551549219465 ], [ -116.400699814167268, 33.28753964976822 ], [ -116.400708092693023, 33.287527794382548 ], [ -116.400716456106778, 33.287515983075409 ], [ -116.400724907633915, 33.287504218547973 ], [ -116.400733445121134, 33.28749249719607 ], [ -116.400742076085038, 33.287480819912254 ], [ -116.400750787647112, 33.287469189417209 ], [ -116.400756741069799, 33.287462512479941 ], [ -116.400766251082004, 33.287451329147885 ], [ -116.40077537743899, 33.287439926271674 ], [ -116.400784121223737, 33.287428309260228 ], [ -116.400792467430861, 33.28741649255867 ], [ -116.400800418215454, 33.287404480672741 ], [ -116.400807962866438, 33.287392288042511 ], [ -116.400815091730934, 33.287379920089791 ], [ -116.40082180160843, 33.287367388540311 ], [ -116.400828091441056, 33.287354702412195 ], [ -116.400833950514709, 33.287341874342118 ], [ -116.40083937991254, 33.287328909738733 ], [ -116.400844366777818, 33.287315823946358 ], [ -116.400848915417683, 33.287302624173165 ], [ -116.400853019412395, 33.287289323050565 ], [ -116.40085667770262, 33.287275928694889 ], [ -116.400859880649435, 33.287262454643084 ], [ -116.400862632555189, 33.287248905398329 ], [ -116.400864925943779, 33.28723530351175 ], [ -116.400866764034632, 33.287221648077697 ], [ -116.400868141491031, 33.287207957136289 ], [ -116.400868835242676, 33.287196861151763 ], [ -116.400869645778911, 33.287183134832105 ], [ -116.400870398340871, 33.287169408582841 ], [ -116.400871097219834, 33.287155680595433 ], [ -116.400871741339103, 33.287141949067859 ], [ -116.400872326405903, 33.287128214906971 ], [ -116.400872858866521, 33.287114480809997 ], [ -116.400873336578385, 33.287100749484487 ], [ -116.400873754150282, 33.287087007411934 ], [ -116.400874116978187, 33.287073270816016 ], [ -116.400874427195291, 33.287059531578876 ], [ -116.400874684806354, 33.287045792405721 ], [ -116.400874883365105, 33.287032050599215 ], [ -116.400875027175275, 33.287018311564282 ], [ -116.400875114075745, 33.287004567188418 ], [ -116.400875146227747, 33.286990825584084 ], [ -116.400875122552961, 33.286977084047543 ], [ -116.400875043051457, 33.286963342578815 ], [ -116.400873896443557, 33.286947134515493 ], [ -116.400674723982647, 33.287004815964984 ], [ -116.400218767259034, 33.286925670129548 ], [ -116.400218811831294, 33.286932252321463 ], [ -116.400218828961485, 33.286945993865999 ], [ -116.400218769866797, 33.286959735502741 ], [ -116.400218643135815, 33.286973477221295 ], [ -116.400218438028062, 33.286987216329599 ], [ -116.400218160989581, 33.287000955524931 ], [ -116.400217810946842, 33.28701469480859 ], [ -116.400217385743218, 33.287028428773041 ], [ -116.400216886471, 33.287042168237207 ], [ -116.400216314180454, 33.287055899674542 ], [ -116.400215666738248, 33.287069631202819 ], [ -116.400214947359018, 33.287083359211408 ], [ -116.400214152824958, 33.287097085507469 ], [ -116.400213286350663, 33.287110806480548 ], [ -116.400212347939259, 33.287124523933933 ], [ -116.400211331152079, 33.287138239678661 ], [ -116.400210245648481, 33.28715195189988 ], [ -116.400209083911705, 33.28716565970484 ], [ -116.400207848085856, 33.287179361287727 ], [ -116.4002065392459, 33.287193057548798 ], [ -116.400205156324475, 33.287206752096132 ], [ -116.400203700382789, 33.287220437714964 ], [ -116.400202172505217, 33.287234120715773 ], [ -116.400200569460054, 33.28724779479068 ], [ -116.400198894475849, 33.287261464444157 ], [ -116.400197144330292, 33.287275128778518 ], [ -116.400195322237806, 33.287288784183026 ], [ -116.400193424980742, 33.287302432465019 ], [ -116.400191455781425, 33.287316074522302 ], [ -116.400189414636642, 33.287329708551397 ], [ -116.400187300472837, 33.287343334553675 ], [ -116.400185112216406, 33.287356952530409 ], [ -116.400182850939274, 33.287370561578641 ], [ -116.400180515570952, 33.287384163503077 ], [ -116.400178107177283, 33.287397753793897 ], [ -116.400175626838006, 33.287411336056564 ], [ -116.40017307455463, 33.287424911192815 ], [ -116.400170448170627, 33.287438473795106 ], [ -116.400167748764204, 33.287452026567166 ], [ -116.400164977412089, 33.28746557131111 ], [ -116.40016213410334, 33.287479101715093 ], [ -116.400159214554392, 33.28749262409616 ], [ -116.400156224128608, 33.287506135742703 ], [ -116.400153161747653, 33.287519633951028 ], [ -116.400150030635373, 33.2875331205205 ], [ -116.400146823273474, 33.287546593657027 ], [ -116.400143541819972, 33.287560059669516 ], [ -116.400140190550701, 33.287573507732837 ], [ -116.400136768405872, 33.287586945963284 ], [ -116.400133273232058, 33.287600370756756 ], [ -116.400129706101424, 33.287613781210332 ], [ -116.400126064868118, 33.287627178228156 ], [ -116.400122350604207, 33.287640560907356 ], [ -116.400118570828013, 33.287653931042144 ], [ -116.400114715873926, 33.287667286840822 ], [ -116.400110788959736, 33.287680626496176 ], [ -116.400106790085303, 33.287693950008219 ], [ -116.400102722474585, 33.287707259176322 ], [ -116.400098579687409, 33.287720554910024 ], [ -116.400094368156118, 33.287733831791428 ], [ -116.400090084669117, 33.287747095234515 ], [ -116.400085729220265, 33.287760341632563 ], [ -116.400081303953556, 33.287773569179521 ], [ -116.400076807803217, 33.287786782385226 ], [ -116.400072239689266, 33.28779997764417 ], [ -116.400067458585525, 33.287813557274902 ] ] ] } },
{ "type": "Feature", "properties": { "apn": "1403300608", "apn_8": "14033006", "parcelid": 656390, "situs_address": 1649, "situs_street": "MONTEZUMA", "situs_suffix": "CT", "situs_post_dir": "", "situs_pre_dir": "", "subname": "DE ANZA VILLAS", "submap": "007135     ", "situs_community": "BORREGO SPRINGS", "situs_zip": "92004-4336" }, "geometry": { "type": "Polygon", "coordinates": [ [ [ -116.400218767259034, 33.286925670129548 ], [ -116.400674723982647, 33.287004815964984 ], [ -116.400873896443557, 33.286947134515493 ], [ -116.400874717646744, 33.286935862548575 ], [ -116.400874471738902, 33.286922121282011 ], [ -116.400874166499364, 33.286908215080523 ], [ -116.40087412994167, 33.286894473559478 ], [ -116.400874069765067, 33.286880732067097 ], [ -116.400873990263847, 33.286866990598199 ], [ -116.400873888221923, 33.286853251861686 ], [ -116.400873766855398, 33.286839513148649 ], [ -116.400873618639949, 33.286825769058169 ], [ -116.400873454325264, 33.286812027692214 ], [ -116.400873266391812, 33.286798286354966 ], [ -116.400873060207346, 33.286784545039822 ], [ -116.400872830408602, 33.286770806458414 ], [ -116.400872580207164, 33.286757065196717 ], [ -116.400872308538666, 33.286743326666134 ], [ -116.400872016472135, 33.286729588160313 ], [ -116.400871704002796, 33.28671584697419 ], [ -116.400871370066483, 33.286702108519194 ], [ -116.400871015732193, 33.286688370088974 ], [ -116.400870638852595, 33.28667463168609 ], [ -116.400870238358905, 33.286660896016912 ], [ -116.400869822830444, 33.28664715766093 ], [ -116.400869382614275, 33.286633422039998 ], [ -116.400868920926541, 33.2866196864451 ], [ -116.400868438840774, 33.286605950874964 ], [ -116.400867934209899, 33.28659221533217 ], [ -116.400867410254591, 33.286578479812853 ], [ -116.400866865906011, 33.286564747023341 ], [ -116.400866299007603, 33.286551011556156 ], [ -116.400865712791074, 33.286537279719091 ], [ -116.400865102958932, 33.286523549714076 ], [ -116.400864474866722, 33.286509814321185 ], [ -116.400863822096255, 33.286496087073274 ], [ -116.400863151070354, 33.286482357142539 ], [ -116.400862456425813, 33.286468627240502 ], [ -116.400861742457039, 33.286454897361878 ], [ -116.40086100809647, 33.286441171114724 ], [ -116.400860252263001, 33.286427443991947 ], [ -116.400859609935253, 33.286415415491746 ], [ -116.400858669459751, 33.286401696708346 ], [ -116.400857509993642, 33.286387989912917 ], [ -116.400856132618401, 33.286374299612341 ], [ -116.40085453518229, 33.286360623104301 ], [ -116.400852717694804, 33.28634696579887 ], [ -116.400850682309326, 33.286333331300071 ], [ -116.400848426881893, 33.286319721413804 ], [ -116.40084595570859, 33.286306137036682 ], [ -116.400843268797161, 33.2862925826769 ], [ -116.400840362928619, 33.286279059240201 ], [ -116.400838488350502, 33.286268405491832 ], [ -116.400836079433958, 33.286254812923595 ], [ -116.400833657639822, 33.286241223076054 ], [ -116.400831219745783, 33.286227635051297 ], [ -116.400828764672141, 33.286214045243959 ], [ -116.400826293512566, 33.286200465374577 ], [ -116.400823809467738, 33.28618688371747 ], [ -116.400821309319937, 33.286173302079732 ], [ -116.400818788784193, 33.286159725876836 ], [ -116.400816255364703, 33.286146148787829 ], [ -116.40081370906924, 33.286132575321076 ], [ -116.400811143454831, 33.28611900458273 ], [ -116.400808561737435, 33.286105433863881 ], [ -116.400805966069015, 33.286091865866943 ], [ -116.400803354302326, 33.286078300594504 ], [ -116.40080072643741, 33.286064738046562 ], [ -116.400767795539636, 33.285943852251052 ], [ -116.400765041585714, 33.285933746887366 ], [ -116.400761573352398, 33.285920320610487 ], [ -116.400758306879766, 33.28590685170969 ], [ -116.400754621313538, 33.285894398606708 ], [ -116.400384958165077, 33.285955312545532 ], [ -116.400234410306254, 33.285941750546272 ], [ -116.400035852442031, 33.285986732813328 ], [ -116.40004094748366, 33.285999790161306 ], [ -116.400045972779736, 33.286012868331945 ], [ -116.400050924029628, 33.286025963723667 ], [ -116.400055811976955, 33.286039080831976 ], [ -116.400060624799877, 33.286052212457747 ], [ -116.40006536572993, 33.286065364908758 ], [ -116.400070039056786, 33.286078535474843 ], [ -116.400074639407848, 33.286091721457439 ], [ -116.400079174301283, 33.286104924650928 ], [ -116.400083630861786, 33.286118149579103 ], [ -116.40008801873303, 33.286131385410314 ], [ -116.400092334705079, 33.286144638460158 ], [ -116.40009658199709, 33.286157907822982 ], [ -116.400100757392892, 33.286171196207853 ], [ -116.400104860883161, 33.286184498204662 ], [ -116.400108892474151, 33.28619781742011 ], [ -116.400112847865216, 33.286211150252655 ], [ -116.400116742086539, 33.286224496684234 ], [ -116.400120561187649, 33.286237860338346 ], [ -116.400124304091932, 33.286251239413033 ], [ -116.400127979377118, 33.2862646275861 ], [ -116.400131582762725, 33.286278032977854 ], [ -116.40013510994217, 33.286291448380084 ], [ -116.400138568442699, 33.286304880997079 ], [ -116.40014195288569, 33.286318324523677 ], [ -116.400145264349206, 33.286331781663606 ], [ -116.400148507127625, 33.286345252411621 ], [ -116.400151677997059, 33.286358734968331 ], [ -116.400154773728985, 33.286372224829243 ], [ -116.400157797556517, 33.286385729203815 ], [ -116.400160749479596, 33.28639924809216 ], [ -116.400163629485832, 33.286412774280748 ], [ -116.400166434360642, 33.286426311380318 ], [ -116.40016917054696, 33.286439860284631 ], [ -116.400171831597163, 33.286453417394867 ], [ -116.400174416446831, 33.286466988122363 ], [ -116.400176933670807, 33.286480564341673 ], [ -116.400179377911826, 33.286494152370956 ], [ -116.400181744872484, 33.286507750412149 ], [ -116.400184045282444, 33.286521354845462 ], [ -116.400186264114495, 33.286534967492514 ], [ -116.400188415329893, 33.286548591041495 ], [ -116.400190493556053, 33.286562222793705 ], [ -116.400192496636549, 33.286575857341873 ], [ -116.400194427812067, 33.286589506403779 ], [ -116.400196283840231, 33.286603157359885 ], [ -116.400198066880606, 33.286616817421034 ], [ -116.400199779078633, 33.286630485682949 ], [ -116.400201416129306, 33.286644155839092 ], [ -116.400202980192006, 33.286657835100243 ], [ -116.400204473407754, 33.286671519857158 ], [ -116.400205887189301, 33.286685211021812 ], [ -116.40020723333835, 33.286698904071663 ], [ -116.400208503277028, 33.286712605328766 ], [ -116.400209698071137, 33.286726310283434 ], [ -116.400210820942988, 33.286740019833523 ], [ -116.400211871890932, 33.286753733077262 ], [ -116.400212847691108, 33.286767448215222 ], [ -116.400213748351277, 33.286781169755869 ], [ -116.400214580306638, 33.286794894084615 ], [ -116.400215333893399, 33.286808620311476 ], [ -116.400216015556097, 33.286822350232136 ], [ -116.400216620998791, 33.286836082949904 ], [ -116.400217155584826, 33.286849815753442 ], [ -116.400217617176153, 33.286863554055323 ], [ -116.400218003611769, 33.286877289743053 ], [ -116.400218319199865, 33.286891030926611 ], [ -116.400218555337702, 33.286904769501199 ], [ -116.400218719549798, 33.286918510867821 ], [ -116.400218767259034, 33.286925670129548 ] ] ] } },
{ "type": "Feature", "properties": { "apn": "1403300604", "apn_8": "14033006", "parcelid": 656390, "situs_address": 1641, "situs_street": "MONTEZUMA", "situs_suffix": "CT", "situs_post_dir": "", "situs_pre_dir": "", "subname": "DE ANZA VILLAS", "submap": "007135     ", "situs_community": "BORREGO SPRINGS", "situs_zip": "92004-4336" }, "geometry": { "type": "Polygon", "coordinates": [ [ [ -116.400218767259034, 33.286925670129548 ], [ -116.400674723982647, 33.287004815964984 ], [ -116.400873896443557, 33.286947134515493 ], [ -116.400874717646744, 33.286935862548575 ], [ -116.400874471738902, 33.286922121282011 ], [ -116.400874166499364, 33.286908215080523 ], [ -116.40087412994167, 33.286894473559478 ], [ -116.400874069765067, 33.286880732067097 ], [ -116.400873990263847, 33.286866990598199 ], [ -116.400873888221923, 33.286853251861686 ], [ -116.400873766855398, 33.286839513148649 ], [ -116.400873618639949, 33.286825769058169 ], [ -116.400873454325264, 33.286812027692214 ], [ -116.400873266391812, 33.286798286354966 ], [ -116.400873060207346, 33.286784545039822 ], [ -116.400872830408602, 33.286770806458414 ], [ -116.400872580207164, 33.286757065196717 ], [ -116.400872308538666, 33.286743326666134 ], [ -116.400872016472135, 33.286729588160313 ], [ -116.400871704002796, 33.28671584697419 ], [ -116.400871370066483, 33.286702108519194 ], [ -116.400871015732193, 33.286688370088974 ], [ -116.400870638852595, 33.28667463168609 ], [ -116.400870238358905, 33.286660896016912 ], [ -116.400869822830444, 33.28664715766093 ], [ -116.400869382614275, 33.286633422039998 ], [ -116.400868920926541, 33.2866196864451 ], [ -116.400868438840774, 33.286605950874964 ], [ -116.400867934209899, 33.28659221533217 ], [ -116.400867410254591, 33.286578479812853 ], [ -116.400866865906011, 33.286564747023341 ], [ -116.400866299007603, 33.286551011556156 ], [ -116.400865712791074, 33.286537279719091 ], [ -116.400865102958932, 33.286523549714076 ], [ -116.400864474866722, 33.286509814321185 ], [ -116.400863822096255, 33.286496087073274 ], [ -116.400863151070354, 33.286482357142539 ], [ -116.400862456425813, 33.286468627240502 ], [ -116.400861742457039, 33.286454897361878 ], [ -116.40086100809647, 33.286441171114724 ], [ -116.400860252263001, 33.286427443991947 ], [ -116.400859609935253, 33.286415415491746 ], [ -116.400858669459751, 33.286401696708346 ], [ -116.400857509993642, 33.286387989912917 ], [ -116.400856132618401, 33.286374299612341 ], [ -116.40085453518229, 33.286360623104301 ], [ -116.400852717694804, 33.28634696579887 ], [ -116.400850682309326, 33.286333331300071 ], [ -116.400848426881893, 33.286319721413804 ], [ -116.40084595570859, 33.286306137036682 ], [ -116.400843268797161, 33.2862925826769 ], [ -116.400840362928619, 33.286279059240201 ], [ -116.400838488350502, 33.286268405491832 ], [ -116.400836079433958, 33.286254812923595 ], [ -116.400833657639822, 33.286241223076054 ], [ -116.400831219745783, 33.286227635051297 ], [ -116.400828764672141, 33.286214045243959 ], [ -116.400826293512566, 33.286200465374577 ], [ -116.400823809467738, 33.28618688371747 ], [ -116.400821309319937, 33.286173302079732 ], [ -116.400818788784193, 33.286159725876836 ], [ -116.400816255364703, 33.286146148787829 ], [ -116.40081370906924, 33.286132575321076 ], [ -116.400811143454831, 33.28611900458273 ], [ -116.400808561737435, 33.286105433863881 ], [ -116.400805966069015, 33.286091865866943 ], [ -116.400803354302326, 33.286078300594504 ], [ -116.40080072643741, 33.286064738046562 ], [ -116.400767795539636, 33.285943852251052 ], [ -116.400765041585714, 33.285933746887366 ], [ -116.400761573352398, 33.285920320610487 ], [ -116.400758306879766, 33.28590685170969 ], [ -116.400754621313538, 33.285894398606708 ], [ -116.400384958165077, 33.285955312545532 ], [ -116.400234410306254, 33.285941750546272 ], [ -116.400035852442031, 33.285986732813328 ], [ -116.40004094748366, 33.285999790161306 ], [ -116.400045972779736, 33.286012868331945 ], [ -116.400050924029628, 33.286025963723667 ], [ -116.400055811976955, 33.286039080831976 ], [ -116.400060624799877, 33.286052212457747 ], [ -116.40006536572993, 33.286065364908758 ], [ -116.400070039056786, 33.286078535474843 ], [ -116.400074639407848, 33.286091721457439 ], [ -116.400079174301283, 33.286104924650928 ], [ -116.400083630861786, 33.286118149579103 ], [ -116.40008801873303, 33.286131385410314 ], [ -116.400092334705079, 33.286144638460158 ], [ -116.40009658199709, 33.286157907822982 ], [ -116.400100757392892, 33.286171196207853 ], [ -116.400104860883161, 33.286184498204662 ], [ -116.400108892474151, 33.28619781742011 ], [ -116.400112847865216, 33.286211150252655 ], [ -116.400116742086539, 33.286224496684234 ], [ -116.400120561187649, 33.286237860338346 ], [ -116.400124304091932, 33.286251239413033 ], [ -116.400127979377118, 33.2862646275861 ], [ -116.400131582762725, 33.286278032977854 ], [ -116.40013510994217, 33.286291448380084 ], [ -116.400138568442699, 33.286304880997079 ], [ -116.40014195288569, 33.286318324523677 ], [ -116.400145264349206, 33.286331781663606 ], [ -116.400148507127625, 33.286345252411621 ], [ -116.400151677997059, 33.286358734968331 ], [ -116.400154773728985, 33.286372224829243 ], [ -116.400157797556517, 33.286385729203815 ], [ -116.400160749479596, 33.28639924809216 ], [ -116.400163629485832, 33.286412774280748 ], [ -116.400166434360642, 33.286426311380318 ], [ -116.40016917054696, 33.286439860284631 ], [ -116.400171831597163, 33.286453417394867 ], [ -116.400174416446831, 33.286466988122363 ], [ -116.400176933670807, 33.286480564341673 ], [ -116.400179377911826, 33.286494152370956 ], [ -116.400181744872484, 33.286507750412149 ], [ -116.400184045282444, 33.286521354845462 ], [ -116.400186264114495, 33.286534967492514 ], [ -116.400188415329893, 33.286548591041495 ], [ -116.400190493556053, 33.286562222793705 ], [ -116.400192496636549, 33.286575857341873 ], [ -116.400194427812067, 33.286589506403779 ], [ -116.400196283840231, 33.286603157359885 ], [ -116.400198066880606, 33.286616817421034 ], [ -116.400199779078633, 33.286630485682949 ], [ -116.400201416129306, 33.286644155839092 ], [ -116.400202980192006, 33.286657835100243 ], [ -116.400204473407754, 33.286671519857158 ], [ -116.400205887189301, 33.286685211021812 ], [ -116.40020723333835, 33.286698904071663 ], [ -116.400208503277028, 33.286712605328766 ], [ -116.400209698071137, 33.286726310283434 ], [ -116.400210820942988, 33.286740019833523 ], [ -116.400211871890932, 33.286753733077262 ], [ -116.400212847691108, 33.286767448215222 ], [ -116.400213748351277, 33.286781169755869 ], [ -116.400214580306638, 33.286794894084615 ], [ -116.400215333893399, 33.286808620311476 ], [ -116.400216015556097, 33.286822350232136 ], [ -116.400216620998791, 33.286836082949904 ], [ -116.400217155584826, 33.286849815753442 ], [ -116.400217617176153, 33.286863554055323 ], [ -116.400218003611769, 33.286877289743053 ], [ -116.400218319199865, 33.286891030926611 ], [ -116.400218555337702, 33.286904769501199 ], [ -116.400218719549798, 33.286918510867821 ], [ -116.400218767259034, 33.286925670129548 ] ] ] } },
{ "type": "Feature", "properties": { "apn": "1403300606", "apn_8": "14033006", "parcelid": 656390, "situs_address": 1645, "situs_street": "MONTEZUMA", "situs_suffix": "CT", "situs_post_dir": "", "situs_pre_dir": "", "subname": "DE ANZA VILLAS", "submap": "007135     ", "situs_community": "BORREGO SPRINGS", "situs_zip": "92004-4336" }, "geometry": { "type": "Polygon", "coordinates": [ [ [ -116.400218767259034, 33.286925670129548 ], [ -116.400674723982647, 33.287004815964984 ], [ -116.400873896443557, 33.286947134515493 ], [ -116.400874717646744, 33.286935862548575 ], [ -116.400874471738902, 33.286922121282011 ], [ -116.400874166499364, 33.286908215080523 ], [ -116.40087412994167, 33.286894473559478 ], [ -116.400874069765067, 33.286880732067097 ], [ -116.400873990263847, 33.286866990598199 ], [ -116.400873888221923, 33.286853251861686 ], [ -116.400873766855398, 33.286839513148649 ], [ -116.400873618639949, 33.286825769058169 ], [ -116.400873454325264, 33.286812027692214 ], [ -116.400873266391812, 33.286798286354966 ], [ -116.400873060207346, 33.286784545039822 ], [ -116.400872830408602, 33.286770806458414 ], [ -116.400872580207164, 33.286757065196717 ], [ -116.400872308538666, 33.286743326666134 ], [ -116.400872016472135, 33.286729588160313 ], [ -116.400871704002796, 33.28671584697419 ], [ -116.400871370066483, 33.286702108519194 ], [ -116.400871015732193, 33.286688370088974 ], [ -116.400870638852595, 33.28667463168609 ], [ -116.400870238358905, 33.286660896016912 ], [ -116.400869822830444, 33.28664715766093 ], [ -116.400869382614275, 33.286633422039998 ], [ -116.400868920926541, 33.2866196864451 ], [ -116.400868438840774, 33.286605950874964 ], [ -116.400867934209899, 33.28659221533217 ], [ -116.400867410254591, 33.286578479812853 ], [ -116.400866865906011, 33.286564747023341 ], [ -116.400866299007603, 33.286551011556156 ], [ -116.400865712791074, 33.286537279719091 ], [ -116.400865102958932, 33.286523549714076 ], [ -116.400864474866722, 33.286509814321185 ], [ -116.400863822096255, 33.286496087073274 ], [ -116.400863151070354, 33.286482357142539 ], [ -116.400862456425813, 33.286468627240502 ], [ -116.400861742457039, 33.286454897361878 ], [ -116.40086100809647, 33.286441171114724 ], [ -116.400860252263001, 33.286427443991947 ], [ -116.400859609935253, 33.286415415491746 ], [ -116.400858669459751, 33.286401696708346 ], [ -116.400857509993642, 33.286387989912917 ], [ -116.400856132618401, 33.286374299612341 ], [ -116.40085453518229, 33.286360623104301 ], [ -116.400852717694804, 33.28634696579887 ], [ -116.400850682309326, 33.286333331300071 ], [ -116.400848426881893, 33.286319721413804 ], [ -116.40084595570859, 33.286306137036682 ], [ -116.400843268797161, 33.2862925826769 ], [ -116.400840362928619, 33.286279059240201 ], [ -116.400838488350502, 33.286268405491832 ], [ -116.400836079433958, 33.286254812923595 ], [ -116.400833657639822, 33.286241223076054 ], [ -116.400831219745783, 33.286227635051297 ], [ -116.400828764672141, 33.286214045243959 ], [ -116.400826293512566, 33.286200465374577 ], [ -116.400823809467738, 33.28618688371747 ], [ -116.400821309319937, 33.286173302079732 ], [ -116.400818788784193, 33.286159725876836 ], [ -116.400816255364703, 33.286146148787829 ], [ -116.40081370906924, 33.286132575321076 ], [ -116.400811143454831, 33.28611900458273 ], [ -116.400808561737435, 33.286105433863881 ], [ -116.400805966069015, 33.286091865866943 ], [ -116.400803354302326, 33.286078300594504 ], [ -116.40080072643741, 33.286064738046562 ], [ -116.400767795539636, 33.285943852251052 ], [ -116.400765041585714, 33.285933746887366 ], [ -116.400761573352398, 33.285920320610487 ], [ -116.400758306879766, 33.28590685170969 ], [ -116.400754621313538, 33.285894398606708 ], [ -116.400384958165077, 33.285955312545532 ], [ -116.400234410306254, 33.285941750546272 ], [ -116.400035852442031, 33.285986732813328 ], [ -116.40004094748366, 33.285999790161306 ], [ -116.400045972779736, 33.286012868331945 ], [ -116.400050924029628, 33.286025963723667 ], [ -116.400055811976955, 33.286039080831976 ], [ -116.400060624799877, 33.286052212457747 ], [ -116.40006536572993, 33.286065364908758 ], [ -116.400070039056786, 33.286078535474843 ], [ -116.400074639407848, 33.286091721457439 ], [ -116.400079174301283, 33.286104924650928 ], [ -116.400083630861786, 33.286118149579103 ], [ -116.40008801873303, 33.286131385410314 ], [ -116.400092334705079, 33.286144638460158 ], [ -116.40009658199709, 33.286157907822982 ], [ -116.400100757392892, 33.286171196207853 ], [ -116.400104860883161, 33.286184498204662 ], [ -116.400108892474151, 33.28619781742011 ], [ -116.400112847865216, 33.286211150252655 ], [ -116.400116742086539, 33.286224496684234 ], [ -116.400120561187649, 33.286237860338346 ], [ -116.400124304091932, 33.286251239413033 ], [ -116.400127979377118, 33.2862646275861 ], [ -116.400131582762725, 33.286278032977854 ], [ -116.40013510994217, 33.286291448380084 ], [ -116.400138568442699, 33.286304880997079 ], [ -116.40014195288569, 33.286318324523677 ], [ -116.400145264349206, 33.286331781663606 ], [ -116.400148507127625, 33.286345252411621 ], [ -116.400151677997059, 33.286358734968331 ], [ -116.400154773728985, 33.286372224829243 ], [ -116.400157797556517, 33.286385729203815 ], [ -116.400160749479596, 33.28639924809216 ], [ -116.400163629485832, 33.286412774280748 ], [ -116.400166434360642, 33.286426311380318 ], [ -116.40016917054696, 33.286439860284631 ], [ -116.400171831597163, 33.286453417394867 ], [ -116.400174416446831, 33.286466988122363 ], [ -116.400176933670807, 33.286480564341673 ], [ -116.400179377911826, 33.286494152370956 ], [ -116.400181744872484, 33.286507750412149 ], [ -116.400184045282444, 33.286521354845462 ], [ -116.400186264114495, 33.286534967492514 ], [ -116.400188415329893, 33.286548591041495 ], [ -116.400190493556053, 33.286562222793705 ], [ -116.400192496636549, 33.286575857341873 ], [ -116.400194427812067, 33.286589506403779 ], [ -116.400196283840231, 33.286603157359885 ], [ -116.400198066880606, 33.286616817421034 ], [ -116.400199779078633, 33.286630485682949 ], [ -116.400201416129306, 33.286644155839092 ], [ -116.400202980192006, 33.286657835100243 ], [ -116.400204473407754, 33.286671519857158 ], [ -116.400205887189301, 33.286685211021812 ], [ -116.40020723333835, 33.286698904071663 ], [ -116.400208503277028, 33.286712605328766 ], [ -116.400209698071137, 33.286726310283434 ], [ -116.400210820942988, 33.286740019833523 ], [ -116.400211871890932, 33.286753733077262 ], [ -116.400212847691108, 33.286767448215222 ], [ -116.400213748351277, 33.286781169755869 ], [ -116.400214580306638, 33.286794894084615 ], [ -116.400215333893399, 33.286808620311476 ], [ -116.400216015556097, 33.286822350232136 ], [ -116.400216620998791, 33.286836082949904 ], [ -116.400217155584826, 33.286849815753442 ], [ -116.400217617176153, 33.286863554055323 ], [ -116.400218003611769, 33.286877289743053 ], [ -116.400218319199865, 33.286891030926611 ], [ -116.400218555337702, 33.286904769501199 ], [ -116.400218719549798, 33.286918510867821 ], [ -116.400218767259034, 33.286925670129548 ] ] ] } },
{ "type": "Feature", "properties": { "apn": "1403300609", "apn_8": "14033006", "parcelid": 656390, "situs_address": 1651, "situs_street": "MONTEZUMA", "situs_suffix": "CT", "situs_post_dir": "", "situs_pre_dir": "", "subname": "DE ANZA VILLAS", "submap": "007135     ", "situs_community": "BORREGO SPRINGS", "situs_zip": "92004-4336" }, "geometry": { "type": "Polygon", "coordinates": [ [ [ -116.400218767259034, 33.286925670129548 ], [ -116.400674723982647, 33.287004815964984 ], [ -116.400873896443557, 33.286947134515493 ], [ -116.400874717646744, 33.286935862548575 ], [ -116.400874471738902, 33.286922121282011 ], [ -116.400874166499364, 33.286908215080523 ], [ -116.40087412994167, 33.286894473559478 ], [ -116.400874069765067, 33.286880732067097 ], [ -116.400873990263847, 33.286866990598199 ], [ -116.400873888221923, 33.286853251861686 ], [ -116.400873766855398, 33.286839513148649 ], [ -116.400873618639949, 33.286825769058169 ], [ -116.400873454325264, 33.286812027692214 ], [ -116.400873266391812, 33.286798286354966 ], [ -116.400873060207346, 33.286784545039822 ], [ -116.400872830408602, 33.286770806458414 ], [ -116.400872580207164, 33.286757065196717 ], [ -116.400872308538666, 33.286743326666134 ], [ -116.400872016472135, 33.286729588160313 ], [ -116.400871704002796, 33.28671584697419 ], [ -116.400871370066483, 33.286702108519194 ], [ -116.400871015732193, 33.286688370088974 ], [ -116.400870638852595, 33.28667463168609 ], [ -116.400870238358905, 33.286660896016912 ], [ -116.400869822830444, 33.28664715766093 ], [ -116.400869382614275, 33.286633422039998 ], [ -116.400868920926541, 33.2866196864451 ], [ -116.400868438840774, 33.286605950874964 ], [ -116.400867934209899, 33.28659221533217 ], [ -116.400867410254591, 33.286578479812853 ], [ -116.400866865906011, 33.286564747023341 ], [ -116.400866299007603, 33.286551011556156 ], [ -116.400865712791074, 33.286537279719091 ], [ -116.400865102958932, 33.286523549714076 ], [ -116.400864474866722, 33.286509814321185 ], [ -116.400863822096255, 33.286496087073274 ], [ -116.400863151070354, 33.286482357142539 ], [ -116.400862456425813, 33.286468627240502 ], [ -116.400861742457039, 33.286454897361878 ], [ -116.40086100809647, 33.286441171114724 ], [ -116.400860252263001, 33.286427443991947 ], [ -116.400859609935253, 33.286415415491746 ], [ -116.400858669459751, 33.286401696708346 ], [ -116.400857509993642, 33.286387989912917 ], [ -116.400856132618401, 33.286374299612341 ], [ -116.40085453518229, 33.286360623104301 ], [ -116.400852717694804, 33.28634696579887 ], [ -116.400850682309326, 33.286333331300071 ], [ -116.400848426881893, 33.286319721413804 ], [ -116.40084595570859, 33.286306137036682 ], [ -116.400843268797161, 33.2862925826769 ], [ -116.400840362928619, 33.286279059240201 ], [ -116.400838488350502, 33.286268405491832 ], [ -116.400836079433958, 33.286254812923595 ], [ -116.400833657639822, 33.286241223076054 ], [ -116.400831219745783, 33.286227635051297 ], [ -116.400828764672141, 33.286214045243959 ], [ -116.400826293512566, 33.286200465374577 ], [ -116.400823809467738, 33.28618688371747 ], [ -116.400821309319937, 33.286173302079732 ], [ -116.400818788784193, 33.286159725876836 ], [ -116.400816255364703, 33.286146148787829 ], [ -116.40081370906924, 33.286132575321076 ], [ -116.400811143454831, 33.28611900458273 ], [ -116.400808561737435, 33.286105433863881 ], [ -116.400805966069015, 33.286091865866943 ], [ -116.400803354302326, 33.286078300594504 ], [ -116.40080072643741, 33.286064738046562 ], [ -116.400767795539636, 33.285943852251052 ], [ -116.400765041585714, 33.285933746887366 ], [ -116.400761573352398, 33.285920320610487 ], [ -116.400758306879766, 33.28590685170969 ], [ -116.400754621313538, 33.285894398606708 ], [ -116.400384958165077, 33.285955312545532 ], [ -116.400234410306254, 33.285941750546272 ], [ -116.400035852442031, 33.285986732813328 ], [ -116.40004094748366, 33.285999790161306 ], [ -116.400045972779736, 33.286012868331945 ], [ -116.400050924029628, 33.286025963723667 ], [ -116.400055811976955, 33.286039080831976 ], [ -116.400060624799877, 33.286052212457747 ], [ -116.40006536572993, 33.286065364908758 ], [ -116.400070039056786, 33.286078535474843 ], [ -116.400074639407848, 33.286091721457439 ], [ -116.400079174301283, 33.286104924650928 ], [ -116.400083630861786, 33.286118149579103 ], [ -116.40008801873303, 33.286131385410314 ], [ -116.400092334705079, 33.286144638460158 ], [ -116.40009658199709, 33.286157907822982 ], [ -116.400100757392892, 33.286171196207853 ], [ -116.400104860883161, 33.286184498204662 ], [ -116.400108892474151, 33.28619781742011 ], [ -116.400112847865216, 33.286211150252655 ], [ -116.400116742086539, 33.286224496684234 ], [ -116.400120561187649, 33.286237860338346 ], [ -116.400124304091932, 33.286251239413033 ], [ -116.400127979377118, 33.2862646275861 ], [ -116.400131582762725, 33.286278032977854 ], [ -116.40013510994217, 33.286291448380084 ], [ -116.400138568442699, 33.286304880997079 ], [ -116.40014195288569, 33.286318324523677 ], [ -116.400145264349206, 33.286331781663606 ], [ -116.400148507127625, 33.286345252411621 ], [ -116.400151677997059, 33.286358734968331 ], [ -116.400154773728985, 33.286372224829243 ], [ -116.400157797556517, 33.286385729203815 ], [ -116.400160749479596, 33.28639924809216 ], [ -116.400163629485832, 33.286412774280748 ], [ -116.400166434360642, 33.286426311380318 ], [ -116.40016917054696, 33.286439860284631 ], [ -116.400171831597163, 33.286453417394867 ], [ -116.400174416446831, 33.286466988122363 ], [ -116.400176933670807, 33.286480564341673 ], [ -116.400179377911826, 33.286494152370956 ], [ -116.400181744872484, 33.286507750412149 ], [ -116.400184045282444, 33.286521354845462 ], [ -116.400186264114495, 33.286534967492514 ], [ -116.400188415329893, 33.286548591041495 ], [ -116.400190493556053, 33.286562222793705 ], [ -116.400192496636549, 33.286575857341873 ], [ -116.400194427812067, 33.286589506403779 ], [ -116.400196283840231, 33.286603157359885 ], [ -116.400198066880606, 33.286616817421034 ], [ -116.400199779078633, 33.286630485682949 ], [ -116.400201416129306, 33.286644155839092 ], [ -116.400202980192006, 33.286657835100243 ], [ -116.400204473407754, 33.286671519857158 ], [ -116.400205887189301, 33.286685211021812 ], [ -116.40020723333835, 33.286698904071663 ], [ -116.400208503277028, 33.286712605328766 ], [ -116.400209698071137, 33.286726310283434 ], [ -116.400210820942988, 33.286740019833523 ], [ -116.400211871890932, 33.286753733077262 ], [ -116.400212847691108, 33.286767448215222 ], [ -116.400213748351277, 33.286781169755869 ], [ -116.400214580306638, 33.286794894084615 ], [ -116.400215333893399, 33.286808620311476 ], [ -116.400216015556097, 33.286822350232136 ], [ -116.400216620998791, 33.286836082949904 ], [ -116.400217155584826, 33.286849815753442 ], [ -116.400217617176153, 33.286863554055323 ], [ -116.400218003611769, 33.286877289743053 ], [ -116.400218319199865, 33.286891030926611 ], [ -116.400218555337702, 33.286904769501199 ], [ -116.400218719549798, 33.286918510867821 ], [ -116.400218767259034, 33.286925670129548 ] ] ] } },
{ "type": "Feature", "properties": { "apn": "1403300602", "apn_8": "14033006", "parcelid": 656390, "situs_address": 1661, "situs_street": "MONTEZUMA", "situs_suffix": "CT", "situs_post_dir": "", "situs_pre_dir": "", "subname": "DE ANZA VILLAS", "submap": "007135     ", "situs_community": "BORREGO SPRINGS", "situs_zip": "92004-4336" }, "geometry": { "type": "Polygon", "coordinates": [ [ [ -116.400218767259034, 33.286925670129548 ], [ -116.400674723982647, 33.287004815964984 ], [ -116.400873896443557, 33.286947134515493 ], [ -116.400874717646744, 33.286935862548575 ], [ -116.400874471738902, 33.286922121282011 ], [ -116.400874166499364, 33.286908215080523 ], [ -116.40087412994167, 33.286894473559478 ], [ -116.400874069765067, 33.286880732067097 ], [ -116.400873990263847, 33.286866990598199 ], [ -116.400873888221923, 33.286853251861686 ], [ -116.400873766855398, 33.286839513148649 ], [ -116.400873618639949, 33.286825769058169 ], [ -116.400873454325264, 33.286812027692214 ], [ -116.400873266391812, 33.286798286354966 ], [ -116.400873060207346, 33.286784545039822 ], [ -116.400872830408602, 33.286770806458414 ], [ -116.400872580207164, 33.286757065196717 ], [ -116.400872308538666, 33.286743326666134 ], [ -116.400872016472135, 33.286729588160313 ], [ -116.400871704002796, 33.28671584697419 ], [ -116.400871370066483, 33.286702108519194 ], [ -116.400871015732193, 33.286688370088974 ], [ -116.400870638852595, 33.28667463168609 ], [ -116.400870238358905, 33.286660896016912 ], [ -116.400869822830444, 33.28664715766093 ], [ -116.400869382614275, 33.286633422039998 ], [ -116.400868920926541, 33.2866196864451 ], [ -116.400868438840774, 33.286605950874964 ], [ -116.400867934209899, 33.28659221533217 ], [ -116.400867410254591, 33.286578479812853 ], [ -116.400866865906011, 33.286564747023341 ], [ -116.400866299007603, 33.286551011556156 ], [ -116.400865712791074, 33.286537279719091 ], [ -116.400865102958932, 33.286523549714076 ], [ -116.400864474866722, 33.286509814321185 ], [ -116.400863822096255, 33.286496087073274 ], [ -116.400863151070354, 33.286482357142539 ], [ -116.400862456425813, 33.286468627240502 ], [ -116.400861742457039, 33.286454897361878 ], [ -116.40086100809647, 33.286441171114724 ], [ -116.400860252263001, 33.286427443991947 ], [ -116.400859609935253, 33.286415415491746 ], [ -116.400858669459751, 33.286401696708346 ], [ -116.400857509993642, 33.286387989912917 ], [ -116.400856132618401, 33.286374299612341 ], [ -116.40085453518229, 33.286360623104301 ], [ -116.400852717694804, 33.28634696579887 ], [ -116.400850682309326, 33.286333331300071 ], [ -116.400848426881893, 33.286319721413804 ], [ -116.40084595570859, 33.286306137036682 ], [ -116.400843268797161, 33.2862925826769 ], [ -116.400840362928619, 33.286279059240201 ], [ -116.400838488350502, 33.286268405491832 ], [ -116.400836079433958, 33.286254812923595 ], [ -116.400833657639822, 33.286241223076054 ], [ -116.400831219745783, 33.286227635051297 ], [ -116.400828764672141, 33.286214045243959 ], [ -116.400826293512566, 33.286200465374577 ], [ -116.400823809467738, 33.28618688371747 ], [ -116.400821309319937, 33.286173302079732 ], [ -116.400818788784193, 33.286159725876836 ], [ -116.400816255364703, 33.286146148787829 ], [ -116.40081370906924, 33.286132575321076 ], [ -116.400811143454831, 33.28611900458273 ], [ -116.400808561737435, 33.286105433863881 ], [ -116.400805966069015, 33.286091865866943 ], [ -116.400803354302326, 33.286078300594504 ], [ -116.40080072643741, 33.286064738046562 ], [ -116.400767795539636, 33.285943852251052 ], [ -116.400765041585714, 33.285933746887366 ], [ -116.400761573352398, 33.285920320610487 ], [ -116.400758306879766, 33.28590685170969 ], [ -116.400754621313538, 33.285894398606708 ], [ -116.400384958165077, 33.285955312545532 ], [ -116.400234410306254, 33.285941750546272 ], [ -116.400035852442031, 33.285986732813328 ], [ -116.40004094748366, 33.285999790161306 ], [ -116.400045972779736, 33.286012868331945 ], [ -116.400050924029628, 33.286025963723667 ], [ -116.400055811976955, 33.286039080831976 ], [ -116.400060624799877, 33.286052212457747 ], [ -116.40006536572993, 33.286065364908758 ], [ -116.400070039056786, 33.286078535474843 ], [ -116.400074639407848, 33.286091721457439 ], [ -116.400079174301283, 33.286104924650928 ], [ -116.400083630861786, 33.286118149579103 ], [ -116.40008801873303, 33.286131385410314 ], [ -116.400092334705079, 33.286144638460158 ], [ -116.40009658199709, 33.286157907822982 ], [ -116.400100757392892, 33.286171196207853 ], [ -116.400104860883161, 33.286184498204662 ], [ -116.400108892474151, 33.28619781742011 ], [ -116.400112847865216, 33.286211150252655 ], [ -116.400116742086539, 33.286224496684234 ], [ -116.400120561187649, 33.286237860338346 ], [ -116.400124304091932, 33.286251239413033 ], [ -116.400127979377118, 33.2862646275861 ], [ -116.400131582762725, 33.286278032977854 ], [ -116.40013510994217, 33.286291448380084 ], [ -116.400138568442699, 33.286304880997079 ], [ -116.40014195288569, 33.286318324523677 ], [ -116.400145264349206, 33.286331781663606 ], [ -116.400148507127625, 33.286345252411621 ], [ -116.400151677997059, 33.286358734968331 ], [ -116.400154773728985, 33.286372224829243 ], [ -116.400157797556517, 33.286385729203815 ], [ -116.400160749479596, 33.28639924809216 ], [ -116.400163629485832, 33.286412774280748 ], [ -116.400166434360642, 33.286426311380318 ], [ -116.40016917054696, 33.286439860284631 ], [ -116.400171831597163, 33.286453417394867 ], [ -116.400174416446831, 33.286466988122363 ], [ -116.400176933670807, 33.286480564341673 ], [ -116.400179377911826, 33.286494152370956 ], [ -116.400181744872484, 33.286507750412149 ], [ -116.400184045282444, 33.286521354845462 ], [ -116.400186264114495, 33.286534967492514 ], [ -116.400188415329893, 33.286548591041495 ], [ -116.400190493556053, 33.286562222793705 ], [ -116.400192496636549, 33.286575857341873 ], [ -116.400194427812067, 33.286589506403779 ], [ -116.400196283840231, 33.286603157359885 ], [ -116.400198066880606, 33.286616817421034 ], [ -116.400199779078633, 33.286630485682949 ], [ -116.400201416129306, 33.286644155839092 ], [ -116.400202980192006, 33.286657835100243 ], [ -116.400204473407754, 33.286671519857158 ], [ -116.400205887189301, 33.286685211021812 ], [ -116.40020723333835, 33.286698904071663 ], [ -116.400208503277028, 33.286712605328766 ], [ -116.400209698071137, 33.286726310283434 ], [ -116.400210820942988, 33.286740019833523 ], [ -116.400211871890932, 33.286753733077262 ], [ -116.400212847691108, 33.286767448215222 ], [ -116.400213748351277, 33.286781169755869 ], [ -116.400214580306638, 33.286794894084615 ], [ -116.400215333893399, 33.286808620311476 ], [ -116.400216015556097, 33.286822350232136 ], [ -116.400216620998791, 33.286836082949904 ], [ -116.400217155584826, 33.286849815753442 ], [ -116.400217617176153, 33.286863554055323 ], [ -116.400218003611769, 33.286877289743053 ], [ -116.400218319199865, 33.286891030926611 ], [ -116.400218555337702, 33.286904769501199 ], [ -116.400218719549798, 33.286918510867821 ], [ -116.400218767259034, 33.286925670129548 ] ] ] } },
{ "type": "Feature", "properties": { "apn": "1403300611", "apn_8": "14033006", "parcelid": 656390, "situs_address": 1655, "situs_street": "MONTEZUMA", "situs_suffix": "CT", "situs_post_dir": "", "situs_pre_dir": "", "subname": "DE ANZA VILLAS", "submap": "007135     ", "situs_community": "BORREGO SPRINGS", "situs_zip": "92004-4336" }, "geometry": { "type": "Polygon", "coordinates": [ [ [ -116.400218767259034, 33.286925670129548 ], [ -116.400674723982647, 33.287004815964984 ], [ -116.400873896443557, 33.286947134515493 ], [ -116.400874717646744, 33.286935862548575 ], [ -116.400874471738902, 33.286922121282011 ], [ -116.400874166499364, 33.286908215080523 ], [ -116.40087412994167, 33.286894473559478 ], [ -116.400874069765067, 33.286880732067097 ], [ -116.400873990263847, 33.286866990598199 ], [ -116.400873888221923, 33.286853251861686 ], [ -116.400873766855398, 33.286839513148649 ], [ -116.400873618639949, 33.286825769058169 ], [ -116.400873454325264, 33.286812027692214 ], [ -116.400873266391812, 33.286798286354966 ], [ -116.400873060207346, 33.286784545039822 ], [ -116.400872830408602, 33.286770806458414 ], [ -116.400872580207164, 33.286757065196717 ], [ -116.400872308538666, 33.286743326666134 ], [ -116.400872016472135, 33.286729588160313 ], [ -116.400871704002796, 33.28671584697419 ], [ -116.400871370066483, 33.286702108519194 ], [ -116.400871015732193, 33.286688370088974 ], [ -116.400870638852595, 33.28667463168609 ], [ -116.400870238358905, 33.286660896016912 ], [ -116.400869822830444, 33.28664715766093 ], [ -116.400869382614275, 33.286633422039998 ], [ -116.400868920926541, 33.2866196864451 ], [ -116.400868438840774, 33.286605950874964 ], [ -116.400867934209899, 33.28659221533217 ], [ -116.400867410254591, 33.286578479812853 ], [ -116.400866865906011, 33.286564747023341 ], [ -116.400866299007603, 33.286551011556156 ], [ -116.400865712791074, 33.286537279719091 ], [ -116.400865102958932, 33.286523549714076 ], [ -116.400864474866722, 33.286509814321185 ], [ -116.400863822096255, 33.286496087073274 ], [ -116.400863151070354, 33.286482357142539 ], [ -116.400862456425813, 33.286468627240502 ], [ -116.400861742457039, 33.286454897361878 ], [ -116.40086100809647, 33.286441171114724 ], [ -116.400860252263001, 33.286427443991947 ], [ -116.400859609935253, 33.286415415491746 ], [ -116.400858669459751, 33.286401696708346 ], [ -116.400857509993642, 33.286387989912917 ], [ -116.400856132618401, 33.286374299612341 ], [ -116.40085453518229, 33.286360623104301 ], [ -116.400852717694804, 33.28634696579887 ], [ -116.400850682309326, 33.286333331300071 ], [ -116.400848426881893, 33.286319721413804 ], [ -116.40084595570859, 33.286306137036682 ], [ -116.400843268797161, 33.2862925826769 ], [ -116.400840362928619, 33.286279059240201 ], [ -116.400838488350502, 33.286268405491832 ], [ -116.400836079433958, 33.286254812923595 ], [ -116.400833657639822, 33.286241223076054 ], [ -116.400831219745783, 33.286227635051297 ], [ -116.400828764672141, 33.286214045243959 ], [ -116.400826293512566, 33.286200465374577 ], [ -116.400823809467738, 33.28618688371747 ], [ -116.400821309319937, 33.286173302079732 ], [ -116.400818788784193, 33.286159725876836 ], [ -116.400816255364703, 33.286146148787829 ], [ -116.40081370906924, 33.286132575321076 ], [ -116.400811143454831, 33.28611900458273 ], [ -116.400808561737435, 33.286105433863881 ], [ -116.400805966069015, 33.286091865866943 ], [ -116.400803354302326, 33.286078300594504 ], [ -116.40080072643741, 33.286064738046562 ], [ -116.400767795539636, 33.285943852251052 ], [ -116.400765041585714, 33.285933746887366 ], [ -116.400761573352398, 33.285920320610487 ], [ -116.400758306879766, 33.28590685170969 ], [ -116.400754621313538, 33.285894398606708 ], [ -116.400384958165077, 33.285955312545532 ], [ -116.400234410306254, 33.285941750546272 ], [ -116.400035852442031, 33.285986732813328 ], [ -116.40004094748366, 33.285999790161306 ], [ -116.400045972779736, 33.286012868331945 ], [ -116.400050924029628, 33.286025963723667 ], [ -116.400055811976955, 33.286039080831976 ], [ -116.400060624799877, 33.286052212457747 ], [ -116.40006536572993, 33.286065364908758 ], [ -116.400070039056786, 33.286078535474843 ], [ -116.400074639407848, 33.286091721457439 ], [ -116.400079174301283, 33.286104924650928 ], [ -116.400083630861786, 33.286118149579103 ], [ -116.40008801873303, 33.286131385410314 ], [ -116.400092334705079, 33.286144638460158 ], [ -116.40009658199709, 33.286157907822982 ], [ -116.400100757392892, 33.286171196207853 ], [ -116.400104860883161, 33.286184498204662 ], [ -116.400108892474151, 33.28619781742011 ], [ -116.400112847865216, 33.286211150252655 ], [ -116.400116742086539, 33.286224496684234 ], [ -116.400120561187649, 33.286237860338346 ], [ -116.400124304091932, 33.286251239413033 ], [ -116.400127979377118, 33.2862646275861 ], [ -116.400131582762725, 33.286278032977854 ], [ -116.40013510994217, 33.286291448380084 ], [ -116.400138568442699, 33.286304880997079 ], [ -116.40014195288569, 33.286318324523677 ], [ -116.400145264349206, 33.286331781663606 ], [ -116.400148507127625, 33.286345252411621 ], [ -116.400151677997059, 33.286358734968331 ], [ -116.400154773728985, 33.286372224829243 ], [ -116.400157797556517, 33.286385729203815 ], [ -116.400160749479596, 33.28639924809216 ], [ -116.400163629485832, 33.286412774280748 ], [ -116.400166434360642, 33.286426311380318 ], [ -116.40016917054696, 33.286439860284631 ], [ -116.400171831597163, 33.286453417394867 ], [ -116.400174416446831, 33.286466988122363 ], [ -116.400176933670807, 33.286480564341673 ], [ -116.400179377911826, 33.286494152370956 ], [ -116.400181744872484, 33.286507750412149 ], [ -116.400184045282444, 33.286521354845462 ], [ -116.400186264114495, 33.286534967492514 ], [ -116.400188415329893, 33.286548591041495 ], [ -116.400190493556053, 33.286562222793705 ], [ -116.400192496636549, 33.286575857341873 ], [ -116.400194427812067, 33.286589506403779 ], [ -116.400196283840231, 33.286603157359885 ], [ -116.400198066880606, 33.286616817421034 ], [ -116.400199779078633, 33.286630485682949 ], [ -116.400201416129306, 33.286644155839092 ], [ -116.400202980192006, 33.286657835100243 ], [ -116.400204473407754, 33.286671519857158 ], [ -116.400205887189301, 33.286685211021812 ], [ -116.40020723333835, 33.286698904071663 ], [ -116.400208503277028, 33.286712605328766 ], [ -116.400209698071137, 33.286726310283434 ], [ -116.400210820942988, 33.286740019833523 ], [ -116.400211871890932, 33.286753733077262 ], [ -116.400212847691108, 33.286767448215222 ], [ -116.400213748351277, 33.286781169755869 ], [ -116.400214580306638, 33.286794894084615 ], [ -116.400215333893399, 33.286808620311476 ], [ -116.400216015556097, 33.286822350232136 ], [ -116.400216620998791, 33.286836082949904 ], [ -116.400217155584826, 33.286849815753442 ], [ -116.400217617176153, 33.286863554055323 ], [ -116.400218003611769, 33.286877289743053 ], [ -116.400218319199865, 33.286891030926611 ], [ -116.400218555337702, 33.286904769501199 ], [ -116.400218719549798, 33.286918510867821 ], [ -116.400218767259034, 33.286925670129548 ] ] ] } },
{ "type": "Feature", "properties": { "apn": "1403300601", "apn_8": "14033006", "parcelid": 656390, "situs_address": 1663, "situs_street": "MONTEZUMA", "situs_suffix": "CT", "situs_post_dir": "", "situs_pre_dir": "", "subname": "DE ANZA VILLAS", "submap": "007135     ", "situs_community": "BORREGO SPRINGS", "situs_zip": "92004-4336" }, "geometry": { "type": "Polygon", "coordinates": [ [ [ -116.400218767259034, 33.286925670129548 ], [ -116.400674723982647, 33.287004815964984 ], [ -116.400873896443557, 33.286947134515493 ], [ -116.400874717646744, 33.286935862548575 ], [ -116.400874471738902, 33.286922121282011 ], [ -116.400874166499364, 33.286908215080523 ], [ -116.40087412994167, 33.286894473559478 ], [ -116.400874069765067, 33.286880732067097 ], [ -116.400873990263847, 33.286866990598199 ], [ -116.400873888221923, 33.286853251861686 ], [ -116.400873766855398, 33.286839513148649 ], [ -116.400873618639949, 33.286825769058169 ], [ -116.400873454325264, 33.286812027692214 ], [ -116.400873266391812, 33.286798286354966 ], [ -116.400873060207346, 33.286784545039822 ], [ -116.400872830408602, 33.286770806458414 ], [ -116.400872580207164, 33.286757065196717 ], [ -116.400872308538666, 33.286743326666134 ], [ -116.400872016472135, 33.286729588160313 ], [ -116.400871704002796, 33.28671584697419 ], [ -116.400871370066483, 33.286702108519194 ], [ -116.400871015732193, 33.286688370088974 ], [ -116.400870638852595, 33.28667463168609 ], [ -116.400870238358905, 33.286660896016912 ], [ -116.400869822830444, 33.28664715766093 ], [ -116.400869382614275, 33.286633422039998 ], [ -116.400868920926541, 33.2866196864451 ], [ -116.400868438840774, 33.286605950874964 ], [ -116.400867934209899, 33.28659221533217 ], [ -116.400867410254591, 33.286578479812853 ], [ -116.400866865906011, 33.286564747023341 ], [ -116.400866299007603, 33.286551011556156 ], [ -116.400865712791074, 33.286537279719091 ], [ -116.400865102958932, 33.286523549714076 ], [ -116.400864474866722, 33.286509814321185 ], [ -116.400863822096255, 33.286496087073274 ], [ -116.400863151070354, 33.286482357142539 ], [ -116.400862456425813, 33.286468627240502 ], [ -116.400861742457039, 33.286454897361878 ], [ -116.40086100809647, 33.286441171114724 ], [ -116.400860252263001, 33.286427443991947 ], [ -116.400859609935253, 33.286415415491746 ], [ -116.400858669459751, 33.286401696708346 ], [ -116.400857509993642, 33.286387989912917 ], [ -116.400856132618401, 33.286374299612341 ], [ -116.40085453518229, 33.286360623104301 ], [ -116.400852717694804, 33.28634696579887 ], [ -116.400850682309326, 33.286333331300071 ], [ -116.400848426881893, 33.286319721413804 ], [ -116.40084595570859, 33.286306137036682 ], [ -116.400843268797161, 33.2862925826769 ], [ -116.400840362928619, 33.286279059240201 ], [ -116.400838488350502, 33.286268405491832 ], [ -116.400836079433958, 33.286254812923595 ], [ -116.400833657639822, 33.286241223076054 ], [ -116.400831219745783, 33.286227635051297 ], [ -116.400828764672141, 33.286214045243959 ], [ -116.400826293512566, 33.286200465374577 ], [ -116.400823809467738, 33.28618688371747 ], [ -116.400821309319937, 33.286173302079732 ], [ -116.400818788784193, 33.286159725876836 ], [ -116.400816255364703, 33.286146148787829 ], [ -116.40081370906924, 33.286132575321076 ], [ -116.400811143454831, 33.28611900458273 ], [ -116.400808561737435, 33.286105433863881 ], [ -116.400805966069015, 33.286091865866943 ], [ -116.400803354302326, 33.286078300594504 ], [ -116.40080072643741, 33.286064738046562 ], [ -116.400767795539636, 33.285943852251052 ], [ -116.400765041585714, 33.285933746887366 ], [ -116.400761573352398, 33.285920320610487 ], [ -116.400758306879766, 33.28590685170969 ], [ -116.400754621313538, 33.285894398606708 ], [ -116.400384958165077, 33.285955312545532 ], [ -116.400234410306254, 33.285941750546272 ], [ -116.400035852442031, 33.285986732813328 ], [ -116.40004094748366, 33.285999790161306 ], [ -116.400045972779736, 33.286012868331945 ], [ -116.400050924029628, 33.286025963723667 ], [ -116.400055811976955, 33.286039080831976 ], [ -116.400060624799877, 33.286052212457747 ], [ -116.40006536572993, 33.286065364908758 ], [ -116.400070039056786, 33.286078535474843 ], [ -116.400074639407848, 33.286091721457439 ], [ -116.400079174301283, 33.286104924650928 ], [ -116.400083630861786, 33.286118149579103 ], [ -116.40008801873303, 33.286131385410314 ], [ -116.400092334705079, 33.286144638460158 ], [ -116.40009658199709, 33.286157907822982 ], [ -116.400100757392892, 33.286171196207853 ], [ -116.400104860883161, 33.286184498204662 ], [ -116.400108892474151, 33.28619781742011 ], [ -116.400112847865216, 33.286211150252655 ], [ -116.400116742086539, 33.286224496684234 ], [ -116.400120561187649, 33.286237860338346 ], [ -116.400124304091932, 33.286251239413033 ], [ -116.400127979377118, 33.2862646275861 ], [ -116.400131582762725, 33.286278032977854 ], [ -116.40013510994217, 33.286291448380084 ], [ -116.400138568442699, 33.286304880997079 ], [ -116.40014195288569, 33.286318324523677 ], [ -116.400145264349206, 33.286331781663606 ], [ -116.400148507127625, 33.286345252411621 ], [ -116.400151677997059, 33.286358734968331 ], [ -116.400154773728985, 33.286372224829243 ], [ -116.400157797556517, 33.286385729203815 ], [ -116.400160749479596, 33.28639924809216 ], [ -116.400163629485832, 33.286412774280748 ], [ -116.400166434360642, 33.286426311380318 ], [ -116.40016917054696, 33.286439860284631 ], [ -116.400171831597163, 33.286453417394867 ], [ -116.400174416446831, 33.286466988122363 ], [ -116.400176933670807, 33.286480564341673 ], [ -116.400179377911826, 33.286494152370956 ], [ -116.400181744872484, 33.286507750412149 ], [ -116.400184045282444, 33.286521354845462 ], [ -116.400186264114495, 33.286534967492514 ], [ -116.400188415329893, 33.286548591041495 ], [ -116.400190493556053, 33.286562222793705 ], [ -116.400192496636549, 33.286575857341873 ], [ -116.400194427812067, 33.286589506403779 ], [ -116.400196283840231, 33.286603157359885 ], [ -116.400198066880606, 33.286616817421034 ], [ -116.400199779078633, 33.286630485682949 ], [ -116.400201416129306, 33.286644155839092 ], [ -116.400202980192006, 33.286657835100243 ], [ -116.400204473407754, 33.286671519857158 ], [ -116.400205887189301, 33.286685211021812 ], [ -116.40020723333835, 33.286698904071663 ], [ -116.400208503277028, 33.286712605328766 ], [ -116.400209698071137, 33.286726310283434 ], [ -116.400210820942988, 33.286740019833523 ], [ -116.400211871890932, 33.286753733077262 ], [ -116.400212847691108, 33.286767448215222 ], [ -116.400213748351277, 33.286781169755869 ], [ -116.400214580306638, 33.286794894084615 ], [ -116.400215333893399, 33.286808620311476 ], [ -116.400216015556097, 33.286822350232136 ], [ -116.400216620998791, 33.286836082949904 ], [ -116.400217155584826, 33.286849815753442 ], [ -116.400217617176153, 33.286863554055323 ], [ -116.400218003611769, 33.286877289743053 ], [ -116.400218319199865, 33.286891030926611 ], [ -116.400218555337702, 33.286904769501199 ], [ -116.400218719549798, 33.286918510867821 ], [ -116.400218767259034, 33.286925670129548 ] ] ] } },
{ "type": "Feature", "properties": { "apn": "1403300605", "apn_8": "14033006", "parcelid": 656390, "situs_address": 1643, "situs_street": "MONTEZUMA", "situs_suffix": "CT", "situs_post_dir": "", "situs_pre_dir": "", "subname": "DE ANZA VILLAS", "submap": "007135     ", "situs_community": "BORREGO SPRINGS", "situs_zip": "92004-4336" }, "geometry": { "type": "Polygon", "coordinates": [ [ [ -116.400218767259034, 33.286925670129548 ], [ -116.400674723982647, 33.287004815964984 ], [ -116.400873896443557, 33.286947134515493 ], [ -116.400874717646744, 33.286935862548575 ], [ -116.400874471738902, 33.286922121282011 ], [ -116.400874166499364, 33.286908215080523 ], [ -116.40087412994167, 33.286894473559478 ], [ -116.400874069765067, 33.286880732067097 ], [ -116.400873990263847, 33.286866990598199 ], [ -116.400873888221923, 33.286853251861686 ], [ -116.400873766855398, 33.286839513148649 ], [ -116.400873618639949, 33.286825769058169 ], [ -116.400873454325264, 33.286812027692214 ], [ -116.400873266391812, 33.286798286354966 ], [ -116.400873060207346, 33.286784545039822 ], [ -116.400872830408602, 33.286770806458414 ], [ -116.400872580207164, 33.286757065196717 ], [ -116.400872308538666, 33.286743326666134 ], [ -116.400872016472135, 33.286729588160313 ], [ -116.400871704002796, 33.28671584697419 ], [ -116.400871370066483, 33.286702108519194 ], [ -116.400871015732193, 33.286688370088974 ], [ -116.400870638852595, 33.28667463168609 ], [ -116.400870238358905, 33.286660896016912 ], [ -116.400869822830444, 33.28664715766093 ], [ -116.400869382614275, 33.286633422039998 ], [ -116.400868920926541, 33.2866196864451 ], [ -116.400868438840774, 33.286605950874964 ], [ -116.400867934209899, 33.28659221533217 ], [ -116.400867410254591, 33.286578479812853 ], [ -116.400866865906011, 33.286564747023341 ], [ -116.400866299007603, 33.286551011556156 ], [ -116.400865712791074, 33.286537279719091 ], [ -116.400865102958932, 33.286523549714076 ], [ -116.400864474866722, 33.286509814321185 ], [ -116.400863822096255, 33.286496087073274 ], [ -116.400863151070354, 33.286482357142539 ], [ -116.400862456425813, 33.286468627240502 ], [ -116.400861742457039, 33.286454897361878 ], [ -116.40086100809647, 33.286441171114724 ], [ -116.400860252263001, 33.286427443991947 ], [ -116.400859609935253, 33.286415415491746 ], [ -116.400858669459751, 33.286401696708346 ], [ -116.400857509993642, 33.286387989912917 ], [ -116.400856132618401, 33.286374299612341 ], [ -116.40085453518229, 33.286360623104301 ], [ -116.400852717694804, 33.28634696579887 ], [ -116.400850682309326, 33.286333331300071 ], [ -116.400848426881893, 33.286319721413804 ], [ -116.40084595570859, 33.286306137036682 ], [ -116.400843268797161, 33.2862925826769 ], [ -116.400840362928619, 33.286279059240201 ], [ -116.400838488350502, 33.286268405491832 ], [ -116.400836079433958, 33.286254812923595 ], [ -116.400833657639822, 33.286241223076054 ], [ -116.400831219745783, 33.286227635051297 ], [ -116.400828764672141, 33.286214045243959 ], [ -116.400826293512566, 33.286200465374577 ], [ -116.400823809467738, 33.28618688371747 ], [ -116.400821309319937, 33.286173302079732 ], [ -116.400818788784193, 33.286159725876836 ], [ -116.400816255364703, 33.286146148787829 ], [ -116.40081370906924, 33.286132575321076 ], [ -116.400811143454831, 33.28611900458273 ], [ -116.400808561737435, 33.286105433863881 ], [ -116.400805966069015, 33.286091865866943 ], [ -116.400803354302326, 33.286078300594504 ], [ -116.40080072643741, 33.286064738046562 ], [ -116.400767795539636, 33.285943852251052 ], [ -116.400765041585714, 33.285933746887366 ], [ -116.400761573352398, 33.285920320610487 ], [ -116.400758306879766, 33.28590685170969 ], [ -116.400754621313538, 33.285894398606708 ], [ -116.400384958165077, 33.285955312545532 ], [ -116.400234410306254, 33.285941750546272 ], [ -116.400035852442031, 33.285986732813328 ], [ -116.40004094748366, 33.285999790161306 ], [ -116.400045972779736, 33.286012868331945 ], [ -116.400050924029628, 33.286025963723667 ], [ -116.400055811976955, 33.286039080831976 ], [ -116.400060624799877, 33.286052212457747 ], [ -116.40006536572993, 33.286065364908758 ], [ -116.400070039056786, 33.286078535474843 ], [ -116.400074639407848, 33.286091721457439 ], [ -116.400079174301283, 33.286104924650928 ], [ -116.400083630861786, 33.286118149579103 ], [ -116.40008801873303, 33.286131385410314 ], [ -116.400092334705079, 33.286144638460158 ], [ -116.40009658199709, 33.286157907822982 ], [ -116.400100757392892, 33.286171196207853 ], [ -116.400104860883161, 33.286184498204662 ], [ -116.400108892474151, 33.28619781742011 ], [ -116.400112847865216, 33.286211150252655 ], [ -116.400116742086539, 33.286224496684234 ], [ -116.400120561187649, 33.286237860338346 ], [ -116.400124304091932, 33.286251239413033 ], [ -116.400127979377118, 33.2862646275861 ], [ -116.400131582762725, 33.286278032977854 ], [ -116.40013510994217, 33.286291448380084 ], [ -116.400138568442699, 33.286304880997079 ], [ -116.40014195288569, 33.286318324523677 ], [ -116.400145264349206, 33.286331781663606 ], [ -116.400148507127625, 33.286345252411621 ], [ -116.400151677997059, 33.286358734968331 ], [ -116.400154773728985, 33.286372224829243 ], [ -116.400157797556517, 33.286385729203815 ], [ -116.400160749479596, 33.28639924809216 ], [ -116.400163629485832, 33.286412774280748 ], [ -116.400166434360642, 33.286426311380318 ], [ -116.40016917054696, 33.286439860284631 ], [ -116.400171831597163, 33.286453417394867 ], [ -116.400174416446831, 33.286466988122363 ], [ -116.400176933670807, 33.286480564341673 ], [ -116.400179377911826, 33.286494152370956 ], [ -116.400181744872484, 33.286507750412149 ], [ -116.400184045282444, 33.286521354845462 ], [ -116.400186264114495, 33.286534967492514 ], [ -116.400188415329893, 33.286548591041495 ], [ -116.400190493556053, 33.286562222793705 ], [ -116.400192496636549, 33.286575857341873 ], [ -116.400194427812067, 33.286589506403779 ], [ -116.400196283840231, 33.286603157359885 ], [ -116.400198066880606, 33.286616817421034 ], [ -116.400199779078633, 33.286630485682949 ], [ -116.400201416129306, 33.286644155839092 ], [ -116.400202980192006, 33.286657835100243 ], [ -116.400204473407754, 33.286671519857158 ], [ -116.400205887189301, 33.286685211021812 ], [ -116.40020723333835, 33.286698904071663 ], [ -116.400208503277028, 33.286712605328766 ], [ -116.400209698071137, 33.286726310283434 ], [ -116.400210820942988, 33.286740019833523 ], [ -116.400211871890932, 33.286753733077262 ], [ -116.400212847691108, 33.286767448215222 ], [ -116.400213748351277, 33.286781169755869 ], [ -116.400214580306638, 33.286794894084615 ], [ -116.400215333893399, 33.286808620311476 ], [ -116.400216015556097, 33.286822350232136 ], [ -116.400216620998791, 33.286836082949904 ], [ -116.400217155584826, 33.286849815753442 ], [ -116.400217617176153, 33.286863554055323 ], [ -116.400218003611769, 33.286877289743053 ], [ -116.400218319199865, 33.286891030926611 ], [ -116.400218555337702, 33.286904769501199 ], [ -116.400218719549798, 33.286918510867821 ], [ -116.400218767259034, 33.286925670129548 ] ] ] } },
{ "type": "Feature", "properties": { "apn": "1403300610", "apn_8": "14033006", "parcelid": 656390, "situs_address": 1653, "situs_street": "MONTEZUMA", "situs_suffix": "CT", "situs_post_dir": "", "situs_pre_dir": "", "subname": "DE ANZA VILLAS", "submap": "007135     ", "situs_community": "BORREGO SPRINGS", "situs_zip": "92004-4336" }, "geometry": { "type": "Polygon", "coordinates": [ [ [ -116.400218767259034, 33.286925670129548 ], [ -116.400674723982647, 33.287004815964984 ], [ -116.400873896443557, 33.286947134515493 ], [ -116.400874717646744, 33.286935862548575 ], [ -116.400874471738902, 33.286922121282011 ], [ -116.400874166499364, 33.286908215080523 ], [ -116.40087412994167, 33.286894473559478 ], [ -116.400874069765067, 33.286880732067097 ], [ -116.400873990263847, 33.286866990598199 ], [ -116.400873888221923, 33.286853251861686 ], [ -116.400873766855398, 33.286839513148649 ], [ -116.400873618639949, 33.286825769058169 ], [ -116.400873454325264, 33.286812027692214 ], [ -116.400873266391812, 33.286798286354966 ], [ -116.400873060207346, 33.286784545039822 ], [ -116.400872830408602, 33.286770806458414 ], [ -116.400872580207164, 33.286757065196717 ], [ -116.400872308538666, 33.286743326666134 ], [ -116.400872016472135, 33.286729588160313 ], [ -116.400871704002796, 33.28671584697419 ], [ -116.400871370066483, 33.286702108519194 ], [ -116.400871015732193, 33.286688370088974 ], [ -116.400870638852595, 33.28667463168609 ], [ -116.400870238358905, 33.286660896016912 ], [ -116.400869822830444, 33.28664715766093 ], [ -116.400869382614275, 33.286633422039998 ], [ -116.400868920926541, 33.2866196864451 ], [ -116.400868438840774, 33.286605950874964 ], [ -116.400867934209899, 33.28659221533217 ], [ -116.400867410254591, 33.286578479812853 ], [ -116.400866865906011, 33.286564747023341 ], [ -116.400866299007603, 33.286551011556156 ], [ -116.400865712791074, 33.286537279719091 ], [ -116.400865102958932, 33.286523549714076 ], [ -116.400864474866722, 33.286509814321185 ], [ -116.400863822096255, 33.286496087073274 ], [ -116.400863151070354, 33.286482357142539 ], [ -116.400862456425813, 33.286468627240502 ], [ -116.400861742457039, 33.286454897361878 ], [ -116.40086100809647, 33.286441171114724 ], [ -116.400860252263001, 33.286427443991947 ], [ -116.400859609935253, 33.286415415491746 ], [ -116.400858669459751, 33.286401696708346 ], [ -116.400857509993642, 33.286387989912917 ], [ -116.400856132618401, 33.286374299612341 ], [ -116.40085453518229, 33.286360623104301 ], [ -116.400852717694804, 33.28634696579887 ], [ -116.400850682309326, 33.286333331300071 ], [ -116.400848426881893, 33.286319721413804 ], [ -116.40084595570859, 33.286306137036682 ], [ -116.400843268797161, 33.2862925826769 ], [ -116.400840362928619, 33.286279059240201 ], [ -116.400838488350502, 33.286268405491832 ], [ -116.400836079433958, 33.286254812923595 ], [ -116.400833657639822, 33.286241223076054 ], [ -116.400831219745783, 33.286227635051297 ], [ -116.400828764672141, 33.286214045243959 ], [ -116.400826293512566, 33.286200465374577 ], [ -116.400823809467738, 33.28618688371747 ], [ -116.400821309319937, 33.286173302079732 ], [ -116.400818788784193, 33.286159725876836 ], [ -116.400816255364703, 33.286146148787829 ], [ -116.40081370906924, 33.286132575321076 ], [ -116.400811143454831, 33.28611900458273 ], [ -116.400808561737435, 33.286105433863881 ], [ -116.400805966069015, 33.286091865866943 ], [ -116.400803354302326, 33.286078300594504 ], [ -116.40080072643741, 33.286064738046562 ], [ -116.400767795539636, 33.285943852251052 ], [ -116.400765041585714, 33.285933746887366 ], [ -116.400761573352398, 33.285920320610487 ], [ -116.400758306879766, 33.28590685170969 ], [ -116.400754621313538, 33.285894398606708 ], [ -116.400384958165077, 33.285955312545532 ], [ -116.400234410306254, 33.285941750546272 ], [ -116.400035852442031, 33.285986732813328 ], [ -116.40004094748366, 33.285999790161306 ], [ -116.400045972779736, 33.286012868331945 ], [ -116.400050924029628, 33.286025963723667 ], [ -116.400055811976955, 33.286039080831976 ], [ -116.400060624799877, 33.286052212457747 ], [ -116.40006536572993, 33.286065364908758 ], [ -116.400070039056786, 33.286078535474843 ], [ -116.400074639407848, 33.286091721457439 ], [ -116.400079174301283, 33.286104924650928 ], [ -116.400083630861786, 33.286118149579103 ], [ -116.40008801873303, 33.286131385410314 ], [ -116.400092334705079, 33.286144638460158 ], [ -116.40009658199709, 33.286157907822982 ], [ -116.400100757392892, 33.286171196207853 ], [ -116.400104860883161, 33.286184498204662 ], [ -116.400108892474151, 33.28619781742011 ], [ -116.400112847865216, 33.286211150252655 ], [ -116.400116742086539, 33.286224496684234 ], [ -116.400120561187649, 33.286237860338346 ], [ -116.400124304091932, 33.286251239413033 ], [ -116.400127979377118, 33.2862646275861 ], [ -116.400131582762725, 33.286278032977854 ], [ -116.40013510994217, 33.286291448380084 ], [ -116.400138568442699, 33.286304880997079 ], [ -116.40014195288569, 33.286318324523677 ], [ -116.400145264349206, 33.286331781663606 ], [ -116.400148507127625, 33.286345252411621 ], [ -116.400151677997059, 33.286358734968331 ], [ -116.400154773728985, 33.286372224829243 ], [ -116.400157797556517, 33.286385729203815 ], [ -116.400160749479596, 33.28639924809216 ], [ -116.400163629485832, 33.286412774280748 ], [ -116.400166434360642, 33.286426311380318 ], [ -116.40016917054696, 33.286439860284631 ], [ -116.400171831597163, 33.286453417394867 ], [ -116.400174416446831, 33.286466988122363 ], [ -116.400176933670807, 33.286480564341673 ], [ -116.400179377911826, 33.286494152370956 ], [ -116.400181744872484, 33.286507750412149 ], [ -116.400184045282444, 33.286521354845462 ], [ -116.400186264114495, 33.286534967492514 ], [ -116.400188415329893, 33.286548591041495 ], [ -116.400190493556053, 33.286562222793705 ], [ -116.400192496636549, 33.286575857341873 ], [ -116.400194427812067, 33.286589506403779 ], [ -116.400196283840231, 33.286603157359885 ], [ -116.400198066880606, 33.286616817421034 ], [ -116.400199779078633, 33.286630485682949 ], [ -116.400201416129306, 33.286644155839092 ], [ -116.400202980192006, 33.286657835100243 ], [ -116.400204473407754, 33.286671519857158 ], [ -116.400205887189301, 33.286685211021812 ], [ -116.40020723333835, 33.286698904071663 ], [ -116.400208503277028, 33.286712605328766 ], [ -116.400209698071137, 33.286726310283434 ], [ -116.400210820942988, 33.286740019833523 ], [ -116.400211871890932, 33.286753733077262 ], [ -116.400212847691108, 33.286767448215222 ], [ -116.400213748351277, 33.286781169755869 ], [ -116.400214580306638, 33.286794894084615 ], [ -116.400215333893399, 33.286808620311476 ], [ -116.400216015556097, 33.286822350232136 ], [ -116.400216620998791, 33.286836082949904 ], [ -116.400217155584826, 33.286849815753442 ], [ -116.400217617176153, 33.286863554055323 ], [ -116.400218003611769, 33.286877289743053 ], [ -116.400218319199865, 33.286891030926611 ], [ -116.400218555337702, 33.286904769501199 ], [ -116.400218719549798, 33.286918510867821 ], [ -116.400218767259034, 33.286925670129548 ] ] ] } },
{ "type": "Feature", "properties": { "apn": "1403300603", "apn_8": "14033006", "parcelid": 656390, "situs_address": 1639, "situs_street": "MONTEZUMA", "situs_suffix": "CT", "situs_post_dir": "", "situs_pre_dir": "", "subname": "DE ANZA VILLAS", "submap": "007135     ", "situs_community": "BORREGO SPRINGS", "situs_zip": "92004-4336" }, "geometry": { "type": "Polygon", "coordinates": [ [ [ -116.400218767259034, 33.286925670129548 ], [ -116.400674723982647, 33.287004815964984 ], [ -116.400873896443557, 33.286947134515493 ], [ -116.400874717646744, 33.286935862548575 ], [ -116.400874471738902, 33.286922121282011 ], [ -116.400874166499364, 33.286908215080523 ], [ -116.40087412994167, 33.286894473559478 ], [ -116.400874069765067, 33.286880732067097 ], [ -116.400873990263847, 33.286866990598199 ], [ -116.400873888221923, 33.286853251861686 ], [ -116.400873766855398, 33.286839513148649 ], [ -116.400873618639949, 33.286825769058169 ], [ -116.400873454325264, 33.286812027692214 ], [ -116.400873266391812, 33.286798286354966 ], [ -116.400873060207346, 33.286784545039822 ], [ -116.400872830408602, 33.286770806458414 ], [ -116.400872580207164, 33.286757065196717 ], [ -116.400872308538666, 33.286743326666134 ], [ -116.400872016472135, 33.286729588160313 ], [ -116.400871704002796, 33.28671584697419 ], [ -116.400871370066483, 33.286702108519194 ], [ -116.400871015732193, 33.286688370088974 ], [ -116.400870638852595, 33.28667463168609 ], [ -116.400870238358905, 33.286660896016912 ], [ -116.400869822830444, 33.28664715766093 ], [ -116.400869382614275, 33.286633422039998 ], [ -116.400868920926541, 33.2866196864451 ], [ -116.400868438840774, 33.286605950874964 ], [ -116.400867934209899, 33.28659221533217 ], [ -116.400867410254591, 33.286578479812853 ], [ -116.400866865906011, 33.286564747023341 ], [ -116.400866299007603, 33.286551011556156 ], [ -116.400865712791074, 33.286537279719091 ], [ -116.400865102958932, 33.286523549714076 ], [ -116.400864474866722, 33.286509814321185 ], [ -116.400863822096255, 33.286496087073274 ], [ -116.400863151070354, 33.286482357142539 ], [ -116.400862456425813, 33.286468627240502 ], [ -116.400861742457039, 33.286454897361878 ], [ -116.40086100809647, 33.286441171114724 ], [ -116.400860252263001, 33.286427443991947 ], [ -116.400859609935253, 33.286415415491746 ], [ -116.400858669459751, 33.286401696708346 ], [ -116.400857509993642, 33.286387989912917 ], [ -116.400856132618401, 33.286374299612341 ], [ -116.40085453518229, 33.286360623104301 ], [ -116.400852717694804, 33.28634696579887 ], [ -116.400850682309326, 33.286333331300071 ], [ -116.400848426881893, 33.286319721413804 ], [ -116.40084595570859, 33.286306137036682 ], [ -116.400843268797161, 33.2862925826769 ], [ -116.400840362928619, 33.286279059240201 ], [ -116.400838488350502, 33.286268405491832 ], [ -116.400836079433958, 33.286254812923595 ], [ -116.400833657639822, 33.286241223076054 ], [ -116.400831219745783, 33.286227635051297 ], [ -116.400828764672141, 33.286214045243959 ], [ -116.400826293512566, 33.286200465374577 ], [ -116.400823809467738, 33.28618688371747 ], [ -116.400821309319937, 33.286173302079732 ], [ -116.400818788784193, 33.286159725876836 ], [ -116.400816255364703, 33.286146148787829 ], [ -116.40081370906924, 33.286132575321076 ], [ -116.400811143454831, 33.28611900458273 ], [ -116.400808561737435, 33.286105433863881 ], [ -116.400805966069015, 33.286091865866943 ], [ -116.400803354302326, 33.286078300594504 ], [ -116.40080072643741, 33.286064738046562 ], [ -116.400767795539636, 33.285943852251052 ], [ -116.400765041585714, 33.285933746887366 ], [ -116.400761573352398, 33.285920320610487 ], [ -116.400758306879766, 33.28590685170969 ], [ -116.400754621313538, 33.285894398606708 ], [ -116.400384958165077, 33.285955312545532 ], [ -116.400234410306254, 33.285941750546272 ], [ -116.400035852442031, 33.285986732813328 ], [ -116.40004094748366, 33.285999790161306 ], [ -116.400045972779736, 33.286012868331945 ], [ -116.400050924029628, 33.286025963723667 ], [ -116.400055811976955, 33.286039080831976 ], [ -116.400060624799877, 33.286052212457747 ], [ -116.40006536572993, 33.286065364908758 ], [ -116.400070039056786, 33.286078535474843 ], [ -116.400074639407848, 33.286091721457439 ], [ -116.400079174301283, 33.286104924650928 ], [ -116.400083630861786, 33.286118149579103 ], [ -116.40008801873303, 33.286131385410314 ], [ -116.400092334705079, 33.286144638460158 ], [ -116.40009658199709, 33.286157907822982 ], [ -116.400100757392892, 33.286171196207853 ], [ -116.400104860883161, 33.286184498204662 ], [ -116.400108892474151, 33.28619781742011 ], [ -116.400112847865216, 33.286211150252655 ], [ -116.400116742086539, 33.286224496684234 ], [ -116.400120561187649, 33.286237860338346 ], [ -116.400124304091932, 33.286251239413033 ], [ -116.400127979377118, 33.2862646275861 ], [ -116.400131582762725, 33.286278032977854 ], [ -116.40013510994217, 33.286291448380084 ], [ -116.400138568442699, 33.286304880997079 ], [ -116.40014195288569, 33.286318324523677 ], [ -116.400145264349206, 33.286331781663606 ], [ -116.400148507127625, 33.286345252411621 ], [ -116.400151677997059, 33.286358734968331 ], [ -116.400154773728985, 33.286372224829243 ], [ -116.400157797556517, 33.286385729203815 ], [ -116.400160749479596, 33.28639924809216 ], [ -116.400163629485832, 33.286412774280748 ], [ -116.400166434360642, 33.286426311380318 ], [ -116.40016917054696, 33.286439860284631 ], [ -116.400171831597163, 33.286453417394867 ], [ -116.400174416446831, 33.286466988122363 ], [ -116.400176933670807, 33.286480564341673 ], [ -116.400179377911826, 33.286494152370956 ], [ -116.400181744872484, 33.286507750412149 ], [ -116.400184045282444, 33.286521354845462 ], [ -116.400186264114495, 33.286534967492514 ], [ -116.400188415329893, 33.286548591041495 ], [ -116.400190493556053, 33.286562222793705 ], [ -116.400192496636549, 33.286575857341873 ], [ -116.400194427812067, 33.286589506403779 ], [ -116.400196283840231, 33.286603157359885 ], [ -116.400198066880606, 33.286616817421034 ], [ -116.400199779078633, 33.286630485682949 ], [ -116.400201416129306, 33.286644155839092 ], [ -116.400202980192006, 33.286657835100243 ], [ -116.400204473407754, 33.286671519857158 ], [ -116.400205887189301, 33.286685211021812 ], [ -116.40020723333835, 33.286698904071663 ], [ -116.400208503277028, 33.286712605328766 ], [ -116.400209698071137, 33.286726310283434 ], [ -116.400210820942988, 33.286740019833523 ], [ -116.400211871890932, 33.286753733077262 ], [ -116.400212847691108, 33.286767448215222 ], [ -116.400213748351277, 33.286781169755869 ], [ -116.400214580306638, 33.286794894084615 ], [ -116.400215333893399, 33.286808620311476 ], [ -116.400216015556097, 33.286822350232136 ], [ -116.400216620998791, 33.286836082949904 ], [ -116.400217155584826, 33.286849815753442 ], [ -116.400217617176153, 33.286863554055323 ], [ -116.400218003611769, 33.286877289743053 ], [ -116.400218319199865, 33.286891030926611 ], [ -116.400218555337702, 33.286904769501199 ], [ -116.400218719549798, 33.286918510867821 ], [ -116.400218767259034, 33.286925670129548 ] ] ] } },
{ "type": "Feature", "properties": { "apn": "1403300607", "apn_8": "14033006", "parcelid": 656390, "situs_address": 1647, "situs_street": "MONTEZUMA", "situs_suffix": "CT", "situs_post_dir": "", "situs_pre_dir": "", "subname": "DE ANZA VILLAS", "submap": "007135     ", "situs_community": "BORREGO SPRINGS", "situs_zip": "92004-4336" }, "geometry": { "type": "Polygon", "coordinates": [ [ [ -116.400218767259034, 33.286925670129548 ], [ -116.400674723982647, 33.287004815964984 ], [ -116.400873896443557, 33.286947134515493 ], [ -116.400874717646744, 33.286935862548575 ], [ -116.400874471738902, 33.286922121282011 ], [ -116.400874166499364, 33.286908215080523 ], [ -116.40087412994167, 33.286894473559478 ], [ -116.400874069765067, 33.286880732067097 ], [ -116.400873990263847, 33.286866990598199 ], [ -116.400873888221923, 33.286853251861686 ], [ -116.400873766855398, 33.286839513148649 ], [ -116.400873618639949, 33.286825769058169 ], [ -116.400873454325264, 33.286812027692214 ], [ -116.400873266391812, 33.286798286354966 ], [ -116.400873060207346, 33.286784545039822 ], [ -116.400872830408602, 33.286770806458414 ], [ -116.400872580207164, 33.286757065196717 ], [ -116.400872308538666, 33.286743326666134 ], [ -116.400872016472135, 33.286729588160313 ], [ -116.400871704002796, 33.28671584697419 ], [ -116.400871370066483, 33.286702108519194 ], [ -116.400871015732193, 33.286688370088974 ], [ -116.400870638852595, 33.28667463168609 ], [ -116.400870238358905, 33.286660896016912 ], [ -116.400869822830444, 33.28664715766093 ], [ -116.400869382614275, 33.286633422039998 ], [ -116.400868920926541, 33.2866196864451 ], [ -116.400868438840774, 33.286605950874964 ], [ -116.400867934209899, 33.28659221533217 ], [ -116.400867410254591, 33.286578479812853 ], [ -116.400866865906011, 33.286564747023341 ], [ -116.400866299007603, 33.286551011556156 ], [ -116.400865712791074, 33.286537279719091 ], [ -116.400865102958932, 33.286523549714076 ], [ -116.400864474866722, 33.286509814321185 ], [ -116.400863822096255, 33.286496087073274 ], [ -116.400863151070354, 33.286482357142539 ], [ -116.400862456425813, 33.286468627240502 ], [ -116.400861742457039, 33.286454897361878 ], [ -116.40086100809647, 33.286441171114724 ], [ -116.400860252263001, 33.286427443991947 ], [ -116.400859609935253, 33.286415415491746 ], [ -116.400858669459751, 33.286401696708346 ], [ -116.400857509993642, 33.286387989912917 ], [ -116.400856132618401, 33.286374299612341 ], [ -116.40085453518229, 33.286360623104301 ], [ -116.400852717694804, 33.28634696579887 ], [ -116.400850682309326, 33.286333331300071 ], [ -116.400848426881893, 33.286319721413804 ], [ -116.40084595570859, 33.286306137036682 ], [ -116.400843268797161, 33.2862925826769 ], [ -116.400840362928619, 33.286279059240201 ], [ -116.400838488350502, 33.286268405491832 ], [ -116.400836079433958, 33.286254812923595 ], [ -116.400833657639822, 33.286241223076054 ], [ -116.400831219745783, 33.286227635051297 ], [ -116.400828764672141, 33.286214045243959 ], [ -116.400826293512566, 33.286200465374577 ], [ -116.400823809467738, 33.28618688371747 ], [ -116.400821309319937, 33.286173302079732 ], [ -116.400818788784193, 33.286159725876836 ], [ -116.400816255364703, 33.286146148787829 ], [ -116.40081370906924, 33.286132575321076 ], [ -116.400811143454831, 33.28611900458273 ], [ -116.400808561737435, 33.286105433863881 ], [ -116.400805966069015, 33.286091865866943 ], [ -116.400803354302326, 33.286078300594504 ], [ -116.40080072643741, 33.286064738046562 ], [ -116.400767795539636, 33.285943852251052 ], [ -116.400765041585714, 33.285933746887366 ], [ -116.400761573352398, 33.285920320610487 ], [ -116.400758306879766, 33.28590685170969 ], [ -116.400754621313538, 33.285894398606708 ], [ -116.400384958165077, 33.285955312545532 ], [ -116.400234410306254, 33.285941750546272 ], [ -116.400035852442031, 33.285986732813328 ], [ -116.40004094748366, 33.285999790161306 ], [ -116.400045972779736, 33.286012868331945 ], [ -116.400050924029628, 33.286025963723667 ], [ -116.400055811976955, 33.286039080831976 ], [ -116.400060624799877, 33.286052212457747 ], [ -116.40006536572993, 33.286065364908758 ], [ -116.400070039056786, 33.286078535474843 ], [ -116.400074639407848, 33.286091721457439 ], [ -116.400079174301283, 33.286104924650928 ], [ -116.400083630861786, 33.286118149579103 ], [ -116.40008801873303, 33.286131385410314 ], [ -116.400092334705079, 33.286144638460158 ], [ -116.40009658199709, 33.286157907822982 ], [ -116.400100757392892, 33.286171196207853 ], [ -116.400104860883161, 33.286184498204662 ], [ -116.400108892474151, 33.28619781742011 ], [ -116.400112847865216, 33.286211150252655 ], [ -116.400116742086539, 33.286224496684234 ], [ -116.400120561187649, 33.286237860338346 ], [ -116.400124304091932, 33.286251239413033 ], [ -116.400127979377118, 33.2862646275861 ], [ -116.400131582762725, 33.286278032977854 ], [ -116.40013510994217, 33.286291448380084 ], [ -116.400138568442699, 33.286304880997079 ], [ -116.40014195288569, 33.286318324523677 ], [ -116.400145264349206, 33.286331781663606 ], [ -116.400148507127625, 33.286345252411621 ], [ -116.400151677997059, 33.286358734968331 ], [ -116.400154773728985, 33.286372224829243 ], [ -116.400157797556517, 33.286385729203815 ], [ -116.400160749479596, 33.28639924809216 ], [ -116.400163629485832, 33.286412774280748 ], [ -116.400166434360642, 33.286426311380318 ], [ -116.40016917054696, 33.286439860284631 ], [ -116.400171831597163, 33.286453417394867 ], [ -116.400174416446831, 33.286466988122363 ], [ -116.400176933670807, 33.286480564341673 ], [ -116.400179377911826, 33.286494152370956 ], [ -116.400181744872484, 33.286507750412149 ], [ -116.400184045282444, 33.286521354845462 ], [ -116.400186264114495, 33.286534967492514 ], [ -116.400188415329893, 33.286548591041495 ], [ -116.400190493556053, 33.286562222793705 ], [ -116.400192496636549, 33.286575857341873 ], [ -116.400194427812067, 33.286589506403779 ], [ -116.400196283840231, 33.286603157359885 ], [ -116.400198066880606, 33.286616817421034 ], [ -116.400199779078633, 33.286630485682949 ], [ -116.400201416129306, 33.286644155839092 ], [ -116.400202980192006, 33.286657835100243 ], [ -116.400204473407754, 33.286671519857158 ], [ -116.400205887189301, 33.286685211021812 ], [ -116.40020723333835, 33.286698904071663 ], [ -116.400208503277028, 33.286712605328766 ], [ -116.400209698071137, 33.286726310283434 ], [ -116.400210820942988, 33.286740019833523 ], [ -116.400211871890932, 33.286753733077262 ], [ -116.400212847691108, 33.286767448215222 ], [ -116.400213748351277, 33.286781169755869 ], [ -116.400214580306638, 33.286794894084615 ], [ -116.400215333893399, 33.286808620311476 ], [ -116.400216015556097, 33.286822350232136 ], [ -116.400216620998791, 33.286836082949904 ], [ -116.400217155584826, 33.286849815753442 ], [ -116.400217617176153, 33.286863554055323 ], [ -116.400218003611769, 33.286877289743053 ], [ -116.400218319199865, 33.286891030926611 ], [ -116.400218555337702, 33.286904769501199 ], [ -116.400218719549798, 33.286918510867821 ], [ -116.400218767259034, 33.286925670129548 ] ] ] } },
{ "type": "Feature", "properties": { "apn": "1403300512", "apn_8": "14033005", "parcelid": 656392, "situs_address": 1699, "situs_street": "MONTEZUMA", "situs_suffix": "CT", "situs_post_dir": "", "situs_pre_dir": "", "subname": "DE ANZA VILLAS", "submap": "007135     ", "situs_community": "BORREGO SPRINGS", "situs_zip": "92004-4336" }, "geometry": { "type": "Polygon", "coordinates": [ [ [ -116.399680376858527, 33.285346033915069 ], [ -116.399685874487588, 33.285352233534319 ], [ -116.399694380075672, 33.285363972139322 ], [ -116.399702819161703, 33.285375744185977 ], [ -116.399711197111884, 33.285387548766174 ], [ -116.399719508555364, 33.28539938408305 ], [ -116.399727758864472, 33.285411252835125 ], [ -116.399735943734214, 33.285423148715921 ], [ -116.399744066394447, 33.285435077131567 ], [ -116.399752126842216, 33.285447036278811 ], [ -116.399760121856673, 33.285459026161405 ], [ -116.39976805143624, 33.285471045877841 ], [ -116.399775912361847, 33.285483096333593 ], [ -116.399783714293918, 33.285495176615314 ], [ -116.399791447565789, 33.285507284029762 ], [ -116.399799118626575, 33.285519423077474 ], [ -116.399806724246218, 33.285531588352313 ], [ -116.399814262286867, 33.285543785266931 ], [ -116.399821737033463, 33.285556008406125 ], [ -116.399829143125928, 33.285568262284755 ], [ -116.399836488069909, 33.285580541483704 ], [ -116.399843763284622, 33.285592850521716 ], [ -116.399850974130061, 33.285605184883934 ], [ -116.399858118462262, 33.285617546376365 ], [ -116.3998651952122, 33.285629937705245 ], [ -116.399872205436438, 33.285642348950994 ], [ -116.39987915130996, 33.28565479634107 ], [ -116.399886027435457, 33.285667262750216 ], [ -116.399892839199396, 33.285679758992039 ], [ -116.399899582295021, 33.28569227785831 ], [ -116.399906258877166, 33.285704823854815 ], [ -116.399912867869276, 33.285717395179518 ], [ -116.399919408196041, 33.28572999093209 ], [ -116.399925882001597, 33.285742609306574 ], [ -116.399932288220057, 33.285755254812656 ], [ -116.39993862577316, 33.285767924746644 ], [ -116.399944893584291, 33.285780617306429 ], [ -116.399951097019652, 33.285793331583903 ], [ -116.399957231791134, 33.28580607119094 ], [ -116.399963293602866, 33.285818835231083 ], [ -116.399969291040435, 33.285831621890615 ], [ -116.399975219806308, 33.285844429371416 ], [ -116.399981075610782, 33.285857260383608 ], [ -116.399986867037867, 33.285870112211917 ], [ -116.399992588718078, 33.285882983961109 ], [ -116.399998239587092, 33.285895881042507 ], [ -116.400003821784367, 33.285908798945215 ], [ -116.40000933423461, 33.285921736768806 ], [ -116.400014779085083, 33.285934694510757 ], [ -116.400020150970917, 33.285947673980878 ], [ -116.400025455255374, 33.285960672467631 ], [ -116.400030689795855, 33.285973692678709 ], [ -116.400035852442031, 33.285986732813328 ], [ -116.400234410306254, 33.285941750546272 ], [ -116.400384958165077, 33.285955312545532 ], [ -116.400754621313538, 33.285894398606708 ], [ -116.400752393238136, 33.285879823889594 ], [ -116.400749746067305, 33.28586626406868 ], [ -116.400747303899365, 33.285852674243394 ], [ -116.400745072119108, 33.285839064325671 ], [ -116.400743045346104, 33.285825427108648 ], [ -116.400741228960683, 33.285811769799132 ], [ -116.40073961867455, 33.285798096009181 ], [ -116.400738217703676, 33.285784403029801 ], [ -116.400737026061975, 33.285770698976066 ], [ -116.400736042674211, 33.285756982947632 ], [ -116.40073526646826, 33.285743255847507 ], [ -116.400734702821197, 33.285729523079134 ], [ -116.400734502070534, 33.285722666965839 ], [ -116.400734269071023, 33.285708925680908 ], [ -116.40073427440521, 33.285695184106579 ], [ -116.400734512714507, 33.285681447659428 ], [ -116.400734986132008, 33.285667708221744 ], [ -116.40073569253363, 33.28565397932126 ], [ -116.400736634066519, 33.285640260955439 ], [ -116.400737811805641, 33.28562655402456 ], [ -116.400739221469024, 33.285612865747247 ], [ -116.400740863051922, 33.285599193418527 ], [ -116.400742740859314, 33.285585543344872 ], [ -116.40074485059526, 33.285571914629806 ], [ -116.400747190126552, 33.285558315390993 ], [ -116.400749764817832, 33.285544743818591 ], [ -116.400752569314974, 33.285531208034115 ], [ -116.400755604685372, 33.285517704429651 ], [ -116.400758870939768, 33.285504239316829 ], [ -116.400762368081104, 33.285490814498992 ], [ -116.400766091822774, 33.285477434489749 ], [ -116.400770045387048, 33.285464100186765 ], [ -116.400774223407396, 33.285450812498318 ], [ -116.400778631265538, 33.285437579532889 ], [ -116.400783262520065, 33.285424401298329 ], [ -116.400784235825995, 33.285421659917624 ], [ -116.400788712417679, 33.285408443098483 ], [ -116.400792845328596, 33.285395147348986 ], [ -116.400796628125079, 33.285381777185314 ], [ -116.400800062971513, 33.285368342523441 ], [ -116.40080314558007, 33.285354846975125 ], [ -116.400805877041478, 33.285341300457667 ], [ -116.400808256283881, 33.285327703874003 ], [ -116.400810281186708, 33.285314072555323 ], [ -116.400811949587478, 33.28530039748744 ], [ -116.400813260451599, 33.285286701213565 ], [ -116.400814215924797, 33.285272982829404 ], [ -116.400814813877204, 33.28525925225609 ], [ -116.40081505539338, 33.285245515803972 ], [ -116.400814936176161, 33.285231771674944 ], [ -116.400814464842213, 33.285218036088793 ], [ -116.4008136263664, 33.285204311768702 ], [ -116.400812441162188, 33.28519060770676 ], [ -116.40081089206511, 33.285176931137102 ], [ -116.400808990879923, 33.285163279340395 ], [ -116.400825115397708, 33.285025841355861 ], [ -116.400134356574938, 33.284842543409233 ], [ -116.399680376858527, 33.285346033915069 ] ] ] } },
{ "type": "Feature", "properties": { "apn": "1403300504", "apn_8": "14033005", "parcelid": 656392, "situs_address": 1677, "situs_street": "MONTEZUMA", "situs_suffix": "CT", "situs_post_dir": "", "situs_pre_dir": "", "subname": "DE ANZA VILLAS", "submap": "007135     ", "situs_community": "BORREGO SPRINGS", "situs_zip": "92004-4336" }, "geometry": { "type": "Polygon", "coordinates": [ [ [ -116.399680376858527, 33.285346033915069 ], [ -116.399685874487588, 33.285352233534319 ], [ -116.399694380075672, 33.285363972139322 ], [ -116.399702819161703, 33.285375744185977 ], [ -116.399711197111884, 33.285387548766174 ], [ -116.399719508555364, 33.28539938408305 ], [ -116.399727758864472, 33.285411252835125 ], [ -116.399735943734214, 33.285423148715921 ], [ -116.399744066394447, 33.285435077131567 ], [ -116.399752126842216, 33.285447036278811 ], [ -116.399760121856673, 33.285459026161405 ], [ -116.39976805143624, 33.285471045877841 ], [ -116.399775912361847, 33.285483096333593 ], [ -116.399783714293918, 33.285495176615314 ], [ -116.399791447565789, 33.285507284029762 ], [ -116.399799118626575, 33.285519423077474 ], [ -116.399806724246218, 33.285531588352313 ], [ -116.399814262286867, 33.285543785266931 ], [ -116.399821737033463, 33.285556008406125 ], [ -116.399829143125928, 33.285568262284755 ], [ -116.399836488069909, 33.285580541483704 ], [ -116.399843763284622, 33.285592850521716 ], [ -116.399850974130061, 33.285605184883934 ], [ -116.399858118462262, 33.285617546376365 ], [ -116.3998651952122, 33.285629937705245 ], [ -116.399872205436438, 33.285642348950994 ], [ -116.39987915130996, 33.28565479634107 ], [ -116.399886027435457, 33.285667262750216 ], [ -116.399892839199396, 33.285679758992039 ], [ -116.399899582295021, 33.28569227785831 ], [ -116.399906258877166, 33.285704823854815 ], [ -116.399912867869276, 33.285717395179518 ], [ -116.399919408196041, 33.28572999093209 ], [ -116.399925882001597, 33.285742609306574 ], [ -116.399932288220057, 33.285755254812656 ], [ -116.39993862577316, 33.285767924746644 ], [ -116.399944893584291, 33.285780617306429 ], [ -116.399951097019652, 33.285793331583903 ], [ -116.399957231791134, 33.28580607119094 ], [ -116.399963293602866, 33.285818835231083 ], [ -116.399969291040435, 33.285831621890615 ], [ -116.399975219806308, 33.285844429371416 ], [ -116.399981075610782, 33.285857260383608 ], [ -116.399986867037867, 33.285870112211917 ], [ -116.399992588718078, 33.285882983961109 ], [ -116.399998239587092, 33.285895881042507 ], [ -116.400003821784367, 33.285908798945215 ], [ -116.40000933423461, 33.285921736768806 ], [ -116.400014779085083, 33.285934694510757 ], [ -116.400020150970917, 33.285947673980878 ], [ -116.400025455255374, 33.285960672467631 ], [ -116.400030689795855, 33.285973692678709 ], [ -116.400035852442031, 33.285986732813328 ], [ -116.400234410306254, 33.285941750546272 ], [ -116.400384958165077, 33.285955312545532 ], [ -116.400754621313538, 33.285894398606708 ], [ -116.400752393238136, 33.285879823889594 ], [ -116.400749746067305, 33.28586626406868 ], [ -116.400747303899365, 33.285852674243394 ], [ -116.400745072119108, 33.285839064325671 ], [ -116.400743045346104, 33.285825427108648 ], [ -116.400741228960683, 33.285811769799132 ], [ -116.40073961867455, 33.285798096009181 ], [ -116.400738217703676, 33.285784403029801 ], [ -116.400737026061975, 33.285770698976066 ], [ -116.400736042674211, 33.285756982947632 ], [ -116.40073526646826, 33.285743255847507 ], [ -116.400734702821197, 33.285729523079134 ], [ -116.400734502070534, 33.285722666965839 ], [ -116.400734269071023, 33.285708925680908 ], [ -116.40073427440521, 33.285695184106579 ], [ -116.400734512714507, 33.285681447659428 ], [ -116.400734986132008, 33.285667708221744 ], [ -116.40073569253363, 33.28565397932126 ], [ -116.400736634066519, 33.285640260955439 ], [ -116.400737811805641, 33.28562655402456 ], [ -116.400739221469024, 33.285612865747247 ], [ -116.400740863051922, 33.285599193418527 ], [ -116.400742740859314, 33.285585543344872 ], [ -116.40074485059526, 33.285571914629806 ], [ -116.400747190126552, 33.285558315390993 ], [ -116.400749764817832, 33.285544743818591 ], [ -116.400752569314974, 33.285531208034115 ], [ -116.400755604685372, 33.285517704429651 ], [ -116.400758870939768, 33.285504239316829 ], [ -116.400762368081104, 33.285490814498992 ], [ -116.400766091822774, 33.285477434489749 ], [ -116.400770045387048, 33.285464100186765 ], [ -116.400774223407396, 33.285450812498318 ], [ -116.400778631265538, 33.285437579532889 ], [ -116.400783262520065, 33.285424401298329 ], [ -116.400784235825995, 33.285421659917624 ], [ -116.400788712417679, 33.285408443098483 ], [ -116.400792845328596, 33.285395147348986 ], [ -116.400796628125079, 33.285381777185314 ], [ -116.400800062971513, 33.285368342523441 ], [ -116.40080314558007, 33.285354846975125 ], [ -116.400805877041478, 33.285341300457667 ], [ -116.400808256283881, 33.285327703874003 ], [ -116.400810281186708, 33.285314072555323 ], [ -116.400811949587478, 33.28530039748744 ], [ -116.400813260451599, 33.285286701213565 ], [ -116.400814215924797, 33.285272982829404 ], [ -116.400814813877204, 33.28525925225609 ], [ -116.40081505539338, 33.285245515803972 ], [ -116.400814936176161, 33.285231771674944 ], [ -116.400814464842213, 33.285218036088793 ], [ -116.4008136263664, 33.285204311768702 ], [ -116.400812441162188, 33.28519060770676 ], [ -116.40081089206511, 33.285176931137102 ], [ -116.400808990879923, 33.285163279340395 ], [ -116.400825115397708, 33.285025841355861 ], [ -116.400134356574938, 33.284842543409233 ], [ -116.399680376858527, 33.285346033915069 ] ] ] } },
{ "type": "Feature", "properties": { "apn": "1403300505", "apn_8": "14033005", "parcelid": 656392, "situs_address": 1681, "situs_street": "MONTEZUMA", "situs_suffix": "CT", "situs_post_dir": "", "situs_pre_dir": "", "subname": "DE ANZA VILLAS", "submap": "007135     ", "situs_community": "BORREGO SPRINGS", "situs_zip": "92004-4336" }, "geometry": { "type": "Polygon", "coordinates": [ [ [ -116.399680376858527, 33.285346033915069 ], [ -116.399685874487588, 33.285352233534319 ], [ -116.399694380075672, 33.285363972139322 ], [ -116.399702819161703, 33.285375744185977 ], [ -116.399711197111884, 33.285387548766174 ], [ -116.399719508555364, 33.28539938408305 ], [ -116.399727758864472, 33.285411252835125 ], [ -116.399735943734214, 33.285423148715921 ], [ -116.399744066394447, 33.285435077131567 ], [ -116.399752126842216, 33.285447036278811 ], [ -116.399760121856673, 33.285459026161405 ], [ -116.39976805143624, 33.285471045877841 ], [ -116.399775912361847, 33.285483096333593 ], [ -116.399783714293918, 33.285495176615314 ], [ -116.399791447565789, 33.285507284029762 ], [ -116.399799118626575, 33.285519423077474 ], [ -116.399806724246218, 33.285531588352313 ], [ -116.399814262286867, 33.285543785266931 ], [ -116.399821737033463, 33.285556008406125 ], [ -116.399829143125928, 33.285568262284755 ], [ -116.399836488069909, 33.285580541483704 ], [ -116.399843763284622, 33.285592850521716 ], [ -116.399850974130061, 33.285605184883934 ], [ -116.399858118462262, 33.285617546376365 ], [ -116.3998651952122, 33.285629937705245 ], [ -116.399872205436438, 33.285642348950994 ], [ -116.39987915130996, 33.28565479634107 ], [ -116.399886027435457, 33.285667262750216 ], [ -116.399892839199396, 33.285679758992039 ], [ -116.399899582295021, 33.28569227785831 ], [ -116.399906258877166, 33.285704823854815 ], [ -116.399912867869276, 33.285717395179518 ], [ -116.399919408196041, 33.28572999093209 ], [ -116.399925882001597, 33.285742609306574 ], [ -116.399932288220057, 33.285755254812656 ], [ -116.39993862577316, 33.285767924746644 ], [ -116.399944893584291, 33.285780617306429 ], [ -116.399951097019652, 33.285793331583903 ], [ -116.399957231791134, 33.28580607119094 ], [ -116.399963293602866, 33.285818835231083 ], [ -116.399969291040435, 33.285831621890615 ], [ -116.399975219806308, 33.285844429371416 ], [ -116.399981075610782, 33.285857260383608 ], [ -116.399986867037867, 33.285870112211917 ], [ -116.399992588718078, 33.285882983961109 ], [ -116.399998239587092, 33.285895881042507 ], [ -116.400003821784367, 33.285908798945215 ], [ -116.40000933423461, 33.285921736768806 ], [ -116.400014779085083, 33.285934694510757 ], [ -116.400020150970917, 33.285947673980878 ], [ -116.400025455255374, 33.285960672467631 ], [ -116.400030689795855, 33.285973692678709 ], [ -116.400035852442031, 33.285986732813328 ], [ -116.400234410306254, 33.285941750546272 ], [ -116.400384958165077, 33.285955312545532 ], [ -116.400754621313538, 33.285894398606708 ], [ -116.400752393238136, 33.285879823889594 ], [ -116.400749746067305, 33.28586626406868 ], [ -116.400747303899365, 33.285852674243394 ], [ -116.400745072119108, 33.285839064325671 ], [ -116.400743045346104, 33.285825427108648 ], [ -116.400741228960683, 33.285811769799132 ], [ -116.40073961867455, 33.285798096009181 ], [ -116.400738217703676, 33.285784403029801 ], [ -116.400737026061975, 33.285770698976066 ], [ -116.400736042674211, 33.285756982947632 ], [ -116.40073526646826, 33.285743255847507 ], [ -116.400734702821197, 33.285729523079134 ], [ -116.400734502070534, 33.285722666965839 ], [ -116.400734269071023, 33.285708925680908 ], [ -116.40073427440521, 33.285695184106579 ], [ -116.400734512714507, 33.285681447659428 ], [ -116.400734986132008, 33.285667708221744 ], [ -116.40073569253363, 33.28565397932126 ], [ -116.400736634066519, 33.285640260955439 ], [ -116.400737811805641, 33.28562655402456 ], [ -116.400739221469024, 33.285612865747247 ], [ -116.400740863051922, 33.285599193418527 ], [ -116.400742740859314, 33.285585543344872 ], [ -116.40074485059526, 33.285571914629806 ], [ -116.400747190126552, 33.285558315390993 ], [ -116.400749764817832, 33.285544743818591 ], [ -116.400752569314974, 33.285531208034115 ], [ -116.400755604685372, 33.285517704429651 ], [ -116.400758870939768, 33.285504239316829 ], [ -116.400762368081104, 33.285490814498992 ], [ -116.400766091822774, 33.285477434489749 ], [ -116.400770045387048, 33.285464100186765 ], [ -116.400774223407396, 33.285450812498318 ], [ -116.400778631265538, 33.285437579532889 ], [ -116.400783262520065, 33.285424401298329 ], [ -116.400784235825995, 33.285421659917624 ], [ -116.400788712417679, 33.285408443098483 ], [ -116.400792845328596, 33.285395147348986 ], [ -116.400796628125079, 33.285381777185314 ], [ -116.400800062971513, 33.285368342523441 ], [ -116.40080314558007, 33.285354846975125 ], [ -116.400805877041478, 33.285341300457667 ], [ -116.400808256283881, 33.285327703874003 ], [ -116.400810281186708, 33.285314072555323 ], [ -116.400811949587478, 33.28530039748744 ], [ -116.400813260451599, 33.285286701213565 ], [ -116.400814215924797, 33.285272982829404 ], [ -116.400814813877204, 33.28525925225609 ], [ -116.40081505539338, 33.285245515803972 ], [ -116.400814936176161, 33.285231771674944 ], [ -116.400814464842213, 33.285218036088793 ], [ -116.4008136263664, 33.285204311768702 ], [ -116.400812441162188, 33.28519060770676 ], [ -116.40081089206511, 33.285176931137102 ], [ -116.400808990879923, 33.285163279340395 ], [ -116.400825115397708, 33.285025841355861 ], [ -116.400134356574938, 33.284842543409233 ], [ -116.399680376858527, 33.285346033915069 ] ] ] } },
{ "type": "Feature", "properties": { "apn": "1403300507", "apn_8": "14033005", "parcelid": 656392, "situs_address": 1685, "situs_street": "MONTEZUMA", "situs_suffix": "CT", "situs_post_dir": "", "situs_pre_dir": "", "subname": "DE ANZA VILLAS", "submap": "007135     ", "situs_community": "BORREGO SPRINGS", "situs_zip": "92004-4336" }, "geometry": { "type": "Polygon", "coordinates": [ [ [ -116.399680376858527, 33.285346033915069 ], [ -116.399685874487588, 33.285352233534319 ], [ -116.399694380075672, 33.285363972139322 ], [ -116.399702819161703, 33.285375744185977 ], [ -116.399711197111884, 33.285387548766174 ], [ -116.399719508555364, 33.28539938408305 ], [ -116.399727758864472, 33.285411252835125 ], [ -116.399735943734214, 33.285423148715921 ], [ -116.399744066394447, 33.285435077131567 ], [ -116.399752126842216, 33.285447036278811 ], [ -116.399760121856673, 33.285459026161405 ], [ -116.39976805143624, 33.285471045877841 ], [ -116.399775912361847, 33.285483096333593 ], [ -116.399783714293918, 33.285495176615314 ], [ -116.399791447565789, 33.285507284029762 ], [ -116.399799118626575, 33.285519423077474 ], [ -116.399806724246218, 33.285531588352313 ], [ -116.399814262286867, 33.285543785266931 ], [ -116.399821737033463, 33.285556008406125 ], [ -116.399829143125928, 33.285568262284755 ], [ -116.399836488069909, 33.285580541483704 ], [ -116.399843763284622, 33.285592850521716 ], [ -116.399850974130061, 33.285605184883934 ], [ -116.399858118462262, 33.285617546376365 ], [ -116.3998651952122, 33.285629937705245 ], [ -116.399872205436438, 33.285642348950994 ], [ -116.39987915130996, 33.28565479634107 ], [ -116.399886027435457, 33.285667262750216 ], [ -116.399892839199396, 33.285679758992039 ], [ -116.399899582295021, 33.28569227785831 ], [ -116.399906258877166, 33.285704823854815 ], [ -116.399912867869276, 33.285717395179518 ], [ -116.399919408196041, 33.28572999093209 ], [ -116.399925882001597, 33.285742609306574 ], [ -116.399932288220057, 33.285755254812656 ], [ -116.39993862577316, 33.285767924746644 ], [ -116.399944893584291, 33.285780617306429 ], [ -116.399951097019652, 33.285793331583903 ], [ -116.399957231791134, 33.28580607119094 ], [ -116.399963293602866, 33.285818835231083 ], [ -116.399969291040435, 33.285831621890615 ], [ -116.399975219806308, 33.285844429371416 ], [ -116.399981075610782, 33.285857260383608 ], [ -116.399986867037867, 33.285870112211917 ], [ -116.399992588718078, 33.285882983961109 ], [ -116.399998239587092, 33.285895881042507 ], [ -116.400003821784367, 33.285908798945215 ], [ -116.40000933423461, 33.285921736768806 ], [ -116.400014779085083, 33.285934694510757 ], [ -116.400020150970917, 33.285947673980878 ], [ -116.400025455255374, 33.285960672467631 ], [ -116.400030689795855, 33.285973692678709 ], [ -116.400035852442031, 33.285986732813328 ], [ -116.400234410306254, 33.285941750546272 ], [ -116.400384958165077, 33.285955312545532 ], [ -116.400754621313538, 33.285894398606708 ], [ -116.400752393238136, 33.285879823889594 ], [ -116.400749746067305, 33.28586626406868 ], [ -116.400747303899365, 33.285852674243394 ], [ -116.400745072119108, 33.285839064325671 ], [ -116.400743045346104, 33.285825427108648 ], [ -116.400741228960683, 33.285811769799132 ], [ -116.40073961867455, 33.285798096009181 ], [ -116.400738217703676, 33.285784403029801 ], [ -116.400737026061975, 33.285770698976066 ], [ -116.400736042674211, 33.285756982947632 ], [ -116.40073526646826, 33.285743255847507 ], [ -116.400734702821197, 33.285729523079134 ], [ -116.400734502070534, 33.285722666965839 ], [ -116.400734269071023, 33.285708925680908 ], [ -116.40073427440521, 33.285695184106579 ], [ -116.400734512714507, 33.285681447659428 ], [ -116.400734986132008, 33.285667708221744 ], [ -116.40073569253363, 33.28565397932126 ], [ -116.400736634066519, 33.285640260955439 ], [ -116.400737811805641, 33.28562655402456 ], [ -116.400739221469024, 33.285612865747247 ], [ -116.400740863051922, 33.285599193418527 ], [ -116.400742740859314, 33.285585543344872 ], [ -116.40074485059526, 33.285571914629806 ], [ -116.400747190126552, 33.285558315390993 ], [ -116.400749764817832, 33.285544743818591 ], [ -116.400752569314974, 33.285531208034115 ], [ -116.400755604685372, 33.285517704429651 ], [ -116.400758870939768, 33.285504239316829 ], [ -116.400762368081104, 33.285490814498992 ], [ -116.400766091822774, 33.285477434489749 ], [ -116.400770045387048, 33.285464100186765 ], [ -116.400774223407396, 33.285450812498318 ], [ -116.400778631265538, 33.285437579532889 ], [ -116.400783262520065, 33.285424401298329 ], [ -116.400784235825995, 33.285421659917624 ], [ -116.400788712417679, 33.285408443098483 ], [ -116.400792845328596, 33.285395147348986 ], [ -116.400796628125079, 33.285381777185314 ], [ -116.400800062971513, 33.285368342523441 ], [ -116.40080314558007, 33.285354846975125 ], [ -116.400805877041478, 33.285341300457667 ], [ -116.400808256283881, 33.285327703874003 ], [ -116.400810281186708, 33.285314072555323 ], [ -116.400811949587478, 33.28530039748744 ], [ -116.400813260451599, 33.285286701213565 ], [ -116.400814215924797, 33.285272982829404 ], [ -116.400814813877204, 33.28525925225609 ], [ -116.40081505539338, 33.285245515803972 ], [ -116.400814936176161, 33.285231771674944 ], [ -116.400814464842213, 33.285218036088793 ], [ -116.4008136263664, 33.285204311768702 ], [ -116.400812441162188, 33.28519060770676 ], [ -116.40081089206511, 33.285176931137102 ], [ -116.400808990879923, 33.285163279340395 ], [ -116.400825115397708, 33.285025841355861 ], [ -116.400134356574938, 33.284842543409233 ], [ -116.399680376858527, 33.285346033915069 ] ] ] } },
{ "type": "Feature", "properties": { "apn": "1403300511", "apn_8": "14033005", "parcelid": 656392, "situs_address": 1697, "situs_street": "MONTEZUMA", "situs_suffix": "CT", "situs_post_dir": "", "situs_pre_dir": "", "subname": "DE ANZA VILLAS", "submap": "007135     ", "situs_community": "BORREGO SPRINGS", "situs_zip": "92004-4336" }, "geometry": { "type": "Polygon", "coordinates": [ [ [ -116.399680376858527, 33.285346033915069 ], [ -116.399685874487588, 33.285352233534319 ], [ -116.399694380075672, 33.285363972139322 ], [ -116.399702819161703, 33.285375744185977 ], [ -116.399711197111884, 33.285387548766174 ], [ -116.399719508555364, 33.28539938408305 ], [ -116.399727758864472, 33.285411252835125 ], [ -116.399735943734214, 33.285423148715921 ], [ -116.399744066394447, 33.285435077131567 ], [ -116.399752126842216, 33.285447036278811 ], [ -116.399760121856673, 33.285459026161405 ], [ -116.39976805143624, 33.285471045877841 ], [ -116.399775912361847, 33.285483096333593 ], [ -116.399783714293918, 33.285495176615314 ], [ -116.399791447565789, 33.285507284029762 ], [ -116.399799118626575, 33.285519423077474 ], [ -116.399806724246218, 33.285531588352313 ], [ -116.399814262286867, 33.285543785266931 ], [ -116.399821737033463, 33.285556008406125 ], [ -116.399829143125928, 33.285568262284755 ], [ -116.399836488069909, 33.285580541483704 ], [ -116.399843763284622, 33.285592850521716 ], [ -116.399850974130061, 33.285605184883934 ], [ -116.399858118462262, 33.285617546376365 ], [ -116.3998651952122, 33.285629937705245 ], [ -116.399872205436438, 33.285642348950994 ], [ -116.39987915130996, 33.28565479634107 ], [ -116.399886027435457, 33.285667262750216 ], [ -116.399892839199396, 33.285679758992039 ], [ -116.399899582295021, 33.28569227785831 ], [ -116.399906258877166, 33.285704823854815 ], [ -116.399912867869276, 33.285717395179518 ], [ -116.399919408196041, 33.28572999093209 ], [ -116.399925882001597, 33.285742609306574 ], [ -116.399932288220057, 33.285755254812656 ], [ -116.39993862577316, 33.285767924746644 ], [ -116.399944893584291, 33.285780617306429 ], [ -116.399951097019652, 33.285793331583903 ], [ -116.399957231791134, 33.28580607119094 ], [ -116.399963293602866, 33.285818835231083 ], [ -116.399969291040435, 33.285831621890615 ], [ -116.399975219806308, 33.285844429371416 ], [ -116.399981075610782, 33.285857260383608 ], [ -116.399986867037867, 33.285870112211917 ], [ -116.399992588718078, 33.285882983961109 ], [ -116.399998239587092, 33.285895881042507 ], [ -116.400003821784367, 33.285908798945215 ], [ -116.40000933423461, 33.285921736768806 ], [ -116.400014779085083, 33.285934694510757 ], [ -116.400020150970917, 33.285947673980878 ], [ -116.400025455255374, 33.285960672467631 ], [ -116.400030689795855, 33.285973692678709 ], [ -116.400035852442031, 33.285986732813328 ], [ -116.400234410306254, 33.285941750546272 ], [ -116.400384958165077, 33.285955312545532 ], [ -116.400754621313538, 33.285894398606708 ], [ -116.400752393238136, 33.285879823889594 ], [ -116.400749746067305, 33.28586626406868 ], [ -116.400747303899365, 33.285852674243394 ], [ -116.400745072119108, 33.285839064325671 ], [ -116.400743045346104, 33.285825427108648 ], [ -116.400741228960683, 33.285811769799132 ], [ -116.40073961867455, 33.285798096009181 ], [ -116.400738217703676, 33.285784403029801 ], [ -116.400737026061975, 33.285770698976066 ], [ -116.400736042674211, 33.285756982947632 ], [ -116.40073526646826, 33.285743255847507 ], [ -116.400734702821197, 33.285729523079134 ], [ -116.400734502070534, 33.285722666965839 ], [ -116.400734269071023, 33.285708925680908 ], [ -116.40073427440521, 33.285695184106579 ], [ -116.400734512714507, 33.285681447659428 ], [ -116.400734986132008, 33.285667708221744 ], [ -116.40073569253363, 33.28565397932126 ], [ -116.400736634066519, 33.285640260955439 ], [ -116.400737811805641, 33.28562655402456 ], [ -116.400739221469024, 33.285612865747247 ], [ -116.400740863051922, 33.285599193418527 ], [ -116.400742740859314, 33.285585543344872 ], [ -116.40074485059526, 33.285571914629806 ], [ -116.400747190126552, 33.285558315390993 ], [ -116.400749764817832, 33.285544743818591 ], [ -116.400752569314974, 33.285531208034115 ], [ -116.400755604685372, 33.285517704429651 ], [ -116.400758870939768, 33.285504239316829 ], [ -116.400762368081104, 33.285490814498992 ], [ -116.400766091822774, 33.285477434489749 ], [ -116.400770045387048, 33.285464100186765 ], [ -116.400774223407396, 33.285450812498318 ], [ -116.400778631265538, 33.285437579532889 ], [ -116.400783262520065, 33.285424401298329 ], [ -116.400784235825995, 33.285421659917624 ], [ -116.400788712417679, 33.285408443098483 ], [ -116.400792845328596, 33.285395147348986 ], [ -116.400796628125079, 33.285381777185314 ], [ -116.400800062971513, 33.285368342523441 ], [ -116.40080314558007, 33.285354846975125 ], [ -116.400805877041478, 33.285341300457667 ], [ -116.400808256283881, 33.285327703874003 ], [ -116.400810281186708, 33.285314072555323 ], [ -116.400811949587478, 33.28530039748744 ], [ -116.400813260451599, 33.285286701213565 ], [ -116.400814215924797, 33.285272982829404 ], [ -116.400814813877204, 33.28525925225609 ], [ -116.40081505539338, 33.285245515803972 ], [ -116.400814936176161, 33.285231771674944 ], [ -116.400814464842213, 33.285218036088793 ], [ -116.4008136263664, 33.285204311768702 ], [ -116.400812441162188, 33.28519060770676 ], [ -116.40081089206511, 33.285176931137102 ], [ -116.400808990879923, 33.285163279340395 ], [ -116.400825115397708, 33.285025841355861 ], [ -116.400134356574938, 33.284842543409233 ], [ -116.399680376858527, 33.285346033915069 ] ] ] } },
{ "type": "Feature", "properties": { "apn": "1403300510", "apn_8": "14033005", "parcelid": 656392, "situs_address": 1695, "situs_street": "MONTEZUMA", "situs_suffix": "CT", "situs_post_dir": "", "situs_pre_dir": "", "subname": "DE ANZA VILLAS", "submap": "007135     ", "situs_community": "BORREGO SPRINGS", "situs_zip": "92004-4336" }, "geometry": { "type": "Polygon", "coordinates": [ [ [ -116.399680376858527, 33.285346033915069 ], [ -116.399685874487588, 33.285352233534319 ], [ -116.399694380075672, 33.285363972139322 ], [ -116.399702819161703, 33.285375744185977 ], [ -116.399711197111884, 33.285387548766174 ], [ -116.399719508555364, 33.28539938408305 ], [ -116.399727758864472, 33.285411252835125 ], [ -116.399735943734214, 33.285423148715921 ], [ -116.399744066394447, 33.285435077131567 ], [ -116.399752126842216, 33.285447036278811 ], [ -116.399760121856673, 33.285459026161405 ], [ -116.39976805143624, 33.285471045877841 ], [ -116.399775912361847, 33.285483096333593 ], [ -116.399783714293918, 33.285495176615314 ], [ -116.399791447565789, 33.285507284029762 ], [ -116.399799118626575, 33.285519423077474 ], [ -116.399806724246218, 33.285531588352313 ], [ -116.399814262286867, 33.285543785266931 ], [ -116.399821737033463, 33.285556008406125 ], [ -116.399829143125928, 33.285568262284755 ], [ -116.399836488069909, 33.285580541483704 ], [ -116.399843763284622, 33.285592850521716 ], [ -116.399850974130061, 33.285605184883934 ], [ -116.399858118462262, 33.285617546376365 ], [ -116.3998651952122, 33.285629937705245 ], [ -116.399872205436438, 33.285642348950994 ], [ -116.39987915130996, 33.28565479634107 ], [ -116.399886027435457, 33.285667262750216 ], [ -116.399892839199396, 33.285679758992039 ], [ -116.399899582295021, 33.28569227785831 ], [ -116.399906258877166, 33.285704823854815 ], [ -116.399912867869276, 33.285717395179518 ], [ -116.399919408196041, 33.28572999093209 ], [ -116.399925882001597, 33.285742609306574 ], [ -116.399932288220057, 33.285755254812656 ], [ -116.39993862577316, 33.285767924746644 ], [ -116.399944893584291, 33.285780617306429 ], [ -116.399951097019652, 33.285793331583903 ], [ -116.399957231791134, 33.28580607119094 ], [ -116.399963293602866, 33.285818835231083 ], [ -116.399969291040435, 33.285831621890615 ], [ -116.399975219806308, 33.285844429371416 ], [ -116.399981075610782, 33.285857260383608 ], [ -116.399986867037867, 33.285870112211917 ], [ -116.399992588718078, 33.285882983961109 ], [ -116.399998239587092, 33.285895881042507 ], [ -116.400003821784367, 33.285908798945215 ], [ -116.40000933423461, 33.285921736768806 ], [ -116.400014779085083, 33.285934694510757 ], [ -116.400020150970917, 33.285947673980878 ], [ -116.400025455255374, 33.285960672467631 ], [ -116.400030689795855, 33.285973692678709 ], [ -116.400035852442031, 33.285986732813328 ], [ -116.400234410306254, 33.285941750546272 ], [ -116.400384958165077, 33.285955312545532 ], [ -116.400754621313538, 33.285894398606708 ], [ -116.400752393238136, 33.285879823889594 ], [ -116.400749746067305, 33.28586626406868 ], [ -116.400747303899365, 33.285852674243394 ], [ -116.400745072119108, 33.285839064325671 ], [ -116.400743045346104, 33.285825427108648 ], [ -116.400741228960683, 33.285811769799132 ], [ -116.40073961867455, 33.285798096009181 ], [ -116.400738217703676, 33.285784403029801 ], [ -116.400737026061975, 33.285770698976066 ], [ -116.400736042674211, 33.285756982947632 ], [ -116.40073526646826, 33.285743255847507 ], [ -116.400734702821197, 33.285729523079134 ], [ -116.400734502070534, 33.285722666965839 ], [ -116.400734269071023, 33.285708925680908 ], [ -116.40073427440521, 33.285695184106579 ], [ -116.400734512714507, 33.285681447659428 ], [ -116.400734986132008, 33.285667708221744 ], [ -116.40073569253363, 33.28565397932126 ], [ -116.400736634066519, 33.285640260955439 ], [ -116.400737811805641, 33.28562655402456 ], [ -116.400739221469024, 33.285612865747247 ], [ -116.400740863051922, 33.285599193418527 ], [ -116.400742740859314, 33.285585543344872 ], [ -116.40074485059526, 33.285571914629806 ], [ -116.400747190126552, 33.285558315390993 ], [ -116.400749764817832, 33.285544743818591 ], [ -116.400752569314974, 33.285531208034115 ], [ -116.400755604685372, 33.285517704429651 ], [ -116.400758870939768, 33.285504239316829 ], [ -116.400762368081104, 33.285490814498992 ], [ -116.400766091822774, 33.285477434489749 ], [ -116.400770045387048, 33.285464100186765 ], [ -116.400774223407396, 33.285450812498318 ], [ -116.400778631265538, 33.285437579532889 ], [ -116.400783262520065, 33.285424401298329 ], [ -116.400784235825995, 33.285421659917624 ], [ -116.400788712417679, 33.285408443098483 ], [ -116.400792845328596, 33.285395147348986 ], [ -116.400796628125079, 33.285381777185314 ], [ -116.400800062971513, 33.285368342523441 ], [ -116.40080314558007, 33.285354846975125 ], [ -116.400805877041478, 33.285341300457667 ], [ -116.400808256283881, 33.285327703874003 ], [ -116.400810281186708, 33.285314072555323 ], [ -116.400811949587478, 33.28530039748744 ], [ -116.400813260451599, 33.285286701213565 ], [ -116.400814215924797, 33.285272982829404 ], [ -116.400814813877204, 33.28525925225609 ], [ -116.40081505539338, 33.285245515803972 ], [ -116.400814936176161, 33.285231771674944 ], [ -116.400814464842213, 33.285218036088793 ], [ -116.4008136263664, 33.285204311768702 ], [ -116.400812441162188, 33.28519060770676 ], [ -116.40081089206511, 33.285176931137102 ], [ -116.400808990879923, 33.285163279340395 ], [ -116.400825115397708, 33.285025841355861 ], [ -116.400134356574938, 33.284842543409233 ], [ -116.399680376858527, 33.285346033915069 ] ] ] } },
{ "type": "Feature", "properties": { "apn": "1403300502", "apn_8": "14033005", "parcelid": 656392, "situs_address": 1671, "situs_street": "MONTEZUMA", "situs_suffix": "CT", "situs_post_dir": "", "situs_pre_dir": "", "subname": "DE ANZA VILLAS", "submap": "007135     ", "situs_community": "BORREGO SPRINGS", "situs_zip": "92004-4336" }, "geometry": { "type": "Polygon", "coordinates": [ [ [ -116.399680376858527, 33.285346033915069 ], [ -116.399685874487588, 33.285352233534319 ], [ -116.399694380075672, 33.285363972139322 ], [ -116.399702819161703, 33.285375744185977 ], [ -116.399711197111884, 33.285387548766174 ], [ -116.399719508555364, 33.28539938408305 ], [ -116.399727758864472, 33.285411252835125 ], [ -116.399735943734214, 33.285423148715921 ], [ -116.399744066394447, 33.285435077131567 ], [ -116.399752126842216, 33.285447036278811 ], [ -116.399760121856673, 33.285459026161405 ], [ -116.39976805143624, 33.285471045877841 ], [ -116.399775912361847, 33.285483096333593 ], [ -116.399783714293918, 33.285495176615314 ], [ -116.399791447565789, 33.285507284029762 ], [ -116.399799118626575, 33.285519423077474 ], [ -116.399806724246218, 33.285531588352313 ], [ -116.399814262286867, 33.285543785266931 ], [ -116.399821737033463, 33.285556008406125 ], [ -116.399829143125928, 33.285568262284755 ], [ -116.399836488069909, 33.285580541483704 ], [ -116.399843763284622, 33.285592850521716 ], [ -116.399850974130061, 33.285605184883934 ], [ -116.399858118462262, 33.285617546376365 ], [ -116.3998651952122, 33.285629937705245 ], [ -116.399872205436438, 33.285642348950994 ], [ -116.39987915130996, 33.28565479634107 ], [ -116.399886027435457, 33.285667262750216 ], [ -116.399892839199396, 33.285679758992039 ], [ -116.399899582295021, 33.28569227785831 ], [ -116.399906258877166, 33.285704823854815 ], [ -116.399912867869276, 33.285717395179518 ], [ -116.399919408196041, 33.28572999093209 ], [ -116.399925882001597, 33.285742609306574 ], [ -116.399932288220057, 33.285755254812656 ], [ -116.39993862577316, 33.285767924746644 ], [ -116.399944893584291, 33.285780617306429 ], [ -116.399951097019652, 33.285793331583903 ], [ -116.399957231791134, 33.28580607119094 ], [ -116.399963293602866, 33.285818835231083 ], [ -116.399969291040435, 33.285831621890615 ], [ -116.399975219806308, 33.285844429371416 ], [ -116.399981075610782, 33.285857260383608 ], [ -116.399986867037867, 33.285870112211917 ], [ -116.399992588718078, 33.285882983961109 ], [ -116.399998239587092, 33.285895881042507 ], [ -116.400003821784367, 33.285908798945215 ], [ -116.40000933423461, 33.285921736768806 ], [ -116.400014779085083, 33.285934694510757 ], [ -116.400020150970917, 33.285947673980878 ], [ -116.400025455255374, 33.285960672467631 ], [ -116.400030689795855, 33.285973692678709 ], [ -116.400035852442031, 33.285986732813328 ], [ -116.400234410306254, 33.285941750546272 ], [ -116.400384958165077, 33.285955312545532 ], [ -116.400754621313538, 33.285894398606708 ], [ -116.400752393238136, 33.285879823889594 ], [ -116.400749746067305, 33.28586626406868 ], [ -116.400747303899365, 33.285852674243394 ], [ -116.400745072119108, 33.285839064325671 ], [ -116.400743045346104, 33.285825427108648 ], [ -116.400741228960683, 33.285811769799132 ], [ -116.40073961867455, 33.285798096009181 ], [ -116.400738217703676, 33.285784403029801 ], [ -116.400737026061975, 33.285770698976066 ], [ -116.400736042674211, 33.285756982947632 ], [ -116.40073526646826, 33.285743255847507 ], [ -116.400734702821197, 33.285729523079134 ], [ -116.400734502070534, 33.285722666965839 ], [ -116.400734269071023, 33.285708925680908 ], [ -116.40073427440521, 33.285695184106579 ], [ -116.400734512714507, 33.285681447659428 ], [ -116.400734986132008, 33.285667708221744 ], [ -116.40073569253363, 33.28565397932126 ], [ -116.400736634066519, 33.285640260955439 ], [ -116.400737811805641, 33.28562655402456 ], [ -116.400739221469024, 33.285612865747247 ], [ -116.400740863051922, 33.285599193418527 ], [ -116.400742740859314, 33.285585543344872 ], [ -116.40074485059526, 33.285571914629806 ], [ -116.400747190126552, 33.285558315390993 ], [ -116.400749764817832, 33.285544743818591 ], [ -116.400752569314974, 33.285531208034115 ], [ -116.400755604685372, 33.285517704429651 ], [ -116.400758870939768, 33.285504239316829 ], [ -116.400762368081104, 33.285490814498992 ], [ -116.400766091822774, 33.285477434489749 ], [ -116.400770045387048, 33.285464100186765 ], [ -116.400774223407396, 33.285450812498318 ], [ -116.400778631265538, 33.285437579532889 ], [ -116.400783262520065, 33.285424401298329 ], [ -116.400784235825995, 33.285421659917624 ], [ -116.400788712417679, 33.285408443098483 ], [ -116.400792845328596, 33.285395147348986 ], [ -116.400796628125079, 33.285381777185314 ], [ -116.400800062971513, 33.285368342523441 ], [ -116.40080314558007, 33.285354846975125 ], [ -116.400805877041478, 33.285341300457667 ], [ -116.400808256283881, 33.285327703874003 ], [ -116.400810281186708, 33.285314072555323 ], [ -116.400811949587478, 33.28530039748744 ], [ -116.400813260451599, 33.285286701213565 ], [ -116.400814215924797, 33.285272982829404 ], [ -116.400814813877204, 33.28525925225609 ], [ -116.40081505539338, 33.285245515803972 ], [ -116.400814936176161, 33.285231771674944 ], [ -116.400814464842213, 33.285218036088793 ], [ -116.4008136263664, 33.285204311768702 ], [ -116.400812441162188, 33.28519060770676 ], [ -116.40081089206511, 33.285176931137102 ], [ -116.400808990879923, 33.285163279340395 ], [ -116.400825115397708, 33.285025841355861 ], [ -116.400134356574938, 33.284842543409233 ], [ -116.399680376858527, 33.285346033915069 ] ] ] } },
{ "type": "Feature", "properties": { "apn": "1403300508", "apn_8": "14033005", "parcelid": 656392, "situs_address": 1689, "situs_street": "MONTEZUMA", "situs_suffix": "CT", "situs_post_dir": "", "situs_pre_dir": "", "subname": "DE ANZA VILLAS", "submap": "007135     ", "situs_community": "BORREGO SPRINGS", "situs_zip": "92004-4336" }, "geometry": { "type": "Polygon", "coordinates": [ [ [ -116.399680376858527, 33.285346033915069 ], [ -116.399685874487588, 33.285352233534319 ], [ -116.399694380075672, 33.285363972139322 ], [ -116.399702819161703, 33.285375744185977 ], [ -116.399711197111884, 33.285387548766174 ], [ -116.399719508555364, 33.28539938408305 ], [ -116.399727758864472, 33.285411252835125 ], [ -116.399735943734214, 33.285423148715921 ], [ -116.399744066394447, 33.285435077131567 ], [ -116.399752126842216, 33.285447036278811 ], [ -116.399760121856673, 33.285459026161405 ], [ -116.39976805143624, 33.285471045877841 ], [ -116.399775912361847, 33.285483096333593 ], [ -116.399783714293918, 33.285495176615314 ], [ -116.399791447565789, 33.285507284029762 ], [ -116.399799118626575, 33.285519423077474 ], [ -116.399806724246218, 33.285531588352313 ], [ -116.399814262286867, 33.285543785266931 ], [ -116.399821737033463, 33.285556008406125 ], [ -116.399829143125928, 33.285568262284755 ], [ -116.399836488069909, 33.285580541483704 ], [ -116.399843763284622, 33.285592850521716 ], [ -116.399850974130061, 33.285605184883934 ], [ -116.399858118462262, 33.285617546376365 ], [ -116.3998651952122, 33.285629937705245 ], [ -116.399872205436438, 33.285642348950994 ], [ -116.39987915130996, 33.28565479634107 ], [ -116.399886027435457, 33.285667262750216 ], [ -116.399892839199396, 33.285679758992039 ], [ -116.399899582295021, 33.28569227785831 ], [ -116.399906258877166, 33.285704823854815 ], [ -116.399912867869276, 33.285717395179518 ], [ -116.399919408196041, 33.28572999093209 ], [ -116.399925882001597, 33.285742609306574 ], [ -116.399932288220057, 33.285755254812656 ], [ -116.39993862577316, 33.285767924746644 ], [ -116.399944893584291, 33.285780617306429 ], [ -116.399951097019652, 33.285793331583903 ], [ -116.399957231791134, 33.28580607119094 ], [ -116.399963293602866, 33.285818835231083 ], [ -116.399969291040435, 33.285831621890615 ], [ -116.399975219806308, 33.285844429371416 ], [ -116.399981075610782, 33.285857260383608 ], [ -116.399986867037867, 33.285870112211917 ], [ -116.399992588718078, 33.285882983961109 ], [ -116.399998239587092, 33.285895881042507 ], [ -116.400003821784367, 33.285908798945215 ], [ -116.40000933423461, 33.285921736768806 ], [ -116.400014779085083, 33.285934694510757 ], [ -116.400020150970917, 33.285947673980878 ], [ -116.400025455255374, 33.285960672467631 ], [ -116.400030689795855, 33.285973692678709 ], [ -116.400035852442031, 33.285986732813328 ], [ -116.400234410306254, 33.285941750546272 ], [ -116.400384958165077, 33.285955312545532 ], [ -116.400754621313538, 33.285894398606708 ], [ -116.400752393238136, 33.285879823889594 ], [ -116.400749746067305, 33.28586626406868 ], [ -116.400747303899365, 33.285852674243394 ], [ -116.400745072119108, 33.285839064325671 ], [ -116.400743045346104, 33.285825427108648 ], [ -116.400741228960683, 33.285811769799132 ], [ -116.40073961867455, 33.285798096009181 ], [ -116.400738217703676, 33.285784403029801 ], [ -116.400737026061975, 33.285770698976066 ], [ -116.400736042674211, 33.285756982947632 ], [ -116.40073526646826, 33.285743255847507 ], [ -116.400734702821197, 33.285729523079134 ], [ -116.400734502070534, 33.285722666965839 ], [ -116.400734269071023, 33.285708925680908 ], [ -116.40073427440521, 33.285695184106579 ], [ -116.400734512714507, 33.285681447659428 ], [ -116.400734986132008, 33.285667708221744 ], [ -116.40073569253363, 33.28565397932126 ], [ -116.400736634066519, 33.285640260955439 ], [ -116.400737811805641, 33.28562655402456 ], [ -116.400739221469024, 33.285612865747247 ], [ -116.400740863051922, 33.285599193418527 ], [ -116.400742740859314, 33.285585543344872 ], [ -116.40074485059526, 33.285571914629806 ], [ -116.400747190126552, 33.285558315390993 ], [ -116.400749764817832, 33.285544743818591 ], [ -116.400752569314974, 33.285531208034115 ], [ -116.400755604685372, 33.285517704429651 ], [ -116.400758870939768, 33.285504239316829 ], [ -116.400762368081104, 33.285490814498992 ], [ -116.400766091822774, 33.285477434489749 ], [ -116.400770045387048, 33.285464100186765 ], [ -116.400774223407396, 33.285450812498318 ], [ -116.400778631265538, 33.285437579532889 ], [ -116.400783262520065, 33.285424401298329 ], [ -116.400784235825995, 33.285421659917624 ], [ -116.400788712417679, 33.285408443098483 ], [ -116.400792845328596, 33.285395147348986 ], [ -116.400796628125079, 33.285381777185314 ], [ -116.400800062971513, 33.285368342523441 ], [ -116.40080314558007, 33.285354846975125 ], [ -116.400805877041478, 33.285341300457667 ], [ -116.400808256283881, 33.285327703874003 ], [ -116.400810281186708, 33.285314072555323 ], [ -116.400811949587478, 33.28530039748744 ], [ -116.400813260451599, 33.285286701213565 ], [ -116.400814215924797, 33.285272982829404 ], [ -116.400814813877204, 33.28525925225609 ], [ -116.40081505539338, 33.285245515803972 ], [ -116.400814936176161, 33.285231771674944 ], [ -116.400814464842213, 33.285218036088793 ], [ -116.4008136263664, 33.285204311768702 ], [ -116.400812441162188, 33.28519060770676 ], [ -116.40081089206511, 33.285176931137102 ], [ -116.400808990879923, 33.285163279340395 ], [ -116.400825115397708, 33.285025841355861 ], [ -116.400134356574938, 33.284842543409233 ], [ -116.399680376858527, 33.285346033915069 ] ] ] } },
{ "type": "Feature", "properties": { "apn": "1403300501", "apn_8": "14033005", "parcelid": 656392, "situs_address": 1669, "situs_street": "MONTEZUMA", "situs_suffix": "CT", "situs_post_dir": "", "situs_pre_dir": "", "subname": "DE ANZA VILLAS", "submap": "007135     ", "situs_community": "BORREGO SPRINGS", "situs_zip": "92004-4336" }, "geometry": { "type": "Polygon", "coordinates": [ [ [ -116.399680376858527, 33.285346033915069 ], [ -116.399685874487588, 33.285352233534319 ], [ -116.399694380075672, 33.285363972139322 ], [ -116.399702819161703, 33.285375744185977 ], [ -116.399711197111884, 33.285387548766174 ], [ -116.399719508555364, 33.28539938408305 ], [ -116.399727758864472, 33.285411252835125 ], [ -116.399735943734214, 33.285423148715921 ], [ -116.399744066394447, 33.285435077131567 ], [ -116.399752126842216, 33.285447036278811 ], [ -116.399760121856673, 33.285459026161405 ], [ -116.39976805143624, 33.285471045877841 ], [ -116.399775912361847, 33.285483096333593 ], [ -116.399783714293918, 33.285495176615314 ], [ -116.399791447565789, 33.285507284029762 ], [ -116.399799118626575, 33.285519423077474 ], [ -116.399806724246218, 33.285531588352313 ], [ -116.399814262286867, 33.285543785266931 ], [ -116.399821737033463, 33.285556008406125 ], [ -116.399829143125928, 33.285568262284755 ], [ -116.399836488069909, 33.285580541483704 ], [ -116.399843763284622, 33.285592850521716 ], [ -116.399850974130061, 33.285605184883934 ], [ -116.399858118462262, 33.285617546376365 ], [ -116.3998651952122, 33.285629937705245 ], [ -116.399872205436438, 33.285642348950994 ], [ -116.39987915130996, 33.28565479634107 ], [ -116.399886027435457, 33.285667262750216 ], [ -116.399892839199396, 33.285679758992039 ], [ -116.399899582295021, 33.28569227785831 ], [ -116.399906258877166, 33.285704823854815 ], [ -116.399912867869276, 33.285717395179518 ], [ -116.399919408196041, 33.28572999093209 ], [ -116.399925882001597, 33.285742609306574 ], [ -116.399932288220057, 33.285755254812656 ], [ -116.39993862577316, 33.285767924746644 ], [ -116.399944893584291, 33.285780617306429 ], [ -116.399951097019652, 33.285793331583903 ], [ -116.399957231791134, 33.28580607119094 ], [ -116.399963293602866, 33.285818835231083 ], [ -116.399969291040435, 33.285831621890615 ], [ -116.399975219806308, 33.285844429371416 ], [ -116.399981075610782, 33.285857260383608 ], [ -116.399986867037867, 33.285870112211917 ], [ -116.399992588718078, 33.285882983961109 ], [ -116.399998239587092, 33.285895881042507 ], [ -116.400003821784367, 33.285908798945215 ], [ -116.40000933423461, 33.285921736768806 ], [ -116.400014779085083, 33.285934694510757 ], [ -116.400020150970917, 33.285947673980878 ], [ -116.400025455255374, 33.285960672467631 ], [ -116.400030689795855, 33.285973692678709 ], [ -116.400035852442031, 33.285986732813328 ], [ -116.400234410306254, 33.285941750546272 ], [ -116.400384958165077, 33.285955312545532 ], [ -116.400754621313538, 33.285894398606708 ], [ -116.400752393238136, 33.285879823889594 ], [ -116.400749746067305, 33.28586626406868 ], [ -116.400747303899365, 33.285852674243394 ], [ -116.400745072119108, 33.285839064325671 ], [ -116.400743045346104, 33.285825427108648 ], [ -116.400741228960683, 33.285811769799132 ], [ -116.40073961867455, 33.285798096009181 ], [ -116.400738217703676, 33.285784403029801 ], [ -116.400737026061975, 33.285770698976066 ], [ -116.400736042674211, 33.285756982947632 ], [ -116.40073526646826, 33.285743255847507 ], [ -116.400734702821197, 33.285729523079134 ], [ -116.400734502070534, 33.285722666965839 ], [ -116.400734269071023, 33.285708925680908 ], [ -116.40073427440521, 33.285695184106579 ], [ -116.400734512714507, 33.285681447659428 ], [ -116.400734986132008, 33.285667708221744 ], [ -116.40073569253363, 33.28565397932126 ], [ -116.400736634066519, 33.285640260955439 ], [ -116.400737811805641, 33.28562655402456 ], [ -116.400739221469024, 33.285612865747247 ], [ -116.400740863051922, 33.285599193418527 ], [ -116.400742740859314, 33.285585543344872 ], [ -116.40074485059526, 33.285571914629806 ], [ -116.400747190126552, 33.285558315390993 ], [ -116.400749764817832, 33.285544743818591 ], [ -116.400752569314974, 33.285531208034115 ], [ -116.400755604685372, 33.285517704429651 ], [ -116.400758870939768, 33.285504239316829 ], [ -116.400762368081104, 33.285490814498992 ], [ -116.400766091822774, 33.285477434489749 ], [ -116.400770045387048, 33.285464100186765 ], [ -116.400774223407396, 33.285450812498318 ], [ -116.400778631265538, 33.285437579532889 ], [ -116.400783262520065, 33.285424401298329 ], [ -116.400784235825995, 33.285421659917624 ], [ -116.400788712417679, 33.285408443098483 ], [ -116.400792845328596, 33.285395147348986 ], [ -116.400796628125079, 33.285381777185314 ], [ -116.400800062971513, 33.285368342523441 ], [ -116.40080314558007, 33.285354846975125 ], [ -116.400805877041478, 33.285341300457667 ], [ -116.400808256283881, 33.285327703874003 ], [ -116.400810281186708, 33.285314072555323 ], [ -116.400811949587478, 33.28530039748744 ], [ -116.400813260451599, 33.285286701213565 ], [ -116.400814215924797, 33.285272982829404 ], [ -116.400814813877204, 33.28525925225609 ], [ -116.40081505539338, 33.285245515803972 ], [ -116.400814936176161, 33.285231771674944 ], [ -116.400814464842213, 33.285218036088793 ], [ -116.4008136263664, 33.285204311768702 ], [ -116.400812441162188, 33.28519060770676 ], [ -116.40081089206511, 33.285176931137102 ], [ -116.400808990879923, 33.285163279340395 ], [ -116.400825115397708, 33.285025841355861 ], [ -116.400134356574938, 33.284842543409233 ], [ -116.399680376858527, 33.285346033915069 ] ] ] } },
{ "type": "Feature", "properties": { "apn": "1403300506", "apn_8": "14033005", "parcelid": 656392, "situs_address": 1683, "situs_street": "MONTEZUMA", "situs_suffix": "CT", "situs_post_dir": "", "situs_pre_dir": "", "subname": "DE ANZA VILLAS", "submap": "007135     ", "situs_community": "BORREGO SPRINGS", "situs_zip": "92004-4336" }, "geometry": { "type": "Polygon", "coordinates": [ [ [ -116.399680376858527, 33.285346033915069 ], [ -116.399685874487588, 33.285352233534319 ], [ -116.399694380075672, 33.285363972139322 ], [ -116.399702819161703, 33.285375744185977 ], [ -116.399711197111884, 33.285387548766174 ], [ -116.399719508555364, 33.28539938408305 ], [ -116.399727758864472, 33.285411252835125 ], [ -116.399735943734214, 33.285423148715921 ], [ -116.399744066394447, 33.285435077131567 ], [ -116.399752126842216, 33.285447036278811 ], [ -116.399760121856673, 33.285459026161405 ], [ -116.39976805143624, 33.285471045877841 ], [ -116.399775912361847, 33.285483096333593 ], [ -116.399783714293918, 33.285495176615314 ], [ -116.399791447565789, 33.285507284029762 ], [ -116.399799118626575, 33.285519423077474 ], [ -116.399806724246218, 33.285531588352313 ], [ -116.399814262286867, 33.285543785266931 ], [ -116.399821737033463, 33.285556008406125 ], [ -116.399829143125928, 33.285568262284755 ], [ -116.399836488069909, 33.285580541483704 ], [ -116.399843763284622, 33.285592850521716 ], [ -116.399850974130061, 33.285605184883934 ], [ -116.399858118462262, 33.285617546376365 ], [ -116.3998651952122, 33.285629937705245 ], [ -116.399872205436438, 33.285642348950994 ], [ -116.39987915130996, 33.28565479634107 ], [ -116.399886027435457, 33.285667262750216 ], [ -116.399892839199396, 33.285679758992039 ], [ -116.399899582295021, 33.28569227785831 ], [ -116.399906258877166, 33.285704823854815 ], [ -116.399912867869276, 33.285717395179518 ], [ -116.399919408196041, 33.28572999093209 ], [ -116.399925882001597, 33.285742609306574 ], [ -116.399932288220057, 33.285755254812656 ], [ -116.39993862577316, 33.285767924746644 ], [ -116.399944893584291, 33.285780617306429 ], [ -116.399951097019652, 33.285793331583903 ], [ -116.399957231791134, 33.28580607119094 ], [ -116.399963293602866, 33.285818835231083 ], [ -116.399969291040435, 33.285831621890615 ], [ -116.399975219806308, 33.285844429371416 ], [ -116.399981075610782, 33.285857260383608 ], [ -116.399986867037867, 33.285870112211917 ], [ -116.399992588718078, 33.285882983961109 ], [ -116.399998239587092, 33.285895881042507 ], [ -116.400003821784367, 33.285908798945215 ], [ -116.40000933423461, 33.285921736768806 ], [ -116.400014779085083, 33.285934694510757 ], [ -116.400020150970917, 33.285947673980878 ], [ -116.400025455255374, 33.285960672467631 ], [ -116.400030689795855, 33.285973692678709 ], [ -116.400035852442031, 33.285986732813328 ], [ -116.400234410306254, 33.285941750546272 ], [ -116.400384958165077, 33.285955312545532 ], [ -116.400754621313538, 33.285894398606708 ], [ -116.400752393238136, 33.285879823889594 ], [ -116.400749746067305, 33.28586626406868 ], [ -116.400747303899365, 33.285852674243394 ], [ -116.400745072119108, 33.285839064325671 ], [ -116.400743045346104, 33.285825427108648 ], [ -116.400741228960683, 33.285811769799132 ], [ -116.40073961867455, 33.285798096009181 ], [ -116.400738217703676, 33.285784403029801 ], [ -116.400737026061975, 33.285770698976066 ], [ -116.400736042674211, 33.285756982947632 ], [ -116.40073526646826, 33.285743255847507 ], [ -116.400734702821197, 33.285729523079134 ], [ -116.400734502070534, 33.285722666965839 ], [ -116.400734269071023, 33.285708925680908 ], [ -116.40073427440521, 33.285695184106579 ], [ -116.400734512714507, 33.285681447659428 ], [ -116.400734986132008, 33.285667708221744 ], [ -116.40073569253363, 33.28565397932126 ], [ -116.400736634066519, 33.285640260955439 ], [ -116.400737811805641, 33.28562655402456 ], [ -116.400739221469024, 33.285612865747247 ], [ -116.400740863051922, 33.285599193418527 ], [ -116.400742740859314, 33.285585543344872 ], [ -116.40074485059526, 33.285571914629806 ], [ -116.400747190126552, 33.285558315390993 ], [ -116.400749764817832, 33.285544743818591 ], [ -116.400752569314974, 33.285531208034115 ], [ -116.400755604685372, 33.285517704429651 ], [ -116.400758870939768, 33.285504239316829 ], [ -116.400762368081104, 33.285490814498992 ], [ -116.400766091822774, 33.285477434489749 ], [ -116.400770045387048, 33.285464100186765 ], [ -116.400774223407396, 33.285450812498318 ], [ -116.400778631265538, 33.285437579532889 ], [ -116.400783262520065, 33.285424401298329 ], [ -116.400784235825995, 33.285421659917624 ], [ -116.400788712417679, 33.285408443098483 ], [ -116.400792845328596, 33.285395147348986 ], [ -116.400796628125079, 33.285381777185314 ], [ -116.400800062971513, 33.285368342523441 ], [ -116.40080314558007, 33.285354846975125 ], [ -116.400805877041478, 33.285341300457667 ], [ -116.400808256283881, 33.285327703874003 ], [ -116.400810281186708, 33.285314072555323 ], [ -116.400811949587478, 33.28530039748744 ], [ -116.400813260451599, 33.285286701213565 ], [ -116.400814215924797, 33.285272982829404 ], [ -116.400814813877204, 33.28525925225609 ], [ -116.40081505539338, 33.285245515803972 ], [ -116.400814936176161, 33.285231771674944 ], [ -116.400814464842213, 33.285218036088793 ], [ -116.4008136263664, 33.285204311768702 ], [ -116.400812441162188, 33.28519060770676 ], [ -116.40081089206511, 33.285176931137102 ], [ -116.400808990879923, 33.285163279340395 ], [ -116.400825115397708, 33.285025841355861 ], [ -116.400134356574938, 33.284842543409233 ], [ -116.399680376858527, 33.285346033915069 ] ] ] } },
{ "type": "Feature", "properties": { "apn": "1403300509", "apn_8": "14033005", "parcelid": 656392, "situs_address": 1691, "situs_street": "MONTEZUMA", "situs_suffix": "CT", "situs_post_dir": "", "situs_pre_dir": "", "subname": "DE ANZA VILLAS", "submap": "007135     ", "situs_community": "BORREGO SPRINGS", "situs_zip": "92004-4336" }, "geometry": { "type": "Polygon", "coordinates": [ [ [ -116.399680376858527, 33.285346033915069 ], [ -116.399685874487588, 33.285352233534319 ], [ -116.399694380075672, 33.285363972139322 ], [ -116.399702819161703, 33.285375744185977 ], [ -116.399711197111884, 33.285387548766174 ], [ -116.399719508555364, 33.28539938408305 ], [ -116.399727758864472, 33.285411252835125 ], [ -116.399735943734214, 33.285423148715921 ], [ -116.399744066394447, 33.285435077131567 ], [ -116.399752126842216, 33.285447036278811 ], [ -116.399760121856673, 33.285459026161405 ], [ -116.39976805143624, 33.285471045877841 ], [ -116.399775912361847, 33.285483096333593 ], [ -116.399783714293918, 33.285495176615314 ], [ -116.399791447565789, 33.285507284029762 ], [ -116.399799118626575, 33.285519423077474 ], [ -116.399806724246218, 33.285531588352313 ], [ -116.399814262286867, 33.285543785266931 ], [ -116.399821737033463, 33.285556008406125 ], [ -116.399829143125928, 33.285568262284755 ], [ -116.399836488069909, 33.285580541483704 ], [ -116.399843763284622, 33.285592850521716 ], [ -116.399850974130061, 33.285605184883934 ], [ -116.399858118462262, 33.285617546376365 ], [ -116.3998651952122, 33.285629937705245 ], [ -116.399872205436438, 33.285642348950994 ], [ -116.39987915130996, 33.28565479634107 ], [ -116.399886027435457, 33.285667262750216 ], [ -116.399892839199396, 33.285679758992039 ], [ -116.399899582295021, 33.28569227785831 ], [ -116.399906258877166, 33.285704823854815 ], [ -116.399912867869276, 33.285717395179518 ], [ -116.399919408196041, 33.28572999093209 ], [ -116.399925882001597, 33.285742609306574 ], [ -116.399932288220057, 33.285755254812656 ], [ -116.39993862577316, 33.285767924746644 ], [ -116.399944893584291, 33.285780617306429 ], [ -116.399951097019652, 33.285793331583903 ], [ -116.399957231791134, 33.28580607119094 ], [ -116.399963293602866, 33.285818835231083 ], [ -116.399969291040435, 33.285831621890615 ], [ -116.399975219806308, 33.285844429371416 ], [ -116.399981075610782, 33.285857260383608 ], [ -116.399986867037867, 33.285870112211917 ], [ -116.399992588718078, 33.285882983961109 ], [ -116.399998239587092, 33.285895881042507 ], [ -116.400003821784367, 33.285908798945215 ], [ -116.40000933423461, 33.285921736768806 ], [ -116.400014779085083, 33.285934694510757 ], [ -116.400020150970917, 33.285947673980878 ], [ -116.400025455255374, 33.285960672467631 ], [ -116.400030689795855, 33.285973692678709 ], [ -116.400035852442031, 33.285986732813328 ], [ -116.400234410306254, 33.285941750546272 ], [ -116.400384958165077, 33.285955312545532 ], [ -116.400754621313538, 33.285894398606708 ], [ -116.400752393238136, 33.285879823889594 ], [ -116.400749746067305, 33.28586626406868 ], [ -116.400747303899365, 33.285852674243394 ], [ -116.400745072119108, 33.285839064325671 ], [ -116.400743045346104, 33.285825427108648 ], [ -116.400741228960683, 33.285811769799132 ], [ -116.40073961867455, 33.285798096009181 ], [ -116.400738217703676, 33.285784403029801 ], [ -116.400737026061975, 33.285770698976066 ], [ -116.400736042674211, 33.285756982947632 ], [ -116.40073526646826, 33.285743255847507 ], [ -116.400734702821197, 33.285729523079134 ], [ -116.400734502070534, 33.285722666965839 ], [ -116.400734269071023, 33.285708925680908 ], [ -116.40073427440521, 33.285695184106579 ], [ -116.400734512714507, 33.285681447659428 ], [ -116.400734986132008, 33.285667708221744 ], [ -116.40073569253363, 33.28565397932126 ], [ -116.400736634066519, 33.285640260955439 ], [ -116.400737811805641, 33.28562655402456 ], [ -116.400739221469024, 33.285612865747247 ], [ -116.400740863051922, 33.285599193418527 ], [ -116.400742740859314, 33.285585543344872 ], [ -116.40074485059526, 33.285571914629806 ], [ -116.400747190126552, 33.285558315390993 ], [ -116.400749764817832, 33.285544743818591 ], [ -116.400752569314974, 33.285531208034115 ], [ -116.400755604685372, 33.285517704429651 ], [ -116.400758870939768, 33.285504239316829 ], [ -116.400762368081104, 33.285490814498992 ], [ -116.400766091822774, 33.285477434489749 ], [ -116.400770045387048, 33.285464100186765 ], [ -116.400774223407396, 33.285450812498318 ], [ -116.400778631265538, 33.285437579532889 ], [ -116.400783262520065, 33.285424401298329 ], [ -116.400784235825995, 33.285421659917624 ], [ -116.400788712417679, 33.285408443098483 ], [ -116.400792845328596, 33.285395147348986 ], [ -116.400796628125079, 33.285381777185314 ], [ -116.400800062971513, 33.285368342523441 ], [ -116.40080314558007, 33.285354846975125 ], [ -116.400805877041478, 33.285341300457667 ], [ -116.400808256283881, 33.285327703874003 ], [ -116.400810281186708, 33.285314072555323 ], [ -116.400811949587478, 33.28530039748744 ], [ -116.400813260451599, 33.285286701213565 ], [ -116.400814215924797, 33.285272982829404 ], [ -116.400814813877204, 33.28525925225609 ], [ -116.40081505539338, 33.285245515803972 ], [ -116.400814936176161, 33.285231771674944 ], [ -116.400814464842213, 33.285218036088793 ], [ -116.4008136263664, 33.285204311768702 ], [ -116.400812441162188, 33.28519060770676 ], [ -116.40081089206511, 33.285176931137102 ], [ -116.400808990879923, 33.285163279340395 ], [ -116.400825115397708, 33.285025841355861 ], [ -116.400134356574938, 33.284842543409233 ], [ -116.399680376858527, 33.285346033915069 ] ] ] } },
{ "type": "Feature", "properties": { "apn": "1403300503", "apn_8": "14033005", "parcelid": 656392, "situs_address": 1675, "situs_street": "MONTEZUMA", "situs_suffix": "CT", "situs_post_dir": "", "situs_pre_dir": "", "subname": "DE ANZA VILLAS", "submap": "007135     ", "situs_community": "BORREGO SPRINGS", "situs_zip": "92004-4336" }, "geometry": { "type": "Polygon", "coordinates": [ [ [ -116.399680376858527, 33.285346033915069 ], [ -116.399685874487588, 33.285352233534319 ], [ -116.399694380075672, 33.285363972139322 ], [ -116.399702819161703, 33.285375744185977 ], [ -116.399711197111884, 33.285387548766174 ], [ -116.399719508555364, 33.28539938408305 ], [ -116.399727758864472, 33.285411252835125 ], [ -116.399735943734214, 33.285423148715921 ], [ -116.399744066394447, 33.285435077131567 ], [ -116.399752126842216, 33.285447036278811 ], [ -116.399760121856673, 33.285459026161405 ], [ -116.39976805143624, 33.285471045877841 ], [ -116.399775912361847, 33.285483096333593 ], [ -116.399783714293918, 33.285495176615314 ], [ -116.399791447565789, 33.285507284029762 ], [ -116.399799118626575, 33.285519423077474 ], [ -116.399806724246218, 33.285531588352313 ], [ -116.399814262286867, 33.285543785266931 ], [ -116.399821737033463, 33.285556008406125 ], [ -116.399829143125928, 33.285568262284755 ], [ -116.399836488069909, 33.285580541483704 ], [ -116.399843763284622, 33.285592850521716 ], [ -116.399850974130061, 33.285605184883934 ], [ -116.399858118462262, 33.285617546376365 ], [ -116.3998651952122, 33.285629937705245 ], [ -116.399872205436438, 33.285642348950994 ], [ -116.39987915130996, 33.28565479634107 ], [ -116.399886027435457, 33.285667262750216 ], [ -116.399892839199396, 33.285679758992039 ], [ -116.399899582295021, 33.28569227785831 ], [ -116.399906258877166, 33.285704823854815 ], [ -116.399912867869276, 33.285717395179518 ], [ -116.399919408196041, 33.28572999093209 ], [ -116.399925882001597, 33.285742609306574 ], [ -116.399932288220057, 33.285755254812656 ], [ -116.39993862577316, 33.285767924746644 ], [ -116.399944893584291, 33.285780617306429 ], [ -116.399951097019652, 33.285793331583903 ], [ -116.399957231791134, 33.28580607119094 ], [ -116.399963293602866, 33.285818835231083 ], [ -116.399969291040435, 33.285831621890615 ], [ -116.399975219806308, 33.285844429371416 ], [ -116.399981075610782, 33.285857260383608 ], [ -116.399986867037867, 33.285870112211917 ], [ -116.399992588718078, 33.285882983961109 ], [ -116.399998239587092, 33.285895881042507 ], [ -116.400003821784367, 33.285908798945215 ], [ -116.40000933423461, 33.285921736768806 ], [ -116.400014779085083, 33.285934694510757 ], [ -116.400020150970917, 33.285947673980878 ], [ -116.400025455255374, 33.285960672467631 ], [ -116.400030689795855, 33.285973692678709 ], [ -116.400035852442031, 33.285986732813328 ], [ -116.400234410306254, 33.285941750546272 ], [ -116.400384958165077, 33.285955312545532 ], [ -116.400754621313538, 33.285894398606708 ], [ -116.400752393238136, 33.285879823889594 ], [ -116.400749746067305, 33.28586626406868 ], [ -116.400747303899365, 33.285852674243394 ], [ -116.400745072119108, 33.285839064325671 ], [ -116.400743045346104, 33.285825427108648 ], [ -116.400741228960683, 33.285811769799132 ], [ -116.40073961867455, 33.285798096009181 ], [ -116.400738217703676, 33.285784403029801 ], [ -116.400737026061975, 33.285770698976066 ], [ -116.400736042674211, 33.285756982947632 ], [ -116.40073526646826, 33.285743255847507 ], [ -116.400734702821197, 33.285729523079134 ], [ -116.400734502070534, 33.285722666965839 ], [ -116.400734269071023, 33.285708925680908 ], [ -116.40073427440521, 33.285695184106579 ], [ -116.400734512714507, 33.285681447659428 ], [ -116.400734986132008, 33.285667708221744 ], [ -116.40073569253363, 33.28565397932126 ], [ -116.400736634066519, 33.285640260955439 ], [ -116.400737811805641, 33.28562655402456 ], [ -116.400739221469024, 33.285612865747247 ], [ -116.400740863051922, 33.285599193418527 ], [ -116.400742740859314, 33.285585543344872 ], [ -116.40074485059526, 33.285571914629806 ], [ -116.400747190126552, 33.285558315390993 ], [ -116.400749764817832, 33.285544743818591 ], [ -116.400752569314974, 33.285531208034115 ], [ -116.400755604685372, 33.285517704429651 ], [ -116.400758870939768, 33.285504239316829 ], [ -116.400762368081104, 33.285490814498992 ], [ -116.400766091822774, 33.285477434489749 ], [ -116.400770045387048, 33.285464100186765 ], [ -116.400774223407396, 33.285450812498318 ], [ -116.400778631265538, 33.285437579532889 ], [ -116.400783262520065, 33.285424401298329 ], [ -116.400784235825995, 33.285421659917624 ], [ -116.400788712417679, 33.285408443098483 ], [ -116.400792845328596, 33.285395147348986 ], [ -116.400796628125079, 33.285381777185314 ], [ -116.400800062971513, 33.285368342523441 ], [ -116.40080314558007, 33.285354846975125 ], [ -116.400805877041478, 33.285341300457667 ], [ -116.400808256283881, 33.285327703874003 ], [ -116.400810281186708, 33.285314072555323 ], [ -116.400811949587478, 33.28530039748744 ], [ -116.400813260451599, 33.285286701213565 ], [ -116.400814215924797, 33.285272982829404 ], [ -116.400814813877204, 33.28525925225609 ], [ -116.40081505539338, 33.285245515803972 ], [ -116.400814936176161, 33.285231771674944 ], [ -116.400814464842213, 33.285218036088793 ], [ -116.4008136263664, 33.285204311768702 ], [ -116.400812441162188, 33.28519060770676 ], [ -116.40081089206511, 33.285176931137102 ], [ -116.400808990879923, 33.285163279340395 ], [ -116.400825115397708, 33.285025841355861 ], [ -116.400134356574938, 33.284842543409233 ], [ -116.399680376858527, 33.285346033915069 ] ] ] } },
{ "type": "Feature", "properties": { "apn": "1402641018", "apn_8": "14026410", "parcelid": 656424, "situs_address": 202, "situs_street": "POINTING ROCK", "situs_suffix": "DR", "situs_post_dir": "", "situs_pre_dir": "", "subname": "DE ANZA VILLAS #2", "submap": "008386     ", "situs_community": "BORREGO SPRINGS", "situs_zip": "92004-4342" }, "geometry": { "type": "Polygon", "coordinates": [ [ [ -116.39568933059104, 33.284045330796033 ], [ -116.396370508781501, 33.284379823846614 ], [ -116.397466751587089, 33.284408757965899 ], [ -116.397931554937273, 33.284496151926781 ], [ -116.398372792508241, 33.284193309921406 ], [ -116.398414585909208, 33.283753528794648 ], [ -116.397376112555094, 33.283048447345948 ], [ -116.397379273712858, 33.282982484044602 ], [ -116.395615550944257, 33.28296807546193 ], [ -116.395625394830816, 33.28298455380191 ], [ -116.395630730462727, 33.282997536214125 ], [ -116.395634240712894, 33.28301094906449 ], [ -116.395635880196295, 33.283024614775933 ], [ -116.395635621761699, 33.283038345831223 ], [ -116.395633477993826, 33.283051963683413 ], [ -116.395628804089711, 33.283066999236304 ], [ -116.395623380614083, 33.283079956398886 ], [ -116.395616359857272, 33.283092361804478 ], [ -116.395607815659403, 33.283104074704475 ], [ -116.395597850862856, 33.283114964234684 ], [ -116.395586574772622, 33.283124912146633 ], [ -116.395574109577623, 33.283133801078719 ], [ -116.395560594682848, 33.283141537092462 ], [ -116.395546185610073, 33.283148034345949 ], [ -116.395531041116939, 33.283153216010042 ], [ -116.395515330729538, 33.283157025080079 ], [ -116.395499229368852, 33.28315942077537 ], [ -116.395482915201939, 33.283160377639852 ], [ -116.395466573931927, 33.283159882832507 ], [ -116.395450382698769, 33.283157938850721 ], [ -116.395434530495038, 33.283154574326893 ], [ -116.395419185921725, 33.283149821524034 ], [ -116.395404526204132, 33.283143734335475 ], [ -116.395390711422024, 33.283136385609843 ], [ -116.395375422964023, 33.283129864545394 ], [ -116.395359775899394, 33.283125903762688 ], [ -116.39534356255551, 33.283124215869421 ], [ -116.395327238188443, 33.283124845416324 ], [ -116.395311275132272, 33.283127777423701 ], [ -116.395296127357256, 33.283132928405934 ], [ -116.395130860549443, 33.283186831971832 ], [ -116.395279468377581, 33.283529167725021 ], [ -116.395652271422861, 33.283405017979739 ], [ -116.39568933059104, 33.284045330796033 ] ] ] } },
{ "type": "Feature", "properties": { "apn": "1402641026", "apn_8": "14026410", "parcelid": 656424, "situs_address": 202, "situs_street": "POINTING ROCK", "situs_suffix": "DR", "situs_post_dir": "", "situs_pre_dir": "", "subname": "DE ANZA VILLAS #2", "submap": "008386     ", "situs_community": "BORREGO SPRINGS", "situs_zip": "92004-4342" }, "geometry": { "type": "Polygon", "coordinates": [ [ [ -116.39568933059104, 33.284045330796033 ], [ -116.396370508781501, 33.284379823846614 ], [ -116.397466751587089, 33.284408757965899 ], [ -116.397931554937273, 33.284496151926781 ], [ -116.398372792508241, 33.284193309921406 ], [ -116.398414585909208, 33.283753528794648 ], [ -116.397376112555094, 33.283048447345948 ], [ -116.397379273712858, 33.282982484044602 ], [ -116.395615550944257, 33.28296807546193 ], [ -116.395625394830816, 33.28298455380191 ], [ -116.395630730462727, 33.282997536214125 ], [ -116.395634240712894, 33.28301094906449 ], [ -116.395635880196295, 33.283024614775933 ], [ -116.395635621761699, 33.283038345831223 ], [ -116.395633477993826, 33.283051963683413 ], [ -116.395628804089711, 33.283066999236304 ], [ -116.395623380614083, 33.283079956398886 ], [ -116.395616359857272, 33.283092361804478 ], [ -116.395607815659403, 33.283104074704475 ], [ -116.395597850862856, 33.283114964234684 ], [ -116.395586574772622, 33.283124912146633 ], [ -116.395574109577623, 33.283133801078719 ], [ -116.395560594682848, 33.283141537092462 ], [ -116.395546185610073, 33.283148034345949 ], [ -116.395531041116939, 33.283153216010042 ], [ -116.395515330729538, 33.283157025080079 ], [ -116.395499229368852, 33.28315942077537 ], [ -116.395482915201939, 33.283160377639852 ], [ -116.395466573931927, 33.283159882832507 ], [ -116.395450382698769, 33.283157938850721 ], [ -116.395434530495038, 33.283154574326893 ], [ -116.395419185921725, 33.283149821524034 ], [ -116.395404526204132, 33.283143734335475 ], [ -116.395390711422024, 33.283136385609843 ], [ -116.395375422964023, 33.283129864545394 ], [ -116.395359775899394, 33.283125903762688 ], [ -116.39534356255551, 33.283124215869421 ], [ -116.395327238188443, 33.283124845416324 ], [ -116.395311275132272, 33.283127777423701 ], [ -116.395296127357256, 33.283132928405934 ], [ -116.395130860549443, 33.283186831971832 ], [ -116.395279468377581, 33.283529167725021 ], [ -116.395652271422861, 33.283405017979739 ], [ -116.39568933059104, 33.284045330796033 ] ] ] } },
{ "type": "Feature", "properties": { "apn": "1402641008", "apn_8": "14026410", "parcelid": 656424, "situs_address": 202, "situs_street": "POINTING ROCK", "situs_suffix": "DR", "situs_post_dir": "", "situs_pre_dir": "", "subname": "DE ANZA VILLAS #2", "submap": "008386     ", "situs_community": "BORREGO SPRINGS", "situs_zip": "92004-4342" }, "geometry": { "type": "Polygon", "coordinates": [ [ [ -116.39568933059104, 33.284045330796033 ], [ -116.396370508781501, 33.284379823846614 ], [ -116.397466751587089, 33.284408757965899 ], [ -116.397931554937273, 33.284496151926781 ], [ -116.398372792508241, 33.284193309921406 ], [ -116.398414585909208, 33.283753528794648 ], [ -116.397376112555094, 33.283048447345948 ], [ -116.397379273712858, 33.282982484044602 ], [ -116.395615550944257, 33.28296807546193 ], [ -116.395625394830816, 33.28298455380191 ], [ -116.395630730462727, 33.282997536214125 ], [ -116.395634240712894, 33.28301094906449 ], [ -116.395635880196295, 33.283024614775933 ], [ -116.395635621761699, 33.283038345831223 ], [ -116.395633477993826, 33.283051963683413 ], [ -116.395628804089711, 33.283066999236304 ], [ -116.395623380614083, 33.283079956398886 ], [ -116.395616359857272, 33.283092361804478 ], [ -116.395607815659403, 33.283104074704475 ], [ -116.395597850862856, 33.283114964234684 ], [ -116.395586574772622, 33.283124912146633 ], [ -116.395574109577623, 33.283133801078719 ], [ -116.395560594682848, 33.283141537092462 ], [ -116.395546185610073, 33.283148034345949 ], [ -116.395531041116939, 33.283153216010042 ], [ -116.395515330729538, 33.283157025080079 ], [ -116.395499229368852, 33.28315942077537 ], [ -116.395482915201939, 33.283160377639852 ], [ -116.395466573931927, 33.283159882832507 ], [ -116.395450382698769, 33.283157938850721 ], [ -116.395434530495038, 33.283154574326893 ], [ -116.395419185921725, 33.283149821524034 ], [ -116.395404526204132, 33.283143734335475 ], [ -116.395390711422024, 33.283136385609843 ], [ -116.395375422964023, 33.283129864545394 ], [ -116.395359775899394, 33.283125903762688 ], [ -116.39534356255551, 33.283124215869421 ], [ -116.395327238188443, 33.283124845416324 ], [ -116.395311275132272, 33.283127777423701 ], [ -116.395296127357256, 33.283132928405934 ], [ -116.395130860549443, 33.283186831971832 ], [ -116.395279468377581, 33.283529167725021 ], [ -116.395652271422861, 33.283405017979739 ], [ -116.39568933059104, 33.284045330796033 ] ] ] } },
{ "type": "Feature", "properties": { "apn": "1402641010", "apn_8": "14026410", "parcelid": 656424, "situs_address": 202, "situs_street": "POINTING ROCK", "situs_suffix": "DR", "situs_post_dir": "", "situs_pre_dir": "", "subname": "DE ANZA VILLAS #2", "submap": "008386     ", "situs_community": "BORREGO SPRINGS", "situs_zip": "92004-4342" }, "geometry": { "type": "Polygon", "coordinates": [ [ [ -116.39568933059104, 33.284045330796033 ], [ -116.396370508781501, 33.284379823846614 ], [ -116.397466751587089, 33.284408757965899 ], [ -116.397931554937273, 33.284496151926781 ], [ -116.398372792508241, 33.284193309921406 ], [ -116.398414585909208, 33.283753528794648 ], [ -116.397376112555094, 33.283048447345948 ], [ -116.397379273712858, 33.282982484044602 ], [ -116.395615550944257, 33.28296807546193 ], [ -116.395625394830816, 33.28298455380191 ], [ -116.395630730462727, 33.282997536214125 ], [ -116.395634240712894, 33.28301094906449 ], [ -116.395635880196295, 33.283024614775933 ], [ -116.395635621761699, 33.283038345831223 ], [ -116.395633477993826, 33.283051963683413 ], [ -116.395628804089711, 33.283066999236304 ], [ -116.395623380614083, 33.283079956398886 ], [ -116.395616359857272, 33.283092361804478 ], [ -116.395607815659403, 33.283104074704475 ], [ -116.395597850862856, 33.283114964234684 ], [ -116.395586574772622, 33.283124912146633 ], [ -116.395574109577623, 33.283133801078719 ], [ -116.395560594682848, 33.283141537092462 ], [ -116.395546185610073, 33.283148034345949 ], [ -116.395531041116939, 33.283153216010042 ], [ -116.395515330729538, 33.283157025080079 ], [ -116.395499229368852, 33.28315942077537 ], [ -116.395482915201939, 33.283160377639852 ], [ -116.395466573931927, 33.283159882832507 ], [ -116.395450382698769, 33.283157938850721 ], [ -116.395434530495038, 33.283154574326893 ], [ -116.395419185921725, 33.283149821524034 ], [ -116.395404526204132, 33.283143734335475 ], [ -116.395390711422024, 33.283136385609843 ], [ -116.395375422964023, 33.283129864545394 ], [ -116.395359775899394, 33.283125903762688 ], [ -116.39534356255551, 33.283124215869421 ], [ -116.395327238188443, 33.283124845416324 ], [ -116.395311275132272, 33.283127777423701 ], [ -116.395296127357256, 33.283132928405934 ], [ -116.395130860549443, 33.283186831971832 ], [ -116.395279468377581, 33.283529167725021 ], [ -116.395652271422861, 33.283405017979739 ], [ -116.39568933059104, 33.284045330796033 ] ] ] } },
{ "type": "Feature", "properties": { "apn": "1402641013", "apn_8": "14026410", "parcelid": 656424, "situs_address": 202, "situs_street": "POINTING ROCK", "situs_suffix": "DR", "situs_post_dir": "", "situs_pre_dir": "", "subname": "DE ANZA VILLAS #2", "submap": "008386     ", "situs_community": "BORREGO SPRINGS", "situs_zip": "92004-4342" }, "geometry": { "type": "Polygon", "coordinates": [ [ [ -116.39568933059104, 33.284045330796033 ], [ -116.396370508781501, 33.284379823846614 ], [ -116.397466751587089, 33.284408757965899 ], [ -116.397931554937273, 33.284496151926781 ], [ -116.398372792508241, 33.284193309921406 ], [ -116.398414585909208, 33.283753528794648 ], [ -116.397376112555094, 33.283048447345948 ], [ -116.397379273712858, 33.282982484044602 ], [ -116.395615550944257, 33.28296807546193 ], [ -116.395625394830816, 33.28298455380191 ], [ -116.395630730462727, 33.282997536214125 ], [ -116.395634240712894, 33.28301094906449 ], [ -116.395635880196295, 33.283024614775933 ], [ -116.395635621761699, 33.283038345831223 ], [ -116.395633477993826, 33.283051963683413 ], [ -116.395628804089711, 33.283066999236304 ], [ -116.395623380614083, 33.283079956398886 ], [ -116.395616359857272, 33.283092361804478 ], [ -116.395607815659403, 33.283104074704475 ], [ -116.395597850862856, 33.283114964234684 ], [ -116.395586574772622, 33.283124912146633 ], [ -116.395574109577623, 33.283133801078719 ], [ -116.395560594682848, 33.283141537092462 ], [ -116.395546185610073, 33.283148034345949 ], [ -116.395531041116939, 33.283153216010042 ], [ -116.395515330729538, 33.283157025080079 ], [ -116.395499229368852, 33.28315942077537 ], [ -116.395482915201939, 33.283160377639852 ], [ -116.395466573931927, 33.283159882832507 ], [ -116.395450382698769, 33.283157938850721 ], [ -116.395434530495038, 33.283154574326893 ], [ -116.395419185921725, 33.283149821524034 ], [ -116.395404526204132, 33.283143734335475 ], [ -116.395390711422024, 33.283136385609843 ], [ -116.395375422964023, 33.283129864545394 ], [ -116.395359775899394, 33.283125903762688 ], [ -116.39534356255551, 33.283124215869421 ], [ -116.395327238188443, 33.283124845416324 ], [ -116.395311275132272, 33.283127777423701 ], [ -116.395296127357256, 33.283132928405934 ], [ -116.395130860549443, 33.283186831971832 ], [ -116.395279468377581, 33.283529167725021 ], [ -116.395652271422861, 33.283405017979739 ], [ -116.39568933059104, 33.284045330796033 ] ] ] } },
{ "type": "Feature", "properties": { "apn": "1402641029", "apn_8": "14026410", "parcelid": 656424, "situs_address": 202, "situs_street": "POINTING ROCK", "situs_suffix": "DR", "situs_post_dir": "", "situs_pre_dir": "", "subname": "DE ANZA VILLAS #2", "submap": "008386     ", "situs_community": "BORREGO SPRINGS", "situs_zip": "92004-4342" }, "geometry": { "type": "Polygon", "coordinates": [ [ [ -116.39568933059104, 33.284045330796033 ], [ -116.396370508781501, 33.284379823846614 ], [ -116.397466751587089, 33.284408757965899 ], [ -116.397931554937273, 33.284496151926781 ], [ -116.398372792508241, 33.284193309921406 ], [ -116.398414585909208, 33.283753528794648 ], [ -116.397376112555094, 33.283048447345948 ], [ -116.397379273712858, 33.282982484044602 ], [ -116.395615550944257, 33.28296807546193 ], [ -116.395625394830816, 33.28298455380191 ], [ -116.395630730462727, 33.282997536214125 ], [ -116.395634240712894, 33.28301094906449 ], [ -116.395635880196295, 33.283024614775933 ], [ -116.395635621761699, 33.283038345831223 ], [ -116.395633477993826, 33.283051963683413 ], [ -116.395628804089711, 33.283066999236304 ], [ -116.395623380614083, 33.283079956398886 ], [ -116.395616359857272, 33.283092361804478 ], [ -116.395607815659403, 33.283104074704475 ], [ -116.395597850862856, 33.283114964234684 ], [ -116.395586574772622, 33.283124912146633 ], [ -116.395574109577623, 33.283133801078719 ], [ -116.395560594682848, 33.283141537092462 ], [ -116.395546185610073, 33.283148034345949 ], [ -116.395531041116939, 33.283153216010042 ], [ -116.395515330729538, 33.283157025080079 ], [ -116.395499229368852, 33.28315942077537 ], [ -116.395482915201939, 33.283160377639852 ], [ -116.395466573931927, 33.283159882832507 ], [ -116.395450382698769, 33.283157938850721 ], [ -116.395434530495038, 33.283154574326893 ], [ -116.395419185921725, 33.283149821524034 ], [ -116.395404526204132, 33.283143734335475 ], [ -116.395390711422024, 33.283136385609843 ], [ -116.395375422964023, 33.283129864545394 ], [ -116.395359775899394, 33.283125903762688 ], [ -116.39534356255551, 33.283124215869421 ], [ -116.395327238188443, 33.283124845416324 ], [ -116.395311275132272, 33.283127777423701 ], [ -116.395296127357256, 33.283132928405934 ], [ -116.395130860549443, 33.283186831971832 ], [ -116.395279468377581, 33.283529167725021 ], [ -116.395652271422861, 33.283405017979739 ], [ -116.39568933059104, 33.284045330796033 ] ] ] } },
{ "type": "Feature", "properties": { "apn": "1402641006", "apn_8": "14026410", "parcelid": 656424, "situs_address": 202, "situs_street": "POINTING ROCK", "situs_suffix": "DR", "situs_post_dir": "", "situs_pre_dir": "", "subname": "DE ANZA VILLAS #2", "submap": "008386     ", "situs_community": "BORREGO SPRINGS", "situs_zip": "92004-4342" }, "geometry": { "type": "Polygon", "coordinates": [ [ [ -116.39568933059104, 33.284045330796033 ], [ -116.396370508781501, 33.284379823846614 ], [ -116.397466751587089, 33.284408757965899 ], [ -116.397931554937273, 33.284496151926781 ], [ -116.398372792508241, 33.284193309921406 ], [ -116.398414585909208, 33.283753528794648 ], [ -116.397376112555094, 33.283048447345948 ], [ -116.397379273712858, 33.282982484044602 ], [ -116.395615550944257, 33.28296807546193 ], [ -116.395625394830816, 33.28298455380191 ], [ -116.395630730462727, 33.282997536214125 ], [ -116.395634240712894, 33.28301094906449 ], [ -116.395635880196295, 33.283024614775933 ], [ -116.395635621761699, 33.283038345831223 ], [ -116.395633477993826, 33.283051963683413 ], [ -116.395628804089711, 33.283066999236304 ], [ -116.395623380614083, 33.283079956398886 ], [ -116.395616359857272, 33.283092361804478 ], [ -116.395607815659403, 33.283104074704475 ], [ -116.395597850862856, 33.283114964234684 ], [ -116.395586574772622, 33.283124912146633 ], [ -116.395574109577623, 33.283133801078719 ], [ -116.395560594682848, 33.283141537092462 ], [ -116.395546185610073, 33.283148034345949 ], [ -116.395531041116939, 33.283153216010042 ], [ -116.395515330729538, 33.283157025080079 ], [ -116.395499229368852, 33.28315942077537 ], [ -116.395482915201939, 33.283160377639852 ], [ -116.395466573931927, 33.283159882832507 ], [ -116.395450382698769, 33.283157938850721 ], [ -116.395434530495038, 33.283154574326893 ], [ -116.395419185921725, 33.283149821524034 ], [ -116.395404526204132, 33.283143734335475 ], [ -116.395390711422024, 33.283136385609843 ], [ -116.395375422964023, 33.283129864545394 ], [ -116.395359775899394, 33.283125903762688 ], [ -116.39534356255551, 33.283124215869421 ], [ -116.395327238188443, 33.283124845416324 ], [ -116.395311275132272, 33.283127777423701 ], [ -116.395296127357256, 33.283132928405934 ], [ -116.395130860549443, 33.283186831971832 ], [ -116.395279468377581, 33.283529167725021 ], [ -116.395652271422861, 33.283405017979739 ], [ -116.39568933059104, 33.284045330796033 ] ] ] } },
{ "type": "Feature", "properties": { "apn": "1402641019", "apn_8": "14026410", "parcelid": 656424, "situs_address": 202, "situs_street": "POINTING ROCK", "situs_suffix": "DR", "situs_post_dir": "", "situs_pre_dir": "", "subname": "DE ANZA VILLAS #2", "submap": "008386     ", "situs_community": "BORREGO SPRINGS", "situs_zip": "92004-4342" }, "geometry": { "type": "Polygon", "coordinates": [ [ [ -116.39568933059104, 33.284045330796033 ], [ -116.396370508781501, 33.284379823846614 ], [ -116.397466751587089, 33.284408757965899 ], [ -116.397931554937273, 33.284496151926781 ], [ -116.398372792508241, 33.284193309921406 ], [ -116.398414585909208, 33.283753528794648 ], [ -116.397376112555094, 33.283048447345948 ], [ -116.397379273712858, 33.282982484044602 ], [ -116.395615550944257, 33.28296807546193 ], [ -116.395625394830816, 33.28298455380191 ], [ -116.395630730462727, 33.282997536214125 ], [ -116.395634240712894, 33.28301094906449 ], [ -116.395635880196295, 33.283024614775933 ], [ -116.395635621761699, 33.283038345831223 ], [ -116.395633477993826, 33.283051963683413 ], [ -116.395628804089711, 33.283066999236304 ], [ -116.395623380614083, 33.283079956398886 ], [ -116.395616359857272, 33.283092361804478 ], [ -116.395607815659403, 33.283104074704475 ], [ -116.395597850862856, 33.283114964234684 ], [ -116.395586574772622, 33.283124912146633 ], [ -116.395574109577623, 33.283133801078719 ], [ -116.395560594682848, 33.283141537092462 ], [ -116.395546185610073, 33.283148034345949 ], [ -116.395531041116939, 33.283153216010042 ], [ -116.395515330729538, 33.283157025080079 ], [ -116.395499229368852, 33.28315942077537 ], [ -116.395482915201939, 33.283160377639852 ], [ -116.395466573931927, 33.283159882832507 ], [ -116.395450382698769, 33.283157938850721 ], [ -116.395434530495038, 33.283154574326893 ], [ -116.395419185921725, 33.283149821524034 ], [ -116.395404526204132, 33.283143734335475 ], [ -116.395390711422024, 33.283136385609843 ], [ -116.395375422964023, 33.283129864545394 ], [ -116.395359775899394, 33.283125903762688 ], [ -116.39534356255551, 33.283124215869421 ], [ -116.395327238188443, 33.283124845416324 ], [ -116.395311275132272, 33.283127777423701 ], [ -116.395296127357256, 33.283132928405934 ], [ -116.395130860549443, 33.283186831971832 ], [ -116.395279468377581, 33.283529167725021 ], [ -116.395652271422861, 33.283405017979739 ], [ -116.39568933059104, 33.284045330796033 ] ] ] } },
{ "type": "Feature", "properties": { "apn": "1402641023", "apn_8": "14026410", "parcelid": 656424, "situs_address": 202, "situs_street": "POINTING ROCK", "situs_suffix": "DR", "situs_post_dir": "", "situs_pre_dir": "", "subname": "DE ANZA VILLAS #2", "submap": "008386     ", "situs_community": "BORREGO SPRINGS", "situs_zip": "92004-4342" }, "geometry": { "type": "Polygon", "coordinates": [ [ [ -116.39568933059104, 33.284045330796033 ], [ -116.396370508781501, 33.284379823846614 ], [ -116.397466751587089, 33.284408757965899 ], [ -116.397931554937273, 33.284496151926781 ], [ -116.398372792508241, 33.284193309921406 ], [ -116.398414585909208, 33.283753528794648 ], [ -116.397376112555094, 33.283048447345948 ], [ -116.397379273712858, 33.282982484044602 ], [ -116.395615550944257, 33.28296807546193 ], [ -116.395625394830816, 33.28298455380191 ], [ -116.395630730462727, 33.282997536214125 ], [ -116.395634240712894, 33.28301094906449 ], [ -116.395635880196295, 33.283024614775933 ], [ -116.395635621761699, 33.283038345831223 ], [ -116.395633477993826, 33.283051963683413 ], [ -116.395628804089711, 33.283066999236304 ], [ -116.395623380614083, 33.283079956398886 ], [ -116.395616359857272, 33.283092361804478 ], [ -116.395607815659403, 33.283104074704475 ], [ -116.395597850862856, 33.283114964234684 ], [ -116.395586574772622, 33.283124912146633 ], [ -116.395574109577623, 33.283133801078719 ], [ -116.395560594682848, 33.283141537092462 ], [ -116.395546185610073, 33.283148034345949 ], [ -116.395531041116939, 33.283153216010042 ], [ -116.395515330729538, 33.283157025080079 ], [ -116.395499229368852, 33.28315942077537 ], [ -116.395482915201939, 33.283160377639852 ], [ -116.395466573931927, 33.283159882832507 ], [ -116.395450382698769, 33.283157938850721 ], [ -116.395434530495038, 33.283154574326893 ], [ -116.395419185921725, 33.283149821524034 ], [ -116.395404526204132, 33.283143734335475 ], [ -116.395390711422024, 33.283136385609843 ], [ -116.395375422964023, 33.283129864545394 ], [ -116.395359775899394, 33.283125903762688 ], [ -116.39534356255551, 33.283124215869421 ], [ -116.395327238188443, 33.283124845416324 ], [ -116.395311275132272, 33.283127777423701 ], [ -116.395296127357256, 33.283132928405934 ], [ -116.395130860549443, 33.283186831971832 ], [ -116.395279468377581, 33.283529167725021 ], [ -116.395652271422861, 33.283405017979739 ], [ -116.39568933059104, 33.284045330796033 ] ] ] } },
{ "type": "Feature", "properties": { "apn": "1402641032", "apn_8": "14026410", "parcelid": 656424, "situs_address": 202, "situs_street": "POINTING ROCK", "situs_suffix": "DR", "situs_post_dir": "", "situs_pre_dir": "", "subname": "DE ANZA VILLAS #2", "submap": "008386     ", "situs_community": "BORREGO SPRINGS", "situs_zip": "92004-4342" }, "geometry": { "type": "Polygon", "coordinates": [ [ [ -116.39568933059104, 33.284045330796033 ], [ -116.396370508781501, 33.284379823846614 ], [ -116.397466751587089, 33.284408757965899 ], [ -116.397931554937273, 33.284496151926781 ], [ -116.398372792508241, 33.284193309921406 ], [ -116.398414585909208, 33.283753528794648 ], [ -116.397376112555094, 33.283048447345948 ], [ -116.397379273712858, 33.282982484044602 ], [ -116.395615550944257, 33.28296807546193 ], [ -116.395625394830816, 33.28298455380191 ], [ -116.395630730462727, 33.282997536214125 ], [ -116.395634240712894, 33.28301094906449 ], [ -116.395635880196295, 33.283024614775933 ], [ -116.395635621761699, 33.283038345831223 ], [ -116.395633477993826, 33.283051963683413 ], [ -116.395628804089711, 33.283066999236304 ], [ -116.395623380614083, 33.283079956398886 ], [ -116.395616359857272, 33.283092361804478 ], [ -116.395607815659403, 33.283104074704475 ], [ -116.395597850862856, 33.283114964234684 ], [ -116.395586574772622, 33.283124912146633 ], [ -116.395574109577623, 33.283133801078719 ], [ -116.395560594682848, 33.283141537092462 ], [ -116.395546185610073, 33.283148034345949 ], [ -116.395531041116939, 33.283153216010042 ], [ -116.395515330729538, 33.283157025080079 ], [ -116.395499229368852, 33.28315942077537 ], [ -116.395482915201939, 33.283160377639852 ], [ -116.395466573931927, 33.283159882832507 ], [ -116.395450382698769, 33.283157938850721 ], [ -116.395434530495038, 33.283154574326893 ], [ -116.395419185921725, 33.283149821524034 ], [ -116.395404526204132, 33.283143734335475 ], [ -116.395390711422024, 33.283136385609843 ], [ -116.395375422964023, 33.283129864545394 ], [ -116.395359775899394, 33.283125903762688 ], [ -116.39534356255551, 33.283124215869421 ], [ -116.395327238188443, 33.283124845416324 ], [ -116.395311275132272, 33.283127777423701 ], [ -116.395296127357256, 33.283132928405934 ], [ -116.395130860549443, 33.283186831971832 ], [ -116.395279468377581, 33.283529167725021 ], [ -116.395652271422861, 33.283405017979739 ], [ -116.39568933059104, 33.284045330796033 ] ] ] } },
{ "type": "Feature", "properties": { "apn": "1402641002", "apn_8": "14026410", "parcelid": 656424, "situs_address": 202, "situs_street": "POINTING ROCK", "situs_suffix": "DR", "situs_post_dir": "", "situs_pre_dir": "", "subname": "DE ANZA VILLAS #2", "submap": "008386     ", "situs_community": "BORREGO SPRINGS", "situs_zip": "92004-4342" }, "geometry": { "type": "Polygon", "coordinates": [ [ [ -116.39568933059104, 33.284045330796033 ], [ -116.396370508781501, 33.284379823846614 ], [ -116.397466751587089, 33.284408757965899 ], [ -116.397931554937273, 33.284496151926781 ], [ -116.398372792508241, 33.284193309921406 ], [ -116.398414585909208, 33.283753528794648 ], [ -116.397376112555094, 33.283048447345948 ], [ -116.397379273712858, 33.282982484044602 ], [ -116.395615550944257, 33.28296807546193 ], [ -116.395625394830816, 33.28298455380191 ], [ -116.395630730462727, 33.282997536214125 ], [ -116.395634240712894, 33.28301094906449 ], [ -116.395635880196295, 33.283024614775933 ], [ -116.395635621761699, 33.283038345831223 ], [ -116.395633477993826, 33.283051963683413 ], [ -116.395628804089711, 33.283066999236304 ], [ -116.395623380614083, 33.283079956398886 ], [ -116.395616359857272, 33.283092361804478 ], [ -116.395607815659403, 33.283104074704475 ], [ -116.395597850862856, 33.283114964234684 ], [ -116.395586574772622, 33.283124912146633 ], [ -116.395574109577623, 33.283133801078719 ], [ -116.395560594682848, 33.283141537092462 ], [ -116.395546185610073, 33.283148034345949 ], [ -116.395531041116939, 33.283153216010042 ], [ -116.395515330729538, 33.283157025080079 ], [ -116.395499229368852, 33.28315942077537 ], [ -116.395482915201939, 33.283160377639852 ], [ -116.395466573931927, 33.283159882832507 ], [ -116.395450382698769, 33.283157938850721 ], [ -116.395434530495038, 33.283154574326893 ], [ -116.395419185921725, 33.283149821524034 ], [ -116.395404526204132, 33.283143734335475 ], [ -116.395390711422024, 33.283136385609843 ], [ -116.395375422964023, 33.283129864545394 ], [ -116.395359775899394, 33.283125903762688 ], [ -116.39534356255551, 33.283124215869421 ], [ -116.395327238188443, 33.283124845416324 ], [ -116.395311275132272, 33.283127777423701 ], [ -116.395296127357256, 33.283132928405934 ], [ -116.395130860549443, 33.283186831971832 ], [ -116.395279468377581, 33.283529167725021 ], [ -116.395652271422861, 33.283405017979739 ], [ -116.39568933059104, 33.284045330796033 ] ] ] } },
{ "type": "Feature", "properties": { "apn": "1402641011", "apn_8": "14026410", "parcelid": 656424, "situs_address": 202, "situs_street": "POINTING ROCK", "situs_suffix": "DR", "situs_post_dir": "", "situs_pre_dir": "", "subname": "DE ANZA VILLAS #2", "submap": "008386     ", "situs_community": "BORREGO SPRINGS", "situs_zip": "92004-4342" }, "geometry": { "type": "Polygon", "coordinates": [ [ [ -116.39568933059104, 33.284045330796033 ], [ -116.396370508781501, 33.284379823846614 ], [ -116.397466751587089, 33.284408757965899 ], [ -116.397931554937273, 33.284496151926781 ], [ -116.398372792508241, 33.284193309921406 ], [ -116.398414585909208, 33.283753528794648 ], [ -116.397376112555094, 33.283048447345948 ], [ -116.397379273712858, 33.282982484044602 ], [ -116.395615550944257, 33.28296807546193 ], [ -116.395625394830816, 33.28298455380191 ], [ -116.395630730462727, 33.282997536214125 ], [ -116.395634240712894, 33.28301094906449 ], [ -116.395635880196295, 33.283024614775933 ], [ -116.395635621761699, 33.283038345831223 ], [ -116.395633477993826, 33.283051963683413 ], [ -116.395628804089711, 33.283066999236304 ], [ -116.395623380614083, 33.283079956398886 ], [ -116.395616359857272, 33.283092361804478 ], [ -116.395607815659403, 33.283104074704475 ], [ -116.395597850862856, 33.283114964234684 ], [ -116.395586574772622, 33.283124912146633 ], [ -116.395574109577623, 33.283133801078719 ], [ -116.395560594682848, 33.283141537092462 ], [ -116.395546185610073, 33.283148034345949 ], [ -116.395531041116939, 33.283153216010042 ], [ -116.395515330729538, 33.283157025080079 ], [ -116.395499229368852, 33.28315942077537 ], [ -116.395482915201939, 33.283160377639852 ], [ -116.395466573931927, 33.283159882832507 ], [ -116.395450382698769, 33.283157938850721 ], [ -116.395434530495038, 33.283154574326893 ], [ -116.395419185921725, 33.283149821524034 ], [ -116.395404526204132, 33.283143734335475 ], [ -116.395390711422024, 33.283136385609843 ], [ -116.395375422964023, 33.283129864545394 ], [ -116.395359775899394, 33.283125903762688 ], [ -116.39534356255551, 33.283124215869421 ], [ -116.395327238188443, 33.283124845416324 ], [ -116.395311275132272, 33.283127777423701 ], [ -116.395296127357256, 33.283132928405934 ], [ -116.395130860549443, 33.283186831971832 ], [ -116.395279468377581, 33.283529167725021 ], [ -116.395652271422861, 33.283405017979739 ], [ -116.39568933059104, 33.284045330796033 ] ] ] } },
{ "type": "Feature", "properties": { "apn": "1402641015", "apn_8": "14026410", "parcelid": 656424, "situs_address": 202, "situs_street": "POINTING ROCK", "situs_suffix": "DR", "situs_post_dir": "", "situs_pre_dir": "", "subname": "DE ANZA VILLAS #2", "submap": "008386     ", "situs_community": "BORREGO SPRINGS", "situs_zip": "92004-4342" }, "geometry": { "type": "Polygon", "coordinates": [ [ [ -116.39568933059104, 33.284045330796033 ], [ -116.396370508781501, 33.284379823846614 ], [ -116.397466751587089, 33.284408757965899 ], [ -116.397931554937273, 33.284496151926781 ], [ -116.398372792508241, 33.284193309921406 ], [ -116.398414585909208, 33.283753528794648 ], [ -116.397376112555094, 33.283048447345948 ], [ -116.397379273712858, 33.282982484044602 ], [ -116.395615550944257, 33.28296807546193 ], [ -116.395625394830816, 33.28298455380191 ], [ -116.395630730462727, 33.282997536214125 ], [ -116.395634240712894, 33.28301094906449 ], [ -116.395635880196295, 33.283024614775933 ], [ -116.395635621761699, 33.283038345831223 ], [ -116.395633477993826, 33.283051963683413 ], [ -116.395628804089711, 33.283066999236304 ], [ -116.395623380614083, 33.283079956398886 ], [ -116.395616359857272, 33.283092361804478 ], [ -116.395607815659403, 33.283104074704475 ], [ -116.395597850862856, 33.283114964234684 ], [ -116.395586574772622, 33.283124912146633 ], [ -116.395574109577623, 33.283133801078719 ], [ -116.395560594682848, 33.283141537092462 ], [ -116.395546185610073, 33.283148034345949 ], [ -116.395531041116939, 33.283153216010042 ], [ -116.395515330729538, 33.283157025080079 ], [ -116.395499229368852, 33.28315942077537 ], [ -116.395482915201939, 33.283160377639852 ], [ -116.395466573931927, 33.283159882832507 ], [ -116.395450382698769, 33.283157938850721 ], [ -116.395434530495038, 33.283154574326893 ], [ -116.395419185921725, 33.283149821524034 ], [ -116.395404526204132, 33.283143734335475 ], [ -116.395390711422024, 33.283136385609843 ], [ -116.395375422964023, 33.283129864545394 ], [ -116.395359775899394, 33.283125903762688 ], [ -116.39534356255551, 33.283124215869421 ], [ -116.395327238188443, 33.283124845416324 ], [ -116.395311275132272, 33.283127777423701 ], [ -116.395296127357256, 33.283132928405934 ], [ -116.395130860549443, 33.283186831971832 ], [ -116.395279468377581, 33.283529167725021 ], [ -116.395652271422861, 33.283405017979739 ], [ -116.39568933059104, 33.284045330796033 ] ] ] } },
{ "type": "Feature", "properties": { "apn": "1402641020", "apn_8": "14026410", "parcelid": 656424, "situs_address": 202, "situs_street": "POINTING ROCK", "situs_suffix": "DR", "situs_post_dir": "", "situs_pre_dir": "", "subname": "DE ANZA VILLAS #2", "submap": "008386     ", "situs_community": "BORREGO SPRINGS", "situs_zip": "92004-4342" }, "geometry": { "type": "Polygon", "coordinates": [ [ [ -116.39568933059104, 33.284045330796033 ], [ -116.396370508781501, 33.284379823846614 ], [ -116.397466751587089, 33.284408757965899 ], [ -116.397931554937273, 33.284496151926781 ], [ -116.398372792508241, 33.284193309921406 ], [ -116.398414585909208, 33.283753528794648 ], [ -116.397376112555094, 33.283048447345948 ], [ -116.397379273712858, 33.282982484044602 ], [ -116.395615550944257, 33.28296807546193 ], [ -116.395625394830816, 33.28298455380191 ], [ -116.395630730462727, 33.282997536214125 ], [ -116.395634240712894, 33.28301094906449 ], [ -116.395635880196295, 33.283024614775933 ], [ -116.395635621761699, 33.283038345831223 ], [ -116.395633477993826, 33.283051963683413 ], [ -116.395628804089711, 33.283066999236304 ], [ -116.395623380614083, 33.283079956398886 ], [ -116.395616359857272, 33.283092361804478 ], [ -116.395607815659403, 33.283104074704475 ], [ -116.395597850862856, 33.283114964234684 ], [ -116.395586574772622, 33.283124912146633 ], [ -116.395574109577623, 33.283133801078719 ], [ -116.395560594682848, 33.283141537092462 ], [ -116.395546185610073, 33.283148034345949 ], [ -116.395531041116939, 33.283153216010042 ], [ -116.395515330729538, 33.283157025080079 ], [ -116.395499229368852, 33.28315942077537 ], [ -116.395482915201939, 33.283160377639852 ], [ -116.395466573931927, 33.283159882832507 ], [ -116.395450382698769, 33.283157938850721 ], [ -116.395434530495038, 33.283154574326893 ], [ -116.395419185921725, 33.283149821524034 ], [ -116.395404526204132, 33.283143734335475 ], [ -116.395390711422024, 33.283136385609843 ], [ -116.395375422964023, 33.283129864545394 ], [ -116.395359775899394, 33.283125903762688 ], [ -116.39534356255551, 33.283124215869421 ], [ -116.395327238188443, 33.283124845416324 ], [ -116.395311275132272, 33.283127777423701 ], [ -116.395296127357256, 33.283132928405934 ], [ -116.395130860549443, 33.283186831971832 ], [ -116.395279468377581, 33.283529167725021 ], [ -116.395652271422861, 33.283405017979739 ], [ -116.39568933059104, 33.284045330796033 ] ] ] } },
{ "type": "Feature", "properties": { "apn": "1402641030", "apn_8": "14026410", "parcelid": 656424, "situs_address": 202, "situs_street": "POINTING ROCK", "situs_suffix": "DR", "situs_post_dir": "", "situs_pre_dir": "", "subname": "DE ANZA VILLAS #2", "submap": "008386     ", "situs_community": "BORREGO SPRINGS", "situs_zip": "92004-4342" }, "geometry": { "type": "Polygon", "coordinates": [ [ [ -116.39568933059104, 33.284045330796033 ], [ -116.396370508781501, 33.284379823846614 ], [ -116.397466751587089, 33.284408757965899 ], [ -116.397931554937273, 33.284496151926781 ], [ -116.398372792508241, 33.284193309921406 ], [ -116.398414585909208, 33.283753528794648 ], [ -116.397376112555094, 33.283048447345948 ], [ -116.397379273712858, 33.282982484044602 ], [ -116.395615550944257, 33.28296807546193 ], [ -116.395625394830816, 33.28298455380191 ], [ -116.395630730462727, 33.282997536214125 ], [ -116.395634240712894, 33.28301094906449 ], [ -116.395635880196295, 33.283024614775933 ], [ -116.395635621761699, 33.283038345831223 ], [ -116.395633477993826, 33.283051963683413 ], [ -116.395628804089711, 33.283066999236304 ], [ -116.395623380614083, 33.283079956398886 ], [ -116.395616359857272, 33.283092361804478 ], [ -116.395607815659403, 33.283104074704475 ], [ -116.395597850862856, 33.283114964234684 ], [ -116.395586574772622, 33.283124912146633 ], [ -116.395574109577623, 33.283133801078719 ], [ -116.395560594682848, 33.283141537092462 ], [ -116.395546185610073, 33.283148034345949 ], [ -116.395531041116939, 33.283153216010042 ], [ -116.395515330729538, 33.283157025080079 ], [ -116.395499229368852, 33.28315942077537 ], [ -116.395482915201939, 33.283160377639852 ], [ -116.395466573931927, 33.283159882832507 ], [ -116.395450382698769, 33.283157938850721 ], [ -116.395434530495038, 33.283154574326893 ], [ -116.395419185921725, 33.283149821524034 ], [ -116.395404526204132, 33.283143734335475 ], [ -116.395390711422024, 33.283136385609843 ], [ -116.395375422964023, 33.283129864545394 ], [ -116.395359775899394, 33.283125903762688 ], [ -116.39534356255551, 33.283124215869421 ], [ -116.395327238188443, 33.283124845416324 ], [ -116.395311275132272, 33.283127777423701 ], [ -116.395296127357256, 33.283132928405934 ], [ -116.395130860549443, 33.283186831971832 ], [ -116.395279468377581, 33.283529167725021 ], [ -116.395652271422861, 33.283405017979739 ], [ -116.39568933059104, 33.284045330796033 ] ] ] } },
{ "type": "Feature", "properties": { "apn": "1402641012", "apn_8": "14026410", "parcelid": 656424, "situs_address": 202, "situs_street": "POINTING ROCK", "situs_suffix": "DR", "situs_post_dir": "", "situs_pre_dir": "", "subname": "DE ANZA VILLAS #2", "submap": "008386     ", "situs_community": "BORREGO SPRINGS", "situs_zip": "92004-4342" }, "geometry": { "type": "Polygon", "coordinates": [ [ [ -116.39568933059104, 33.284045330796033 ], [ -116.396370508781501, 33.284379823846614 ], [ -116.397466751587089, 33.284408757965899 ], [ -116.397931554937273, 33.284496151926781 ], [ -116.398372792508241, 33.284193309921406 ], [ -116.398414585909208, 33.283753528794648 ], [ -116.397376112555094, 33.283048447345948 ], [ -116.397379273712858, 33.282982484044602 ], [ -116.395615550944257, 33.28296807546193 ], [ -116.395625394830816, 33.28298455380191 ], [ -116.395630730462727, 33.282997536214125 ], [ -116.395634240712894, 33.28301094906449 ], [ -116.395635880196295, 33.283024614775933 ], [ -116.395635621761699, 33.283038345831223 ], [ -116.395633477993826, 33.283051963683413 ], [ -116.395628804089711, 33.283066999236304 ], [ -116.395623380614083, 33.283079956398886 ], [ -116.395616359857272, 33.283092361804478 ], [ -116.395607815659403, 33.283104074704475 ], [ -116.395597850862856, 33.283114964234684 ], [ -116.395586574772622, 33.283124912146633 ], [ -116.395574109577623, 33.283133801078719 ], [ -116.395560594682848, 33.283141537092462 ], [ -116.395546185610073, 33.283148034345949 ], [ -116.395531041116939, 33.283153216010042 ], [ -116.395515330729538, 33.283157025080079 ], [ -116.395499229368852, 33.28315942077537 ], [ -116.395482915201939, 33.283160377639852 ], [ -116.395466573931927, 33.283159882832507 ], [ -116.395450382698769, 33.283157938850721 ], [ -116.395434530495038, 33.283154574326893 ], [ -116.395419185921725, 33.283149821524034 ], [ -116.395404526204132, 33.283143734335475 ], [ -116.395390711422024, 33.283136385609843 ], [ -116.395375422964023, 33.283129864545394 ], [ -116.395359775899394, 33.283125903762688 ], [ -116.39534356255551, 33.283124215869421 ], [ -116.395327238188443, 33.283124845416324 ], [ -116.395311275132272, 33.283127777423701 ], [ -116.395296127357256, 33.283132928405934 ], [ -116.395130860549443, 33.283186831971832 ], [ -116.395279468377581, 33.283529167725021 ], [ -116.395652271422861, 33.283405017979739 ], [ -116.39568933059104, 33.284045330796033 ] ] ] } },
{ "type": "Feature", "properties": { "apn": "1402641017", "apn_8": "14026410", "parcelid": 656424, "situs_address": 202, "situs_street": "POINTING ROCK", "situs_suffix": "DR", "situs_post_dir": "", "situs_pre_dir": "", "subname": "DE ANZA VILLAS #2", "submap": "008386     ", "situs_community": "BORREGO SPRINGS", "situs_zip": "92004-4342" }, "geometry": { "type": "Polygon", "coordinates": [ [ [ -116.39568933059104, 33.284045330796033 ], [ -116.396370508781501, 33.284379823846614 ], [ -116.397466751587089, 33.284408757965899 ], [ -116.397931554937273, 33.284496151926781 ], [ -116.398372792508241, 33.284193309921406 ], [ -116.398414585909208, 33.283753528794648 ], [ -116.397376112555094, 33.283048447345948 ], [ -116.397379273712858, 33.282982484044602 ], [ -116.395615550944257, 33.28296807546193 ], [ -116.395625394830816, 33.28298455380191 ], [ -116.395630730462727, 33.282997536214125 ], [ -116.395634240712894, 33.28301094906449 ], [ -116.395635880196295, 33.283024614775933 ], [ -116.395635621761699, 33.283038345831223 ], [ -116.395633477993826, 33.283051963683413 ], [ -116.395628804089711, 33.283066999236304 ], [ -116.395623380614083, 33.283079956398886 ], [ -116.395616359857272, 33.283092361804478 ], [ -116.395607815659403, 33.283104074704475 ], [ -116.395597850862856, 33.283114964234684 ], [ -116.395586574772622, 33.283124912146633 ], [ -116.395574109577623, 33.283133801078719 ], [ -116.395560594682848, 33.283141537092462 ], [ -116.395546185610073, 33.283148034345949 ], [ -116.395531041116939, 33.283153216010042 ], [ -116.395515330729538, 33.283157025080079 ], [ -116.395499229368852, 33.28315942077537 ], [ -116.395482915201939, 33.283160377639852 ], [ -116.395466573931927, 33.283159882832507 ], [ -116.395450382698769, 33.283157938850721 ], [ -116.395434530495038, 33.283154574326893 ], [ -116.395419185921725, 33.283149821524034 ], [ -116.395404526204132, 33.283143734335475 ], [ -116.395390711422024, 33.283136385609843 ], [ -116.395375422964023, 33.283129864545394 ], [ -116.395359775899394, 33.283125903762688 ], [ -116.39534356255551, 33.283124215869421 ], [ -116.395327238188443, 33.283124845416324 ], [ -116.395311275132272, 33.283127777423701 ], [ -116.395296127357256, 33.283132928405934 ], [ -116.395130860549443, 33.283186831971832 ], [ -116.395279468377581, 33.283529167725021 ], [ -116.395652271422861, 33.283405017979739 ], [ -116.39568933059104, 33.284045330796033 ] ] ] } },
{ "type": "Feature", "properties": { "apn": "1402641024", "apn_8": "14026410", "parcelid": 656424, "situs_address": 202, "situs_street": "POINTING ROCK", "situs_suffix": "DR", "situs_post_dir": "", "situs_pre_dir": "", "subname": "DE ANZA VILLAS #2", "submap": "008386     ", "situs_community": "BORREGO SPRINGS", "situs_zip": "92004-4342" }, "geometry": { "type": "Polygon", "coordinates": [ [ [ -116.39568933059104, 33.284045330796033 ], [ -116.396370508781501, 33.284379823846614 ], [ -116.397466751587089, 33.284408757965899 ], [ -116.397931554937273, 33.284496151926781 ], [ -116.398372792508241, 33.284193309921406 ], [ -116.398414585909208, 33.283753528794648 ], [ -116.397376112555094, 33.283048447345948 ], [ -116.397379273712858, 33.282982484044602 ], [ -116.395615550944257, 33.28296807546193 ], [ -116.395625394830816, 33.28298455380191 ], [ -116.395630730462727, 33.282997536214125 ], [ -116.395634240712894, 33.28301094906449 ], [ -116.395635880196295, 33.283024614775933 ], [ -116.395635621761699, 33.283038345831223 ], [ -116.395633477993826, 33.283051963683413 ], [ -116.395628804089711, 33.283066999236304 ], [ -116.395623380614083, 33.283079956398886 ], [ -116.395616359857272, 33.283092361804478 ], [ -116.395607815659403, 33.283104074704475 ], [ -116.395597850862856, 33.283114964234684 ], [ -116.395586574772622, 33.283124912146633 ], [ -116.395574109577623, 33.283133801078719 ], [ -116.395560594682848, 33.283141537092462 ], [ -116.395546185610073, 33.283148034345949 ], [ -116.395531041116939, 33.283153216010042 ], [ -116.395515330729538, 33.283157025080079 ], [ -116.395499229368852, 33.28315942077537 ], [ -116.395482915201939, 33.283160377639852 ], [ -116.395466573931927, 33.283159882832507 ], [ -116.395450382698769, 33.283157938850721 ], [ -116.395434530495038, 33.283154574326893 ], [ -116.395419185921725, 33.283149821524034 ], [ -116.395404526204132, 33.283143734335475 ], [ -116.395390711422024, 33.283136385609843 ], [ -116.395375422964023, 33.283129864545394 ], [ -116.395359775899394, 33.283125903762688 ], [ -116.39534356255551, 33.283124215869421 ], [ -116.395327238188443, 33.283124845416324 ], [ -116.395311275132272, 33.283127777423701 ], [ -116.395296127357256, 33.283132928405934 ], [ -116.395130860549443, 33.283186831971832 ], [ -116.395279468377581, 33.283529167725021 ], [ -116.395652271422861, 33.283405017979739 ], [ -116.39568933059104, 33.284045330796033 ] ] ] } },
{ "type": "Feature", "properties": { "apn": "1402641005", "apn_8": "14026410", "parcelid": 656424, "situs_address": 202, "situs_street": "POINTING ROCK", "situs_suffix": "DR", "situs_post_dir": "", "situs_pre_dir": "", "subname": "DE ANZA VILLAS #2", "submap": "008386     ", "situs_community": "BORREGO SPRINGS", "situs_zip": "92004-4342" }, "geometry": { "type": "Polygon", "coordinates": [ [ [ -116.39568933059104, 33.284045330796033 ], [ -116.396370508781501, 33.284379823846614 ], [ -116.397466751587089, 33.284408757965899 ], [ -116.397931554937273, 33.284496151926781 ], [ -116.398372792508241, 33.284193309921406 ], [ -116.398414585909208, 33.283753528794648 ], [ -116.397376112555094, 33.283048447345948 ], [ -116.397379273712858, 33.282982484044602 ], [ -116.395615550944257, 33.28296807546193 ], [ -116.395625394830816, 33.28298455380191 ], [ -116.395630730462727, 33.282997536214125 ], [ -116.395634240712894, 33.28301094906449 ], [ -116.395635880196295, 33.283024614775933 ], [ -116.395635621761699, 33.283038345831223 ], [ -116.395633477993826, 33.283051963683413 ], [ -116.395628804089711, 33.283066999236304 ], [ -116.395623380614083, 33.283079956398886 ], [ -116.395616359857272, 33.283092361804478 ], [ -116.395607815659403, 33.283104074704475 ], [ -116.395597850862856, 33.283114964234684 ], [ -116.395586574772622, 33.283124912146633 ], [ -116.395574109577623, 33.283133801078719 ], [ -116.395560594682848, 33.283141537092462 ], [ -116.395546185610073, 33.283148034345949 ], [ -116.395531041116939, 33.283153216010042 ], [ -116.395515330729538, 33.283157025080079 ], [ -116.395499229368852, 33.28315942077537 ], [ -116.395482915201939, 33.283160377639852 ], [ -116.395466573931927, 33.283159882832507 ], [ -116.395450382698769, 33.283157938850721 ], [ -116.395434530495038, 33.283154574326893 ], [ -116.395419185921725, 33.283149821524034 ], [ -116.395404526204132, 33.283143734335475 ], [ -116.395390711422024, 33.283136385609843 ], [ -116.395375422964023, 33.283129864545394 ], [ -116.395359775899394, 33.283125903762688 ], [ -116.39534356255551, 33.283124215869421 ], [ -116.395327238188443, 33.283124845416324 ], [ -116.395311275132272, 33.283127777423701 ], [ -116.395296127357256, 33.283132928405934 ], [ -116.395130860549443, 33.283186831971832 ], [ -116.395279468377581, 33.283529167725021 ], [ -116.395652271422861, 33.283405017979739 ], [ -116.39568933059104, 33.284045330796033 ] ] ] } },
{ "type": "Feature", "properties": { "apn": "1402641009", "apn_8": "14026410", "parcelid": 656424, "situs_address": 202, "situs_street": "POINTING ROCK", "situs_suffix": "DR", "situs_post_dir": "", "situs_pre_dir": "", "subname": "DE ANZA VILLAS #2", "submap": "008386     ", "situs_community": "BORREGO SPRINGS", "situs_zip": "92004-4342" }, "geometry": { "type": "Polygon", "coordinates": [ [ [ -116.39568933059104, 33.284045330796033 ], [ -116.396370508781501, 33.284379823846614 ], [ -116.397466751587089, 33.284408757965899 ], [ -116.397931554937273, 33.284496151926781 ], [ -116.398372792508241, 33.284193309921406 ], [ -116.398414585909208, 33.283753528794648 ], [ -116.397376112555094, 33.283048447345948 ], [ -116.397379273712858, 33.282982484044602 ], [ -116.395615550944257, 33.28296807546193 ], [ -116.395625394830816, 33.28298455380191 ], [ -116.395630730462727, 33.282997536214125 ], [ -116.395634240712894, 33.28301094906449 ], [ -116.395635880196295, 33.283024614775933 ], [ -116.395635621761699, 33.283038345831223 ], [ -116.395633477993826, 33.283051963683413 ], [ -116.395628804089711, 33.283066999236304 ], [ -116.395623380614083, 33.283079956398886 ], [ -116.395616359857272, 33.283092361804478 ], [ -116.395607815659403, 33.283104074704475 ], [ -116.395597850862856, 33.283114964234684 ], [ -116.395586574772622, 33.283124912146633 ], [ -116.395574109577623, 33.283133801078719 ], [ -116.395560594682848, 33.283141537092462 ], [ -116.395546185610073, 33.283148034345949 ], [ -116.395531041116939, 33.283153216010042 ], [ -116.395515330729538, 33.283157025080079 ], [ -116.395499229368852, 33.28315942077537 ], [ -116.395482915201939, 33.283160377639852 ], [ -116.395466573931927, 33.283159882832507 ], [ -116.395450382698769, 33.283157938850721 ], [ -116.395434530495038, 33.283154574326893 ], [ -116.395419185921725, 33.283149821524034 ], [ -116.395404526204132, 33.283143734335475 ], [ -116.395390711422024, 33.283136385609843 ], [ -116.395375422964023, 33.283129864545394 ], [ -116.395359775899394, 33.283125903762688 ], [ -116.39534356255551, 33.283124215869421 ], [ -116.395327238188443, 33.283124845416324 ], [ -116.395311275132272, 33.283127777423701 ], [ -116.395296127357256, 33.283132928405934 ], [ -116.395130860549443, 33.283186831971832 ], [ -116.395279468377581, 33.283529167725021 ], [ -116.395652271422861, 33.283405017979739 ], [ -116.39568933059104, 33.284045330796033 ] ] ] } },
{ "type": "Feature", "properties": { "apn": "1402641014", "apn_8": "14026410", "parcelid": 656424, "situs_address": 202, "situs_street": "POINTING ROCK", "situs_suffix": "DR", "situs_post_dir": "", "situs_pre_dir": "", "subname": "DE ANZA VILLAS #2", "submap": "008386     ", "situs_community": "BORREGO SPRINGS", "situs_zip": "92004-4342" }, "geometry": { "type": "Polygon", "coordinates": [ [ [ -116.39568933059104, 33.284045330796033 ], [ -116.396370508781501, 33.284379823846614 ], [ -116.397466751587089, 33.284408757965899 ], [ -116.397931554937273, 33.284496151926781 ], [ -116.398372792508241, 33.284193309921406 ], [ -116.398414585909208, 33.283753528794648 ], [ -116.397376112555094, 33.283048447345948 ], [ -116.397379273712858, 33.282982484044602 ], [ -116.395615550944257, 33.28296807546193 ], [ -116.395625394830816, 33.28298455380191 ], [ -116.395630730462727, 33.282997536214125 ], [ -116.395634240712894, 33.28301094906449 ], [ -116.395635880196295, 33.283024614775933 ], [ -116.395635621761699, 33.283038345831223 ], [ -116.395633477993826, 33.283051963683413 ], [ -116.395628804089711, 33.283066999236304 ], [ -116.395623380614083, 33.283079956398886 ], [ -116.395616359857272, 33.283092361804478 ], [ -116.395607815659403, 33.283104074704475 ], [ -116.395597850862856, 33.283114964234684 ], [ -116.395586574772622, 33.283124912146633 ], [ -116.395574109577623, 33.283133801078719 ], [ -116.395560594682848, 33.283141537092462 ], [ -116.395546185610073, 33.283148034345949 ], [ -116.395531041116939, 33.283153216010042 ], [ -116.395515330729538, 33.283157025080079 ], [ -116.395499229368852, 33.28315942077537 ], [ -116.395482915201939, 33.283160377639852 ], [ -116.395466573931927, 33.283159882832507 ], [ -116.395450382698769, 33.283157938850721 ], [ -116.395434530495038, 33.283154574326893 ], [ -116.395419185921725, 33.283149821524034 ], [ -116.395404526204132, 33.283143734335475 ], [ -116.395390711422024, 33.283136385609843 ], [ -116.395375422964023, 33.283129864545394 ], [ -116.395359775899394, 33.283125903762688 ], [ -116.39534356255551, 33.283124215869421 ], [ -116.395327238188443, 33.283124845416324 ], [ -116.395311275132272, 33.283127777423701 ], [ -116.395296127357256, 33.283132928405934 ], [ -116.395130860549443, 33.283186831971832 ], [ -116.395279468377581, 33.283529167725021 ], [ -116.395652271422861, 33.283405017979739 ], [ -116.39568933059104, 33.284045330796033 ] ] ] } },
{ "type": "Feature", "properties": { "apn": "1402641022", "apn_8": "14026410", "parcelid": 656424, "situs_address": 202, "situs_street": "POINTING ROCK", "situs_suffix": "RD", "situs_post_dir": "", "situs_pre_dir": "", "subname": "DE ANZA VILLAS #2", "submap": "008386     ", "situs_community": "BORREGO SPRINGS", "situs_zip": "92004-4342" }, "geometry": { "type": "Polygon", "coordinates": [ [ [ -116.39568933059104, 33.284045330796033 ], [ -116.396370508781501, 33.284379823846614 ], [ -116.397466751587089, 33.284408757965899 ], [ -116.397931554937273, 33.284496151926781 ], [ -116.398372792508241, 33.284193309921406 ], [ -116.398414585909208, 33.283753528794648 ], [ -116.397376112555094, 33.283048447345948 ], [ -116.397379273712858, 33.282982484044602 ], [ -116.395615550944257, 33.28296807546193 ], [ -116.395625394830816, 33.28298455380191 ], [ -116.395630730462727, 33.282997536214125 ], [ -116.395634240712894, 33.28301094906449 ], [ -116.395635880196295, 33.283024614775933 ], [ -116.395635621761699, 33.283038345831223 ], [ -116.395633477993826, 33.283051963683413 ], [ -116.395628804089711, 33.283066999236304 ], [ -116.395623380614083, 33.283079956398886 ], [ -116.395616359857272, 33.283092361804478 ], [ -116.395607815659403, 33.283104074704475 ], [ -116.395597850862856, 33.283114964234684 ], [ -116.395586574772622, 33.283124912146633 ], [ -116.395574109577623, 33.283133801078719 ], [ -116.395560594682848, 33.283141537092462 ], [ -116.395546185610073, 33.283148034345949 ], [ -116.395531041116939, 33.283153216010042 ], [ -116.395515330729538, 33.283157025080079 ], [ -116.395499229368852, 33.28315942077537 ], [ -116.395482915201939, 33.283160377639852 ], [ -116.395466573931927, 33.283159882832507 ], [ -116.395450382698769, 33.283157938850721 ], [ -116.395434530495038, 33.283154574326893 ], [ -116.395419185921725, 33.283149821524034 ], [ -116.395404526204132, 33.283143734335475 ], [ -116.395390711422024, 33.283136385609843 ], [ -116.395375422964023, 33.283129864545394 ], [ -116.395359775899394, 33.283125903762688 ], [ -116.39534356255551, 33.283124215869421 ], [ -116.395327238188443, 33.283124845416324 ], [ -116.395311275132272, 33.283127777423701 ], [ -116.395296127357256, 33.283132928405934 ], [ -116.395130860549443, 33.283186831971832 ], [ -116.395279468377581, 33.283529167725021 ], [ -116.395652271422861, 33.283405017979739 ], [ -116.39568933059104, 33.284045330796033 ] ] ] } },
{ "type": "Feature", "properties": { "apn": "1402641027", "apn_8": "14026410", "parcelid": 656424, "situs_address": 202, "situs_street": "POINTING ROCK", "situs_suffix": "DR", "situs_post_dir": "", "situs_pre_dir": "", "subname": "DE ANZA VILLAS #2", "submap": "008386     ", "situs_community": "BORREGO SPRINGS", "situs_zip": "92004-4342" }, "geometry": { "type": "Polygon", "coordinates": [ [ [ -116.39568933059104, 33.284045330796033 ], [ -116.396370508781501, 33.284379823846614 ], [ -116.397466751587089, 33.284408757965899 ], [ -116.397931554937273, 33.284496151926781 ], [ -116.398372792508241, 33.284193309921406 ], [ -116.398414585909208, 33.283753528794648 ], [ -116.397376112555094, 33.283048447345948 ], [ -116.397379273712858, 33.282982484044602 ], [ -116.395615550944257, 33.28296807546193 ], [ -116.395625394830816, 33.28298455380191 ], [ -116.395630730462727, 33.282997536214125 ], [ -116.395634240712894, 33.28301094906449 ], [ -116.395635880196295, 33.283024614775933 ], [ -116.395635621761699, 33.283038345831223 ], [ -116.395633477993826, 33.283051963683413 ], [ -116.395628804089711, 33.283066999236304 ], [ -116.395623380614083, 33.283079956398886 ], [ -116.395616359857272, 33.283092361804478 ], [ -116.395607815659403, 33.283104074704475 ], [ -116.395597850862856, 33.283114964234684 ], [ -116.395586574772622, 33.283124912146633 ], [ -116.395574109577623, 33.283133801078719 ], [ -116.395560594682848, 33.283141537092462 ], [ -116.395546185610073, 33.283148034345949 ], [ -116.395531041116939, 33.283153216010042 ], [ -116.395515330729538, 33.283157025080079 ], [ -116.395499229368852, 33.28315942077537 ], [ -116.395482915201939, 33.283160377639852 ], [ -116.395466573931927, 33.283159882832507 ], [ -116.395450382698769, 33.283157938850721 ], [ -116.395434530495038, 33.283154574326893 ], [ -116.395419185921725, 33.283149821524034 ], [ -116.395404526204132, 33.283143734335475 ], [ -116.395390711422024, 33.283136385609843 ], [ -116.395375422964023, 33.283129864545394 ], [ -116.395359775899394, 33.283125903762688 ], [ -116.39534356255551, 33.283124215869421 ], [ -116.395327238188443, 33.283124845416324 ], [ -116.395311275132272, 33.283127777423701 ], [ -116.395296127357256, 33.283132928405934 ], [ -116.395130860549443, 33.283186831971832 ], [ -116.395279468377581, 33.283529167725021 ], [ -116.395652271422861, 33.283405017979739 ], [ -116.39568933059104, 33.284045330796033 ] ] ] } },
{ "type": "Feature", "properties": { "apn": "1402641004", "apn_8": "14026410", "parcelid": 656424, "situs_address": 202, "situs_street": "POINTING ROCK", "situs_suffix": "DR", "situs_post_dir": "", "situs_pre_dir": "", "subname": "DE ANZA VILLAS #2", "submap": "008386     ", "situs_community": "BORREGO SPRINGS", "situs_zip": "92004-4342" }, "geometry": { "type": "Polygon", "coordinates": [ [ [ -116.39568933059104, 33.284045330796033 ], [ -116.396370508781501, 33.284379823846614 ], [ -116.397466751587089, 33.284408757965899 ], [ -116.397931554937273, 33.284496151926781 ], [ -116.398372792508241, 33.284193309921406 ], [ -116.398414585909208, 33.283753528794648 ], [ -116.397376112555094, 33.283048447345948 ], [ -116.397379273712858, 33.282982484044602 ], [ -116.395615550944257, 33.28296807546193 ], [ -116.395625394830816, 33.28298455380191 ], [ -116.395630730462727, 33.282997536214125 ], [ -116.395634240712894, 33.28301094906449 ], [ -116.395635880196295, 33.283024614775933 ], [ -116.395635621761699, 33.283038345831223 ], [ -116.395633477993826, 33.283051963683413 ], [ -116.395628804089711, 33.283066999236304 ], [ -116.395623380614083, 33.283079956398886 ], [ -116.395616359857272, 33.283092361804478 ], [ -116.395607815659403, 33.283104074704475 ], [ -116.395597850862856, 33.283114964234684 ], [ -116.395586574772622, 33.283124912146633 ], [ -116.395574109577623, 33.283133801078719 ], [ -116.395560594682848, 33.283141537092462 ], [ -116.395546185610073, 33.283148034345949 ], [ -116.395531041116939, 33.283153216010042 ], [ -116.395515330729538, 33.283157025080079 ], [ -116.395499229368852, 33.28315942077537 ], [ -116.395482915201939, 33.283160377639852 ], [ -116.395466573931927, 33.283159882832507 ], [ -116.395450382698769, 33.283157938850721 ], [ -116.395434530495038, 33.283154574326893 ], [ -116.395419185921725, 33.283149821524034 ], [ -116.395404526204132, 33.283143734335475 ], [ -116.395390711422024, 33.283136385609843 ], [ -116.395375422964023, 33.283129864545394 ], [ -116.395359775899394, 33.283125903762688 ], [ -116.39534356255551, 33.283124215869421 ], [ -116.395327238188443, 33.283124845416324 ], [ -116.395311275132272, 33.283127777423701 ], [ -116.395296127357256, 33.283132928405934 ], [ -116.395130860549443, 33.283186831971832 ], [ -116.395279468377581, 33.283529167725021 ], [ -116.395652271422861, 33.283405017979739 ], [ -116.39568933059104, 33.284045330796033 ] ] ] } },
{ "type": "Feature", "properties": { "apn": "1402641021", "apn_8": "14026410", "parcelid": 656424, "situs_address": 202, "situs_street": "POINTING ROCK", "situs_suffix": "DR", "situs_post_dir": "", "situs_pre_dir": "", "subname": "DE ANZA VILLAS #2", "submap": "008386     ", "situs_community": "BORREGO SPRINGS", "situs_zip": "92004-4342" }, "geometry": { "type": "Polygon", "coordinates": [ [ [ -116.39568933059104, 33.284045330796033 ], [ -116.396370508781501, 33.284379823846614 ], [ -116.397466751587089, 33.284408757965899 ], [ -116.397931554937273, 33.284496151926781 ], [ -116.398372792508241, 33.284193309921406 ], [ -116.398414585909208, 33.283753528794648 ], [ -116.397376112555094, 33.283048447345948 ], [ -116.397379273712858, 33.282982484044602 ], [ -116.395615550944257, 33.28296807546193 ], [ -116.395625394830816, 33.28298455380191 ], [ -116.395630730462727, 33.282997536214125 ], [ -116.395634240712894, 33.28301094906449 ], [ -116.395635880196295, 33.283024614775933 ], [ -116.395635621761699, 33.283038345831223 ], [ -116.395633477993826, 33.283051963683413 ], [ -116.395628804089711, 33.283066999236304 ], [ -116.395623380614083, 33.283079956398886 ], [ -116.395616359857272, 33.283092361804478 ], [ -116.395607815659403, 33.283104074704475 ], [ -116.395597850862856, 33.283114964234684 ], [ -116.395586574772622, 33.283124912146633 ], [ -116.395574109577623, 33.283133801078719 ], [ -116.395560594682848, 33.283141537092462 ], [ -116.395546185610073, 33.283148034345949 ], [ -116.395531041116939, 33.283153216010042 ], [ -116.395515330729538, 33.283157025080079 ], [ -116.395499229368852, 33.28315942077537 ], [ -116.395482915201939, 33.283160377639852 ], [ -116.395466573931927, 33.283159882832507 ], [ -116.395450382698769, 33.283157938850721 ], [ -116.395434530495038, 33.283154574326893 ], [ -116.395419185921725, 33.283149821524034 ], [ -116.395404526204132, 33.283143734335475 ], [ -116.395390711422024, 33.283136385609843 ], [ -116.395375422964023, 33.283129864545394 ], [ -116.395359775899394, 33.283125903762688 ], [ -116.39534356255551, 33.283124215869421 ], [ -116.395327238188443, 33.283124845416324 ], [ -116.395311275132272, 33.283127777423701 ], [ -116.395296127357256, 33.283132928405934 ], [ -116.395130860549443, 33.283186831971832 ], [ -116.395279468377581, 33.283529167725021 ], [ -116.395652271422861, 33.283405017979739 ], [ -116.39568933059104, 33.284045330796033 ] ] ] } },
{ "type": "Feature", "properties": { "apn": "1402641025", "apn_8": "14026410", "parcelid": 656424, "situs_address": 202, "situs_street": "POINTING ROCK", "situs_suffix": "DR", "situs_post_dir": "", "situs_pre_dir": "", "subname": "DE ANZA VILLAS #2", "submap": "008386     ", "situs_community": "BORREGO SPRINGS", "situs_zip": "92004-4342" }, "geometry": { "type": "Polygon", "coordinates": [ [ [ -116.39568933059104, 33.284045330796033 ], [ -116.396370508781501, 33.284379823846614 ], [ -116.397466751587089, 33.284408757965899 ], [ -116.397931554937273, 33.284496151926781 ], [ -116.398372792508241, 33.284193309921406 ], [ -116.398414585909208, 33.283753528794648 ], [ -116.397376112555094, 33.283048447345948 ], [ -116.397379273712858, 33.282982484044602 ], [ -116.395615550944257, 33.28296807546193 ], [ -116.395625394830816, 33.28298455380191 ], [ -116.395630730462727, 33.282997536214125 ], [ -116.395634240712894, 33.28301094906449 ], [ -116.395635880196295, 33.283024614775933 ], [ -116.395635621761699, 33.283038345831223 ], [ -116.395633477993826, 33.283051963683413 ], [ -116.395628804089711, 33.283066999236304 ], [ -116.395623380614083, 33.283079956398886 ], [ -116.395616359857272, 33.283092361804478 ], [ -116.395607815659403, 33.283104074704475 ], [ -116.395597850862856, 33.283114964234684 ], [ -116.395586574772622, 33.283124912146633 ], [ -116.395574109577623, 33.283133801078719 ], [ -116.395560594682848, 33.283141537092462 ], [ -116.395546185610073, 33.283148034345949 ], [ -116.395531041116939, 33.283153216010042 ], [ -116.395515330729538, 33.283157025080079 ], [ -116.395499229368852, 33.28315942077537 ], [ -116.395482915201939, 33.283160377639852 ], [ -116.395466573931927, 33.283159882832507 ], [ -116.395450382698769, 33.283157938850721 ], [ -116.395434530495038, 33.283154574326893 ], [ -116.395419185921725, 33.283149821524034 ], [ -116.395404526204132, 33.283143734335475 ], [ -116.395390711422024, 33.283136385609843 ], [ -116.395375422964023, 33.283129864545394 ], [ -116.395359775899394, 33.283125903762688 ], [ -116.39534356255551, 33.283124215869421 ], [ -116.395327238188443, 33.283124845416324 ], [ -116.395311275132272, 33.283127777423701 ], [ -116.395296127357256, 33.283132928405934 ], [ -116.395130860549443, 33.283186831971832 ], [ -116.395279468377581, 33.283529167725021 ], [ -116.395652271422861, 33.283405017979739 ], [ -116.39568933059104, 33.284045330796033 ] ] ] } },
{ "type": "Feature", "properties": { "apn": "1402641031", "apn_8": "14026410", "parcelid": 656424, "situs_address": 202, "situs_street": "POINTING ROCK", "situs_suffix": "DR", "situs_post_dir": "", "situs_pre_dir": "", "subname": "DE ANZA VILLAS #2", "submap": "008386     ", "situs_community": "BORREGO SPRINGS", "situs_zip": "92004-4342" }, "geometry": { "type": "Polygon", "coordinates": [ [ [ -116.39568933059104, 33.284045330796033 ], [ -116.396370508781501, 33.284379823846614 ], [ -116.397466751587089, 33.284408757965899 ], [ -116.397931554937273, 33.284496151926781 ], [ -116.398372792508241, 33.284193309921406 ], [ -116.398414585909208, 33.283753528794648 ], [ -116.397376112555094, 33.283048447345948 ], [ -116.397379273712858, 33.282982484044602 ], [ -116.395615550944257, 33.28296807546193 ], [ -116.395625394830816, 33.28298455380191 ], [ -116.395630730462727, 33.282997536214125 ], [ -116.395634240712894, 33.28301094906449 ], [ -116.395635880196295, 33.283024614775933 ], [ -116.395635621761699, 33.283038345831223 ], [ -116.395633477993826, 33.283051963683413 ], [ -116.395628804089711, 33.283066999236304 ], [ -116.395623380614083, 33.283079956398886 ], [ -116.395616359857272, 33.283092361804478 ], [ -116.395607815659403, 33.283104074704475 ], [ -116.395597850862856, 33.283114964234684 ], [ -116.395586574772622, 33.283124912146633 ], [ -116.395574109577623, 33.283133801078719 ], [ -116.395560594682848, 33.283141537092462 ], [ -116.395546185610073, 33.283148034345949 ], [ -116.395531041116939, 33.283153216010042 ], [ -116.395515330729538, 33.283157025080079 ], [ -116.395499229368852, 33.28315942077537 ], [ -116.395482915201939, 33.283160377639852 ], [ -116.395466573931927, 33.283159882832507 ], [ -116.395450382698769, 33.283157938850721 ], [ -116.395434530495038, 33.283154574326893 ], [ -116.395419185921725, 33.283149821524034 ], [ -116.395404526204132, 33.283143734335475 ], [ -116.395390711422024, 33.283136385609843 ], [ -116.395375422964023, 33.283129864545394 ], [ -116.395359775899394, 33.283125903762688 ], [ -116.39534356255551, 33.283124215869421 ], [ -116.395327238188443, 33.283124845416324 ], [ -116.395311275132272, 33.283127777423701 ], [ -116.395296127357256, 33.283132928405934 ], [ -116.395130860549443, 33.283186831971832 ], [ -116.395279468377581, 33.283529167725021 ], [ -116.395652271422861, 33.283405017979739 ], [ -116.39568933059104, 33.284045330796033 ] ] ] } },
{ "type": "Feature", "properties": { "apn": "1402641003", "apn_8": "14026410", "parcelid": 656424, "situs_address": 202, "situs_street": "POINTING ROCK", "situs_suffix": "DR", "situs_post_dir": "", "situs_pre_dir": "", "subname": "DE ANZA VILLAS #2", "submap": "008386     ", "situs_community": "BORREGO SPRINGS", "situs_zip": "92004-4342" }, "geometry": { "type": "Polygon", "coordinates": [ [ [ -116.39568933059104, 33.284045330796033 ], [ -116.396370508781501, 33.284379823846614 ], [ -116.397466751587089, 33.284408757965899 ], [ -116.397931554937273, 33.284496151926781 ], [ -116.398372792508241, 33.284193309921406 ], [ -116.398414585909208, 33.283753528794648 ], [ -116.397376112555094, 33.283048447345948 ], [ -116.397379273712858, 33.282982484044602 ], [ -116.395615550944257, 33.28296807546193 ], [ -116.395625394830816, 33.28298455380191 ], [ -116.395630730462727, 33.282997536214125 ], [ -116.395634240712894, 33.28301094906449 ], [ -116.395635880196295, 33.283024614775933 ], [ -116.395635621761699, 33.283038345831223 ], [ -116.395633477993826, 33.283051963683413 ], [ -116.395628804089711, 33.283066999236304 ], [ -116.395623380614083, 33.283079956398886 ], [ -116.395616359857272, 33.283092361804478 ], [ -116.395607815659403, 33.283104074704475 ], [ -116.395597850862856, 33.283114964234684 ], [ -116.395586574772622, 33.283124912146633 ], [ -116.395574109577623, 33.283133801078719 ], [ -116.395560594682848, 33.283141537092462 ], [ -116.395546185610073, 33.283148034345949 ], [ -116.395531041116939, 33.283153216010042 ], [ -116.395515330729538, 33.283157025080079 ], [ -116.395499229368852, 33.28315942077537 ], [ -116.395482915201939, 33.283160377639852 ], [ -116.395466573931927, 33.283159882832507 ], [ -116.395450382698769, 33.283157938850721 ], [ -116.395434530495038, 33.283154574326893 ], [ -116.395419185921725, 33.283149821524034 ], [ -116.395404526204132, 33.283143734335475 ], [ -116.395390711422024, 33.283136385609843 ], [ -116.395375422964023, 33.283129864545394 ], [ -116.395359775899394, 33.283125903762688 ], [ -116.39534356255551, 33.283124215869421 ], [ -116.395327238188443, 33.283124845416324 ], [ -116.395311275132272, 33.283127777423701 ], [ -116.395296127357256, 33.283132928405934 ], [ -116.395130860549443, 33.283186831971832 ], [ -116.395279468377581, 33.283529167725021 ], [ -116.395652271422861, 33.283405017979739 ], [ -116.39568933059104, 33.284045330796033 ] ] ] } },
{ "type": "Feature", "properties": { "apn": "1402641007", "apn_8": "14026410", "parcelid": 656424, "situs_address": 202, "situs_street": "POINTING ROCK", "situs_suffix": "DR", "situs_post_dir": "", "situs_pre_dir": "", "subname": "DE ANZA VILLAS #2", "submap": "008386     ", "situs_community": "BORREGO SPRINGS", "situs_zip": "92004-4342" }, "geometry": { "type": "Polygon", "coordinates": [ [ [ -116.39568933059104, 33.284045330796033 ], [ -116.396370508781501, 33.284379823846614 ], [ -116.397466751587089, 33.284408757965899 ], [ -116.397931554937273, 33.284496151926781 ], [ -116.398372792508241, 33.284193309921406 ], [ -116.398414585909208, 33.283753528794648 ], [ -116.397376112555094, 33.283048447345948 ], [ -116.397379273712858, 33.282982484044602 ], [ -116.395615550944257, 33.28296807546193 ], [ -116.395625394830816, 33.28298455380191 ], [ -116.395630730462727, 33.282997536214125 ], [ -116.395634240712894, 33.28301094906449 ], [ -116.395635880196295, 33.283024614775933 ], [ -116.395635621761699, 33.283038345831223 ], [ -116.395633477993826, 33.283051963683413 ], [ -116.395628804089711, 33.283066999236304 ], [ -116.395623380614083, 33.283079956398886 ], [ -116.395616359857272, 33.283092361804478 ], [ -116.395607815659403, 33.283104074704475 ], [ -116.395597850862856, 33.283114964234684 ], [ -116.395586574772622, 33.283124912146633 ], [ -116.395574109577623, 33.283133801078719 ], [ -116.395560594682848, 33.283141537092462 ], [ -116.395546185610073, 33.283148034345949 ], [ -116.395531041116939, 33.283153216010042 ], [ -116.395515330729538, 33.283157025080079 ], [ -116.395499229368852, 33.28315942077537 ], [ -116.395482915201939, 33.283160377639852 ], [ -116.395466573931927, 33.283159882832507 ], [ -116.395450382698769, 33.283157938850721 ], [ -116.395434530495038, 33.283154574326893 ], [ -116.395419185921725, 33.283149821524034 ], [ -116.395404526204132, 33.283143734335475 ], [ -116.395390711422024, 33.283136385609843 ], [ -116.395375422964023, 33.283129864545394 ], [ -116.395359775899394, 33.283125903762688 ], [ -116.39534356255551, 33.283124215869421 ], [ -116.395327238188443, 33.283124845416324 ], [ -116.395311275132272, 33.283127777423701 ], [ -116.395296127357256, 33.283132928405934 ], [ -116.395130860549443, 33.283186831971832 ], [ -116.395279468377581, 33.283529167725021 ], [ -116.395652271422861, 33.283405017979739 ], [ -116.39568933059104, 33.284045330796033 ] ] ] } },
{ "type": "Feature", "properties": { "apn": "1402641016", "apn_8": "14026410", "parcelid": 656424, "situs_address": 202, "situs_street": "POINTING ROCK", "situs_suffix": "DR", "situs_post_dir": "", "situs_pre_dir": "", "subname": "DE ANZA VILLAS #2", "submap": "008386     ", "situs_community": "BORREGO SPRINGS", "situs_zip": "92004-4342" }, "geometry": { "type": "Polygon", "coordinates": [ [ [ -116.39568933059104, 33.284045330796033 ], [ -116.396370508781501, 33.284379823846614 ], [ -116.397466751587089, 33.284408757965899 ], [ -116.397931554937273, 33.284496151926781 ], [ -116.398372792508241, 33.284193309921406 ], [ -116.398414585909208, 33.283753528794648 ], [ -116.397376112555094, 33.283048447345948 ], [ -116.397379273712858, 33.282982484044602 ], [ -116.395615550944257, 33.28296807546193 ], [ -116.395625394830816, 33.28298455380191 ], [ -116.395630730462727, 33.282997536214125 ], [ -116.395634240712894, 33.28301094906449 ], [ -116.395635880196295, 33.283024614775933 ], [ -116.395635621761699, 33.283038345831223 ], [ -116.395633477993826, 33.283051963683413 ], [ -116.395628804089711, 33.283066999236304 ], [ -116.395623380614083, 33.283079956398886 ], [ -116.395616359857272, 33.283092361804478 ], [ -116.395607815659403, 33.283104074704475 ], [ -116.395597850862856, 33.283114964234684 ], [ -116.395586574772622, 33.283124912146633 ], [ -116.395574109577623, 33.283133801078719 ], [ -116.395560594682848, 33.283141537092462 ], [ -116.395546185610073, 33.283148034345949 ], [ -116.395531041116939, 33.283153216010042 ], [ -116.395515330729538, 33.283157025080079 ], [ -116.395499229368852, 33.28315942077537 ], [ -116.395482915201939, 33.283160377639852 ], [ -116.395466573931927, 33.283159882832507 ], [ -116.395450382698769, 33.283157938850721 ], [ -116.395434530495038, 33.283154574326893 ], [ -116.395419185921725, 33.283149821524034 ], [ -116.395404526204132, 33.283143734335475 ], [ -116.395390711422024, 33.283136385609843 ], [ -116.395375422964023, 33.283129864545394 ], [ -116.395359775899394, 33.283125903762688 ], [ -116.39534356255551, 33.283124215869421 ], [ -116.395327238188443, 33.283124845416324 ], [ -116.395311275132272, 33.283127777423701 ], [ -116.395296127357256, 33.283132928405934 ], [ -116.395130860549443, 33.283186831971832 ], [ -116.395279468377581, 33.283529167725021 ], [ -116.395652271422861, 33.283405017979739 ], [ -116.39568933059104, 33.284045330796033 ] ] ] } },
{ "type": "Feature", "properties": { "apn": "1402641028", "apn_8": "14026410", "parcelid": 656424, "situs_address": 202, "situs_street": "POINTING ROCK", "situs_suffix": "DR", "situs_post_dir": "", "situs_pre_dir": "", "subname": "DE ANZA VILLAS #2", "submap": "008386     ", "situs_community": "BORREGO SPRINGS", "situs_zip": "92004-4342" }, "geometry": { "type": "Polygon", "coordinates": [ [ [ -116.39568933059104, 33.284045330796033 ], [ -116.396370508781501, 33.284379823846614 ], [ -116.397466751587089, 33.284408757965899 ], [ -116.397931554937273, 33.284496151926781 ], [ -116.398372792508241, 33.284193309921406 ], [ -116.398414585909208, 33.283753528794648 ], [ -116.397376112555094, 33.283048447345948 ], [ -116.397379273712858, 33.282982484044602 ], [ -116.395615550944257, 33.28296807546193 ], [ -116.395625394830816, 33.28298455380191 ], [ -116.395630730462727, 33.282997536214125 ], [ -116.395634240712894, 33.28301094906449 ], [ -116.395635880196295, 33.283024614775933 ], [ -116.395635621761699, 33.283038345831223 ], [ -116.395633477993826, 33.283051963683413 ], [ -116.395628804089711, 33.283066999236304 ], [ -116.395623380614083, 33.283079956398886 ], [ -116.395616359857272, 33.283092361804478 ], [ -116.395607815659403, 33.283104074704475 ], [ -116.395597850862856, 33.283114964234684 ], [ -116.395586574772622, 33.283124912146633 ], [ -116.395574109577623, 33.283133801078719 ], [ -116.395560594682848, 33.283141537092462 ], [ -116.395546185610073, 33.283148034345949 ], [ -116.395531041116939, 33.283153216010042 ], [ -116.395515330729538, 33.283157025080079 ], [ -116.395499229368852, 33.28315942077537 ], [ -116.395482915201939, 33.283160377639852 ], [ -116.395466573931927, 33.283159882832507 ], [ -116.395450382698769, 33.283157938850721 ], [ -116.395434530495038, 33.283154574326893 ], [ -116.395419185921725, 33.283149821524034 ], [ -116.395404526204132, 33.283143734335475 ], [ -116.395390711422024, 33.283136385609843 ], [ -116.395375422964023, 33.283129864545394 ], [ -116.395359775899394, 33.283125903762688 ], [ -116.39534356255551, 33.283124215869421 ], [ -116.395327238188443, 33.283124845416324 ], [ -116.395311275132272, 33.283127777423701 ], [ -116.395296127357256, 33.283132928405934 ], [ -116.395130860549443, 33.283186831971832 ], [ -116.395279468377581, 33.283529167725021 ], [ -116.395652271422861, 33.283405017979739 ], [ -116.39568933059104, 33.284045330796033 ] ] ] } }
]
}
