{
"type": "FeatureCollection",
"name": "nfhl_borrego_valley",
"crs": { "type": "name", "properties": { "name": "urn:ogc:def:crs:OGC:1.3:CRS84" } },
"features": [
{ "type": "Feature", "properties": { "OBJECTID": 32381, "DFIRM_ID": "06073C", "VERSION_ID": "1.1.1.0", "FLD_AR_ID": "06073C_597", "STUDY_TYP": "NP", "FLD_ZONE": "AO", "ZONE_SUBTY": "0.2 PCT ANNUAL CHANCE FLOOD HAZARD", "SFHA_TF": "T", "STATIC_BFE": -9999, "V_DATUM": "", "DEPTH": 2, "LEN_UNIT": "Feet", "VELOCITY": 6, "VEL_UNIT": "Feet / Second", "AR_REVERT": "", "AR_SUBTRV": "", "BFE_REVERT": -9999, "DEP_REVERT": -9999, "DUAL_ZONE": "", "SOURCE_CIT": "06073C_FIRM1", "GFID": "9756cfe6-d8a6-4507-b39c-704d76ada171", "ESRI_SYMBOLOGY": "1% Annual Chance Flood Hazard", "Shape__Area": 9604352.5, "Shape__Length": 16128.2755109011, "GlobalID": "b586f4dc-9b0e-4063-80fc-73b32faac569" }, "geometry": { "type": "Polygon", "coordinates": [ [ [ -116.407712894273004, 33.2158318466224 ], [ -116.407908998295994, 33.215825571996099 ], [ -116.408096473102006, 33.215783527704602 ], [ -116.408241432443006, 33.215755522966703 ], [ -116.408463579525005, 33.215677944918298 ], [ -116.408642974882994, 33.2155784803277 ], [ -116.409147354661002, 33.215301582372902 ], [ -116.409472258231006, 33.215131442537903 ], [ -116.409686168660002, 33.2149894636865 ], [ -116.410028486970006, 33.214740176629597 ], [ -116.410525022659002, 33.2143558924204 ], [ -116.410833296616005, 33.214128253659801 ], [ -116.411167222865004, 33.213850650662799 ], [ -116.411398939700007, 33.213601206291699 ], [ -116.411527504787003, 33.213472952998998 ], [ -116.411605084192999, 33.213337172608703 ], [ -116.411768556015005, 33.213101847190998 ], [ -116.411957834638997, 33.212823378889503 ], [ -116.412155821531002, 33.212494943780598 ], [ -116.412353258653994, 33.212252561082998 ], [ -116.412593994573001, 33.211924362081497 ], [ -116.412714323906002, 33.2117601839551 ], [ -116.412826024919994, 33.211632009886401 ], [ -116.412996871909996, 33.211539606292497 ], [ -116.413150695826005, 33.211468694776698 ], [ -116.413414884961, 33.211448614067997 ], [ -116.413627462289995, 33.211492461978303 ], [ -116.413737987410002, 33.211550351618101 ], [ -116.413958407929002, 33.211680252180699 ], [ -116.414178983856999, 33.2118172098562 ], [ -116.414356889809, 33.211961229120703 ], [ -116.414552366807996, 33.212026569564301 ], [ -116.414662811078998, 33.212055750958399 ], [ -116.414687990857004, 33.212113247903901 ], [ -116.414670185350005, 33.212192082737097 ], [ -116.414576134434, 33.212284408230097 ], [ -116.414430625324997, 33.212398384154802 ], [ -116.414259622027004, 33.212483413930997 ], [ -116.414063205389994, 33.2125827993667 ], [ -116.413909460526, 33.212646492657399 ], [ -116.413780894541006, 33.212753488292599 ], [ -116.413754379867001, 33.212889270340099 ], [ -116.413830155455997, 33.213039955736001 ], [ -116.414007825151003, 33.213212606105699 ], [ -116.414202517920998, 33.213392471893201 ], [ -116.414465140394, 33.213572731129297 ], [ -116.414711446767001, 33.213709847428603 ], [ -116.414778983009001, 33.213810409165497 ], [ -116.414752863592994, 33.2138890861455 ], [ -116.414632847773007, 33.214003059980399 ], [ -116.414367793560004, 33.214166455286502 ], [ -116.414153883132002, 33.2142943934127 ], [ -116.413769441021003, 33.214478652063697 ], [ -116.413547372991005, 33.2145778804137 ], [ -116.413342641547999, 33.2146197682099 ], [ -116.412830889296998, 33.214724880298498 ], [ -116.412565992289004, 33.214838227003 ], [ -116.412412090220002, 33.214923180756699 ], [ -116.412112052016994, 33.215186743694701 ], [ -116.411966385702002, 33.215357746197299 ], [ -116.411811148736007, 33.215629310267097 ], [ -116.411724628398005, 33.2158436916786 ], [ -116.411552135693, 33.216165066283502 ], [ -116.411371955207002, 33.216357562358503 ], [ -116.410969785741997, 33.216606142873601 ], [ -116.410730539228993, 33.216719647969697 ], [ -116.410593736590997, 33.216811972443701 ], [ -116.410405477555997, 33.216947128930997 ], [ -116.410148818099003, 33.217110522497599 ], [ -116.409977972006999, 33.217188650147797 ], [ -116.409602471726998, 33.217294152952299 ], [ -116.409372480556002, 33.217300114836902 ], [ -116.409022946977004, 33.217334316191497 ], [ -116.408665252204003, 33.2173326680877 ], [ -116.408384117249, 33.2173385510591 ], [ -116.408043289244006, 33.217372751647197 ], [ -116.407642296573002, 33.217449545852098 ], [ -116.407377792128997, 33.217534185186601 ], [ -116.407027550677995, 33.217654201056803 ], [ -116.406788383215996, 33.217781980772401 ], [ -116.406591729423994, 33.217902625328797 ], [ -116.406412020553006, 33.218002088028904 ], [ -116.405924193133004, 33.218357977311904 ], [ -116.405453465145001, 33.218685000108003 ], [ -116.404614768350996, 33.219282332159899 ], [ -116.404058383304999, 33.219666068677398 ], [ -116.403732850015999, 33.219951046549802 ], [ -116.403399239075, 33.220164249533902 ], [ -116.403143047640995, 33.220248888496897 ], [ -116.402716404475001, 33.220346939460903 ], [ -116.402213203287005, 33.2204663284774 ], [ -116.401607477376004, 33.220592227587403 ], [ -116.401086782396007, 33.220747305763197 ], [ -116.400822278850995, 33.2208033135378 ], [ -116.400532750037996, 33.2208091188715 ], [ -116.400328253954001, 33.220808176491097 ], [ -116.400038098116994, 33.220899874410101 ], [ -116.399500460012007, 33.221026087022203 ], [ -116.398809076145994, 33.221258902175698 ], [ -116.398014543225997, 33.221598709795899 ], [ -116.397236874379999, 33.221952952213499 ], [ -116.396485011435999, 33.222300134482801 ], [ -116.395775507652004, 33.222633197249102 ], [ -116.394961520817006, 33.223330935157897 ], [ -116.394558331764003, 33.223758597130299 ], [ -116.394804559983996, 33.2238600220332 ], [ -116.395102479960002, 33.223889987024698 ], [ -116.395460409193007, 33.223877436673 ], [ -116.395903289407997, 33.223893674502598 ], [ -116.396781206647006, 33.223812251615897 ], [ -116.396994096588998, 33.223806211270301 ], [ -116.397753176598002, 33.223688156922002 ], [ -116.398537356432996, 33.223606028959999 ], [ -116.399185125296995, 33.223551903923997 ], [ -116.399688249229001, 33.223468363809602 ], [ -116.400480978331998, 33.2234077293935 ], [ -116.401043562650997, 33.223353211211901 ], [ -116.401725375867002, 33.223292026633999 ], [ -116.402501161844995, 33.223188248191697 ], [ -116.402978478975996, 33.2231619712202 ], [ -116.403643663477993, 33.223057880007801 ], [ -116.404351047237995, 33.222982418592203 ], [ -116.404810872374, 33.222999048109301 ], [ -116.405287796042998, 33.223037249620603 ], [ -116.405653648417001, 33.223103295699502 ], [ -116.405934547114995, 33.223126044492098 ], [ -116.406495481229996, 33.223279162830103 ], [ -116.406997193909007, 33.223431887877702 ], [ -116.407413639400005, 33.223577004718898 ], [ -116.407838244288996, 33.223779540712101 ], [ -116.408271476598003, 33.223967643459702 ], [ -116.408577240661998, 33.224098014045097 ], [ -116.408900106854006, 33.2242212447184 ], [ -116.409172378131004, 33.224272701622901 ], [ -116.409487320284001, 33.224288468959102 ], [ -116.409854427604003, 33.224204301318899 ], [ -116.410084809541999, 33.224112288239802 ], [ -116.410417557201001, 33.224035180507599 ], [ -116.410673669584, 33.223957602285601 ], [ -116.411049012659007, 33.223873434327103 ], [ -116.411202287704, 33.223895712497303 ], [ -116.411013321694, 33.224116681339702 ], [ -116.410755876211994, 33.2243947567531 ], [ -116.410473173697, 33.224622394353702 ], [ -116.410233848131995, 33.224764608563298 ], [ -116.409866350044993, 33.224941808456897 ], [ -116.409601296730003, 33.225069353593 ], [ -116.409285490399, 33.225146618972097 ], [ -116.408919559870995, 33.225144971766902 ], [ -116.408612933423996, 33.225121987540099 ], [ -116.408187308947006, 33.225084101802203 ], [ -116.407642454675994, 33.2250171907816 ], [ -116.407446665063006, 33.225008953991697 ], [ -116.407020570767997, 33.225035624926598 ], [ -116.406304399687002, 33.225110928266901 ], [ -116.405724323371999, 33.225265851146297 ], [ -116.405331411047001, 33.225392690188798 ], [ -116.404971677996002, 33.225684571834599 ], [ -116.404783103651994, 33.225869850271401 ], [ -116.404636419545994, 33.226126825303098 ], [ -116.404488557747996, 33.226577235027897 ], [ -116.404444080361998, 33.226848957396001 ], [ -116.404417644739993, 33.226984975315801 ], [ -116.404280137822994, 33.227170331402597 ], [ -116.404074307740004, 33.227384242686497 ], [ -116.404015475275003, 33.2274306006953 ], [ -116.403902990931002, 33.227519396367299 ], [ -116.403655193353998, 33.227632901582197 ], [ -116.403484191852996, 33.227703577571901 ], [ -116.403390296346998, 33.227731737039299 ], [ -116.403202037311004, 33.227859675618397 ], [ -116.402936904046001, 33.228037345653298 ], [ -116.402782453105999, 33.228187091214998 ], [ -116.402508535216995, 33.228371820312297 ], [ -116.402201124539999, 33.228477795808097 ], [ -116.401970270088, 33.228612714854997 ], [ -116.401610537037996, 33.2288901613055 ], [ -116.400985907877995, 33.229295312666601 ], [ -116.400343864877001, 33.2297647065474 ], [ -116.400149563772004, 33.229879152633998 ], [ -116.399873451298006, 33.230041684214399 ], [ -116.399206775593001, 33.230367844289802 ], [ -116.398770405468994, 33.230630544663597 ], [ -116.398394200010998, 33.230858024018502 ], [ -116.397889585773996, 33.231127471340798 ], [ -116.397324885920995, 33.231475672924198 ], [ -116.397179534016999, 33.2315607818432 ], [ -116.396871572673007, 33.231745511328697 ], [ -116.396452301980005, 33.232008369115903 ], [ -116.395878972911007, 33.232370690510201 ], [ -116.395219672375006, 33.232861499202201 ], [ -116.394654030189997, 33.233338423176399 ], [ -116.394149102439997, 33.233672505624199 ], [ -116.393703397921996, 33.234085579979897 ], [ -116.393300835893996, 33.234369928554003 ], [ -116.392641691663997, 33.234839323749902 ], [ -116.391973998167998, 33.235294284767001 ], [ -116.391631678959001, 33.235521606975198 ], [ -116.391374547886997, 33.235749402707498 ], [ -116.390886170697996, 33.236140824857998 ], [ -116.390594682659994, 33.236404388489902 ], [ -116.390414266815, 33.236611082129201 ], [ -116.390183099750004, 33.236781691866803 ], [ -116.389720922823997, 33.237087300412703 ], [ -116.389154810820003, 33.237643059070599 ], [ -116.388898150466005, 33.237799313689798 ], [ -116.388572930687999, 33.237998085535303 ], [ -116.387974343688995, 33.2383316978678 ], [ -116.387743019417996, 33.238509601334201 ], [ -116.386792152690006, 33.239256521607302 ], [ -116.386491878230004, 33.239527145944102 ], [ -116.386046330018004, 33.239911665945399 ], [ -116.385549638022994, 33.240274301706997 ], [ -116.385241285014004, 33.240508998046401 ], [ -116.384890259333005, 33.240736321723098 ], [ -116.384607948484003, 33.240913991893002 ], [ -116.384179187089998, 33.241298589942701 ], [ -116.383801962044998, 33.241647418947203 ], [ -116.383475958936003, 33.241953655115502 ], [ -116.383142189892993, 33.242181213954098 ], [ -116.382748414285999, 33.2424368555575 ], [ -116.382294552166996, 33.242749601324 ], [ -116.381669294185997, 33.243233585487097 ], [ -116.381463228745005, 33.243439965464297 ], [ -116.380939866667006, 33.243959953394203 ], [ -116.380459961490004, 33.2443585933107 ], [ -116.379885769140003, 33.244828143738999 ], [ -116.379192268842004, 33.2453044404742 ], [ -116.378507160606006, 33.245795093170003 ], [ -116.378010782122999, 33.2461076037903 ], [ -116.377351795097994, 33.246512440224897 ], [ -116.376872517842997, 33.246817893047798 ], [ -116.376632565253999, 33.246995561374703 ], [ -116.376409475840006, 33.247230808381801 ], [ -116.376332055435, 33.247323446986002 ], [ -116.376331349360001, 33.247416479157899 ], [ -116.376432930852005, 33.247538691305699 ], [ -116.376754620249997, 33.247812452087203 ], [ -116.377161024372995, 33.2481867755466 ], [ -116.377643284035003, 33.248654521917501 ], [ -116.377897277292007, 33.248870628408802 ], [ -116.378262344538001, 33.249072928524001 ], [ -116.378508806319999, 33.249174353365703 ], [ -116.378763820960998, 33.249268718547398 ], [ -116.379001341809996, 33.249420267568901 ], [ -116.379170618545999, 33.249578561070599 ], [ -116.379424769007002, 33.2497803930206 ], [ -116.379594123895998, 33.249931627132703 ], [ -116.379697039386997, 33.250005833245702 ], [ -116.379823408093003, 33.250097217329603 ], [ -116.379929068834997, 33.250378823616202 ], [ -116.380071049362002, 33.250570455584899 ], [ -116.380356653435001, 33.250742634468601 ], [ -116.380703366304004, 33.250777305042902 ], [ -116.380954300797001, 33.2507961326667 ], [ -116.381348076403995, 33.250837862635798 ], [ -116.381864927492003, 33.250783031008901 ], [ -116.382233917682001, 33.250661448431998 ], [ -116.382557095587998, 33.250582849603099 ], [ -116.383111991228006, 33.250551865305503 ], [ -116.383384417914002, 33.250434830443801 ], [ -116.383751368030005, 33.250405492823099 ], [ -116.384087332556007, 33.250560257450601 ], [ -116.384337560972995, 33.250661996088198 ], [ -116.384611321657999, 33.250823899310198 ], [ -116.384765930700993, 33.250945326905502 ], [ -116.384949484361996, 33.251176493070503 ], [ -116.385001961246004, 33.251378323583602 ], [ -116.384987684321004, 33.251709583070699 ], [ -116.384890103025995, 33.251990324001298 ], [ -116.384888142902, 33.252271459176598 ], [ -116.38489920296, 33.252402220271101 ], [ -116.384958190833004, 33.252502782596103 ], [ -116.385076401937994, 33.252694259662 ], [ -116.385254699556, 33.252835767138698 ], [ -116.385349770058994, 33.2529266021238 ], [ -116.385492769275999, 33.252987630746503 ], [ -116.385815007545006, 33.2530495202274 ], [ -116.385994323852003, 33.253050304503702 ], [ -116.386377041196994, 33.253012104084398 ], [ -116.386723752269006, 33.253003710672303 ], [ -116.386974999375994, 33.2529648033317 ], [ -116.387322418321006, 33.252886205072002 ], [ -116.387729215904997, 33.252817803111199 ], [ -116.388171468197996, 33.252820001193797 ], [ -116.388622116145001, 33.252768542307798 ], [ -116.388946628049993, 33.2527613260417 ], [ -116.389354836888003, 33.252754423035803 ], [ -116.389794738288998, 33.2527215569378 ], [ -116.390349945644004, 33.252627583868403 ], [ -116.390874798026999, 33.252552123179399 ], [ -116.391543983624999, 33.252474857225899 ], [ -116.392190732002007, 33.252387787677897 ], [ -116.392832149775998, 33.252349429962202 ], [ -116.393365394219998, 33.2524136727409 ], [ -116.393920133552001, 33.252425204088297 ], [ -116.394589630865994, 33.252454698037397 ], [ -116.395250343553997, 33.252452893588803 ], [ -116.395776529935006, 33.252425361094801 ], [ -116.396339505021999, 33.252257417952201 ], [ -116.396873535492006, 33.252087747407401 ], [ -116.397177652945004, 33.252018877555699 ], [ -116.397489300974996, 33.2519214518192 ], [ -116.397963244034003, 33.251926001280701 ], [ -116.398382514725995, 33.2518312445711 ], [ -116.398655883744993, 33.251639141338302 ], [ -116.399138219763998, 33.251491985635603 ], [ -116.399714843853005, 33.251354163805303 ], [ -116.400228713434004, 33.251198457028401 ], [ -116.400586171949996, 33.251164962309701 ], [ -116.400857187382996, 33.251139625280999 ], [ -116.401236687861001, 33.251025571374903 ], [ -116.401763107804001, 33.250957877128499 ], [ -116.402145980558004, 33.250919519536403 ], [ -116.402613021861001, 33.250771264306103 ], [ -116.402913060063995, 33.250581670150602 ], [ -116.403117399842003, 33.250412002362097 ], [ -116.403202039107995, 33.250281788952897 ], [ -116.403334683444001, 33.250111807311903 ], [ -116.403422146115005, 33.250008733816401 ], [ -116.403562007516996, 33.2498442417793 ], [ -116.403820158176003, 33.249466076748902 ], [ -116.404387604179007, 33.248731314950398 ], [ -116.404816600032007, 33.248296591525303 ], [ -116.405099068086997, 33.248104645049303 ], [ -116.405492845490002, 33.247834570900402 ], [ -116.406040524063997, 33.2474934287915 ], [ -116.406835998418003, 33.247046391838801 ], [ -116.407229069745, 33.246861974155401 ], [ -116.409604827109007, 33.245806544251799 ], [ -116.409963933135998, 33.245636326266897 ], [ -116.410639157209005, 33.245317382177603 ], [ -116.411613478948993, 33.244870893808098 ], [ -116.412569995181997, 33.244531791168598 ], [ -116.412817792758005, 33.244432719259102 ], [ -116.413133126576, 33.244426992877102 ], [ -116.413490898603996, 33.244428874874799 ], [ -116.414069717277997, 33.244481666963097 ], [ -116.414580999709997, 33.244498453169498 ], [ -116.415364866033997, 33.244516337767301 ], [ -116.416259255680004, 33.244513356625497 ], [ -116.417188943726998, 33.244403224856399 ], [ -116.417666575268996, 33.244319527353802 ], [ -116.418059332184995, 33.244199669782098 ], [ -116.418596970289997, 33.244073300532698 ], [ -116.419680718509994, 33.2438278566257 ], [ -116.420235299739005, 33.243708704604302 ], [ -116.420849653968006, 33.243568371662903 ], [ -116.421515857158994, 33.2433137513883 ], [ -116.421635715774002, 33.2432426830607 ], [ -116.421747025122997, 33.243164398368101 ], [ -116.421909320151997, 33.243100859527502 ], [ -116.422370163978002, 33.2429740995115 ], [ -116.423052917730004, 33.242791015828097 ], [ -116.423616913302993, 33.242564555493203 ], [ -116.424265467292997, 33.242402966046399 ], [ -116.424922651399001, 33.242219727147003 ], [ -116.425434559956997, 33.242121989208798 ], [ -116.425519904400005, 33.242086454943497 ], [ -116.425997848555994, 33.241981185649301 ], [ -116.4262365453, 33.241946671616297 ], [ -116.426594475431997, 33.241933885688098 ], [ -116.426986602629, 33.241900077875599 ], [ -116.427285309528997, 33.241858503669903 ], [ -116.427669358177994, 33.241738409063203 ], [ -116.428130673618995, 33.241540108535602 ], [ -116.428446869818998, 33.241391228072303 ], [ -116.428814369704, 33.241228147332301 ], [ -116.429660753381, 33.2407738137466 ], [ -116.430215962532998, 33.240554570720001 ], [ -116.431164477471, 33.240122043346403 ], [ -116.431770987611998, 33.2398743245707 ], [ -116.431959089442998, 33.239789451398302 ], [ -116.432112442640999, 33.239790000625199 ], [ -116.432316940522, 33.239762311620701 ], [ -116.432564265585, 33.239734699243797 ], [ -116.432777469938003, 33.2397142260631 ], [ -116.432948315131995, 33.239650531441903 ], [ -116.433110767366003, 33.239543851206101 ], [ -116.433316597448993, 33.2393371569867 ], [ -116.433496778833003, 33.239151957420901 ], [ -116.433727788694, 33.2389883285311 ], [ -116.433873140597996, 33.238902983406 ], [ -116.434146587770996, 33.238768222239301 ], [ -116.435137146559995, 33.2384433166904 ], [ -116.436776339290006, 33.237899559967801 ], [ -116.437511728927007, 33.237633015709797 ], [ -116.437946217081006, 33.237475426384698 ], [ -116.438313243552997, 33.237376668810199 ], [ -116.438517584229004, 33.237399102828597 ], [ -116.438602223494996, 33.237485467509501 ], [ -116.438532802588, 33.237678433600799 ], [ -116.438438279159001, 33.237821275749802 ], [ -116.438266257172003, 33.238071032747698 ], [ -116.438129141022003, 33.238192067823299 ], [ -116.437940881985995, 33.238320163158399 ], [ -116.437522632677997, 33.238482929248903 ], [ -116.437511728927007, 33.238486066876497 ], [ -116.436899179413004, 33.238666167715998 ], [ -116.436131079421003, 33.238870351026499 ], [ -116.435516489833006, 33.239067946088497 ], [ -116.435302736609003, 33.239188982038101 ], [ -116.43508835726, 33.239395361045098 ], [ -116.434899783814004, 33.239580797518201 ], [ -116.434506633435007, 33.239772350980203 ], [ -116.434147057589996, 33.240028384311103 ], [ -116.433599692526997, 33.240348033664397 ], [ -116.433009499386003, 33.2407105113396 ], [ -116.432505592121998, 33.240908654467702 ], [ -116.432061691420998, 33.2410497708035 ], [ -116.431677798180999, 33.241133938760903 ], [ -116.430969471189997, 33.241295528299702 ], [ -116.430490741906993, 33.241550855435598 ], [ -116.430174231295993, 33.241735585603898 ], [ -116.429610080314006, 33.2420266035354 ], [ -116.429379304915003, 33.242125675918103 ], [ -116.428977918781001, 33.2422671824758 ], [ -116.428371254129999, 33.242550671236302 ], [ -116.428088941484006, 33.2427283407239 ], [ -116.427806631533002, 33.242884596772498 ], [ -116.427559071112, 33.242976608132402 ], [ -116.427370495869994, 33.243125960722203 ], [ -116.427250245588993, 33.243275863012997 ], [ -116.427240361426001, 33.243497773858898 ], [ -116.427331904244994, 33.243820326328503 ], [ -116.427407364524996, 33.244028196250802 ], [ -116.427440073981998, 33.244236066430098 ], [ -116.427361946603, 33.244457662298998 ], [ -116.427198631986002, 33.244664590836202 ], [ -116.426890199924998, 33.244935136073998 ], [ -116.426547880716001, 33.245148341263203 ], [ -116.426257333213997, 33.245283181246897 ], [ -116.426009378431999, 33.245417943639801 ], [ -116.425803706452996, 33.245595927347601 ], [ -116.425640077425996, 33.245903104564903 ], [ -116.425561635636996, 33.246131918280703 ], [ -116.425534493938997, 33.246375165737298 ], [ -116.425498646668004, 33.246661319478697 ], [ -116.425342705421997, 33.247040192325301 ], [ -116.425221670013997, 33.247304383465902 ], [ -116.424886411564003, 33.247760992506201 ], [ -116.424680344326006, 33.247982118912503 ], [ -116.424294804474002, 33.2483311834361 ], [ -116.423977274275003, 33.248651851938803 ], [ -116.423797564506003, 33.248786929174102 ], [ -116.423531883269007, 33.249014957037602 ], [ -116.423300715305999, 33.249185568110498 ], [ -116.422889525857002, 33.249520199268197 ], [ -116.422675223762994, 33.249705479037601 ], [ -116.422512143606994, 33.249890835041498 ], [ -116.422418405304995, 33.250007712869603 ], [ -116.422294703697006, 33.250161929791098 ], [ -116.422127780547996, 33.2504025103798 ], [ -116.422029493178002, 33.250574295942698 ], [ -116.421941167225995, 33.250772989157802 ], [ -116.421813072855997, 33.250907437330902 ], [ -116.421718080505997, 33.251039847184003 ], [ -116.421550215023998, 33.251207163129003 ], [ -116.421419608964996, 33.251388048343301 ], [ -116.421217465568006, 33.251590507151597 ], [ -116.420994693259004, 33.251799083533903 ], [ -116.420853341552004, 33.251926785567001 ], [ -116.420669945097004, 33.2520558997278 ], [ -116.420463956910993, 33.252191212095099 ], [ -116.420290130208997, 33.252353585757803 ], [ -116.420050885492003, 33.252597381571199 ], [ -116.419812028848, 33.252805095398202 ], [ -116.419648557025994, 33.2530219849166 ], [ -116.419452767413006, 33.253229699987799 ], [ -116.419282785500002, 33.2533410068108 ], [ -116.419120018856006, 33.253490752606403 ], [ -116.418888850892003, 33.253647085570002 ], [ -116.418657841929999, 33.253789300651597 ], [ -116.418392629614004, 33.253959754414197 ], [ -116.418101613190998, 33.2541374247484 ], [ -116.417836558977996, 33.254279482028601 ], [ -116.417596841747994, 33.254442875710701 ], [ -116.417280173034001, 33.254663375228198 ], [ -116.417040770214001, 33.254769662909403 ], [ -116.416715707641998, 33.254939960010901 ], [ -116.416493639612, 33.2550464051087 ], [ -116.416168891449999, 33.2551664190797 ], [ -116.415835752126, 33.255286592140898 ], [ -116.415528182447005, 33.255421040881401 ], [ -116.415331685859996, 33.255491795820802 ], [ -116.415109617829998, 33.255569608234303 ], [ -116.414827777697994, 33.255661307262102 ], [ -116.414511815059996, 33.255774419874797 ], [ -116.414315319370999, 33.255830740249898 ], [ -116.413956763114001, 33.255943461269403 ], [ -116.413407908644999, 33.256122779449903 ], [ -116.413017975133002, 33.256320608194201 ], [ -116.412648672329993, 33.256574602391602 ], [ -116.412409269509993, 33.256695479635603 ], [ -116.412085227424001, 33.256914881239297 ], [ -116.411878533161996, 33.257149891211498 ], [ -116.411748634974998, 33.257408278181302 ], [ -116.41159371242, 33.257593478877098 ], [ -116.411456203705995, 33.257771698448103 ], [ -116.411301046689999, 33.258050322608398 ], [ -116.411257277176006, 33.258214735347799 ], [ -116.411204642189006, 33.258436568449198 ], [ -116.411160873572996, 33.258600980461701 ], [ -116.411100315444997, 33.258743822972598 ], [ -116.411004930531007, 33.258972479874899 ], [ -116.410882404817997, 33.259132108929997 ], [ -116.410848204158995, 33.259394966997803 ], [ -116.410868678561002, 33.259585735633301 ], [ -116.410982967620996, 33.259724185974598 ], [ -116.411084391908005, 33.259846398186298 ], [ -116.411152165304998, 33.259903894511901 ], [ -116.411253746797001, 33.260011829877698 ], [ -116.411490954133996, 33.260187383151603 ], [ -116.411651916962001, 33.2603715638907 ], [ -116.411804250572999, 33.260508364945402 ], [ -116.411905518552999, 33.260666267288698 ], [ -116.412057930317005, 33.260817502840801 ], [ -116.412330279749, 33.260854528045101 ], [ -116.412475317242993, 33.260840956921101 ], [ -116.412646006130004, 33.260798754745402 ], [ -116.412808223903994, 33.260749415814502 ], [ -116.412979069995998, 33.2607072135946 ], [ -116.413149757984996, 33.260700861063199 ], [ -116.413430656683005, 33.260702193615103 ], [ -116.413634840154003, 33.260753337601002 ], [ -116.413916130516995, 33.26076180914 ], [ -116.414105568142006, 33.260816012547998 ], [ -116.414171144259996, 33.260834603648199 ], [ -116.414451963906004, 33.260900336488596 ], [ -116.414715293352998, 33.261030549847803 ], [ -116.414953363972003, 33.261088910722698 ], [ -116.415216847929003, 33.261204611539398 ], [ -116.415404088274997, 33.2612556778626 ], [ -116.415548969463003, 33.261256383945302 ], [ -116.415787824310001, 33.261228692727698 ], [ -116.416017815480998, 33.261251363997303 ], [ -116.416230548217996, 33.261266580831098 ], [ -116.416511839479995, 33.261267913374397 ], [ -116.416767558399997, 33.261269091931503 ], [ -116.417116701211995, 33.261313723854599 ], [ -116.417440429785998, 33.261315371880599 ], [ -116.417721720149004, 33.2613165474325 ], [ -116.418028505598002, 33.261310899525398 ], [ -116.418292540223007, 33.261312233570202 ], [ -116.418633681740999, 33.261299448972899 ], [ -116.418940468087996, 33.261300781515601 ], [ -116.419323653456004, 33.261338354855397 ], [ -116.419587843488998, 33.261346904457397 ], [ -116.419843328848003, 33.261354983838103 ], [ -116.420090262244003, 33.2613992258701 ], [ -116.420830907026996, 33.261510220323203 ], [ -116.421324619309999, 33.261605605763599 ], [ -116.421767185115002, 33.261686398545798 ], [ -116.422022276112997, 33.261737699696504 ], [ -116.422346161891994, 33.261753467787898 ], [ -116.422661340301005, 33.261776371777103 ], [ -116.422891331471007, 33.261813239585202 ], [ -116.423248396524997, 33.261929411162299 ], [ -116.423477916978996, 33.262023697219398 ], [ -116.423733242436995, 33.262074919301902 ], [ -116.423997433368996, 33.262083313344803 ], [ -116.424312221010993, 33.262149204488097 ], [ -116.424533503912997, 33.262193130637499 ], [ -116.424729293525999, 33.262208427679703 ], [ -116.424985169650995, 33.262209603219503 ], [ -116.425343019832994, 33.262211251228699 ], [ -116.425666904714006, 33.262212741497699 ], [ -116.425990318876998, 33.262264356317097 ], [ -116.426177716428995, 33.262286712589002 ], [ -116.426373348835995, 33.262344836014698 ], [ -116.426483637698993, 33.262409708412299 ], [ -116.426499719339006, 33.262560237127097 ], [ -116.426439553774003, 33.262631541377097 ], [ -116.426328402528995, 33.262688332051802 ], [ -116.426106334498996, 33.262773206272101 ], [ -116.425901444952999, 33.262822310455903 ], [ -116.425628234037006, 33.262899889496701 ], [ -116.425313055627996, 33.262891182307797 ], [ -116.425040470837999, 33.262875572160702 ], [ -116.424767729742001, 33.262860041631399 ], [ -116.424392859180003, 33.262851098581102 ], [ -116.424086073731004, 33.262856981494899 ], [ -116.423822039106, 33.262834155907498 ], [ -116.423617385816002, 33.262854785918201 ], [ -116.423429596600002, 33.262875415924 ], [ -116.423105554513995, 33.262924048335996 ], [ -116.422840892864997, 33.262994253375702 ], [ -116.422499750449006, 33.263042888725998 ], [ -116.422294704595998, 33.263106426587797 ], [ -116.422021963499006, 33.263112309484299 ], [ -116.421860060135003, 33.2631114464292 ], [ -116.421681135493998, 33.263110661492099 ], [ -116.421468088346003, 33.263109641449603 ], [ -116.421246490135005, 33.2631086229093 ], [ -116.421025050926005, 33.263100228964902 ], [ -116.420735052294006, 33.263127762601698 ], [ -116.420530319053995, 33.263155373596902 ], [ -116.420274521082007, 33.263175689557201 ], [ -116.420052924667999, 33.263181886423602 ], [ -116.419822699036999, 33.263180710145697 ], [ -116.419712096663005, 33.263165963105003 ], [ -116.419490655657, 33.263157726904502 ], [ -116.419320123077, 33.263156864601001 ], [ -116.419149356036002, 33.263199143755301 ], [ -116.418944781798004, 33.263205497607302 ], [ -116.418543631022999, 33.263303549225398 ], [ -116.418262027148003, 33.263366773674797 ], [ -116.417869034871998, 33.263500908024902 ], [ -116.417442233602998, 33.263620766915601 ], [ -116.417075127179999, 33.263711915927402 ], [ -116.416630913866001, 33.2638675440691 ], [ -116.416204270700007, 33.263951319744599 ], [ -116.415888229009994, 33.264043018236997 ], [ -116.415666160979995, 33.264135029102 ], [ -116.415349962983001, 33.264255281463797 ], [ -116.414982700254001, 33.264368079494801 ], [ -116.414683916997006, 33.264459777549703 ], [ -116.414316809675995, 33.264551005305002 ], [ -116.414043598760998, 33.264635643364997 ], [ -116.413753208464001, 33.264727341139 ], [ -116.413553732164999, 33.264804606021301 ], [ -116.413326408092004, 33.264877714133299 ], [ -116.413162465553, 33.264887440394901 ], [ -116.412998522115004, 33.264897325141803 ], [ -116.412885330796001, 33.264854417370103 ], [ -116.412734487489999, 33.264747815220304 ], [ -116.412533678990002, 33.264651567166801 ], [ -116.412355773038001, 33.2645603395165 ], [ -116.412207126113003, 33.264480564161303 ], [ -116.412103191932999, 33.264442521218101 ], [ -116.411929992254997, 33.264426282656899 ], [ -116.411715376648004, 33.264467622291598 ], [ -116.411525469203994, 33.264593755489898 ], [ -116.411461932262, 33.264688749232803 ], [ -116.411352113218996, 33.264793860478598 ], [ -116.411308891676995, 33.264931681388902 ], [ -116.411283084876004, 33.265026910615703 ], [ -116.411265435675006, 33.265128334213699 ], [ -116.411264493342998, 33.265265136831999 ], [ -116.411329993102996, 33.265392212280702 ], [ -116.411383333268006, 33.265554821294998 ], [ -116.411404983565006, 33.265662914172196 ], [ -116.411495975717003, 33.265854546418197 ], [ -116.411506721364006, 33.266062572734803 ], [ -116.411493935642994, 33.266168861569398 ], [ -116.411457067884996, 33.266260011677602 ], [ -116.411438164637005, 33.266351394534098 ], [ -116.411336346886998, 33.266488510701599 ], [ -116.411209349361002, 33.266636215741102 ], [ -116.411158048370993, 33.266740307647503 ], [ -116.411084784471996, 33.2668719326375 ], [ -116.411042661569994, 33.267048426774799 ], [ -116.411075841742999, 33.267297870412598 ], [ -116.411153501098994, 33.267419925563402 ], [ -116.411291793144002, 33.267494523918401 ], [ -116.411448518618997, 33.267537979445599 ], [ -116.411611440672004, 33.267533587025397 ], [ -116.411768874019003, 33.267473578791197 ], [ -116.411935170144005, 33.267412865985101 ], [ -116.412059420622001, 33.267358270841299 ], [ -116.412222815188997, 33.2672930070406 ], [ -116.412349889970997, 33.267243039351499 ], [ -116.412477121958005, 33.267172677742401 ], [ -116.412592196145994, 33.2671223967752 ], [ -116.412731428727, 33.267062231278203 ], [ -116.412908629501999, 33.267004341580098 ], [ -116.413094535850007, 33.266927077892703 ], [ -116.413330094778004, 33.266815925831203 ], [ -116.413492390705997, 33.266773723537902 ], [ -116.413808196139001, 33.266696536259303 ], [ -116.414149493962995, 33.266633705546198 ], [ -116.414413684894996, 33.266635039509801 ], [ -116.414651912718, 33.266693555123098 ], [ -116.415085929255994, 33.266788470720698 ], [ -116.415349807574003, 33.2668469096187 ], [ -116.415596583766003, 33.266898210742902 ], [ -116.416015697253002, 33.267021990232102 ], [ -116.416413002341002, 33.267191111260701 ], [ -116.416803406569997, 33.267405021507699 ], [ -116.417134979232998, 33.267542607710404 ], [ -116.417432194030994, 33.267694391674503 ], [ -116.417678107840004, 33.267874571274703 ], [ -116.417898214847995, 33.2681045622517 ], [ -116.418144128657005, 33.268299018501203 ], [ -116.418322348120995, 33.268400129601098 ], [ -116.418568654493995, 33.268537402534001 ], [ -116.418772289093994, 33.268667144841999 ], [ -116.418976001847, 33.268797044685499 ], [ -116.419282080323001, 33.268920117715801 ], [ -116.419536935962, 33.269035976402002 ], [ -116.419723784642997, 33.269129871734599 ], [ -116.419987504857005, 33.269209803574903 ], [ -116.420387321633996, 33.269326132805503 ], [ -116.420608605435007, 33.269377432473298 ], [ -116.420863618279, 33.269471640639701 ], [ -116.421050858626003, 33.269522627772503 ], [ -116.421348229730995, 33.269638642635002 ], [ -116.421543863037002, 33.269703827321699 ], [ -116.421790482920997, 33.2697980366381 ], [ -116.422002666788003, 33.269913736433303 ], [ -116.422189435519002, 33.270043479700703 ], [ -116.422427349830002, 33.270144747257802 ], [ -116.422741979368993, 33.270267899504702 ], [ -116.423260477068993, 33.2704565511536 ], [ -116.423770581810004, 33.270666383348697 ], [ -116.424076347671999, 33.270825305306303 ], [ -116.424424234637996, 33.2710345094738 ], [ -116.424755180277003, 33.2712866988877 ], [ -116.424992386715999, 33.271495352171002 ], [ -116.425220809427998, 33.271754209681099 ], [ -116.425414951530996, 33.272034168935598 ], [ -116.425490412710005, 33.272235134862399 ], [ -116.425574188694995, 33.272450456755301 ], [ -116.425649334564994, 33.272701234605698 ], [ -116.425699458761002, 33.272852077547697 ], [ -116.425748877779995, 33.273109913363001 ], [ -116.425790294606003, 33.273288761446302 ], [ -116.425874147846002, 33.273525810767303 ], [ -116.425931647211002, 33.273840989045603 ], [ -116.425973064036995, 33.274034426875701 ], [ -116.426082018003001, 33.274299793629901 ], [ -116.426157244722006, 33.274507820857799 ], [ -116.426292085439002, 33.274780562093497 ], [ -116.426476814994004, 33.275196694123103 ], [ -116.426526545727995, 33.275404563750797 ], [ -116.426610871481998, 33.275548032926899 ], [ -116.426821251532004, 33.275949888811297 ], [ -116.427057830947007, 33.276280440786003 ], [ -116.427235031720997, 33.276560399796999 ], [ -116.427700895333004, 33.276999279895797 ], [ -116.428048390634004, 33.277301515430501 ], [ -116.428302070379004, 33.277610653213998 ], [ -116.428539434921007, 33.277826365892899 ], [ -116.428709024270006, 33.2779561882748 ], [ -116.428853436536997, 33.278035649414598 ], [ -116.429125313455003, 33.278151113743299 ], [ -116.429363540379995, 33.2782312821532 ], [ -116.429763200850005, 33.278383302128198 ], [ -116.430026685705997, 33.278491943129502 ], [ -116.430281698550004, 33.2786075653163 ], [ -116.430477176447994, 33.278687419388199 ], [ -116.430647470973994, 33.278709540147197 ], [ -116.430817768195993, 33.278724756943198 ], [ -116.430987908212003, 33.2787828048424 ], [ -116.431166126777995, 33.278912389236901 ], [ -116.431327245014003, 33.279035071008103 ], [ -116.431428513892996, 33.279192818193103 ], [ -116.431606497998999, 33.279336836880901 ], [ -116.431767773440001, 33.279459361848502 ], [ -116.431946307314007, 33.279517407757197 ], [ -116.432116132022003, 33.279632718425198 ], [ -116.432243050496993, 33.279783716862902 ], [ -116.432191593200997, 33.279855178276001 ], [ -116.432029454478993, 33.279861373958802 ], [ -116.431765263547007, 33.2798459207985 ], [ -116.431459499482003, 33.279679783193998 ], [ -116.431238685500006, 33.279542824421199 ], [ -116.431137104008002, 33.279470737173398 ], [ -116.431018106877005, 33.279398491405999 ], [ -116.430813454486, 33.2793977073664 ], [ -116.430676966258005, 33.279432849457699 ], [ -116.430565499704997, 33.2795111339465 ], [ -116.430351903686002, 33.279588791284901 ], [ -116.430172743686001, 33.279595143944398 ], [ -116.429951617091007, 33.279544000478701 ], [ -116.429739040659996, 33.279464382251902 ], [ -116.429543564558998, 33.279370331311398 ], [ -116.429365188787997, 33.279290712926198 ], [ -116.429169711789001, 33.279218312304302 ], [ -116.428940270387002, 33.279131318979303 ], [ -116.428710436421994, 33.279037269181998 ], [ -116.428463661129001, 33.278971691180502 ], [ -116.428123302941998, 33.278877012623902 ], [ -116.427936454261001, 33.278790178171 ], [ -116.427757843131999, 33.278717776382997 ], [ -116.427503065645993, 33.278587798174101 ], [ -116.427341632101005, 33.278515396969198 ], [ -116.427171649290003, 33.278428719116398 ], [ -116.426993273519003, 33.278342041177602 ], [ -116.426840234729994, 33.278276856180703 ], [ -116.426704138168006, 33.278197552971697 ], [ -116.426525919602, 33.278089224022999 ], [ -116.426390450064005, 33.277981289219099 ], [ -116.426246274953002, 33.2778589198887 ], [ -116.426144849766999, 33.277722275185504 ], [ -116.426043581786999, 33.277564372887802 ], [ -116.425874620360005, 33.277341599283702 ], [ -116.425714207301993, 33.277118982073297 ], [ -116.425478018654005, 33.276731245466799 ], [ -116.425368906583998, 33.2764516009305 ], [ -116.425259559156004, 33.276257850773199 ], [ -116.425166527829006, 33.276164427237902 ], [ -116.424997409197005, 33.275927219855198 ], [ -116.424836759881003, 33.275704445828701 ], [ -116.424778477185995, 33.275553917238298 ], [ -116.424753611819, 33.275403386886502 ], [ -116.424780124695999, 33.2752890199354 ], [ -116.424789380937, 33.275160140638903 ], [ -116.424807265496, 33.275031339259698 ], [ -116.424842328538006, 33.274895557575597 ], [ -116.424860292149006, 33.274766677698402 ], [ -116.424869783747994, 33.274595047856501 ], [ -116.424871116847996, 33.2743945522544 ], [ -116.424872685305999, 33.274165346158703 ], [ -116.424873705791995, 33.274014972633701 ], [ -116.424857546897002, 33.273871817127699 ], [ -116.424772907630995, 33.273764037833097 ], [ -116.424663089486003, 33.273620332901402 ], [ -116.424476869626005, 33.2734404678285 ], [ -116.424366188199997, 33.273396931872298 ], [ -116.424221229756995, 33.273432074126099 ], [ -116.424118627778995, 33.273460234634001 ], [ -116.423930210639, 33.273616881847197 ], [ -116.423715751339998, 33.273816357815498 ], [ -116.423365589838994, 33.273922097963897 ], [ -116.423092534332, 33.273971044919698 ], [ -116.422759941183003, 33.274005245886599 ], [ -116.422563759005996, 33.274018660250498 ], [ -116.422222773795994, 33.274017011712999 ], [ -116.421907439978, 33.274015679364297 ], [ -116.421600732681995, 33.274014109686298 ], [ -116.421208760892995, 33.273990813107297 ], [ -116.421004420217002, 33.273975594735099 ], [ -116.420689243604997, 33.273938336261502 ], [ -116.420433601938996, 33.273915744140602 ], [ -116.420109717059006, 33.2739142540713 ], [ -116.419828583002001, 33.273912920969899 ], [ -116.419496147057998, 33.273911195073097 ], [ -116.419206148426994, 33.273952926017401 ], [ -116.419018438262, 33.273980615453901 ], [ -116.418890814609, 33.273930021466398 ], [ -116.418651803455006, 33.274007600403898 ], [ -116.418497900486997, 33.274092787322701 ], [ -116.418198645615007, 33.274220175877502 ], [ -116.417976500329999, 33.274290772891902 ], [ -116.417813734583007, 33.274411651905503 ], [ -116.41767646033, 33.274561474987998 ], [ -116.417556446305994, 33.274654036546401 ], [ -116.417376892844004, 33.274738988511302 ], [ -116.417146039290998, 33.274845276548902 ], [ -116.416992138119994, 33.274908970300601 ], [ -116.416736339248999, 33.274936661687001 ], [ -116.416565886618997, 33.274950074405602 ], [ -116.416403590691004, 33.274992119536599 ], [ -116.416190151877998, 33.275027025323801 ], [ -116.415985653996998, 33.275026005420401 ], [ -116.415789707179002, 33.275025142483003 ], [ -116.415627569354996, 33.275038713656102 ], [ -116.415440172702006, 33.275037771109403 ], [ -116.415175431102995, 33.275086719692801 ], [ -116.414962541159994, 33.275085699790097 ], [ -116.414877197614999, 33.275085386609398 ], [ -116.414715450558006, 33.275055813181098 ], [ -116.414537074787006, 33.274976196869197 ], [ -116.414213739676001, 33.274895949615697 ], [ -116.414017949165, 33.2748449633674 ], [ -116.413762935422, 33.2747435382866 ], [ -116.413541651621003, 33.274706670679599 ], [ -116.413311505042003, 33.274712710512297 ], [ -116.413140658949999, 33.274754912723999 ], [ -116.412995150737999, 33.274847316359903 ], [ -116.412934672559999, 33.274968665501298 ], [ -116.412933652074003, 33.2751405304329 ], [ -116.412957576905001, 33.2753553817751 ], [ -116.412964793970005, 33.275570311446401 ], [ -116.412964008841996, 33.275670402492203 ], [ -116.412970833342996, 33.275935457855503 ], [ -116.412969813756007, 33.276092888452098 ], [ -116.413002209699997, 33.276343667105998 ], [ -116.413000327728994, 33.276615701905101 ], [ -116.412981422683998, 33.2768948757789 ], [ -116.412937181554994, 33.277130905944396 ], [ -116.412884704671001, 33.2773454437217 ], [ -116.412840463541002, 33.277595750146503 ], [ -116.412787986656994, 33.277781656042499 ], [ -116.412658558288996, 33.278031570692598 ], [ -116.412529129922007, 33.278260071207001 ], [ -116.412459394603999, 33.278488885042798 ], [ -116.41246692608, 33.278632276302901 ], [ -116.412423154769002, 33.278803748758897 ], [ -116.412294275272004, 33.278975066172102 ], [ -116.412199753639996, 33.279081981393297 ], [ -116.412019653103002, 33.279238550178903 ], [ -116.411809662921996, 33.279523921134803 ], [ -116.411670980110003, 33.2796390733346 ], [ -116.411451579179001, 33.279792504976697 ], [ -116.411243551816995, 33.279984608627501 ], [ -116.411105023515006, 33.280070735961601 ], [ -116.410905232806002, 33.280185574277603 ], [ -116.410750860918, 33.2803208866275 ], [ -116.410562600983994, 33.280415565120002 ], [ -116.410389558511, 33.280501773135398 ], [ -116.410227969556999, 33.280616767089299 ], [ -116.410066379705995, 33.280722193350599 ], [ -116.409886278271003, 33.280853582482997 ], [ -116.409723668831006, 33.280960263349797 ], [ -116.409577846209999, 33.281102869530002 ], [ -116.409465910734994, 33.281153543470403 ], [ -116.409304634395994, 33.281201156385698 ], [ -116.409074095253004, 33.281286971614001 ], [ -116.408855165038005, 33.281372786757899 ], [ -116.408636390232004, 33.281468328485097 ], [ -116.408474487766995, 33.281663178523097 ], [ -116.408300818270007, 33.2817948816487 ], [ -116.408116244122994, 33.281900148782398 ], [ -116.407931987081994, 33.281947606589902 ], [ -116.407713212275993, 33.282004477072597 ], [ -116.407448551524993, 33.282061111712601 ], [ -116.407209932037006, 33.282101038680103 ], [ -116.406844552175997, 33.281934585452802 ], [ -116.406615031723007, 33.281840533418901 ], [ -116.406428575606, 33.281682082097298 ], [ -116.406327386677006, 33.2815169625582 ], [ -116.406226275004002, 33.281337409640102 ], [ -116.406100062605006, 33.281100516705997 ], [ -116.405974006511997, 33.280856485033397 ], [ -116.405881289595001, 33.2806985823971 ], [ -116.405788571779993, 33.2805334640015 ], [ -116.405619451351001, 33.280346537365702 ], [ -116.405553560822995, 33.280198674529501 ], [ -116.405427820040003, 33.280082346266703 ], [ -116.405268034005005, 33.279917383662699 ], [ -116.405085971548004, 33.279814075729398 ], [ -116.405009725241996, 33.279735163682197 ], [ -116.404917007427002, 33.279591302609397 ], [ -116.404764595662002, 33.2794332422284 ], [ -116.404679800988006, 33.279361155641098 ], [ -116.404527231119999, 33.279246002323703 ], [ -116.40436580027, 33.279173522809998 ], [ -116.404204758391003, 33.279036720201802 ], [ -116.404103333205001, 33.278885877431001 ], [ -116.404019323658005, 33.278727975735997 ], [ -116.403926292330993, 33.278612979294003 ], [ -116.403816630492003, 33.278462058437597 ], [ -116.403698104976996, 33.278332708439201 ], [ -116.403545223394005, 33.278246030405001 ], [ -116.403443798208002, 33.278131035580998 ], [ -116.403359473353007, 33.2779945467624 ], [ -116.403283542354998, 33.277879708568001 ], [ -116.403190667334002, 33.277771772754001 ], [ -116.403088614227002, 33.277721100605497 ], [ -116.402977933699006, 33.2776849387037 ], [ -116.402765200063001, 33.277655209194698 ], [ -116.402551996607997, 33.2776612495745 ], [ -116.402338399691999, 33.277724786563702 ], [ -116.402201285337995, 33.277838684698303 ], [ -116.402063776624999, 33.277995567382099 ], [ -116.401892302609994, 33.278166569456701 ], [ -116.401840530903002, 33.278259286406097 ], [ -116.401839355009002, 33.278431073514497 ], [ -116.401846258562003, 33.278660201571903 ], [ -116.401802330943994, 33.278846186309202 ], [ -116.401750481083994, 33.278989107607799 ], [ -116.401740440614006, 33.279168033016298 ], [ -116.401739105717994, 33.279368528920898 ], [ -116.401746010169006, 33.279604873072799 ], [ -116.401781701133999, 33.279748184396503 ], [ -116.401846729279001, 33.279834393071098 ], [ -116.402083934819998, 33.280057479484597 ], [ -116.402296197737996, 33.280194595908497 ], [ -116.402423196162999, 33.280302609833598 ], [ -116.402516070285003, 33.280424821785999 ], [ -116.402651538924999, 33.280568604884699 ], [ -116.402795400524994, 33.280719683560598 ], [ -116.402896982016998, 33.2808131855802 ], [ -116.402939183071993, 33.280892177007999 ], [ -116.402929849575997, 33.281006701083797 ], [ -116.402911729658996, 33.281171114915402 ], [ -116.402936203360994, 33.281314426671599 ], [ -116.402961147778996, 33.281443541701499 ], [ -116.403045471737002, 33.2815513205271 ], [ -116.403095988497, 33.281637526669897 ], [ -116.403120462198004, 33.2818093138888 ], [ -116.403170586395007, 33.281959999911003 ], [ -116.403152623682004, 33.282081584733703 ], [ -116.403040844515004, 33.282245684136498 ], [ -116.402903022288996, 33.282431276737903 ], [ -116.402675385603004, 33.282627067842199 ], [ -116.402508068990997, 33.2828517241472 ], [ -116.402472535231993, 33.283066261381997 ], [ -116.402488772279995, 33.2831809433114 ], [ -116.402650205824997, 33.283260560401203 ], [ -116.402769201159003, 33.283318372485802 ], [ -116.402896825710002, 33.283347553365701 ], [ -116.403024371209, 33.283391166214599 ], [ -116.403101165487996, 33.283398696104797 ], [ -116.403186117366999, 33.283413444234398 ], [ -116.403279856566996, 33.283435406845001 ], [ -116.403372887895003, 33.2835361264382 ], [ -116.403440268728005, 33.283665240434502 ], [ -116.403464742428994, 33.2838300465149 ], [ -116.403464192659996, 33.283909114062901 ], [ -116.403463800994999, 33.283965986271397 ], [ -116.403442699568998, 33.284018149197401 ], [ -116.403420344992995, 33.284073294136903 ], [ -116.403393830319004, 33.284223508406001 ], [ -116.403315938299002, 33.284409258256602 ], [ -116.403160704027997, 33.284651956070299 ], [ -116.403074652610002, 33.284765931525399 ], [ -116.402920750541, 33.284851276158598 ], [ -116.402783791595994, 33.284936464511098 ], [ -116.402731550070996, 33.2850579693418 ], [ -116.402680091875993, 33.285136410239097 ], [ -116.402534504613001, 33.285221598313299 ], [ -116.402397781027005, 33.285299727421297 ], [ -116.402294786485001, 33.285392286605102 ], [ -116.402234308307001, 33.285499360675402 ], [ -116.402190695998002, 33.285649576244701 ], [ -116.402121353243999, 33.285813832644301 ], [ -116.401992237490006, 33.285999425167702 ], [ -116.401888930333996, 33.286142110223302 ], [ -116.401749539649998, 33.2862712248699 ], [ -116.401665999922002, 33.286348646407397 ], [ -116.401510921958007, 33.286576911884197 ], [ -116.401424949591998, 33.286691122871197 ], [ -116.401296226401001, 33.286797880707297 ], [ -116.401209862369996, 33.286976413892397 ], [ -116.401088983269005, 33.2871906368621 ], [ -116.401002855493999, 33.287326262752799 ], [ -116.400882604315001, 33.287468947891803 ], [ -116.400770825148001, 33.287597200015099 ], [ -116.400488671503993, 33.287732118654297 ], [ -116.400258054207001, 33.28780240287 ], [ -116.400044614495997, 33.287844447067002 ], [ -116.399916518330002, 33.287865234119003 ], [ -116.399873611198004, 33.287907985654797 ], [ -116.399898633771002, 33.2880011735975 ], [ -116.399931658534996, 33.288158762654 ], [ -116.399939345419, 33.288287719627697 ], [ -116.400014805699996, 33.288445623552299 ], [ -116.400081795765004, 33.288632001193697 ], [ -116.400191300399001, 33.288818768912599 ], [ -116.400293195402995, 33.288897916794198 ], [ -116.400343476803997, 33.289012754759597 ], [ -116.400402385625995, 33.289141947759298 ], [ -116.400494867183994, 33.289314127951599 ], [ -116.400621159533003, 33.2895582381 ], [ -116.400730586012997, 33.2897450068401 ], [ -116.400865348577, 33.289981822245601 ], [ -116.400949828840993, 33.290118311091803 ], [ -116.400991089361, 33.290290332418998 ], [ -116.400972969443004, 33.290447685313197 ], [ -116.400878133399999, 33.290619002398401 ], [ -116.400783375510997, 33.2907546274661 ], [ -116.400662889871995, 33.290918805174101 ], [ -116.400534088528005, 33.291061255415798 ], [ -116.400387952393999, 33.291232414359499 ], [ -116.400336102533998, 33.291339566114999 ], [ -116.400088227702994, 33.291452835256997 ], [ -116.399831881758004, 33.291537395427198 ], [ -116.399506819186001, 33.291686199441997 ], [ -116.399164815285999, 33.291820490022999 ], [ -116.398934038090005, 33.291919876123103 ], [ -116.398634785013996, 33.292108998342499 ], [ -116.398301642993999, 33.292238741662302 ], [ -116.398046866407, 33.292352402349501 ], [ -116.397733021098006, 33.292515012211098 ], [ -116.397517463159005, 33.2925959633627 ], [ -116.397281904229999, 33.292742649589499 ], [ -116.397084936926007, 33.292955069809103 ], [ -116.397024615953001, 33.293184588488501 ], [ -116.397062504196995, 33.293381712299599 ], [ -116.397100234337003, 33.2935459684115 ], [ -116.397216562573007, 33.293727247997403 ], [ -116.397352658236997, 33.293826318812101 ], [ -116.397521307049999, 33.294046582982702 ], [ -116.397750513093001, 33.294183698452699 ], [ -116.397876726389995, 33.294370467053099 ], [ -116.398070868492994, 33.294552138379402 ], [ -116.398304389144002, 33.294701019847601 ], [ -116.398557520018002, 33.294817035788199 ], [ -116.398698792673002, 33.295013843552603 ], [ -116.398612350487994, 33.295297646942203 ], [ -116.398576739473995, 33.295539089074502 ], [ -116.398711579293007, 33.2956533791846 ], [ -116.398914193406995, 33.295682715121202 ], [ -116.399150930027005, 33.295712365656399 ], [ -116.399371507751994, 33.295628041547197 ], [ -116.399558278279002, 33.295543716605501 ], [ -116.399727788576996, 33.295501986973399 ], [ -116.399863415319999, 33.295431624863603 ], [ -116.400050340356998, 33.2953613407863 ], [ -116.400254132162999, 33.295262976020901 ], [ -116.400531736738003, 33.295149312367599 ], [ -116.400702268420005, 33.295142959338499 ], [ -116.400949828840993, 33.295094168420398 ], [ -116.401179898164997, 33.295109542292998 ], [ -116.401444246302006, 33.295110720393303 ], [ -116.401674237473003, 33.295133389623103 ], [ -116.401799114976001, 33.295134016591497 ], [ -116.401921485279999, 33.295134565470498 ], [ -116.402339107564003, 33.2951437432367 ], [ -116.402628948092001, 33.2951452344453 ], [ -116.402876196798005, 33.295139036844098 ], [ -116.403114580030007, 33.295190337861897 ], [ -116.403429365874999, 33.295270661816303 ], [ -116.403753251653995, 33.295293644863598 ], [ -116.404000342255998, 33.295309254470702 ], [ -116.404392470351993, 33.2953325521176 ], [ -116.404647954813001, 33.295369577703198 ], [ -116.405073264878993, 33.2954932785306 ], [ -116.405566425597002, 33.2956889126839 ], [ -116.405727701936001, 33.295797239309799 ], [ -116.405905215325006, 33.296012796664002 ], [ -116.406091515135003, 33.296221372823602 ], [ -116.406269028522999, 33.296444146291897 ], [ -116.406395397229005, 33.296623699664003 ], [ -116.406522157599994, 33.296824665291297 ], [ -116.406631819438999, 33.297011435746299 ], [ -116.406732852060003, 33.297176555251099 ], [ -116.406868007187995, 33.297363323451002 ], [ -116.407020576158004, 33.297500047776303 ], [ -116.407122157649994, 33.297615121445801 ], [ -116.407274334055998, 33.297794752747301 ], [ -116.407401566043006, 33.297895707297002 ], [ -116.407468790568998, 33.298046392572203 ], [ -116.407535700683994, 33.298218571710699 ], [ -116.407662932671002, 33.298326507765701 ], [ -116.407798009646001, 33.298513276506803 ], [ -116.407925084427006, 33.2986499216941 ], [ -116.408069651204002, 33.298700672541599 ], [ -116.408171704311997, 33.298744130554503 ], [ -116.408340824741003, 33.298909563628897 ], [ -116.408493393710003, 33.299075231398199 ], [ -116.408645961782, 33.299175950959203 ], [ -116.408841595986004, 33.299284277760002 ], [ -116.409062015607006, 33.2994572428194 ], [ -116.409274278525999, 33.2995869834701 ], [ -116.409562473340003, 33.299831956850198 ], [ -116.409808544353993, 33.300011980769597 ], [ -116.410062851123001, 33.3002350674086 ], [ -116.410300058459995, 33.3004654506436 ], [ -116.410528402121003, 33.300745721745798 ], [ -116.410697678855996, 33.300918370819197 ], [ -116.410892292574005, 33.3011340078681 ], [ -116.411069178039995, 33.301449970148703 ], [ -116.411212803382995, 33.301643954940197 ], [ -116.411331016283995, 33.301823508871102 ], [ -116.411457933861001, 33.301945484964499 ], [ -116.411593559706006, 33.302082443865302 ], [ -116.411754285377995, 33.302269369739903 ], [ -116.411957449260996, 33.302477945955303 ], [ -116.412169398667999, 33.3026722452963 ], [ -116.412398525659, 33.302823637826698 ], [ -116.412610788577993, 33.3029607530151 ], [ -116.412831916070999, 33.303047588193401 ], [ -116.413044256245001, 33.303163210880598 ], [ -116.413282169658004, 33.303300562034003 ], [ -116.413536947143996, 33.3034447368915 ], [ -116.413732266937998, 33.303560202888299 ], [ -116.413884678702004, 33.303718420028702 ], [ -116.414028462147996, 33.303890913060599 ], [ -116.414155379725003, 33.304041834235797 ], [ -116.414273906138007, 33.304149926755301 ], [ -116.414434868068, 33.304322419684603 ], [ -116.414612536864993, 33.304516561757197 ], [ -116.414670898612002, 33.304731647848399 ], [ -116.414762910351001, 33.304997017364101 ], [ -116.414846214720995, 33.305305134338603 ], [ -116.414972819683996, 33.305463192903602 ], [ -116.415150332173994, 33.3057074613236 ], [ -116.415395070987003, 33.306088215443097 ], [ -116.415504888233002, 33.306246276342598 ], [ -116.415682244416999, 33.306497523159898 ], [ -116.415910744384007, 33.306756380462303 ], [ -116.416207646567997, 33.306979703606402 ], [ -116.416436067484, 33.307231501617999 ], [ -116.416605736782998, 33.307368303568097 ], [ -116.416809448639, 33.307519460468001 ], [ -116.417095760584004, 33.3076378279846 ], [ -116.417469770558995, 33.307811655607402 ], [ -116.417792634953997, 33.307970577496199 ], [ -116.418228848770994, 33.308206293129899 ], [ -116.418373024781005, 33.308314386493599 ], [ -116.418543007592007, 33.308393847015999 ], [ -116.418815198920001, 33.308509705105799 ], [ -116.419006989232997, 33.308728164948597 ], [ -116.419219409356998, 33.308836649552802 ], [ -116.419491286273995, 33.308980982672999 ], [ -116.419835644659003, 33.309289099084097 ], [ -116.420196240091997, 33.309493440120498 ], [ -116.420406934552005, 33.309578942243299 ], [ -116.420647515062996, 33.309681307297602 ], [ -116.420913039094998, 33.3097294706998 ], [ -116.421083021906, 33.309816306645502 ], [ -116.421201704626, 33.309909807514501 ], [ -116.421288537577993, 33.310013900366101 ], [ -116.421345566225995, 33.3100823003114 ], [ -116.421566143052004, 33.310283817494899 ], [ -116.421846256622999, 33.3104570152367 ], [ -116.422075620768993, 33.310572481708199 ], [ -116.422355892442994, 33.310745680377998 ], [ -116.422593963061004, 33.310854165475 ], [ -116.422865998082003, 33.3109629642397 ], [ -116.423027273523005, 33.311078115488201 ], [ -116.423196941924004, 33.311215074309899 ], [ -116.423434307365, 33.311430788747501 ], [ -116.423603818561006, 33.311582024186897 ], [ -116.423833103655994, 33.311733415513103 ], [ -116.424113609789998, 33.3118564122328 ], [ -116.424283749805994, 33.311928892374702 ], [ -116.424461812065005, 33.312094325212698 ], [ -116.424580493887007, 33.312188062365699 ], [ -116.424665445767005, 33.312231284690299 ], [ -116.424852215396001, 33.312353966159201 ], [ -116.424994037819999, 33.312421583528703 ], [ -116.425141350746998, 33.312507398078502 ], [ -116.425155313261001, 33.3125153991544 ], [ -116.425342395504003, 33.312609293503698 ], [ -116.425495436088994, 33.312674557201198 ], [ -116.425724955644, 33.3127900237387 ], [ -116.425897605553004, 33.312881407425998 ], [ -116.426110652700999, 33.312889407716803 ], [ -116.426366450673001, 33.312890585577001 ], [ -116.426562789157003, 33.312891604287103 ], [ -116.426784230161999, 33.312899683401298 ], [ -116.426988412735, 33.312986675339403 ], [ -116.427149846280003, 33.313066136108098 ], [ -116.427370972874996, 33.313152971733501 ], [ -116.427532560930004, 33.313225215076201 ], [ -116.427685288003005, 33.3133334651205 ], [ -116.427889471474003, 33.313406102432801 ], [ -116.428075925794005, 33.313571535470601 ], [ -116.428186215555002, 33.313665116390901 ], [ -116.428304896479005, 33.313773052096401 ], [ -116.428406321663999, 33.313916755466302 ], [ -116.428490646520004, 33.314053166323802 ], [ -116.428625879801004, 33.314246995461602 ], [ -116.428855085844006, 33.314412742195302 ], [ -116.429007654814001, 33.3145495441386 ], [ -116.429125788663001, 33.314729096269502 ], [ -116.429243842562997, 33.314930064467902 ], [ -116.429370525679005, 33.315116675288898 ], [ -116.429460418293004, 33.315305954401801 ], [ -116.429561686273999, 33.315456799518699 ], [ -116.429714412448007, 33.315593443681202 ], [ -116.429833094269995, 33.315687181576003 ], [ -116.430005587872998, 33.315821237775502 ], [ -116.430132350041006, 33.316000790289898 ], [ -116.430242245440994, 33.316130218817896 ], [ -116.430343905984998, 33.316237996831397 ], [ -116.430494278574002, 33.3163059287252 ], [ -116.430620960791998, 33.316485401420202 ], [ -116.430622843660998, 33.316633106673301 ], [ -116.430559149513996, 33.316701036757898 ], [ -116.430499769077002, 33.316764025852102 ], [ -116.430363281748001, 33.316770614519299 ], [ -116.430193141730996, 33.3167125686224 ], [ -116.430082382151994, 33.316661973887904 ], [ -116.429955306471001, 33.316575452537698 ], [ -116.429802424887995, 33.316467359657103 ], [ -116.429658248877999, 33.316351972307302 ], [ -116.429531016891005, 33.316244194434802 ], [ -116.429429434501003, 33.316129199394901 ], [ -116.429310752679001, 33.316021262853297 ], [ -116.429200541970005, 33.315927525317797 ], [ -116.429050561945004, 33.315802647876801 ], [ -116.428991495917998, 33.315730715951297 ], [ -116.428810453946994, 33.315589208320503 ], [ -116.428618193814998, 33.3154140479718 ], [ -116.428125030402995, 33.3152184152747 ], [ -116.427869860352999, 33.315109773459703 ], [ -116.427606376395005, 33.314979716590798 ], [ -116.427393956271999, 33.314864173380201 ], [ -116.427187419215002, 33.314694033704498 ], [ -116.426898597375995, 33.314563820821903 ], [ -116.426600833706999, 33.314433686567703 ], [ -116.426226353912995, 33.314346066240297 ], [ -116.425811634086003, 33.314291393855903 ], [ -116.425454175569001, 33.314189655790997 ], [ -116.425198847415999, 33.314102271687901 ], [ -116.424960856748001, 33.314008219798602 ], [ -116.424501346921005, 33.313855729645297 ], [ -116.424195032189004, 33.313739715006598 ], [ -116.423923154373, 33.313595381506303 ], [ -116.423702183185995, 33.313479680314899 ], [ -116.423515493506997, 33.313364528484698 ], [ -116.423311780752996, 33.313205919712097 ], [ -116.423116460960003, 33.313076020653902 ], [ -116.422844583143998, 33.3129244717584 ], [ -116.422657813515002, 33.312816143883403 ], [ -116.422317691584993, 33.3126428674992 ], [ -116.422075777974001, 33.312507711875703 ], [ -116.422045970075999, 33.312491161702802 ], [ -116.421876144470005, 33.312418837425597 ], [ -116.421722712220003, 33.3123679286537 ], [ -116.421467072351007, 33.312345259399002 ], [ -116.421211744198004, 33.3122797604819 ], [ -116.421016111789996, 33.312192926989603 ], [ -116.420778120224, 33.312084285908398 ], [ -116.420548285359999, 33.312025924593698 ], [ -116.420377910883005, 33.312003803272198 ], [ -116.420086893562001, 33.3119737603961 ], [ -116.419994723719, 33.311930382545597 ], [ -116.419858784362006, 33.311858137379197 ], [ -116.419773911533994, 33.311786050554097 ], [ -116.419629972679004, 33.3116494056788 ], [ -116.419434338475, 33.311562570808 ], [ -116.419281456891994, 33.311475892751197 ], [ -116.419043386273998, 33.311367408427799 ], [ -116.418805159347997, 33.3112662187309 ], [ -116.418626783576997, 33.311179383478503 ], [ -116.418490843322004, 33.311107139941903 ], [ -116.418218574739001, 33.311027128608799 ], [ -116.418022783330002, 33.310961786353502 ], [ -116.417818757063998, 33.310889150007597 ], [ -116.417631517616002, 33.310816748578098 ], [ -116.417393289792997, 33.310736816555497 ], [ -116.417035910327996, 33.310627861357403 ], [ -116.416610129545006, 33.310554204494402 ], [ -116.416320758835994, 33.310474115328802 ], [ -116.416091082974006, 33.310394340645203 ], [ -116.415843835166996, 33.310378730734797 ], [ -116.415673380740003, 33.310370809040201 ], [ -116.415324316980005, 33.310297544591698 ], [ -116.415006314267998, 33.3102485969901 ], [ -116.414751144218002, 33.310161448420097 ], [ -116.414530096674, 33.3100673967839 ], [ -116.414295163871003, 33.309913337462 ], [ -116.414091215759001, 33.309804852695798 ], [ -116.413930097522993, 33.309661070477702 ], [ -116.413718226270007, 33.309481046956599 ], [ -116.413642216219998, 33.309366050503101 ], [ -116.413507141042999, 33.309172221774901 ], [ -116.413420305396002, 33.308988119969399 ], [ -116.413293230614002, 33.308851553290701 ], [ -116.413063867366006, 33.308728792570001 ], [ -116.412825719492005, 33.308641800887997 ], [ -116.412621299764993, 33.308619367899702 ], [ -116.412416803680003, 33.308589716496797 ], [ -116.412134885395005, 33.308674353898198 ], [ -116.411931798767, 33.308842455044001 ], [ -116.411786289657002, 33.3089277986479 ], [ -116.411581165650006, 33.3090198109998 ], [ -116.411393220126001, 33.309076131562101 ], [ -116.411151856283993, 33.3090347927834 ], [ -116.410870878534993, 33.308983257418802 ], [ -116.410717603489005, 33.308946781899699 ], [ -116.410478904949002, 33.308931328635197 ], [ -116.410282645517, 33.308959018985398 ], [ -116.410043712516, 33.309000906591699 ], [ -116.409857962475002, 33.309119118195603 ], [ -116.409712297957, 33.309225720210598 ], [ -116.409540666737001, 33.309396879549297 ], [ -116.409403317024996, 33.309539328895198 ], [ -116.409249099646999, 33.3096674239507 ], [ -116.408983418410003, 33.3098381132138 ], [ -116.408794844964007, 33.309980248783397 ], [ -116.408606428723004, 33.310129757804702 ], [ -116.408409618624006, 33.310221771140299 ], [ -116.408025726282006, 33.310255813009498 ], [ -116.407736198367999, 33.3101901578721 ], [ -116.407447220221997, 33.310059866192297 ], [ -116.407269157963, 33.309915691010403 ], [ -116.407167576470997, 33.309786419919099 ], [ -116.407100193841003, 33.3096644427808 ], [ -116.407050071442001, 33.309520895311699 ], [ -116.407042697172002, 33.309348950944397 ], [ -116.407018223470004, 33.309198580237002 ], [ -116.406865497295001, 33.309068994272899 ], [ -116.406678023387002, 33.309060914803801 ], [ -116.406464348317002, 33.309145867058497 ], [ -116.406309896479002, 33.309259763969997 ], [ -116.406121480237999, 33.3093876229538 ], [ -116.405958400081005, 33.309551722050898 ], [ -116.405906550221005, 33.309619653148999 ], [ -116.405855092026997, 33.309687033905398 ], [ -116.405752021127995, 33.309815443301403 ], [ -116.405614589669, 33.309972327052598 ], [ -116.405485319405003, 33.310157762330597 ], [ -116.405364596609999, 33.310371985432901 ], [ -116.405226777078994, 33.310564795008901 ], [ -116.405140961019995, 33.310678771145398 ], [ -116.405020318176, 33.310828672348997 ], [ -116.404857316172993, 33.310985241225097 ], [ -116.404745694210007, 33.311084941062802 ], [ -116.404471619115, 33.311269906275001 ], [ -116.404266729569002, 33.311297517056801 ], [ -116.403874835932996, 33.311259786548597 ], [ -116.403560130038002, 33.311129417641297 ], [ -116.403398853697993, 33.311035522448897 ], [ -116.403203925569997, 33.310862873134802 ], [ -116.403077165197999, 33.310697596363397 ], [ -116.402865608355995, 33.310453173008099 ], [ -116.402730218767999, 33.310316371393498 ], [ -116.402620242519006, 33.310179882619003 ], [ -116.402527368397003, 33.3100504542656 ], [ -116.402434650581, 33.309878354039299 ], [ -116.402324988743004, 33.309706018493301 ], [ -116.402155320342004, 33.309583257474102 ], [ -116.402024008206993, 33.309573843243903 ], [ -116.401942273193995, 33.309568038552101 ], [ -116.401754327670005, 33.309603024351397 ], [ -116.401583403424993, 33.3096880541544 ], [ -116.401352392665999, 33.309794342417597 ], [ -116.401283599682003, 33.309872784347398 ], [ -116.401146327225007, 33.309993820526401 ], [ -116.400948890102001, 33.310193296677497 ], [ -116.400811225081, 33.3103646125208 ], [ -116.400716546243999, 33.310514357362301 ], [ -116.400697719351996, 33.310764977788097 ], [ -116.400712466095001, 33.311087137678598 ], [ -116.400659676597996, 33.311344661588798 ], [ -116.400496203876997, 33.311544294552498 ], [ -116.400367636994005, 33.311636699021101 ], [ -116.400178750934003, 33.311843391805603 ], [ -116.399989628617007, 33.312050085601697 ], [ -116.399843805995999, 33.312192535117198 ], [ -116.399748890900995, 33.312349654068399 ], [ -116.399654212962005, 33.312492495716199 ], [ -116.399642917544995, 33.312508575943902 ], [ -116.399559455071994, 33.312627885584803 ], [ -116.399463912952996, 33.312878035997997 ], [ -116.399462579854003, 33.313071315228903 ], [ -116.399426730786004, 33.313321779665401 ], [ -116.399366019045004, 33.313478976155899 ], [ -116.399312678879994, 33.313779249874898 ], [ -116.399294245451003, 33.313994337140798 ], [ -116.399233217504005, 33.314179929768301 ], [ -116.399130301114994, 33.314279628955497 ], [ -116.398975772021004, 33.314414940228602 ], [ -116.398873013735994, 33.314486008440497 ], [ -116.398744447751, 33.314585786100402 ], [ -116.398778099539996, 33.314643126261103 ], [ -116.398999540545006, 33.314708624904 ], [ -116.399169679663999, 33.314730903184397 ], [ -116.399501485889004, 33.314868567922602 ], [ -116.399714063217004, 33.314955559397397 ], [ -116.399960604949001, 33.315049767158698 ], [ -116.400139137026997, 33.315122168826299 ], [ -116.400342536267999, 33.315309252168703 ], [ -116.400503263736994, 33.315510610887202 ], [ -116.400646732772998, 33.3157118144997 ], [ -116.400739451486999, 33.315869716074999 ], [ -116.400882999573994, 33.316099549795403 ], [ -116.400949830637998, 33.316307420322701 ], [ -116.400965440663001, 33.316508073351699 ], [ -116.400963794949007, 33.316751477581398 ], [ -116.400911472575004, 33.316908595072299 ], [ -116.400773653043998, 33.317108386448197 ], [ -116.400593159045997, 33.317322452096398 ], [ -116.400489850092995, 33.317465138465302 ], [ -116.400269116960004, 33.317787140728797 ], [ -116.400149257446998, 33.317999874534301 ], [ -116.399910873316003, 33.318197390404897 ], [ -116.399773914370996, 33.318409731364603 ], [ -116.399824665592007, 33.318721928806397 ], [ -116.399968136423993, 33.318937327409401 ], [ -116.400137804824993, 33.3190670706053 ], [ -116.400537621601998, 33.319212266554302 ], [ -116.400920337151007, 33.319314318535298 ], [ -116.401137620753005, 33.319482340614996 ], [ -116.401389889244001, 33.319725194570999 ], [ -116.401700752146994, 33.319969461317797 ], [ -116.401920309385005, 33.320264166921497 ], [ -116.402136180835996, 33.320476193581598 ], [ -116.402191403870006, 33.320530397439597 ], [ -116.402394881264996, 33.320724696337599 ], [ -116.402657581892001, 33.320955000667702 ], [ -116.402860588569993, 33.321184991373897 ], [ -116.403029787151993, 33.321414981473097 ], [ -116.403181649147001, 33.321630382428303 ], [ -116.403307862445004, 33.321888767691902 ], [ -116.403374615355006, 33.322118209476699 ], [ -116.403466784299994, 33.322340669834396 ], [ -116.403584760944, 33.322555913873103 ], [ -116.403805259617002, 33.3227360147309 ], [ -116.404000187746007, 33.322915724893498 ], [ -116.404059017516005, 33.323038094079898 ], [ -116.404100591547007, 33.323181406115602 ], [ -116.404116907646994, 33.323310285788203 ], [ -116.404173541934995, 33.3235754959221 ], [ -116.404113535372005, 33.323789954771499 ], [ -116.404188603986995, 33.324033672688103 ], [ -116.404324071727999, 33.324191968270299 ], [ -116.404459541265993, 33.324335751292097 ], [ -116.404250650623993, 33.324429801796001 ], [ -116.403959318892007, 33.324516951113999 ], [ -116.403747214077001, 33.3246344571251 ], [ -116.403473138083996, 33.3247369013285 ], [ -116.403216634933997, 33.324861151974901 ], [ -116.402819171744, 33.324999916109903 ], [ -116.402553804019007, 33.325146601127202 ], [ -116.402368054876007, 33.3252418299504 ], [ -116.402190855897999, 33.325361137925597 ], [ -116.402040482410996, 33.325462327023402 ], [ -116.401730560942994, 33.325690123097601 ], [ -116.401394125698999, 33.325940037117398 ], [ -116.401057296095004, 33.326226898353397 ], [ -116.400782359516, 33.326462457289701 ], [ -116.400640066375004, 33.326639264745303 ], [ -116.400515657792994, 33.326801403107197 ], [ -116.400329281626, 33.327000174276797 ], [ -116.400186753127002, 33.327199179175302 ], [ -116.400115213991995, 33.327376536814398 ], [ -116.400042969680996, 33.327620332518002 ], [ -116.399979746251006, 33.327841930676001 ], [ -116.399960135130002, 33.328130281549399 ], [ -116.399994023176006, 33.328344975377497 ], [ -116.400036223333004, 33.328596772474597 ], [ -116.400131609145006, 33.328833978510303 ], [ -116.400279627249006, 33.329086325861702 ], [ -116.400419645856005, 33.329234816618801 ], [ -116.400550879836999, 33.329383542049698 ], [ -116.400761102681997, 33.329576820707402 ], [ -116.400866057347997, 33.329688286870997 ], [ -116.401041216251997, 33.329837167644797 ], [ -116.401164134528997, 33.329926513700102 ], [ -116.401295366713995, 33.330060256030102 ], [ -116.401453269878999, 33.330241455956902 ], [ -116.401282815453001, 33.330439598568702 ], [ -116.401146171815995, 33.330595227800501 ], [ -116.400941831140003, 33.330778937216003 ], [ -116.400720547340001, 33.330948448803397 ], [ -116.400448826729004, 33.331089252248098 ], [ -116.400160318402996, 33.3311873026488 ], [ -116.399889224815993, 33.331228720237398 ], [ -116.399584244981, 33.331241427791802 ], [ -116.399211961567005, 33.331253822365198 ], [ -116.398940709876996, 33.331266764837899 ], [ -116.398715268673996, 33.3312455070282 ], [ -116.398536185929004, 33.3312374273629 ], [ -116.398289645993998, 33.331136001793503 ], [ -116.398178964568004, 33.331092625223299 ], [ -116.398051575376002, 33.3310131643765 ], [ -116.397847548211999, 33.330919111971802 ], [ -116.397703060485995, 33.330861221855997 ], [ -116.397558728169997, 33.330760189889297 ], [ -116.397397451830003, 33.330652019281203 ], [ -116.397083607419006, 33.330399908386603 ], [ -116.396947668061998, 33.330313387164601 ], [ -116.396778704838994, 33.330097829789601 ], [ -116.396719716966004, 33.330004247748498 ], [ -116.396558597831003, 33.329867839338696 ], [ -116.396372299817997, 33.329659105732098 ], [ -116.396194630121997, 33.329457746676198 ], [ -116.395983072381995, 33.3292134021953 ], [ -116.395839210782, 33.329033692260602 ], [ -116.395687191581004, 33.328825272645801 ], [ -116.395551879248998, 33.328667056034099 ], [ -116.395390838268, 33.328515977835004 ], [ -116.395221640583998, 33.328321835914899 ], [ -116.395043970889006, 33.328106121245703 ], [ -116.394858064540003, 33.3278618547874 ], [ -116.394731851242994, 33.327617824077301 ], [ -116.394588460361007, 33.327366495517303 ], [ -116.394428438968006, 33.327108031921298 ], [ -116.394293441943006, 33.326885336790397 ], [ -116.394175465299, 33.326677151474399 ], [ -116.394092318134, 33.326369034972899 ], [ -116.393939591960006, 33.326267922737898 ], [ -116.393870877129004, 33.326332166662901 ], [ -116.393733054902995, 33.326524818591302 ], [ -116.393654928423004, 33.326731982720503 ], [ -116.393585507515994, 33.326896239816698 ], [ -116.393395287458006, 33.327267582148899 ], [ -116.393315826080993, 33.3276612008762 ], [ -116.393151019361994, 33.3280611737108 ], [ -116.393011394217993, 33.3285186461219 ], [ -116.392915146023, 33.328876260373001 ], [ -116.392808858256998, 33.3294484134016 ], [ -116.392738966633004, 33.329669852294302 ], [ -116.392569454539, 33.330073199430601 ], [ -116.392543334224996, 33.330330016514701 ], [ -116.392548668421995, 33.330494587315499 ], [ -116.392358054002997, 33.3305449451003 ], [ -116.392149871233002, 33.3305643214388 ], [ -116.391928900943995, 33.330645509721101 ], [ -116.391696244472001, 33.330675158124897 ], [ -116.391328431076005, 33.330745442259598 ], [ -116.391046984406003, 33.330743874352699 ], [ -116.390850801330998, 33.3307739175143 ], [ -116.390581276202994, 33.3308136082765 ], [ -116.390385485691993, 33.330822865598897 ], [ -116.390128120159005, 33.33083172888 ], [ -116.389956802450996, 33.330831101417701 ], [ -116.389846514487004, 33.330840827833804 ], [ -116.389686963811002, 33.330901619598897 ], [ -116.389392181651004, 33.331033950896703 ], [ -116.389098024717995, 33.331094115817102 ], [ -116.388853287702005, 33.331092939704099 ], [ -116.388583527215005, 33.331142905355797 ], [ -116.388387738500995, 33.331141729993902 ], [ -116.388166924518998, 33.331192168464099 ], [ -116.387994981584001, 33.331273824504102 ], [ -116.387725377403996, 33.331313359675001 ], [ -116.387505114090004, 33.331312339679101 ], [ -116.387260218969999, 33.331311006704198 ], [ -116.387002696232997, 33.331371563970102 ], [ -116.386695911681997, 33.331472752842799 ], [ -116.386389126232999, 33.331584296138701 ], [ -116.385910868565006, 33.331694899608699 ], [ -116.385567217155, 33.331826838667901 ], [ -116.385333852810007, 33.331938695237703 ], [ -116.385027617130007, 33.331988584599401 ], [ -116.384745149075002, 33.332110481712903 ], [ -116.384585833757995, 33.332130248735602 ], [ -116.384192920534005, 33.332282505020302 ], [ -116.383898216527001, 33.332414600052402 ], [ -116.383615748473005, 33.3325364192645 ], [ -116.383272252471002, 33.3326273334268 ], [ -116.383173887845999, 33.332719187916801 ], [ -116.382817762428999, 33.332871600034302 ], [ -116.382535294375003, 33.332983221846298 ], [ -116.382378804259005, 33.333069743419003 ], [ -116.382129830788003, 33.333207330405301 ], [ -116.381822025751006, 33.333442184484703 ], [ -116.381564031398, 33.333574436120003 ], [ -116.381293801092994, 33.333706767110499 ], [ -116.381023413582, 33.333859493471998 ], [ -116.380716080159999, 33.334032614346498 ], [ -116.380650973862004, 33.334082816228602 ], [ -116.380543744660997, 33.334165414469297 ], [ -116.380395880169004, 33.334298138586803 ], [ -116.380125650761997, 33.334430469228501 ], [ -116.379830788651006, 33.334583115516502 ], [ -116.379535064158006, 33.3348590725356 ], [ -116.379153524504005, 33.335144914475997 ], [ -116.378832228568001, 33.335533826424701 ], [ -116.378450297247994, 33.335891599507399 ], [ -116.378253329944002, 33.336054992762001 ], [ -116.378043812276999, 33.336238937580703 ], [ -116.377883869935999, 33.336371661540902 ], [ -116.377741185130006, 33.336578276153503 ], [ -116.377735302063002, 33.336586747836698 ], [ -116.377525313679001, 33.336852978018001 ], [ -116.377361372037001, 33.337202512718299 ], [ -116.377092473933999, 33.3374673308358 ], [ -116.376944063265995, 33.337672065113203 ], [ -116.376758704889994, 33.337938451831903 ], [ -116.376585192598, 33.338225233786602 ], [ -116.376424074362006, 33.338491464213199 ], [ -116.376287743339006, 33.338716904971101 ], [ -116.376151332367002, 33.338983450598597 ], [ -116.376051554691003, 33.339229599599498 ], [ -116.375951856067999, 33.339444842442298 ], [ -116.375791207651005, 33.339670127635202 ], [ -116.375545136637001, 33.339853836674799 ], [ -116.375384410066005, 33.340089396290203 ], [ -116.375272395539994, 33.340325270466501 ], [ -116.375148378622995, 33.340550710230097 ], [ -116.375011892192006, 33.340928093398098 ], [ -116.375011028911004, 33.340930289261699 ], [ -116.374861833116, 33.3412481335519 ], [ -116.374749505078, 33.341535308356498 ], [ -116.374674279256993, 33.341791577584402 ], [ -116.374611761902997, 33.3419867393754 ], [ -116.374560302811005, 33.3423255287355 ], [ -116.374423816380002, 33.342581641044902 ], [ -116.374360983716997, 33.342797275593 ], [ -116.374311015827999, 33.342951334571097 ], [ -116.374297916594003, 33.343053544859501 ], [ -116.374259872043993, 33.343248863667299 ], [ -116.374160801342995, 33.343402452068098 ], [ -116.374073653081993, 33.343617852696802 ], [ -116.373998818927006, 33.3437819518807 ], [ -116.373850172901001, 33.344027553006498 ], [ -116.373750944096003, 33.344212281704301 ], [ -116.373639086775, 33.344447999879598 ], [ -116.373588100196002, 33.344725289931198 ], [ -116.373500794730006, 33.344950887901803 ], [ -116.373389172768, 33.345155777185703 ], [ -116.373265076799996, 33.345391650396699 ], [ -116.373214169272998, 33.345648311254401 ], [ -116.373138394582, 33.3459766675034 ], [ -116.372864634796002, 33.346581529219598 ], [ -116.372615660426007, 33.347166075327401 ], [ -116.372466464631003, 33.347483920119899 ], [ -116.372416184127999, 33.347668651240298 ], [ -116.372414693823004, 33.347874010637 ], [ -116.372315228760996, 33.348068780592001 ], [ -116.372215845445993, 33.348284024849796 ], [ -116.372030800583005, 33.348468126937398 ], [ -116.371835952403998, 33.348612301371901 ], [ -116.371455588645006, 33.348450320669002 ], [ -116.371167630985994, 33.348239155263002 ], [ -116.370920852997003, 33.348173578268401 ], [ -116.370374978239994, 33.347954805331099 ], [ -116.369994772583993, 33.347802942641103 ], [ -116.369531653326007, 33.347570441545699 ], [ -116.369127445583999, 33.347438503822303 ], [ -116.368545095632996, 33.347245380361102 ], [ -116.368129198115, 33.3470832417797 ], [ -116.367844534577998, 33.346891844985002 ], [ -116.367608112368004, 33.346630634263299 ], [ -116.367359687768001, 33.346369266670798 ], [ -116.367004111222002, 33.346107429280302 ], [ -116.366589704907, 33.345745343449799 ], [ -116.366270212787995, 33.345443579218298 ], [ -116.365712335639998, 33.345160797559501 ], [ -116.365380058697994, 33.3449190418402 ], [ -116.365179405606, 33.344688030158899 ], [ -116.364883366702998, 33.344446509514299 ], [ -116.364658239011007, 33.344265231823996 ], [ -116.364337727304004, 33.344093444555703 ], [ -116.364064437337007, 33.3439722523648 ], [ -116.363838996132998, 33.343851060755803 ], [ -116.363637324351998, 33.343719905360501 ], [ -116.363209503494005, 33.3435529813908 ], [ -116.362818706701006, 33.343245883646098 ], [ -116.362522825900996, 33.342954316103302 ], [ -116.362250790879997, 33.342682594761897 ], [ -116.362002288127002, 33.342441544342201 ], [ -116.361730723823001, 33.342110129412902 ], [ -116.361529600013995, 33.341918966336003 ], [ -116.361388247408996, 33.341698390089498 ], [ -116.361174730442997, 33.341577196066403 ], [ -116.360878299874003, 33.3413656402615 ], [ -116.360815075546, 33.341311986696098 ], [ -116.360594028001998, 33.341124198206401 ], [ -116.360333287499003, 33.340942841555297 ], [ -116.359917783442995, 33.340740696575203 ], [ -116.359538519221005, 33.340458700395899 ], [ -116.358958521958002, 33.3399356519514 ], [ -116.358674563598001, 33.3396640885476 ], [ -116.358235683581, 33.339401936057101 ], [ -116.357629644157996, 33.339168729592302 ], [ -116.357202530275003, 33.338926502444998 ], [ -116.356835345698997, 33.338614540996801 ], [ -116.356492242260998, 33.338302735283399 ], [ -116.356160434239996, 33.338041054506498 ], [ -116.355912403101001, 33.337749644402997 ], [ -116.355759128055993, 33.337528908998699 ], [ -116.355510858863994, 33.337267541856299 ], [ -116.355309893159003, 33.337056457403499 ], [ -116.355086570183005, 33.336905927358799 ], [ -116.354910862408005, 33.336731787008702 ], [ -116.354813514675996, 33.336513876173697 ], [ -116.354516927800006, 33.336332284770798 ], [ -116.354279564156002, 33.336201052007603 ], [ -116.354137584526995, 33.336080329909102 ], [ -116.353900533496002, 33.3358989740128 ], [ -116.353735258754995, 33.335698084939203 ], [ -116.353510758088007, 33.335426834045798 ], [ -116.353226329909006, 33.335245476788899 ], [ -116.352991946874994, 33.334976109035097 ], [ -116.352448660164001, 33.334663755176003 ], [ -116.351964125967996, 33.334351792720298 ], [ -116.351553957006004, 33.333978175716801 ], [ -116.351246151968994, 33.333716809928497 ], [ -116.350868141795999, 33.333503056992797 ], [ -116.350584339742994, 33.333231491546002 ], [ -116.350228607789006, 33.332999618771701 ], [ -116.349908253286998, 33.332817948741699 ], [ -116.349766118248994, 33.332717150960001 ], [ -116.349457449930995, 33.332565444828703 ], [ -116.348986094918999, 33.332231676149597 ], [ -116.348545645545002, 33.331969526057499 ], [ -116.348188422386997, 33.331778755775098 ], [ -116.347723892773999, 33.331408120171403 ], [ -116.347209630630005, 33.331157812785399 ], [ -116.346842836822006, 33.330920605570803 ], [ -116.346387484396999, 33.330658218111097 ], [ -116.346079914718999, 33.330384300557697 ], [ -116.345682765937994, 33.330233614125397 ], [ -116.345316130233002, 33.330005429130203 ], [ -116.344876386934999, 33.329610319115403 ], [ -116.344614392384003, 33.329151043568501 ], [ -116.344171981987998, 33.328797271865398 ], [ -116.343889199524, 33.328385924457898 ], [ -116.343688703637, 33.328104790473503 ], [ -116.343476440718007, 33.327813615837499 ], [ -116.343085880182002, 33.327461570296897 ], [ -116.342186469851995, 33.326488895340603 ], [ -116.341806264195995, 33.326041308858997 ], [ -116.341367383280996, 33.325580777513501 ], [ -116.341061147600996, 33.325145976626402 ], [ -116.340746283602002, 33.3249288512162 ], [ -116.340592617789, 33.324767967384403 ], [ -116.340367959917003, 33.3245468402963 ], [ -116.340119692521995, 33.324285473236301 ], [ -116.339836204879006, 33.323953902156298 ], [ -116.339635395480997, 33.323722891166298 ], [ -116.339162785520998, 33.323220315940098 ], [ -116.338985272133002, 33.323049314349298 ], [ -116.338759987236003, 33.322918081093398 ], [ -116.338558157351002, 33.322669107194997 ], [ -116.338264787342993, 33.3224568441684 ], [ -116.337986318587994, 33.322232737231403 ], [ -116.337619055857999, 33.3220451845933 ], [ -116.337296347771002, 33.321832921548399 ], [ -116.337018037118995, 33.321583792171403 ], [ -116.336812990366994, 33.3213846280753 ], [ -116.336445727637994, 33.3212094688636 ], [ -116.336105605708994, 33.321073686228601 ], [ -116.335762894835, 33.320702031507999 ], [ -116.335562946021994, 33.320350847499903 ], [ -116.335408731339001, 33.319891650759097 ], [ -116.335130263482, 33.3196673863455 ], [ -116.334735467390004, 33.319244272895702 ], [ -116.334368987990999, 33.318957570333303 ], [ -116.334002743951999, 33.318752210317903 ], [ -116.333731024239995, 33.318460722183602 ], [ -116.333431455855006, 33.318135502066902 ], [ -116.333183344766994, 33.317799929813901 ], [ -116.332949274347001, 33.317551113197297 ], [ -116.332631117123995, 33.3174148601992 ], [ -116.332323155780003, 33.317183145012997 ], [ -116.331990876142996, 33.317021397872303 ], [ -116.331420921146005, 33.316788192303001 ], [ -116.331147866538004, 33.316656801736599 ], [ -116.330851279661999, 33.3164951339417 ], [ -116.330578537666995, 33.316333700809203 ], [ -116.330234570947994, 33.316161914008298 ], [ -116.329878290123006, 33.315999774618803 ], [ -116.329553072143, 33.315783512978498 ], [ -116.329086736915997, 33.315549521884002 ], [ -116.328608634657002, 33.3153730289877 ], [ -116.328253217113001, 33.315110955043302 ], [ -116.327944942257005, 33.314929285251701 ], [ -116.327648589841004, 33.314737652653299 ], [ -116.327134798415003, 33.314375408651401 ], [ -116.326841740120997, 33.314113728075803 ], [ -116.326431177697003, 33.313814474959003 ], [ -116.326021006938007, 33.313490432625699 ], [ -116.325672098587006, 33.313086771513198 ], [ -116.325436774118003, 33.312715429565301 ], [ -116.325295735924001, 33.312454769478698 ], [ -116.325043153920006, 33.3121727718298 ], [ -116.324823674835002, 33.311948821625499 ], [ -116.324502378001, 33.311563281738898 ], [ -116.324269015452998, 33.311227787785697 ], [ -116.323887946515995, 33.310928611846798 ], [ -116.323682743457994, 33.310778865464599 ], [ -116.323492523400006, 33.3106044904711 ], [ -116.323345994701995, 33.310480003291097 ], [ -116.323125886796007, 33.310342652935297 ], [ -116.322950491634998, 33.310143489430203 ], [ -116.322671867471996, 33.309944013915903 ], [ -116.322451604156996, 33.309831370872999 ], [ -116.322231653456996, 33.309693941418999 ], [ -116.322043080010005, 33.309506701885098 ], [ -116.321925260571007, 33.309336013474699 ], [ -116.321733785567005, 33.309220861426901 ], [ -116.321499402532993, 33.309033934686802 ], [ -116.321294749242995, 33.308797591417203 ], [ -116.321061226794995, 33.308631295724702 ], [ -116.320966863265994, 33.308510730623901 ], [ -116.320777425640003, 33.308359652769198 ], [ -116.320533315648007, 33.308124797157099 ], [ -116.320240494510003, 33.307875746469698 ], [ -116.319859582779003, 33.307564097274202 ], [ -116.319581350280998, 33.307327361129303 ], [ -116.319375990915006, 33.3071900891414 ], [ -116.319108269604001, 33.307050463311498 ], [ -116.318965740205996, 33.306989592596103 ], [ -116.318760067328995, 33.306753404448202 ], [ -116.318408336470995, 33.3064790956902 ], [ -116.318129711409, 33.306279461640003 ], [ -116.317821985424004, 33.306054961002303 ], [ -116.317557950798999, 33.305880352082198 ], [ -116.317344198472995, 33.3056806385813 ], [ -116.317060397318997, 33.3054189581866 ], [ -116.316717528341002, 33.3050870720893 ], [ -116.316374424903003, 33.304805232299799 ], [ -116.316220680038995, 33.304654389025103 ], [ -116.316079720895999, 33.304485583081899 ], [ -116.315860554425001, 33.304236766004998 ], [ -116.315656214647007, 33.303975791519598 ], [ -116.315348254201993, 33.303751135545099 ], [ -116.315086259650997, 33.303517928264903 ], [ -116.314790533361005, 33.303256248137799 ], [ -116.314613177178003, 33.303095521012501 ], [ -116.314518970853996, 33.302954875056201 ], [ -116.314383344109999, 33.302730766784499 ], [ -116.314091149996003, 33.3023949588001 ], [ -116.313844059394, 33.301935448996502 ], [ -116.313685135742006, 33.301449974653501 ], [ -116.313427849261998, 33.300848486089301 ], [ -116.313287986961996, 33.300457690224398 ], [ -116.313172521108996, 33.299997081527501 ], [ -116.313080116804997, 33.299616482513898 ], [ -116.312999713994003, 33.299256124082099 ], [ -116.312931313573003, 33.298875524838799 ], [ -116.312722894545999, 33.298094325887398 ], [ -116.312558793902994, 33.297763458585102 ], [ -116.312371004686, 33.2974223177767 ], [ -116.312134974141998, 33.297131142763199 ], [ -116.311946715106004, 33.296850007837101 ], [ -116.311829367282002, 33.2966293527953 ], [ -116.311653186993993, 33.2963083686356 ], [ -116.311567921602006, 33.296166076380302 ], [ -116.311394721924003, 33.295876863660403 ], [ -116.311146925246007, 33.295565371315398 ], [ -116.311029263012003, 33.295384642173602 ], [ -116.310853239927994, 33.295063816370899 ], [ -116.310700670958994, 33.294762915058101 ], [ -116.310524335262002, 33.294491821339498 ], [ -116.310383375220994, 33.2942510843774 ], [ -116.310182486770003, 33.2940299579735 ], [ -116.309994070529001, 33.293768826051497 ], [ -116.309746822722005, 33.293397327504998 ], [ -116.309475415623993, 33.293095875307102 ], [ -116.309275076044003, 33.292844785113097 ], [ -116.309050811633, 33.292573533005097 ], [ -116.308814937395994, 33.292272318995003 ], [ -116.308590280421001, 33.292070802242499 ], [ -116.308259415630999, 33.291758998205196 ], [ -116.307964318162007, 33.291427425065002 ], [ -116.307739896545996, 33.291185825129503 ], [ -116.307397185672002, 33.290853938939598 ], [ -116.307077849859994, 33.290572255902902 ], [ -116.306769731309998, 33.290390585300301 ], [ -116.306390545241996, 33.290138394756497 ], [ -116.306225113295994, 33.289987553150397 ], [ -116.306083604384995, 33.289816707145398 ], [ -116.305941939166004, 33.289655823847902 ], [ -116.305729047426993, 33.289464662098197 ], [ -116.305492310806997, 33.289293345750202 ], [ -116.305160425530005, 33.289091515745397 ], [ -116.304840227335006, 33.288919729343597 ], [ -116.304496731333998, 33.2886876988956 ], [ -116.304118173188002, 33.2883755786468 ], [ -116.303776403748003, 33.287933640921501 ], [ -116.303386627441, 33.287541353684801 ], [ -116.303185974350001, 33.287310187644103 ], [ -116.302950963393002, 33.286918921874801 ], [ -116.302751643400995, 33.286517772052903 ], [ -116.302516240778999, 33.286166431593102 ], [ -116.302198238067007, 33.285724491691397 ], [ -116.301974994142995, 33.285353228484297 ], [ -116.301751513960994, 33.285021970431302 ], [ -116.301433512147, 33.284570147472003 ], [ -116.301197796013, 33.2842387317502 ], [ -116.300986081966002, 33.2839375167542 ], [ -116.300715301891003, 33.2835458588821 ], [ -116.300467897776997, 33.283194519224402 ], [ -116.300232179846006, 33.282903186337101 ], [ -116.299973009599, 33.282571770293302 ], [ -116.299725604586001, 33.282230237406097 ], [ -116.299112190892998, 33.281516812362703 ], [ -116.298828861353996, 33.281205163616598 ], [ -116.298616833794, 33.280923872238198 ], [ -116.298298517570004, 33.280532057404599 ], [ -116.298027737495005, 33.280130437395698 ], [ -116.297745820108005, 33.279658846246598 ], [ -116.297510886406997, 33.279257539140801 ], [ -116.297026431261997, 33.278794656390097 ], [ -116.296506600461996, 33.278281727202 ], [ -116.296247743725999, 33.2779102280616 ], [ -116.296000025202005, 33.277618739351098 ], [ -116.295669942844, 33.277206843323597 ], [ -116.295457837130996, 33.276915669193897 ], [ -116.295258047320004, 33.276594450296599 ], [ -116.295081473568999, 33.276353400351802 ], [ -116.294857367261997, 33.276092189248601 ], [ -116.294502967509999, 33.2757301031805 ], [ -116.294290940848001, 33.2754590096662 ], [ -116.29403278929, 33.2749872626013 ], [ -116.293903831639, 33.2747364845576 ], [ -116.293845157278, 33.274626197116199 ], [ -116.293668978786002, 33.274335178106 ], [ -116.293492641293, 33.274054201057197 ], [ -116.293340072323005, 33.273783341922197 ], [ -116.293212526823993, 33.273352463843999 ], [ -116.293215664639007, 33.272962530959298 ], [ -116.293243511515001, 33.272462700462597 ], [ -116.293269867187007, 33.2721526995104 ], [ -116.293379997946005, 33.2717832404592 ], [ -116.293526136775, 33.2713641284587 ], [ -116.293695805176, 33.270994982270601 ], [ -116.293841314285004, 33.270675803279801 ], [ -116.293914735390004, 33.2704161614569 ], [ -116.294000705958993, 33.270096591293097 ], [ -116.294003294904002, 33.269786668314701 ], [ -116.294100012916999, 33.269587192153502 ], [ -116.294209988267994, 33.269237812974801 ], [ -116.294354634995003, 33.269028610511597 ], [ -116.294594822044004, 33.268749829090197 ], [ -116.294739390618005, 33.268550666017902 ], [ -116.294872113107999, 33.268331186984099 ], [ -116.295052999670006, 33.268042364972302 ], [ -116.295198351574001, 33.267723187206997 ], [ -116.295344880271998, 33.267273951633001 ], [ -116.295429989357004, 33.267044431662903 ], [ -116.295610718714002, 33.266775377469799 ], [ -116.295793094683006, 33.266316415425599 ], [ -116.295854280734005, 33.266096779803597 ], [ -116.296000180609994, 33.265737517783499 ], [ -116.296206011590996, 33.265278713277702 ], [ -116.296471535622999, 33.264850030823801 ], [ -116.296640577, 33.264561051581502 ], [ -116.296833622259996, 33.2642321467778 ], [ -116.297110441708, 33.263843704720898 ], [ -116.297160409596998, 33.263563903236196 ], [ -116.297138758401999, 33.263293673311701 ], [ -116.297212493019003, 33.262994105401603 ], [ -116.297369769160994, 33.2626950855472 ], [ -116.297431659490002, 33.262385084473799 ], [ -116.297469547733996, 33.262125442790001 ], [ -116.297638666365998, 33.261806421423003 ], [ -116.297725031295997, 33.261446845051204 ], [ -116.297834613183994, 33.261127510228498 ], [ -116.297932195377001, 33.2608379815943 ], [ -116.298065310430999, 33.260568770820598 ], [ -116.298210270669998, 33.260289441090201 ], [ -116.298354994652001, 33.2600603136516 ], [ -116.298571571279993, 33.259791415970298 ], [ -116.298872002047005, 33.259423132783503 ], [ -116.299135644108006, 33.259194632552699 ], [ -116.299387284676996, 33.258985899552698 ], [ -116.299663870562995, 33.2586474255803 ], [ -116.299868444801007, 33.2583785265548 ], [ -116.300001011882998, 33.258169323620599 ], [ -116.300133420861002, 33.257970003462802 ], [ -116.300265515427995, 33.257840732781197 ], [ -116.300421771982002, 33.257641568119801 ], [ -116.300578184843005, 33.257432365674397 ], [ -116.300735301982996, 33.257153427049403 ], [ -116.300867868165994, 33.256944067187902 ], [ -116.301048440317999, 33.2566850546052 ], [ -116.301133392197002, 33.256485576315399 ], [ -116.301242191653003, 33.256266097011803 ], [ -116.301386915635007, 33.256036970289003 ], [ -116.301543798314995, 33.255767915242501 ], [ -116.301652596872003, 33.255568437863502 ], [ -116.301724998389005, 33.2554189292525 ], [ -116.301809637654998, 33.255269185258904 ], [ -116.301954361637002, 33.255029937936797 ], [ -116.302098536749, 33.254860818151798 ], [ -116.302207649715996, 33.254621414211201 ], [ -116.302436933913, 33.254212576822397 ], [ -116.302654216617, 33.2538437457698 ], [ -116.302944214350006, 33.253285164109499 ], [ -116.303007281473, 33.252855852619398 ], [ -116.303105490690001, 33.252466076880097 ], [ -116.303289043451997, 33.251837132734302 ], [ -116.303352266882001, 33.251367424639703 ], [ -116.303392193402999, 33.250857633805602 ], [ -116.303442945521994, 33.250447933656297 ], [ -116.303457535958003, 33.250117851099198 ], [ -116.303460909131999, 33.250020270739803 ], [ -116.303472596213993, 33.249683990997802 ], [ -116.303523740895997, 33.249212558467597 ], [ -116.303664935398004, 33.248363036980798 ], [ -116.30379765699, 33.247579954789401 ], [ -116.303961601325994, 33.2468433890974 ], [ -116.304133780518001, 33.246073721712598 ], [ -116.304290898556005, 33.245197843769702 ], [ -116.304406207203996, 33.244607258031699 ], [ -116.304554775076994, 33.243824018225297 ], [ -116.304573366610001, 33.243478719271401 ], [ -116.304591485629999, 33.243186525119299 ], [ -116.304571482843002, 33.242708030527503 ], [ -116.304478608720999, 33.241478617369197 ], [ -116.304427149627998, 33.240966786104003 ], [ -116.304285876972997, 33.239850015101702 ], [ -116.304035726709998, 33.238486622873701 ], [ -116.303915554582005, 33.237695541190703 ], [ -116.303803069338997, 33.2369242244174 ], [ -116.303742355802001, 33.2366115577424 ], [ -116.303674817764005, 33.236139653475703 ], [ -116.303599043073007, 33.235733953764701 ], [ -116.303572059478995, 33.235142583520002 ], [ -116.303459731440995, 33.234371268269904 ], [ -116.303385133543003, 33.233825942121499 ], [ -116.303226837813995, 33.2334003972015 ], [ -116.303206914078999, 33.233346821482499 ], [ -116.303175381415997, 33.233298659511497 ], [ -116.303058579768006, 33.233120204438997 ], [ -116.302610130895999, 33.232838521511503 ], [ -116.301688598653996, 33.232448117001503 ], [ -116.300537471397007, 33.232043124515499 ], [ -116.300088863523996, 33.231801367040198 ], [ -116.299742152451998, 33.231666605447899 ], [ -116.299135642311995, 33.231397158283698 ], [ -116.298552822542007, 33.231128495513801 ], [ -116.298088448336998, 33.230873325043 ], [ -116.297758993901994, 33.230545911237002 ], [ -116.297540063686995, 33.230259129158803 ], [ -116.297370237183003, 33.229733179106198 ], [ -116.297009014726001, 33.228455835909898 ], [ -116.296900844090999, 33.228142856415197 ], [ -116.296760746432, 33.227876310971403 ], [ -116.296589587726004, 33.227523246003699 ], [ -116.296346026604994, 33.227349262256801 ], [ -116.295959780676995, 33.227221011081603 ], [ -116.295651662127995, 33.227205713926701 ], [ -116.295327776348998, 33.227170729668401 ], [ -116.294751938285003, 33.227021298725397 ], [ -116.294168412440001, 33.226845276805498 ], [ -116.293797540279996, 33.226763461404502 ], [ -116.293410980839994, 33.226681490376897 ], [ -116.293111256149004, 33.226606735444001 ], [ -116.292756386576997, 33.226504997365197 ], [ -116.292448895052004, 33.226403728825197 ], [ -116.291959105711996, 33.2263609779923 ], [ -116.291619768909996, 33.226292577066999 ], [ -116.291067774829003, 33.226130124185303 ], [ -116.290602381035995, 33.226021170084302 ], [ -116.290042152997003, 33.225891819836299 ], [ -116.289339395561001, 33.225801454973698 ], [ -116.288501718354993, 33.225776589271597 ], [ -116.287387063598004, 33.225803416275397 ], [ -116.286058735566996, 33.225849226558999 ], [ -116.285189211287999, 33.225870640051603 ], [ -116.284453429983998, 33.2259526110876 ], [ -116.283812561979005, 33.226015521399098 ], [ -116.282808512290998, 33.226042819491603 ], [ -116.282175723733999, 33.226092473337602 ], [ -116.280933680683006, 33.226224726903098 ], [ -116.280103377746997, 33.226272966412203 ], [ -116.279161922667996, 33.226373764694898 ], [ -116.278521055561001, 33.226456520525701 ], [ -116.277991104340998, 33.226499976924003 ], [ -116.277533004868005, 33.226470796589801 ], [ -116.277121423755005, 33.226514881193701 ], [ -116.276734000134994, 33.226539198127199 ], [ -116.275982687858999, 33.226594500339701 ], [ -116.275704612566997, 33.226601010148798 ], [ -116.275523805953995, 33.226605246070797 ], [ -116.273871591246007, 33.226655370004799 ], [ -116.272875854567999, 33.226629562979198 ], [ -116.272299153223003, 33.226606266539399 ], [ -116.271516462793997, 33.226628386960797 ], [ -116.270907599965994, 33.226638112970903 ], [ -116.270258339899996, 33.2267737382112 ], [ -116.269853817747006, 33.226963959611197 ], [ -116.269352890196004, 33.227293256418797 ], [ -116.269050183996001, 33.227577057485703 ], [ -116.268573572939999, 33.2278665858503 ], [ -116.268288202429005, 33.227964637293503 ], [ -116.267963377011995, 33.228055786676101 ], [ -116.267655101258001, 33.228060650729098 ], [ -116.267325019797994, 33.228075240632201 ], [ -116.267259600886007, 33.228078142682101 ], [ -116.267251755000999, 33.221918758676303 ], [ -116.267317174810998, 33.221928328900198 ], [ -116.267675340300997, 33.221980806173001 ], [ -116.268070997877999, 33.222036577190401 ], [ -116.268424219940002, 33.2220624629743 ], [ -116.268699785340004, 33.222093761722 ], [ -116.268939659775, 33.222160515663298 ], [ -116.269200869198002, 33.2222035796649 ], [ -116.269434233542995, 33.222205070616099 ], [ -116.269668537525007, 33.222093446848397 ], [ -116.269944965307999, 33.222005906667199 ], [ -116.270229629743, 33.221823373508599 ], [ -116.270663489973998, 33.221499017469803 ], [ -116.270970274524998, 33.221162033586097 ], [ -116.271241525316995, 33.2208604252287 ], [ -116.271575607873004, 33.220654438349101 ], [ -116.272043825969007, 33.220455117563603 ], [ -116.272363318087002, 33.2203143166902 ], [ -116.272745720123993, 33.220245208380298 ], [ -116.273092274888995, 33.220241364435601 ], [ -116.273651327032994, 33.220179160143601 ], [ -116.274111151271001, 33.220152177356503 ], [ -116.274550189392002, 33.220107230575302 ], [ -116.274918157298004, 33.220044084550899 ], [ -116.275116614008994, 33.219985724074903 ], [ -116.27538566842, 33.219951837886498 ], [ -116.275984804290005, 33.219880141850098 ], [ -116.276050853819996, 33.219872219458203 ], [ -116.276362657258005, 33.219808680977003 ], [ -116.276724116870994, 33.219697686170697 ], [ -116.27712777664, 33.219617047712298 ], [ -116.277680475899004, 33.219489502893502 ], [ -116.278204699461, 33.219379528235301 ], [ -116.278750339758005, 33.219216447777796 ], [ -116.280096865858994, 33.218861578036602 ], [ -116.281145237524996, 33.218623979853803 ], [ -116.282052020329004, 33.218427169779801 ], [ -116.283617556595999, 33.218067750874702 ], [ -116.284084597898001, 33.218028685196103 ], [ -116.284410521954996, 33.217959343611497 ], [ -116.284729150792998, 33.217889923813203 ], [ -116.285055390158007, 33.217760965111403 ], [ -116.285445479977, 33.217632399268098 ], [ -116.285765050248997, 33.217467830534503 ], [ -116.286055833109998, 33.217338714141 ], [ -116.286445765723997, 33.217222229278903 ], [ -116.286913825715999, 33.217052559879598 ], [ -116.287531239607006, 33.216770719240102 ], [ -116.288056326450999, 33.216553828466402 ], [ -116.288446730679993, 33.216359841772402 ], [ -116.289063828363993, 33.216107889150003 ], [ -116.289397754613006, 33.215919629716602 ], [ -116.289589308670003, 33.215837501225899 ], [ -116.289795218701997, 33.215743607253501 ], [ -116.290001362297005, 33.215625944853102 ], [ -116.290256532347001, 33.215526402042798 ], [ -116.290504799741996, 33.215426623885399 ], [ -116.290731965711004, 33.2153089618104 ], [ -116.291186299445997, 33.2150857957404 ], [ -116.291938946618004, 33.214697902593301 ], [ -116.292158895521993, 33.2145982039074 ], [ -116.292386219595002, 33.2144627349033 ], [ -116.292733557690994, 33.214363663497799 ], [ -116.293202480963998, 33.2140810385905 ], [ -116.293713606191005, 33.213834261408898 ], [ -116.294231713125001, 33.213587641359197 ], [ -116.294550892629999, 33.2134468384534 ], [ -116.295076292087003, 33.213182334576601 ], [ -116.295395627898998, 33.2130237241591 ], [ -116.295700764939994, 33.212888570630803 ], [ -116.296040887768001, 33.2128014225773 ], [ -116.296409720751996, 33.212678739495999 ], [ -116.296778160274002, 33.212573785034202 ], [ -116.297181505633006, 33.212534564334 ], [ -116.297740401469994, 33.212478243122398 ], [ -116.298158180960002, 33.212403252084698 ], [ -116.298569214100993, 33.212298691116402 ], [ -116.298937653623, 33.212193734695603 ], [ -116.299434032106006, 33.212018184242702 ], [ -116.300071762296, 33.211849376581704 ], [ -116.300610183732005, 33.211698063823199 ], [ -116.301431937401006, 33.211500547470102 ], [ -116.302118771300997, 33.211379511532698 ], [ -116.302827255496993, 33.211193292994601 ], [ -116.303514168448999, 33.211030840635601 ], [ -116.304358120386993, 33.210738331380703 ], [ -116.304854811484006, 33.210515165680398 ], [ -116.305182069539001, 33.210267369809799 ], [ -116.305523368261007, 33.2100315724052 ], [ -116.305856744741007, 33.2098610412665 ], [ -116.306282603678, 33.209661408033597 ], [ -116.306778824955998, 33.2095036623355 ], [ -116.307090630190999, 33.209422161420001 ], [ -116.307577909638994, 33.209472442511398 ], [ -116.307917246440994, 33.209498093004598 ], [ -116.308389464735001, 33.209673095338403 ], [ -116.309079593654999, 33.210003882998599 ], [ -116.309615191684998, 33.210238580901098 ], [ -116.310164438718004, 33.2105329722988 ], [ -116.310495148100003, 33.210748685228403 ], [ -116.310832446624005, 33.211006208987499 ], [ -116.311374555643994, 33.211288519141803 ], [ -116.311684400754999, 33.211462503262901 ], [ -116.311958944771007, 33.211618600976998 ], [ -116.312403080829995, 33.211793448003903 ], [ -116.312868554573001, 33.211926719023097 ], [ -116.313306100591006, 33.212036145379699 ], [ -116.313629984574007, 33.212210364008698 ], [ -116.314567126840998, 33.212631437965797 ], [ -116.315102018795997, 33.2129434004693 ], [ -116.315778106150006, 33.2132858753682 ], [ -116.316573582299995, 33.213753935456701 ], [ -116.317502564272004, 33.214293927448303 ], [ -116.318558073950996, 33.214953542621103 ], [ -116.319099712253006, 33.215324884077702 ], [ -116.319563851997003, 33.2156425720109 ], [ -116.319886951749993, 33.215923549005304 ], [ -116.320384663333996, 33.216479072394499 ], [ -116.320524760094003, 33.2166522713636 ], [ -116.320833270308, 33.216992707119701 ], [ -116.321204534133997, 33.217428607518698 ], [ -116.321484334191993, 33.217828187552698 ], [ -116.321728444184004, 33.218281344729903 ], [ -116.322055624084996, 33.218907150718898 ], [ -116.322363114712005, 33.219419923485901 ], [ -116.322498427943003, 33.219696820432297 ], [ -116.322523214258993, 33.219747651736903 ], [ -116.322633032403999, 33.219841231791399 ], [ -116.322698687572995, 33.2198972386431 ], [ -116.323044693466997, 33.219964464703502 ], [ -116.323440351943006, 33.220019922876702 ], [ -116.323941906518996, 33.220070359452997 ], [ -116.324471858636997, 33.220132720886802 ], [ -116.324980630278006, 33.220177197964396 ], [ -116.325736648827998, 33.220240734675002 ], [ -116.326153722241997, 33.220254775781299 ], [ -116.327157538367999, 33.220301918380898 ], [ -116.327998588746993, 33.220365770632199 ], [ -116.328351340091004, 33.220462802428003 ], [ -116.328767236711997, 33.2206255686894 ], [ -116.329239768517994, 33.220794375201997 ], [ -116.329697788938006, 33.221016834583097 ], [ -116.329958135978998, 33.2211846994674 ], [ -116.330225464725999, 33.221340719719301 ], [ -116.330599473803005, 33.221443635383601 ], [ -116.330987602600004, 33.2215586296754 ], [ -116.331460683276006, 33.221632599103799 ], [ -116.331863636969999, 33.221652525674102 ], [ -116.332217016236001, 33.221684215344197 ], [ -116.332415003128006, 33.221691117046099 ], [ -116.332691116500001, 33.2216629563856 ], [ -116.332903536624002, 33.221640287622201 ], [ -116.333214635782994, 33.221606244261302 ], [ -116.333582291975006, 33.221614166496202 ], [ -116.333977950450006, 33.221663977663503 ], [ -116.334337527193995, 33.221796543029697 ], [ -116.335064364869993, 33.221990685252202 ], [ -116.335318828843995, 33.222015786495099 ], [ -116.335580354474004, 33.222023160105998 ], [ -116.335941263419002, 33.2219893521101 ], [ -116.336252283527003, 33.221985115964699 ], [ -116.336620252331997, 33.221986998445502 ], [ -116.337313047452, 33.221996724971703 ], [ -116.337786677897, 33.222023004547701 ], [ -116.338260229290995, 33.222037436142202 ], [ -116.338733309966997, 33.2221350184277 ], [ -116.339142696497007, 33.2222382472793 ], [ -116.339658292639001, 33.222324141472598 ], [ -116.340011513801997, 33.2223735592084 ], [ -116.340492125954, 33.222394031940098 ], [ -116.341156369020993, 33.222456862899001 ], [ -116.341940704264999, 33.222538363698703 ], [ -116.342661034545003, 33.222655006057899 ], [ -116.343451645420004, 33.222855346101298 ], [ -116.343994460515006, 33.223066274792302 ], [ -116.344635642032003, 33.223390631032103 ], [ -116.345107388711, 33.223660547735498 ], [ -116.345579137184998, 33.223936427292898 ], [ -116.345797440376003, 33.224056442646997 ], [ -116.345994877498995, 33.224134727164 ], [ -116.346270520153993, 33.224160063753502 ], [ -116.346518081472993, 33.224131589021397 ], [ -116.346744933929998, 33.224067345747599 ], [ -116.346950921217996, 33.223943642932603 ], [ -116.347255666593, 33.223838218033599 ], [ -116.347539154236003, 33.223738596643798 ], [ -116.348056476042004, 33.223616621005903 ], [ -116.348914155136001, 33.223335799473702 ], [ -116.349495485499006, 33.223148559568699 ], [ -116.349970762555998, 33.2229490836487 ], [ -116.350723487881993, 33.222525107508901 ], [ -116.351292110676994, 33.222111877100502 ], [ -116.351939174362997, 33.2216398164365 ], [ -116.352472576910003, 33.221226585603901 ], [ -116.353048964742996, 33.22072432489 ], [ -116.353582679903994, 33.220263638270197 ], [ -116.353916607052, 33.220039688240497 ], [ -116.354314619112998, 33.219768122828597 ], [ -116.355144058768005, 33.219481262577098 ], [ -116.355774884506005, 33.219276451573698 ], [ -116.356731793302998, 33.218942683130798 ], [ -116.357801658059998, 33.218668921384797 ], [ -116.358254970410997, 33.218570008051302 ], [ -116.358962905737002, 33.218425203803598 ], [ -116.359466421335, 33.218255378917497 ], [ -116.359934325918005, 33.2180796692775 ], [ -116.361319366390006, 33.217230775680903 ], [ -116.361951683331995, 33.216811975449801 ], [ -116.362534269540006, 33.216434672348399 ], [ -116.362988367916003, 33.216228919299297 ], [ -116.363498001939007, 33.216148282153199 ], [ -116.364616263433007, 33.216017363121303 ], [ -116.364913321924007, 33.215989202889197 ], [ -116.366003031364002, 33.215881737738798 ], [ -116.366809881083995, 33.21577898012 ], [ -116.367807814144001, 33.215647433748003 ], [ -116.368494412684996, 33.215537928485404 ], [ -116.369322048523003, 33.2154707035331 ], [ -116.369732611844995, 33.215407558671899 ], [ -116.370277780525996, 33.2153151545551 ], [ -116.370879897904999, 33.215169644478202 ], [ -116.371333367461006, 33.215023273635602 ], [ -116.372063422902002, 33.214789283749198 ], [ -116.372580821962998, 33.214607533683697 ], [ -116.373262400719, 33.2142127376285 ], [ -116.373681513308, 33.213953410546097 ], [ -116.374093566935002, 33.213682158434104 ], [ -116.374285671658996, 33.213510685937003 ], [ -116.374620065930003, 33.213203430251603 ], [ -116.374997135567, 33.2128960968274 ], [ -116.375012039515994, 33.2128850360087 ], [ -116.375324000160006, 33.212654026390602 ], [ -116.375594075056995, 33.212459411756697 ], [ -116.375873562500999, 33.2123182958847 ], [ -116.376104728667997, 33.212147607613197 ], [ -116.376344602204995, 33.211955503618597 ], [ -116.376626914851002, 33.211792268028098 ], [ -116.376891967266999, 33.211643385023201 ], [ -116.377370069525995, 33.211459439823798 ], [ -116.377652379476999, 33.211310636671897 ], [ -116.377977205792007, 33.211140496593501 ], [ -116.378369805503993, 33.211013579016601 ], [ -116.378924387631002, 33.2108872888289 ], [ -116.379325066790997, 33.210832143539598 ], [ -116.379623302075004, 33.210819279406998 ], [ -116.380066182289994, 33.210799982452897 ], [ -116.380475176255999, 33.2107733124395 ], [ -116.380858755983994, 33.210746642418002 ], [ -116.381259434244996, 33.21069134071 ], [ -116.381693922398, 33.210664905158502 ], [ -116.382324591829999, 33.210625136447703 ], [ -116.382886860840998, 33.210584895722 ], [ -116.383406534436006, 33.210551714640097 ], [ -116.383713320783997, 33.210560421030102 ], [ -116.383823765952997, 33.2105751694303 ], [ -116.384096663356999, 33.210540811358499 ], [ -116.384513737668001, 33.210564265400102 ], [ -116.384896845781, 33.210601995082698 ], [ -116.385212024189997, 33.210603486231598 ], [ -116.385714363893001, 33.210620429258498 ], [ -116.386199524215002, 33.210665690566501 ], [ -116.386727120950994, 33.210732756867401 ], [ -116.387007548932004, 33.210805708030698 ], [ -116.387195182740001, 33.210820925378698 ], [ -116.387934964240998, 33.2109677684807 ], [ -116.388768248686006, 33.211158067839399 ], [ -116.389610318652998, 33.2113196571472 ], [ -116.390400852273004, 33.211523997496599 ], [ -116.390570677878998, 33.211582199772302 ], [ -116.390995830739996, 33.211713119426904 ], [ -116.391118669964996, 33.211748182769597 ], [ -116.391352895794, 33.211815013749003 ], [ -116.391640934302004, 33.212031278181001 ], [ -116.391903399569998, 33.212261661128103 ], [ -116.392242736371998, 33.212442311255799 ], [ -116.392488964590996, 33.212558170410098 ], [ -116.392871366628, 33.212703208334503 ], [ -116.393407279966993, 33.212798906326803 ], [ -116.393832432828006, 33.212886762359297 ], [ -116.394487106141995, 33.213061763929801 ], [ -116.395014311213004, 33.213200371382698 ], [ -116.395439072407996, 33.213345722396397 ], [ -116.396085350966999, 33.213513508052898 ], [ -116.396459518146997, 33.213593989047403 ], [ -116.396927185574995, 33.2137036500609 ], [ -116.397032454652006, 33.213727733062399 ], [ -116.397471492771999, 33.213828058788998 ], [ -116.397998775098003, 33.213938032909098 ], [ -116.398407142937998, 33.214011611957602 ], [ -116.398840609706994, 33.214113822263698 ], [ -116.399419507432, 33.214195478891803 ], [ -116.400023507680004, 33.214291412743798 ], [ -116.400559420120999, 33.214387111253998 ], [ -116.401026931242001, 33.214525403961503 ], [ -116.401350503508993, 33.214555605131601 ], [ -116.401571787310004, 33.214570978902202 ], [ -116.401767576024, 33.214586273757099 ], [ -116.402116641581003, 33.214609414820202 ], [ -116.402414483403007, 33.214653812786203 ], [ -116.402678047310999, 33.214733744850797 ], [ -116.402907567764004, 33.2148209721474 ], [ -116.403264632817994, 33.214887019919402 ], [ -116.403630405241998, 33.214960282519101 ], [ -116.404200204830005, 33.215091672850498 ], [ -116.405271558994997, 33.215354686652297 ], [ -116.405696711855995, 33.215464192144204 ], [ -116.406691271740996, 33.215755366645801 ], [ -116.407040179193999, 33.215814197402899 ], [ -116.407474510141995, 33.215852084900597 ], [ -116.407712894273004, 33.2158318466224 ] ], [ [ -116.388017251717997, 33.257790604190099 ], [ -116.388233830142994, 33.257580772609799 ], [ -116.388414245988002, 33.257431027814398 ], [ -116.388679221149005, 33.257171228680299 ], [ -116.388847870860999, 33.256961162743998 ], [ -116.389028442113997, 33.256771256002303 ], [ -116.389182187876997, 33.256517261625298 ], [ -116.389361898543996, 33.2562453054407 ], [ -116.389520426938006, 33.256017511286601 ], [ -116.389668288734995, 33.255833801383801 ], [ -116.389774735502996, 33.255579181536199 ], [ -116.389874669484996, 33.2554095114318 ], [ -116.389934521537, 33.2551665775838 ], [ -116.389862747045001, 33.254972827528199 ], [ -116.389603966666002, 33.2548155526691 ], [ -116.389361347876999, 33.254829829361398 ], [ -116.389085077299995, 33.254713813609001 ], [ -116.388840340284005, 33.254611055039803 ], [ -116.388530024454994, 33.254519199409302 ], [ -116.388291327711002, 33.254497863546398 ], [ -116.387957088849006, 33.254425934411202 ], [ -116.387610925749001, 33.254353845208698 ], [ -116.387168985171996, 33.254311487403399 ], [ -116.386834198336999, 33.254309996248502 ], [ -116.386380100859, 33.254297524632896 ], [ -116.386045468533993, 33.254296034228901 ], [ -116.385686598765005, 33.254334234837998 ], [ -116.385292115286006, 33.254332588933899 ], [ -116.384909243430002, 33.254380673961698 ], [ -116.384502681203998, 33.254408833851699 ], [ -116.384215192465007, 33.254487824375801 ], [ -116.383652609942004, 33.254585405756202 ], [ -116.383437210107004, 33.254634510786303 ], [ -116.383101401887004, 33.254763388823001 ], [ -116.382957225877007, 33.254883247682997 ], [ -116.382812265637995, 33.255103589838598 ], [ -116.38278677145, 33.255354524169903 ], [ -116.382940361804003, 33.255624597614499 ], [ -116.383127052381994, 33.255836468889498 ], [ -116.383366141690004, 33.256075167132202 ], [ -116.383664688688995, 33.256282721701602 ], [ -116.383997987914, 33.256485258560801 ], [ -116.384343130527995, 33.256687873074497 ], [ -116.384437809366005, 33.256818870945303 ], [ -116.384616185137006, 33.256970340768198 ], [ -116.384842332416, 33.257092082081599 ], [ -116.384949170850007, 33.257213117861198 ], [ -116.385056242844996, 33.257283872100501 ], [ -116.385210144913998, 33.257495584607902 ], [ -116.385328670429999, 33.257646819639497 ], [ -116.385459118385, 33.257788092989699 ], [ -116.385636944387002, 33.258009925671999 ], [ -116.385789828664997, 33.258197480036003 ], [ -116.386144697339006, 33.258340007712398 ], [ -116.386543022911994, 33.258345812056398 ], [ -116.386951388954998, 33.258238426747901 ], [ -116.387287197174999, 33.258116841774701 ], [ -116.387536955773001, 33.2580895439309 ], [ -116.387812912838996, 33.257960428920498 ], [ -116.388017251717997, 33.257790604190099 ] ], [ [ -116.392691345143007, 33.217527281653702 ], [ -116.393332525762006, 33.2171653534485 ], [ -116.393649193578, 33.216958974587797 ], [ -116.394358852771006, 33.216576100233702 ], [ -116.394632379892997, 33.216398430218199 ], [ -116.394906296884997, 33.216227977621102 ], [ -116.395240065929002, 33.215993280749899 ], [ -116.395309016118006, 33.215893345301197 ], [ -116.395352787429005, 33.2157146563098 ], [ -116.395319370099998, 33.215599974494999 ], [ -116.395209239341, 33.215527729271002 ], [ -116.395115579193003, 33.215520200294499 ], [ -116.394663912555998, 33.215553693638199 ], [ -116.393691787197, 33.215728070603902 ], [ -116.392880780972007, 33.2159961035373 ], [ -116.392078245860006, 33.216257078702697 ], [ -116.390635235307002, 33.216772753643099 ], [ -116.389465437466001, 33.217175079759201 ], [ -116.388893520549004, 33.217358320034798 ], [ -116.388329918438004, 33.217534655642901 ], [ -116.388141972016001, 33.217626747035197 ], [ -116.387697756904004, 33.2178394799678 ], [ -116.387278488007993, 33.2181021022338 ], [ -116.386756459929003, 33.218457676974801 ], [ -116.386430848486, 33.218728065068902 ], [ -116.385976436598, 33.219169691622803 ], [ -116.385615842063004, 33.219568801526798 ], [ -116.385307016539997, 33.219875272081701 ], [ -116.385118130479995, 33.220096163153102 ], [ -116.384664503718994, 33.220394790678199 ], [ -116.384313633446993, 33.220629252547504 ], [ -116.384065209745003, 33.220842535792301 ], [ -116.383174820297, 33.221489912373499 ], [ -116.382540306075995, 33.222059397651797 ], [ -116.381639798004002, 33.222942884680897 ], [ -116.381296460106, 33.223306304717603 ], [ -116.381038152241004, 33.223691530292001 ], [ -116.380693166832003, 33.224305570902402 ], [ -116.380340570897005, 33.2247690812858 ], [ -116.380082735545997, 33.22509736061 ], [ -116.379936596717002, 33.225296993195499 ], [ -116.379841369906998, 33.225504000145598 ], [ -116.379523210887996, 33.225946410078301 ], [ -116.379206384968995, 33.226166674137403 ], [ -116.378950039024005, 33.2262586076559 ], [ -116.378762092602003, 33.226350776282203 ], [ -116.378642392090995, 33.226400194749203 ], [ -116.378454289361997, 33.226492442880101 ], [ -116.378223671167007, 33.226591513326703 ], [ -116.377924572601998, 33.226718745709 ], [ -116.377677168486997, 33.226781968823403 ], [ -116.377437921974007, 33.226873981348596 ], [ -116.377155453919997, 33.227065771549199 ], [ -116.376983981701997, 33.227229556506799 ], [ -116.376744420777996, 33.227371535784599 ], [ -116.376402807646002, 33.227505983881002 ], [ -116.375975772814002, 33.227632667884102 ], [ -116.375378518914005, 33.227801473649897 ], [ -116.375012040414006, 33.227928236125997 ], [ -116.374379173703005, 33.228147165903302 ], [ -116.373542203471999, 33.228457951195999 ], [ -116.373115010537006, 33.2286205598094 ], [ -116.372850192580998, 33.228726691301503 ], [ -116.372525600725993, 33.228846706846099 ], [ -116.372243838746996, 33.228938405355898 ], [ -116.372038635688, 33.229051910232201 ], [ -116.371781348309995, 33.229279782932203 ], [ -116.371652389760996, 33.229443725300399 ], [ -116.371497310897993, 33.229714896987304 ], [ -116.371503742835998, 33.229987010115003 ], [ -116.371681256223994, 33.230174095617798 ], [ -116.372029929217007, 33.230276147278602 ], [ -116.372319457130999, 33.2302846961624 ], [ -116.372720293496002, 33.2302151974772 ], [ -116.373489254074002, 33.229925356030499 ], [ -116.374497384807995, 33.229500988397902 ], [ -116.375011883208998, 33.229320807063701 ], [ -116.375505044825005, 33.229148156919798 ], [ -116.376093983919006, 33.229000608679399 ], [ -116.376341544339994, 33.228908910986199 ], [ -116.376606285041007, 33.228852903892601 ], [ -116.376931033201998, 33.228697039811102 ], [ -116.377666736351998, 33.228249609924298 ], [ -116.378009054662002, 33.228029503652401 ], [ -116.378282659039996, 33.227873248106903 ], [ -116.378862655405001, 33.227776057711097 ], [ -116.379280983765, 33.227649140969 ], [ -116.379707549675999, 33.227558305265198 ], [ -116.380423406345997, 33.227518848566099 ], [ -116.381088433642006, 33.2274434668944 ], [ -116.381583792537995, 33.227266895767201 ], [ -116.382097113246999, 33.226954462077003 ], [ -116.382353616396998, 33.226812483625103 ], [ -116.382662361970006, 33.226513385055803 ], [ -116.382903414097001, 33.226149416255701 ], [ -116.383195763619995, 33.225756973992397 ], [ -116.383308248863003, 33.225514276348797 ], [ -116.383403477469002, 33.225300053144302 ], [ -116.383549849860003, 33.2250929668079 ], [ -116.383678414946999, 33.224964715330302 ], [ -116.383739285689003, 33.2247860238244 ], [ -116.384022459818993, 33.2245082637683 ], [ -116.384262646867995, 33.2242660360861 ], [ -116.384707568056001, 33.223953210680598 ], [ -116.385273680059001, 33.223433379559403 ], [ -116.385530654825004, 33.223226999702703 ], [ -116.385745898352994, 33.222884366824402 ], [ -116.386218821824002, 33.222249539876699 ], [ -116.386597538073005, 33.221707195213902 ], [ -116.38702716185, 33.221150967800298 ], [ -116.387687323869997, 33.220538417068902 ], [ -116.388227160151999, 33.220104399653998 ], [ -116.388946155536004, 33.219592410965902 ], [ -116.389578942297007, 33.219237541998098 ], [ -116.390245852462002, 33.218890046968802 ], [ -116.391023365001999, 33.218528745155297 ], [ -116.391622107410001, 33.218173718562802 ], [ -116.392323532644994, 33.217747389550901 ], [ -116.392691345143007, 33.217527281653702 ] ] ] } }
]
}
