{"type":"FeatureCollection","crs":{"type":"name","properties":{"name":"EPSG:4326"}},"features":[{"type":"Feature","id":32381,"geometry":{"type":"Polygon","coordinates":[[[-116.364581751956,33.2507351055185],[-116.364623875756,33.2506878042844],[-116.364759501601,33.2505353935304],[-116.365009572813,33.2503277584479],[-116.365169513358,33.2502117434792],[-116.365329456598,33.2500707050395],[-116.365405544801,33.250009364114],[-116.366202980177,33.2493654380576],[-116.36714514223,33.2487535935493],[-116.367801227696,33.2482429400418],[-116.368743073542,33.2476996537158],[-116.369644759305,33.2470532164118],[-116.370707797765,33.2466475966458],[-116.371484919537,33.2462745279945],[-116.372749631575,33.2462124023207],[-116.37389103367,33.2462524072839],[-116.374583200867,33.2463928959387],[-116.375011885006,33.2466795995569],[-116.37515119574,33.2467726324142],[-116.375678401709,33.2471864885554],[-116.376332055435,33.247323446986],[-116.37633134936,33.2474164791579],[-116.376432930852,33.2475386913057],[-116.37675462025,33.2478124520872],[-116.377161024373,33.2481867755466],[-116.377643284035,33.2486545219175],[-116.377897277292,33.2488706284088],[-116.378262344538,33.249072928524],[-116.37850880632,33.2491743533657],[-116.378763820961,33.2492687185474],[-116.37900134181,33.2494202675689],[-116.379170618546,33.2495785610706],[-116.379424769007,33.2497803930206],[-116.379594123896,33.2499316271327],[-116.379697039387,33.2500058332457],[-116.379823408093,33.2500972173296],[-116.379929068835,33.2503788236162],[-116.380071049362,33.2505704555849],[-116.380356653435,33.2507426344686],[-116.380703366304,33.2507773050429],[-116.380954300797,33.2507961326667],[-116.381348076404,33.2508378626358],[-116.381864927492,33.2507830310089],[-116.382233917682,33.250661448432],[-116.382557095588,33.2505828496031],[-116.383111991228,33.2505518653055],[-116.383384417914,33.2504348304438],[-116.38375136803,33.2504054928231],[-116.384087332556,33.2505602574506],[-116.384337560973,33.2506619960882],[-116.384611321658,33.2508238993102],[-116.384765930701,33.2509453269055],[-116.384949484362,33.2511764930705],[-116.385001961246,33.2513783235836],[-116.384987684321,33.2517095830707],[-116.384890103026,33.2519903240013],[-116.384888142902,33.2522714591766],[-116.38489920296,33.2524022202711],[-116.384958190833,33.2525027825961],[-116.385076401938,33.252694259662],[-116.385254699556,33.2528357671387],[-116.385349770059,33.2529266021238],[-116.385492769276,33.2529876307465],[-116.385815007545,33.2530495202274],[-116.385994323852,33.2530503045037],[-116.385992520933,33.2531688300419],[-116.385991343242,33.2533446953005],[-116.385938003077,33.2535024415675],[-116.385864111255,33.2535814321598],[-116.385842775368,33.2536516371954],[-116.38576817747,33.2538095406636],[-116.385757117413,33.25389755157],[-116.385734997297,33.254073260612],[-116.385723465624,33.2542314765737],[-116.385686598765,33.254334234838],[-116.385292115286,33.2543325889339],[-116.38490924343,33.2543806739617],[-116.384502681204,33.2544088338517],[-116.384215192465,33.2544878243758],[-116.383652609942,33.2545854057562],[-116.383437210107,33.2546345107863],[-116.383101401887,33.254763388823],[-116.382957225877,33.254883247683],[-116.382812265638,33.2551035898386],[-116.38278677145,33.2553545241699],[-116.382940361804,33.2556245976145],[-116.383127052382,33.2558364688895],[-116.38336614169,33.2560751671322],[-116.383664688689,33.2562827217016],[-116.383997987914,33.2564852585608],[-116.384343130528,33.2566878730745],[-116.384437809366,33.2568188709453],[-116.384616185137,33.2569703407682],[-116.384842332416,33.2570920820816],[-116.38494917085,33.2572131178612],[-116.385056242845,33.2572838721005],[-116.385210144914,33.2574955846079],[-116.38532867043,33.2576468196395],[-116.385459118385,33.2577880929897],[-116.385636944387,33.258009925672],[-116.385789828665,33.258197480036],[-116.386144697339,33.2583400077124],[-116.386543022912,33.2583458120564],[-116.386951388955,33.2582384267479],[-116.387287197175,33.2581168417747],[-116.387536955773,33.2580895439309],[-116.387812912839,33.2579604289205],[-116.388040079706,33.2582085396314],[-116.388195315774,33.2584643379229],[-116.388319488099,33.2586583236163],[-116.388454094356,33.2588613312116],[-116.38858885692,33.2590554730182],[-116.388734051619,33.259240673978],[-116.388889601199,33.2594436802201],[-116.389076526237,33.2596557863625],[-116.389221722733,33.2598412219151],[-116.389346130416,33.2600351286837],[-116.389428886813,33.2601673812329],[-116.389501366484,33.260290926885],[-116.389615342032,33.2604409852698],[-116.38972931758,33.2606086137219],[-116.389812151233,33.2607321587499],[-116.389894123401,33.2609874869411],[-116.389934834151,33.2611459390134],[-116.389986527704,33.2612429713767],[-116.39013164425,33.2614546848056],[-116.39028742829,33.2616314144833],[-116.390463922989,33.2618257131325],[-116.390608960483,33.2620461331743],[-116.390732506682,33.2623457013309],[-116.390857070673,33.2624959169301],[-116.391054037977,33.2627605781254],[-116.391355411077,33.2630875219962],[-116.391604383649,33.2634051333138],[-116.391770523468,33.2636079834073],[-116.391884341811,33.2637934180815],[-116.391956271713,33.2639871681046],[-116.392048441556,33.264269166028],[-116.392182733402,33.2645159421007],[-116.392348322554,33.2647893905549],[-116.392503714928,33.265036324395],[-116.392627966305,33.2652216801739],[-116.392773005596,33.2654421014104],[-116.392980640394,33.265689428491],[-116.393157055143,33.2659188693998],[-116.393405793255,33.2662540508777],[-116.393634136915,33.2665279678384],[-116.393862323371,33.2668455779117],[-116.394049013948,33.2670750976532],[-116.394214838458,33.2673308947668],[-116.394390705234,33.2676395623645],[-116.394554804979,33.2681151534129],[-116.394782285358,33.2685295589088],[-116.394863943116,33.268828971135],[-116.394915243207,33.2689786370557],[-116.395007255845,33.2692956200754],[-116.395120916983,33.2695511027419],[-116.395171198384,33.2698151379404],[-116.395180768137,33.2699470760017],[-116.395178258244,33.2703076718871],[-116.395176767939,33.2705363293119],[-116.395237715936,33.2707827910034],[-116.395278662943,33.2709237516937],[-116.395371224452,33.2711790793835],[-116.39545366554,33.2713554138519],[-116.395452489645,33.2715223393913],[-116.395481670519,33.2718388497729],[-116.395468257774,33.2722787502589],[-116.395434762292,33.2725951039325],[-116.395433586397,33.2727533208964],[-116.395483161723,33.2731405869871],[-116.395574230231,33.2736245710512],[-116.395602548722,33.2740555281481],[-116.3956630269,33.2743987092544],[-116.39571299479,33.2747331845057],[-116.395794966059,33.2749885904291],[-116.395855836801,33.2752878445715],[-116.395958280676,33.2755961197945],[-116.396164111657,33.2761157946888],[-116.396369471023,33.2766972040328],[-116.39651278465,33.2771639295839],[-116.396616406216,33.2773315589835],[-116.396730223661,33.2775167594908],[-116.396864358303,33.2778076214489],[-116.396998102177,33.2781424088261],[-116.397184401089,33.278450999154],[-116.397402310817,33.2787422507729],[-116.397641321972,33.2789982059643],[-116.397953834181,33.2792109397629],[-116.398444014289,33.2794947412295],[-116.398840457892,33.2796813535212],[-116.399311028675,33.2797714831942],[-116.399697744422,33.2798612200055],[-116.400085011734,33.2798543168883],[-116.400482787539,33.2798563558312],[-116.400943475057,33.2798585524824],[-116.401394122106,33.2797991730382],[-116.40157226162,33.2797735213881],[-116.401685922758,33.2797597947445],[-116.401781701134,33.2797481843965],[-116.401846729279,33.2798343930711],[-116.40208393482,33.2800574794846],[-116.402296197738,33.2801945959085],[-116.402423196163,33.2803026098336],[-116.402516070285,33.280424821786],[-116.402651538925,33.2805686048847],[-116.402795400525,33.2807196835606],[-116.402896982017,33.2808131855802],[-116.402939183072,33.280892177008],[-116.402929849576,33.2810067010838],[-116.402911729659,33.2811711149154],[-116.402936203361,33.2813144266716],[-116.402961147779,33.2814435417015],[-116.403045471737,33.2815513205271],[-116.403095988497,33.2816375266699],[-116.403120462198,33.2818093138888],[-116.403170586395,33.281959999911],[-116.403152623682,33.2820815847337],[-116.403040844515,33.2822456841365],[-116.402903022289,33.2824312767379],[-116.402675385603,33.2826270678422],[-116.402508068991,33.2828517241472],[-116.402472535232,33.283066261382],[-116.40248877228,33.2831809433114],[-116.402650205825,33.2832605604012],[-116.402769201159,33.2833183724858],[-116.40289682571,33.2833475533657],[-116.403024371209,33.2833911662146],[-116.403101165488,33.2833986961048],[-116.403186117367,33.2834134442344],[-116.403279856567,33.283435406845],[-116.403372887895,33.2835361264382],[-116.403440268728,33.2836652404345],[-116.403464742429,33.2838300465149],[-116.40346419266,33.2839091140629],[-116.403463800995,33.2839659862714],[-116.403320801778,33.2839331184004],[-116.403184784268,33.2838560101221],[-116.403112225545,33.2838403999679],[-116.402985150764,33.2838169460571],[-116.402803245512,33.2838159262564],[-116.402602905932,33.2838608740735],[-116.402374954836,33.2839438645915],[-116.402156024621,33.2840573693711],[-116.402046362783,33.2841483626296],[-116.401890812305,33.284277477222],[-116.401735577136,33.2843684679981],[-116.401730949015,33.2843702732892],[-116.40149868331,33.2844588331361],[-116.401334427259,33.2845421384852],[-116.401124675132,33.2846172854245],[-116.400988109649,33.2846625467262],[-116.400778670135,33.2846845090224],[-116.400560445098,33.2846910197616],[-116.400333279129,33.284690000722],[-116.400196790003,33.2846893736786],[-116.399932990737,33.2847032572464],[-116.39976936171,33.2847025513533],[-116.399587456458,33.2847169846145],[-116.399496464306,33.2847165137689],[-116.399360133284,33.2847158086267],[-116.399178227134,33.2847151808325],[-116.399114689293,33.2847069444117],[-116.399078842022,33.2846227763774],[-116.399079548098,33.2845312346679],[-116.399180579821,33.2843865884934],[-116.399299812311,33.2842344122617],[-116.399445947546,33.2841358111677],[-116.399646600638,33.2840451332976],[-116.39985650997,33.2839316285021],[-116.400057870036,33.28374172108],[-116.40016768908,33.2836276669385],[-116.400195692262,33.2835591103236],[-116.400187141199,33.2834521930765],[-116.400142352097,33.2833450421493],[-116.400024531759,33.2832680910536],[-116.399897927695,33.2831986712996],[-116.399707001561,33.2831824332226],[-116.399543216227,33.2832123193023],[-116.399278867191,33.2833179023835],[-116.398922743572,33.2835299295143],[-116.398639334083,33.2837578013518],[-116.398446838592,33.283978222356],[-116.398318272607,33.2841303982834],[-116.398190334544,33.2842596713538],[-116.398025764082,33.2843886288324],[-116.397870686118,33.28446416715],[-116.397742748056,33.2845629255729],[-116.397459808385,33.2847066297636],[-116.397313751303,33.2847822474066],[-116.397067836596,33.2848650035034],[-116.396858790545,33.2848640633155],[-116.39665884263,33.2848402169335],[-116.39647693648,33.2848316658768],[-116.396340840816,33.2848002897172],[-116.396168113652,33.2847843658351],[-116.396031860783,33.2847837387923],[-116.395849954633,33.2847828759513],[-116.395540816496,33.284773462799],[-116.395350046669,33.2847573827144],[-116.395141235078,33.2847259269274],[-116.394995882275,33.2846947069273],[-116.394786679018,33.2847089839923],[-116.394404591392,33.284737614712],[-116.394040621886,33.2847664804696],[-116.393585819231,33.2847793457377],[-116.393231653939,33.284731888719],[-116.392968248135,33.2846771369427],[-116.392686799668,33.2846221500843],[-116.392450611918,33.2845906161497],[-116.392297025158,33.2844524800797],[-116.392161633773,33.2843143445419],[-116.392017222405,33.2841455390389],[-116.391881990022,33.2839997154768],[-116.39170141787,33.2838080825017],[-116.39151135322,33.2836925385446],[-116.391302777886,33.2836074300816],[-116.391075611019,33.2835682089546],[-116.390839580474,33.2835212228805],[-116.390712741051,33.2834747857334],[-116.390376776525,33.2833891266032],[-116.390149922271,33.2833192360922],[-116.38983278284,33.2831802381569],[-116.389579103994,33.2830339451311],[-116.389443478149,33.2829340097173],[-116.389289654233,33.282833917988],[-116.389181170086,33.2827417495977],[-116.389063507851,33.2826574257198],[-116.388963887381,33.2826032215999],[-116.388782688205,33.2825029725387],[-116.388520300192,33.2823108699245],[-116.388402637958,33.2822492144526],[-116.388194139879,33.2821717937843],[-116.388022275996,33.2820258918272],[-116.387904925477,33.2819107397722],[-116.387724353325,33.2817112635244],[-116.387589277249,33.2815349266913],[-116.387472085732,33.2813969487474],[-116.387373013234,33.2812589698344],[-116.387309948806,33.2811823323114],[-116.387183577405,33.2810519627559],[-116.387066072376,33.2809595589284],[-116.386902993118,33.2808672338563],[-116.386685709515,33.2807287058874],[-116.386486704832,33.2805750385793],[-116.386206589465,33.280336811324],[-116.386052843703,33.2802137363622],[-116.385844503727,33.280105958889],[-116.385672638047,33.2799751964596],[-116.38550085052,33.2798216074302],[-116.385293608286,33.2795913033604],[-116.385158375004,33.2794075934748],[-116.385068794106,33.2792162755995],[-116.384943603091,33.2789178835527],[-116.384700826199,33.2785423842726],[-116.384592733718,33.2783891877506],[-116.384539079143,33.2782590535943],[-116.38440376681,33.278113230712],[-116.384349799621,33.2780213757642],[-116.384323522102,33.2778914753744],[-116.384260612184,33.2777764800833],[-116.384143262564,33.2776537191893],[-116.384016737551,33.2775690802284],[-116.383907939892,33.2775151132725],[-116.383790276759,33.2774533800629],[-116.383590956768,33.2773456006836],[-116.383473215482,33.277268493345],[-116.383292172612,33.2771684026293],[-116.38310210976,33.2770376403058],[-116.383002488391,33.2769836722704],[-116.382776185703,33.2768450660408],[-116.382540860336,33.2766836331175],[-116.38226976675,33.276460859519],[-116.382062210105,33.2762227892652],[-116.381790958415,33.2760155464384],[-116.381493116593,33.2757162144302],[-116.381375611564,33.2756085936264],[-116.381041136444,33.2753473832989],[-116.380743059263,33.2750709540086],[-116.380427252932,33.2747255765111],[-116.379613736814,33.2740572555441],[-116.379333229782,33.2738651508666],[-116.379007539287,33.2736493593039],[-116.378736132189,33.2734647874802],[-116.378410600696,33.2732111848743],[-116.378202730539,33.273042143099],[-116.377895787885,33.2727503422202],[-116.377543350951,33.272412728972],[-116.377101020505,33.272005696278],[-116.376613347595,33.271537320855],[-116.376143798196,33.2710997749848],[-116.375827756506,33.2707926773363],[-116.375610552854,33.2706464619411],[-116.375402682697,33.2704545149954],[-116.375186888501,33.2701403572219],[-116.375106094025,33.2699871609783],[-116.375011886802,33.2698487111318],[-116.37500717963,33.2698416517498],[-116.374889517396,33.2697722318337],[-116.374808330356,33.2696724532353],[-116.374754754832,33.2695500850277],[-116.374718985714,33.269450698991],[-116.37463772052,33.269373904641],[-116.37459261611,33.2693278602952],[-116.374511507223,33.2692510658371],[-116.374448441897,33.2691897248586],[-116.374403493793,33.2690901040734],[-116.374350388088,33.2688913330931],[-116.374260495475,33.2687380587985],[-116.374079608014,33.2685845476419],[-116.373944375631,33.2684616296142],[-116.37376333366,33.2683461637377],[-116.373573033652,33.26824607406],[-116.373373712762,33.2681608859437],[-116.373228518961,33.2681142919094],[-116.372974760165,33.2680291036645],[-116.37279356009,33.2679593691013],[-116.372612124657,33.2678668868221],[-116.372404098194,33.2677285935976],[-116.372169087237,33.2675362556761],[-116.371961529694,33.2673366219012],[-116.371717813165,33.2670833357376],[-116.371591913379,33.2668918586617],[-116.371384515736,33.2666618674955],[-116.371177351655,33.2663857547158],[-116.370880920188,33.2658801984023],[-116.370810166181,33.2656126353402],[-116.370676893922,33.2651841085045],[-116.370560721095,33.2649087008617],[-116.370526365027,33.2646183885704],[-116.370492007162,33.2643508246473],[-116.370530757789,33.2640532966705],[-116.370550524318,33.2637860457398],[-116.370516166453,33.2635109514178],[-116.37048165318,33.2632740581874],[-116.370447295315,33.26299127662],[-116.370376698514,33.2626702153153],[-116.370305787302,33.2624254771337],[-116.37021777576,33.2620203275817],[-116.370164984466,33.2617984953182],[-116.370012571803,33.2614769639163],[-116.369914364383,33.2612548951623],[-116.369761951721,33.2609487378935],[-116.369617933814,33.260734201144],[-116.369465364845,33.2604661663648],[-116.369339308752,33.2602899864325],[-116.369195369,33.2600676833031],[-116.369024365702,33.2598683629695],[-116.368816967161,33.2596229198557],[-116.36858242782,33.2593848502685],[-116.368446801975,33.2592620109362],[-116.36835729923,33.2590859878235],[-116.368267955487,33.2588717627428],[-116.368196572659,33.2586804449424],[-116.36809781547,33.2585042651645],[-116.368063927424,33.2581756725802],[-116.368037650804,33.258038086646],[-116.367929872733,33.2578542991131],[-116.367740905825,33.2575934811307],[-116.367633127754,33.2573792568973],[-116.367453731496,33.257065257166],[-116.367318968932,33.2568431095901],[-116.36719291284,33.2566897555595],[-116.367057602304,33.2565286376854],[-116.366959079575,33.2563372411367],[-116.366878755816,33.2561382345549],[-116.366798118544,33.2559774289131],[-116.366699202353,33.255824232617],[-116.366600445164,33.2556557408702],[-116.366539417217,33.2552964787255],[-116.366459642328,33.2550133828708],[-116.366433834628,33.2548071594302],[-116.366372494068,33.2544861777234],[-116.366357747324,33.2540125475062],[-116.366296405865,33.2537067832846],[-116.366197804084,33.253484872818],[-116.366099752971,33.2532476646818],[-116.366047117983,33.2529876314977],[-116.365975658799,33.2528116085145],[-116.365876272789,33.2527195962399],[-116.365767788642,33.2526426451982],[-116.365750059492,33.2525736946513],[-116.365723861025,33.2524208124105],[-116.365652322789,33.2522677736465],[-116.365499438511,33.2520454703877],[-116.365364833152,33.2518081050925],[-116.365329926417,33.2515941964664],[-116.365276979714,33.2513952692302],[-116.365178377035,33.2511887322476],[-116.365070599862,33.2510047860691],[-116.364926109442,33.2508591205121],[-116.364717926672,33.250766403019],[-116.364581751956,33.2507351055185]]]},"properties":{"OBJECTID":32381,"DFIRM_ID":"06073C","VERSION_ID":"1.1.1.0","FLD_AR_ID":"06073C_597","STUDY_TYP":"NP","FLD_ZONE":"AO","ZONE_SUBTY":null,"SFHA_TF":"T","STATIC_BFE":-9999,"V_DATUM":"","DEPTH":2,"LEN_UNIT":"Feet","VELOCITY":6,"VEL_UNIT":"Feet / Second","AR_REVERT":"","AR_SUBTRV":"","BFE_REVERT":-9999,"DEP_REVERT":-9999,"DUAL_ZONE":"","SOURCE_CIT":"06073C_FIRM1","GFID":"9756cfe6-d8a6-4507-b39c-704d76ada171","ESRI_SYMBOLOGY":"1% Annual Chance Flood Hazard","Shape__Area":9604352.5,"Shape__Length":16128.2755109011,"GlobalID":"b586f4dc-9b0e-4063-80fc-73b32faac569"}},{"type":"Feature","id":32386,"geometry":{"type":"Polygon","coordinates":[[[-116.362088959382,33.2486461288382],[-116.362088410511,33.2485674523193],[-116.362083467981,33.2478166877329],[-116.361946665343,33.2468277760829],[-116.361760445483,33.2460604608262],[-116.361407536933,33.2450502918085],[-116.361053844155,33.2441812389255],[-116.360652694278,33.2432515507334],[-116.359965311508,33.2420582970932],[-116.359419672109,33.241188224218],[-116.358730170213,33.2403175235855],[-116.358230969223,33.2396695958799],[-116.357421296098,33.2387984263101],[-116.356254714225,33.2375419491907],[-116.354967252353,33.2364058807017],[-116.35391848992,33.2354122618374],[-116.353418895468,33.2348248920134],[-116.352968093011,33.2341368815554],[-116.352684133753,33.2335707697535],[-116.352570001898,33.232763449492],[-116.35248096987,33.2318354086876],[-116.352511799152,33.230907837436],[-116.352665544017,33.2295776261803],[-116.352867215798,33.2282678870895],[-116.352971151775,33.2271995152606],[-116.352906436243,33.2262111519044],[-116.352886669714,33.2256262136184],[-116.352649933094,33.2251812929349],[-116.352270747026,33.2245542317869],[-116.351676630941,33.2237646397337],[-116.35115311076,33.2231770346207],[-116.35089174503,33.222832754298],[-116.350723487882,33.2225251075089],[-116.351292110677,33.2221118771005],[-116.351939174363,33.2216398164365],[-116.35247257691,33.2212265856039],[-116.353048964743,33.22072432489],[-116.353582679904,33.2202636382702],[-116.353916607052,33.2200396882405],[-116.354314619113,33.2197681228286],[-116.355144058768,33.2194812625771],[-116.355774884506,33.2192764515737],[-116.356731793303,33.2189426831308],[-116.35780165806,33.2186689213848],[-116.358254970411,33.2185700080513],[-116.358962905737,33.2184252038036],[-116.359466421335,33.2182553789175],[-116.359934325918,33.2180796692775],[-116.36131936639,33.2172307756809],[-116.361951683332,33.2168119754498],[-116.36253426954,33.2164346723484],[-116.362988367916,33.2162289192993],[-116.363498001939,33.2161482821532],[-116.364616263433,33.2160173631213],[-116.365188964579,33.2166145382771],[-116.365497083128,33.2171606481142],[-116.365851481983,33.2179085105165],[-116.365940982931,33.2188167846533],[-116.36596059495,33.2194014874061],[-116.365929767465,33.2203692974371],[-116.365899096286,33.2212967895703],[-116.365916824538,33.2221438799747],[-116.366293343508,33.2231743668698],[-116.366861965405,33.2242056366817],[-116.367456787565,33.2248945113015],[-116.368315723402,33.2255642431017],[-116.369005930476,33.2263544629051],[-116.369672133667,33.2271442134308],[-116.370361399306,33.228055153966],[-116.37093025746,33.2290261024109],[-116.371503742836,33.229987010115],[-116.371925287164,33.2308057842581],[-116.372112213998,33.2315326228573],[-116.372297493322,33.2324613694333],[-116.372409665054,33.2335508443955],[-116.372835602144,33.234399895956],[-116.373311350817,33.2349871867345],[-116.374025011106,33.2358580448926],[-116.37490708485,33.2366690513231],[-116.375011884107,33.2367557292919],[-116.375742252163,33.2373588661525],[-116.376674687258,33.2378475558307],[-116.377320103433,33.238213878012],[-116.378300622651,33.238682565842],[-116.379114296872,33.239009275228],[-116.380048534886,33.2392357357567],[-116.380694658036,33.2395011819305],[-116.381267986206,33.2398671109966],[-116.381816292703,33.2403941594017],[-116.38222050314,33.2409406624853],[-116.382743550807,33.2416288282725],[-116.383142189893,33.2421812139541],[-116.382748414286,33.2424368555575],[-116.382294552167,33.242749601324],[-116.381669294186,33.2432335854871],[-116.381463228745,33.2434399654643],[-116.380939866667,33.2439599533942],[-116.38045996149,33.2443585933107],[-116.37988576914,33.244828143739],[-116.379192268842,33.2453044404742],[-116.378507160606,33.24579509317],[-116.378010782123,33.2461076037903],[-116.377351795098,33.2465124402249],[-116.376872517843,33.2468178930478],[-116.376632565254,33.2469955613747],[-116.37640947584,33.2472308083818],[-116.376332055435,33.247323446986],[-116.375678401709,33.2471864885554],[-116.37515119574,33.2467726324142],[-116.375011885006,33.2466795995569],[-116.374583200867,33.2463928959387],[-116.37389103367,33.2462524072839],[-116.372749631575,33.2462124023207],[-116.371484919537,33.2462745279945],[-116.370707797765,33.2466475966458],[-116.369644759305,33.2470532164118],[-116.368743073542,33.2476996537158],[-116.367801227696,33.2482429400418],[-116.36714514223,33.2487535935493],[-116.366202980177,33.2493654380576],[-116.365405544801,33.250009364114],[-116.365329456598,33.2500707050395],[-116.365169513358,33.2502117434792],[-116.365009572813,33.2503277584479],[-116.364759501601,33.2505353935304],[-116.364623875756,33.2506878042844],[-116.364581751956,33.2507351055185],[-116.364445968906,33.2506732151496],[-116.364292224042,33.2505579060575],[-116.364219822525,33.2505272350198],[-116.364011795163,33.250373175002],[-116.363821496951,33.2503034421199],[-116.363676380405,33.2502340201982],[-116.363522478336,33.2501796599755],[-116.363495965459,33.2500955720969],[-116.363422072738,33.2500102272986],[-116.363099991675,33.2496380219154],[-116.362820895896,33.2493837153164],[-116.362372759638,33.2489480500544],[-116.362088959382,33.2486461288382]]]},"properties":{"OBJECTID":32386,"DFIRM_ID":"06073C","VERSION_ID":"1.1.1.0","FLD_AR_ID":"06073C_741","STUDY_TYP":"NP","FLD_ZONE":"AO","ZONE_SUBTY":null,"SFHA_TF":"T","STATIC_BFE":-9999,"V_DATUM":"","DEPTH":1,"LEN_UNIT":"Feet","VELOCITY":5,"VEL_UNIT":"Feet / Second","AR_REVERT":"","AR_SUBTRV":"","BFE_REVERT":-9999,"DEP_REVERT":-9999,"DUAL_ZONE":"","SOURCE_CIT":"06073C_FIRM1","GFID":"9756cfe6-d8a6-4507-b39c-704d76ada171","ESRI_SYMBOLOGY":"1% Annual Chance Flood Hazard","Shape__Area":7950350.7890625,"Shape__Length":12937.933500437292,"GlobalID":"b202ddee-2ff2-4e1f-8cc3-3bf531505aa8"}},{"type":"Feature","id":32391,"geometry":{"type":"Polygon","coordinates":[[[-116.401781701134,33.2797481843965],[-116.401685922758,33.2797597947445],[-116.40157226162,33.2797735213881],[-116.401394122106,33.2797991730382],[-116.400943475057,33.2798585524824],[-116.400482787539,33.2798563558312],[-116.400085011734,33.2798543168883],[-116.399697744422,33.2798612200055],[-116.399311028675,33.2797714831942],[-116.398840457892,33.2796813535212],[-116.398444014289,33.2794947412295],[-116.397953834181,33.2792109397629],[-116.397641321972,33.2789982059643],[-116.397402310817,33.2787422507729],[-116.397184401089,33.278450999154],[-116.396998102177,33.2781424088261],[-116.396864358303,33.2778076214489],[-116.396730223661,33.2775167594908],[-116.396616406216,33.2773315589835],[-116.39651278465,33.2771639295839],[-116.396369471023,33.2766972040328],[-116.396164111657,33.2761157946888],[-116.395958280676,33.2755961197945],[-116.395855836801,33.2752878445715],[-116.395794966059,33.2749885904291],[-116.39571299479,33.2747331845057],[-116.3956630269,33.2743987092544],[-116.395602548722,33.2740555281481],[-116.395574230231,33.2736245710512],[-116.395483161723,33.2731405869871],[-116.395433586397,33.2727533208964],[-116.395434762292,33.2725951039325],[-116.395468257774,33.2722787502589],[-116.395481670519,33.2718388497729],[-116.395452489645,33.2715223393913],[-116.39545366554,33.2713554138519],[-116.395371224452,33.2711790793835],[-116.395278662943,33.2709237516937],[-116.395237715936,33.2707827910034],[-116.395176767939,33.2705363293119],[-116.395178258244,33.2703076718871],[-116.395180768137,33.2699470760017],[-116.395171198384,33.2698151379404],[-116.395120916983,33.2695511027419],[-116.395007255845,33.2692956200754],[-116.394915243207,33.2689786370557],[-116.394863943116,33.268828971135],[-116.394782285358,33.2685295589088],[-116.394554804979,33.2681151534129],[-116.394390705234,33.2676395623645],[-116.394214838458,33.2673308947668],[-116.394049013948,33.2670750976532],[-116.393862323371,33.2668455779117],[-116.393634136915,33.2665279678384],[-116.393405793255,33.2662540508777],[-116.393157055143,33.2659188693998],[-116.392980640394,33.265689428491],[-116.392773005596,33.2654421014104],[-116.392627966305,33.2652216801739],[-116.392503714928,33.265036324395],[-116.392348322554,33.2647893905549],[-116.392182733402,33.2645159421007],[-116.392048441556,33.264269166028],[-116.391956271713,33.2639871681046],[-116.391884341811,33.2637934180815],[-116.391770523468,33.2636079834073],[-116.391604383649,33.2634051333138],[-116.391355411077,33.2630875219962],[-116.391054037977,33.2627605781254],[-116.390857070673,33.2624959169301],[-116.390732506682,33.2623457013309],[-116.390608960483,33.2620461331743],[-116.390463922989,33.2618257131325],[-116.39028742829,33.2616314144833],[-116.39013164425,33.2614546848056],[-116.389986527704,33.2612429713767],[-116.389934834151,33.2611459390134],[-116.389894123401,33.2609874869411],[-116.389812151233,33.2607321587499],[-116.38972931758,33.2606086137219],[-116.389615342032,33.2604409852698],[-116.389501366484,33.260290926885],[-116.389428886813,33.2601673812329],[-116.389346130416,33.2600351286837],[-116.389221722733,33.2598412219151],[-116.389076526237,33.2596557863625],[-116.388889601199,33.2594436802201],[-116.388734051619,33.259240673978],[-116.38858885692,33.2590554730182],[-116.388454094356,33.2588613312116],[-116.388319488099,33.2586583236163],[-116.388195315774,33.2584643379229],[-116.388040079706,33.2582085396314],[-116.387812912839,33.2579604289205],[-116.388017251718,33.2577906041901],[-116.388233830143,33.2575807726098],[-116.388414245988,33.2574310278144],[-116.388679221149,33.2571712286803],[-116.388847870861,33.256961162744],[-116.389028442114,33.2567712560023],[-116.389182187877,33.2565172616253],[-116.389361898544,33.2562453054407],[-116.389520426938,33.2560175112866],[-116.389668288735,33.2558338013838],[-116.389774735503,33.2555791815362],[-116.389874669485,33.2554095114318],[-116.389934521537,33.2551665775838],[-116.389862747045,33.2549728275282],[-116.389603966666,33.2548155526691],[-116.389361347877,33.2548298293614],[-116.3890850773,33.254713813609],[-116.388840340284,33.2546110550398],[-116.388530024455,33.2545191994093],[-116.388291327711,33.2544978635464],[-116.387957088849,33.2544259344112],[-116.387610925749,33.2543538452087],[-116.387168985172,33.2543114874034],[-116.386834198337,33.2543099962485],[-116.386380100859,33.2542975246329],[-116.386045468534,33.2542960342289],[-116.385686598765,33.254334234838],[-116.385723465624,33.2542314765737],[-116.385734997297,33.254073260612],[-116.385757117413,33.25389755157],[-116.38576817747,33.2538095406636],[-116.385842775368,33.2536516371954],[-116.385864111255,33.2535814321598],[-116.385938003077,33.2535024415675],[-116.385991343242,33.2533446953005],[-116.385992520933,33.2531688300419],[-116.385994323852,33.2530503045037],[-116.386377041197,33.2530121040844],[-116.386723752269,33.2530037106723],[-116.386974999376,33.2529648033317],[-116.387322418321,33.252886205072],[-116.387729215905,33.2528178031112],[-116.388171468198,33.2528200011938],[-116.388622116145,33.2527685423078],[-116.38894662805,33.2527613260417],[-116.389354836888,33.2527544230358],[-116.389794738289,33.2527215569378],[-116.390349945644,33.2526275838684],[-116.390874798027,33.2525521231794],[-116.391543983625,33.2524748572259],[-116.392190732002,33.2523877876779],[-116.392832149776,33.2523494299622],[-116.39336539422,33.2524136727409],[-116.393920133552,33.2524252040883],[-116.394589630866,33.2524546980374],[-116.395250343554,33.2524528935888],[-116.395776529935,33.2524253610948],[-116.396339505022,33.2522574179522],[-116.396873535492,33.2520877474074],[-116.397177652945,33.2520188775557],[-116.397489300975,33.2519214518192],[-116.397963244034,33.2519260012807],[-116.398382514726,33.2518312445711],[-116.398655883745,33.2516391413383],[-116.399138219764,33.2514919856356],[-116.399714843853,33.2513541638053],[-116.400228713434,33.2511984570284],[-116.40058617195,33.2511649623097],[-116.400857187383,33.251139625281],[-116.401236687861,33.2510255713749],[-116.401763107804,33.2509578771285],[-116.402145980558,33.2509195195364],[-116.402613021861,33.2507712643061],[-116.402913060064,33.2505816701506],[-116.403117399842,33.2504120023621],[-116.403202039108,33.2502817889529],[-116.403334683444,33.2501118073119],[-116.403422146115,33.2500087338164],[-116.403562007517,33.2498442417793],[-116.403820158176,33.2494660767489],[-116.404387604179,33.2487313149504],[-116.404816600032,33.2482965915253],[-116.405099068087,33.2481046450493],[-116.40549284549,33.2478345709004],[-116.406040524064,33.2474934287915],[-116.406835998418,33.2470463918388],[-116.407229069745,33.2468619741554],[-116.409604827109,33.2458065442518],[-116.409963933136,33.2456363262669],[-116.410639157209,33.2453173821776],[-116.411613478949,33.2448708938081],[-116.412569995182,33.2445317911686],[-116.412817792758,33.2444327192591],[-116.413133126576,33.2444269928771],[-116.413490898604,33.2444288748748],[-116.414069717278,33.2444816669631],[-116.41458099971,33.2444984531695],[-116.415364866034,33.2445163377673],[-116.41625925568,33.2445133566255],[-116.417188943727,33.2444032248564],[-116.417666575269,33.2443195273538],[-116.418059332185,33.2441996697821],[-116.41859697029,33.2440733005327],[-116.418914971205,33.2447104798921],[-116.419265526169,33.2452474123616],[-116.419709897587,33.2458444300276],[-116.420319466491,33.2464422324589],[-116.420976415238,33.2470201911532],[-116.421868609402,33.2476787068475],[-116.422856344786,33.2482186975088],[-116.423977274275,33.2486518519388],[-116.423797564506,33.2487869291741],[-116.423531883269,33.2490149570376],[-116.423300715306,33.2491855681105],[-116.422889525857,33.2495201992682],[-116.422675223763,33.2497054790376],[-116.422512143607,33.2498908350415],[-116.422418405305,33.2500077128696],[-116.422294703697,33.2501619297911],[-116.422127780548,33.2504025103798],[-116.422029493178,33.2505742959427],[-116.421941167226,33.2507729891578],[-116.421813072856,33.2509074373309],[-116.421718080506,33.251039847184],[-116.421550215024,33.251207163129],[-116.421419608965,33.2513880483433],[-116.421217465568,33.2515905071516],[-116.420994693259,33.2517990835339],[-116.420853341552,33.251926785567],[-116.420669945097,33.2520558997278],[-116.420463956911,33.2521912120951],[-116.420290130209,33.2523535857578],[-116.420050885492,33.2525973815712],[-116.419812028848,33.2528050953982],[-116.419648557026,33.2530219849166],[-116.419452767413,33.2532296999878],[-116.4192827855,33.2533410068108],[-116.419120018856,33.2534907526064],[-116.418888850892,33.25364708557],[-116.41865784193,33.2537893006516],[-116.418392629614,33.2539597544142],[-116.418101613191,33.2541374247484],[-116.417836558978,33.2542794820286],[-116.417596841748,33.2544428757107],[-116.417280173034,33.2546633752282],[-116.417040770214,33.2547696629094],[-116.416715707642,33.2549399600109],[-116.416493639612,33.2550464051087],[-116.41616889145,33.2551664190797],[-116.415835752126,33.2552865921409],[-116.415528182447,33.2554210408814],[-116.41533168586,33.2554917958208],[-116.41510961783,33.2555696082343],[-116.414827777698,33.2556613072621],[-116.41451181506,33.2557744198748],[-116.414315319371,33.2558307402499],[-116.413956763114,33.2559434612694],[-116.413407908645,33.2561227794499],[-116.413017975133,33.2563206081942],[-116.41264867233,33.2565746023916],[-116.41240926951,33.2566954796356],[-116.412085227424,33.2569148812393],[-116.411878533162,33.2571498912115],[-116.411748634975,33.2574082781813],[-116.41159371242,33.2575934788771],[-116.411456203706,33.2577716984481],[-116.41130104669,33.2580503226084],[-116.411257277176,33.2582147353478],[-116.411204642189,33.2584365684492],[-116.411160873573,33.2586009804617],[-116.411100315445,33.2587438229726],[-116.411004930531,33.2589724798749],[-116.410882404818,33.25913210893],[-116.410848204159,33.2593949669978],[-116.410868678561,33.2595857356333],[-116.410982967621,33.2597241859746],[-116.411084391908,33.2598463981863],[-116.411152165305,33.2599038945119],[-116.411253746797,33.2600118298777],[-116.411490954134,33.2601873831516],[-116.411651916962,33.2603715638907],[-116.411804250573,33.2605083649454],[-116.411905518553,33.2606662672887],[-116.41185405946,33.2608300538993],[-116.411822526797,33.260941755161],[-116.411760479262,33.2610446700357],[-116.411749261999,33.2611735498839],[-116.411737887531,33.2613455711643],[-116.411695999988,33.2615086519228],[-116.411704864563,33.2617064797384],[-116.411723298891,33.2620162473604],[-116.411720944407,33.2623515827764],[-116.411740398322,33.2625064268971],[-116.411760009443,33.262644092175],[-116.411748635874,33.2628419211748],[-116.411737182354,33.2629708013758],[-116.411725808784,33.2631599232247],[-116.411663447737,33.2632886452183],[-116.411600930383,33.2634518042226],[-116.411517624217,33.2636835982939],[-116.411506329699,33.2638125561216],[-116.411505545469,33.2639586943256],[-116.411514722658,33.2641049081489],[-116.411503349987,33.2642770874019],[-116.411525469204,33.2645937554899],[-116.411461932262,33.2646887492328],[-116.411352113219,33.2647938604786],[-116.411308891677,33.2649316813889],[-116.411283084876,33.2650269106157],[-116.411265435675,33.2651283342137],[-116.411264493343,33.265265136832],[-116.411329993103,33.2653922122807],[-116.411383333268,33.265554821295],[-116.411404983565,33.2656629141722],[-116.411495975717,33.2658545464182],[-116.411506721364,33.2660625727348],[-116.411493935643,33.2661688615694],[-116.411457067885,33.2662600116776],[-116.411438164637,33.2663513945341],[-116.411336346887,33.2664885107016],[-116.411209349361,33.2666362157411],[-116.411158048371,33.2667403076475],[-116.411084784472,33.2668719326375],[-116.410933392295,33.2669269209122],[-116.410869540943,33.2669929683864],[-116.410804984414,33.267178403385],[-116.410613351306,33.26746957769],[-116.410421092072,33.2678800625297],[-116.410308292418,33.2681983001054],[-116.410243578684,33.2684368406399],[-116.410115169904,33.2687283299614],[-116.410032962377,33.2691925459287],[-116.409983074438,33.2695773019287],[-116.409995467595,33.2700684244428],[-116.409991939013,33.2705993945558],[-116.410068497035,33.2709581070722],[-116.410129052468,33.2713565915218],[-116.410236989541,33.2717686443322],[-116.410361240918,33.2720745653944],[-116.410532714034,33.2724338276321],[-116.410688498972,33.2727664207614],[-116.410923352724,33.2730860697782],[-116.41115836368,33.2733925397467],[-116.411204800292,33.2735519336569],[-116.411313286236,33.2738711892555],[-116.411639446549,33.2742039383834],[-116.411799387094,33.2744176144017],[-116.412034633409,33.2746975718758],[-116.412348399666,33.2750308698638],[-116.412552425932,33.2752443087854],[-116.412709308611,33.2754041724641],[-116.41296479397,33.2755703114464],[-116.412964008842,33.2756704024922],[-116.412970833343,33.2759354578555],[-116.412969813756,33.2760928884521],[-116.4130022097,33.276343667106],[-116.413000327729,33.2766157019051],[-116.412981422684,33.2768948757789],[-116.412937181555,33.2771309059444],[-116.412884704671,33.2773454437217],[-116.412840463541,33.2775957501465],[-116.412787986657,33.2777816560425],[-116.412658558289,33.2780315706926],[-116.412529129922,33.278260071207],[-116.412459394604,33.2784888850428],[-116.41246692608,33.2786322763029],[-116.412423154769,33.2788037487589],[-116.412294275272,33.2789750661721],[-116.41219975364,33.2790819813933],[-116.412019653103,33.2792385501789],[-116.411809662922,33.2795239211348],[-116.41167098011,33.2796390733346],[-116.411451579179,33.2797925049767],[-116.411243551817,33.2799846086275],[-116.411105023515,33.2800707359616],[-116.410905232806,33.2801855742776],[-116.410750860918,33.2803208866275],[-116.410562600984,33.28041556512],[-116.410389558511,33.2805017731354],[-116.410227969557,33.2806167670893],[-116.410066379706,33.2807221933506],[-116.409886278271,33.280853582483],[-116.409723668831,33.2809602633498],[-116.40957784621,33.28110286953],[-116.409465910735,33.2811535434704],[-116.409304634396,33.2812011563857],[-116.409074095253,33.281286971614],[-116.408855165038,33.2813727867579],[-116.408636390232,33.2814683284851],[-116.408474487767,33.2816631785231],[-116.40830081827,33.2817948816487],[-116.408116244123,33.2819001487824],[-116.407931987082,33.2819476065899],[-116.407713212276,33.2820044770726],[-116.407448551525,33.2820611117126],[-116.407209932037,33.2821010386801],[-116.406844552176,33.2819345854528],[-116.406615031723,33.2818405334189],[-116.406428575606,33.2816820820973],[-116.406327386677,33.2815169625582],[-116.406226275004,33.2813374096401],[-116.406100062605,33.281100516706],[-116.405974006512,33.2808564850334],[-116.405881289595,33.2806985823971],[-116.40578857178,33.2805334640015],[-116.405619451351,33.2803465373657],[-116.405553560823,33.2801986745295],[-116.40542782004,33.2800823462667],[-116.405268034005,33.2799173836627],[-116.405085971548,33.2798140757294],[-116.405009725242,33.2797351636822],[-116.404917007427,33.2795913026094],[-116.404764595662,33.2794332422284],[-116.404679800988,33.2793611556411],[-116.40452723112,33.2792460023237],[-116.40436580027,33.27917352281],[-116.404204758391,33.2790367202018],[-116.404103333205,33.278885877431],[-116.404019323658,33.278727975736],[-116.403926292331,33.278612979294],[-116.403816630492,33.2784620584376],[-116.403698104977,33.2783327084392],[-116.403545223394,33.278246030405],[-116.403443798208,33.278131035581],[-116.403359473353,33.2779945467624],[-116.403283542355,33.277879708568],[-116.403190667334,33.277771772754],[-116.403088614227,33.2777211006055],[-116.402977933699,33.2776849387037],[-116.402765200063,33.2776552091947],[-116.402551996608,33.2776612495745],[-116.402338399692,33.2777247865637],[-116.402201285338,33.2778386846983],[-116.402063776625,33.2779955673821],[-116.40189230261,33.2781665694567],[-116.401840530903,33.2782592864061],[-116.401839355009,33.2784310735145],[-116.401846258562,33.2786602015719],[-116.401802330944,33.2788461863092],[-116.401750481084,33.2789891076078],[-116.401740440614,33.2791680330163],[-116.401739105718,33.2793685289209],[-116.401746010169,33.2796048730728],[-116.401781701134,33.2797481843965]]]},"properties":{"OBJECTID":32391,"DFIRM_ID":"06073C","VERSION_ID":"1.1.1.0","FLD_AR_ID":"06073C_846","STUDY_TYP":"NP","FLD_ZONE":"AO","ZONE_SUBTY":null,"SFHA_TF":"T","STATIC_BFE":-9999,"V_DATUM":"","DEPTH":2,"LEN_UNIT":"Feet","VELOCITY":7,"VEL_UNIT":"Feet / Second","AR_REVERT":"","AR_SUBTRV":"","BFE_REVERT":-9999,"DEP_REVERT":-9999,"DUAL_ZONE":"","SOURCE_CIT":"06073C_FIRM1","GFID":"9756cfe6-d8a6-4507-b39c-704d76ada171","ESRI_SYMBOLOGY":"1% Annual Chance Flood Hazard","Shape__Area":9939932.11328125,"Shape__Length":16374.649300744237,"GlobalID":"4b6bc55c-5da5-4349-9378-ad8855bb435f"}},{"type":"Feature","id":32425,"geometry":{"type":"Polygon","coordinates":[[[-116.371503742836,33.229987010115],[-116.371681256224,33.2301740956178],[-116.372029929217,33.2302761472786],[-116.372319457131,33.2302846961624],[-116.372720293496,33.2302151974772],[-116.373489254074,33.2299253560305],[-116.374497384808,33.2295009883979],[-116.375011883209,33.2293208070637],[-116.375505044825,33.2291481569198],[-116.376093983919,33.2290006086794],[-116.37634154434,33.2289089109862],[-116.376606285041,33.2288529038926],[-116.376931033202,33.2286970398111],[-116.377666736352,33.2282496099243],[-116.378009054662,33.2280295036524],[-116.37828265904,33.2278732481069],[-116.378862655405,33.2277760577111],[-116.379280983765,33.227649140969],[-116.379707549676,33.2275583052652],[-116.380423406346,33.2275188485661],[-116.381088433642,33.2274434668944],[-116.381583792538,33.2272668957672],[-116.382097113247,33.226954462077],[-116.382353616397,33.2268124836251],[-116.38266236197,33.2265133850558],[-116.382903414097,33.2261494162557],[-116.38319576362,33.2257569739924],[-116.383308248863,33.2255142763488],[-116.383403477469,33.2253000531443],[-116.38354984986,33.2250929668079],[-116.383678414947,33.2249647153303],[-116.383739285689,33.2247860238244],[-116.384022459819,33.2245082637683],[-116.384262646868,33.2242660360861],[-116.384707568056,33.2239532106806],[-116.385273680059,33.2234333795594],[-116.385530654825,33.2232269997027],[-116.385745898353,33.2228843668244],[-116.386218821824,33.2222495398767],[-116.386597538073,33.2217071952139],[-116.38702716185,33.2211509678003],[-116.38768732387,33.2205384170689],[-116.388227160152,33.220104399654],[-116.388946155536,33.2195924109659],[-116.389578942297,33.2192375419981],[-116.390245852462,33.2188900469688],[-116.391023365002,33.2185287451553],[-116.39162210741,33.2181737185628],[-116.392353888515,33.2192711158338],[-116.393017348251,33.2204641318358],[-116.393514273809,33.2214750072476],[-116.394558331764,33.2237585971303],[-116.394450003924,33.2249682434527],[-116.394682895755,33.2259980237735],[-116.39510381306,33.2275931330687],[-116.395883130315,33.2293917168857],[-116.397324885921,33.2314756729242],[-116.397179534017,33.2315607818432],[-116.396871572673,33.2317455113287],[-116.39645230198,33.2320083691159],[-116.395878972911,33.2323706905102],[-116.395219672375,33.2328614992022],[-116.39465403019,33.2333384231764],[-116.39414910244,33.2336725056242],[-116.393703397922,33.2340855799799],[-116.393300835894,33.234369928554],[-116.392641691664,33.2348393237499],[-116.391973998168,33.235294284767],[-116.391631678959,33.2355216069752],[-116.391374547887,33.2357494027075],[-116.390886170698,33.236140824858],[-116.39059468266,33.2364043884899],[-116.390414266815,33.2366110821292],[-116.39018309975,33.2367816918668],[-116.389720922824,33.2370873004127],[-116.38915481082,33.2376430590706],[-116.388898150466,33.2377993136898],[-116.388572930688,33.2379980855353],[-116.387974343689,33.2383316978678],[-116.387743019418,33.2385096013342],[-116.38679215269,33.2392565216073],[-116.38649187823,33.2395271459441],[-116.386046330018,33.2399116659454],[-116.385549638023,33.240274301707],[-116.385241285014,33.2405089980464],[-116.384890259333,33.2407363217231],[-116.384607948484,33.240913991893],[-116.38417918709,33.2412985899427],[-116.383801962045,33.2416474189472],[-116.383475958936,33.2419536551155],[-116.383142189893,33.2421812139541],[-116.382743550807,33.2416288282725],[-116.38222050314,33.2409406624853],[-116.381816292703,33.2403941594017],[-116.381267986206,33.2398671109966],[-116.380694658036,33.2395011819305],[-116.380048534886,33.2392357357567],[-116.379114296872,33.239009275228],[-116.378300622651,33.238682565842],[-116.377320103433,33.238213878012],[-116.376674687258,33.2378475558307],[-116.375742252163,33.2373588661525],[-116.375011884107,33.2367557292919],[-116.37490708485,33.2366690513231],[-116.374025011106,33.2358580448926],[-116.373311350817,33.2349871867345],[-116.372835602144,33.234399895956],[-116.372409665054,33.2335508443955],[-116.372297493322,33.2324613694333],[-116.372112213998,33.2315326228573],[-116.371925287164,33.2308057842581],[-116.371503742836,33.229987010115]]]},"properties":{"OBJECTID":32425,"DFIRM_ID":"06073C","VERSION_ID":"1.1.1.0","FLD_AR_ID":"06073C_1882","STUDY_TYP":"NP","FLD_ZONE":"AO","ZONE_SUBTY":null,"SFHA_TF":"T","STATIC_BFE":-9999,"V_DATUM":"","DEPTH":2,"LEN_UNIT":"Feet","VELOCITY":6,"VEL_UNIT":"Feet / Second","AR_REVERT":"","AR_SUBTRV":"","BFE_REVERT":-9999,"DEP_REVERT":-9999,"DUAL_ZONE":"","SOURCE_CIT":"06073C_FIRM1","GFID":"9756cfe6-d8a6-4507-b39c-704d76ada171","ESRI_SYMBOLOGY":"1% Annual Chance Flood Hazard","Shape__Area":4508848.125,"Shape__Length":9147.976037390632,"GlobalID":"51209e6b-a062-4a16-bc43-10e0ecaf7ad1"}},{"type":"Feature","id":32388,"geometry":{"type":"Polygon","coordinates":[[[-116.411525469204,33.2645937554899],[-116.411503349987,33.2642770874019],[-116.411514722658,33.2641049081489],[-116.411505545469,33.2639586943256],[-116.411506329699,33.2638125561216],[-116.411517624217,33.2636835982939],[-116.411600930383,33.2634518042226],[-116.411663447737,33.2632886452183],[-116.411725808784,33.2631599232247],[-116.411737182354,33.2629708013758],[-116.411748635874,33.2628419211748],[-116.411760009443,33.262644092175],[-116.411740398322,33.2625064268971],[-116.411720944407,33.2623515827764],[-116.411723298891,33.2620162473604],[-116.411704864563,33.2617064797384],[-116.411695999988,33.2615086519228],[-116.411737887531,33.2613455711643],[-116.411749261999,33.2611735498839],[-116.411760479262,33.2610446700357],[-116.411822526797,33.260941755161],[-116.41185405946,33.2608300538993],[-116.411905518553,33.2606662672887],[-116.412057930317,33.2608175028408],[-116.412330279749,33.2608545280451],[-116.412475317243,33.2608409569211],[-116.41264600613,33.2607987547454],[-116.412808223904,33.2607494158145],[-116.412979069996,33.2607072135946],[-116.413149757985,33.2607008610632],[-116.413430656683,33.2607021936151],[-116.413634840154,33.260753337601],[-116.413916130517,33.26076180914],[-116.414105568142,33.260816012548],[-116.414073877376,33.261012664874],[-116.414062033089,33.2612704252258],[-116.414039361408,33.2616057612514],[-116.414037402182,33.2619066642029],[-116.414055835612,33.2621906218172],[-116.414053795538,33.262491522754],[-116.414061639627,33.2628528246965],[-116.414120156783,33.2632831551769],[-116.414139454392,33.2634723559696],[-116.414169105084,33.2636272784746],[-116.414187539412,33.2639283374573],[-116.414196324037,33.2641519730256],[-116.414235701688,33.2643757672598],[-116.414316809676,33.264551005305],[-116.414043598761,33.264635643365],[-116.413753208464,33.264727341139],[-116.413553732165,33.2648046060213],[-116.413326408092,33.2648777141333],[-116.413162465553,33.2648874403949],[-116.412998522115,33.2648973251418],[-116.412885330796,33.2648544173701],[-116.41273448749,33.2647478152203],[-116.41253367899,33.2646515671668],[-116.412355773038,33.2645603395165],[-116.412207126113,33.2644805641613],[-116.412103191933,33.2644425212181],[-116.411929992255,33.2644262826569],[-116.411715376648,33.2644676222916],[-116.411525469204,33.2645937554899]]]},"properties":{"OBJECTID":32388,"DFIRM_ID":"06073C","VERSION_ID":"1.1.1.0","FLD_AR_ID":"06073C_812","STUDY_TYP":"NP","FLD_ZONE":"AO","ZONE_SUBTY":null,"SFHA_TF":"T","STATIC_BFE":-9999,"V_DATUM":"","DEPTH":1,"LEN_UNIT":"Feet","VELOCITY":4,"VEL_UNIT":"Feet / Second","AR_REVERT":"","AR_SUBTRV":"","BFE_REVERT":-9999,"DEP_REVERT":-9999,"DUAL_ZONE":"","SOURCE_CIT":"06073C_FIRM1","GFID":"9756cfe6-d8a6-4507-b39c-704d76ada171","ESRI_SYMBOLOGY":"1% Annual Chance Flood Hazard","Shape__Area":141439.8828125,"Shape__Length":1634.0693324555286,"GlobalID":"a30f60db-211b-4878-bbc3-fa5a6d3b8f7f"}},{"type":"Feature","id":32428,"geometry":{"type":"Polygon","coordinates":[[[-116.394558331764,33.2237585971303],[-116.394804559984,33.2238600220332],[-116.39510247996,33.2238899870247],[-116.395460409193,33.223877436673],[-116.395903289408,33.2238936745026],[-116.396781206647,33.2238122516159],[-116.396894868683,33.2241939483118],[-116.396926872962,33.2244950063742],[-116.39698303743,33.2249893453036],[-116.397080617826,33.2256699807813],[-116.397227617241,33.2265941794706],[-116.397419250349,33.2272251628118],[-116.397612687274,33.2275841120167],[-116.397942062658,33.228008009533],[-116.39834689922,33.2285971045961],[-116.398666942006,33.229095209044],[-116.399062600482,33.2296339446506],[-116.399206775593,33.2303678442898],[-116.398770405469,33.2306305446636],[-116.398394200011,33.2308580240185],[-116.397889585774,33.2311274713408],[-116.397324885921,33.2314756729242],[-116.395883130315,33.2293917168857],[-116.39510381306,33.2275931330687],[-116.394682895755,33.2259980237735],[-116.394450003924,33.2249682434527],[-116.394558331764,33.2237585971303]]]},"properties":{"OBJECTID":32428,"DFIRM_ID":"06073C","VERSION_ID":"1.1.1.0","FLD_AR_ID":"06073C_2046","STUDY_TYP":"NP","FLD_ZONE":"AO","ZONE_SUBTY":null,"SFHA_TF":"T","STATIC_BFE":-9999,"V_DATUM":"","DEPTH":1,"LEN_UNIT":"Feet","VELOCITY":3,"VEL_UNIT":"Feet / Second","AR_REVERT":"","AR_SUBTRV":"","BFE_REVERT":-9999,"DEP_REVERT":-9999,"DUAL_ZONE":"","SOURCE_CIT":"06073C_FIRM1","GFID":"9756cfe6-d8a6-4507-b39c-704d76ada171","ESRI_SYMBOLOGY":"1% Annual Chance Flood Hazard","Shape__Area":271795.49609375,"Shape__Length":2530.1251604270033,"GlobalID":"f0ef021c-ac23-44ee-abcd-751d6bb0732d"}},{"type":"Feature","id":32392,"geometry":{"type":"Polygon","coordinates":[[[-116.364616263433,33.2160173631213],[-116.364913321924,33.2159892028892],[-116.366003031364,33.2158817377388],[-116.366809881084,33.21577898012],[-116.367807814144,33.215647433748],[-116.368494412685,33.2155379284854],[-116.369322048523,33.2154707035331],[-116.369732611845,33.2154075586719],[-116.370277780526,33.2153151545551],[-116.370879897905,33.2151696444782],[-116.371333367461,33.2150232736356],[-116.372063422902,33.2147892837492],[-116.372580821963,33.2146075336837],[-116.373262400719,33.2142127376285],[-116.373681513308,33.2139534105461],[-116.374093566935,33.2136821584341],[-116.374285671659,33.213510685937],[-116.37462006593,33.2132034302516],[-116.374997135567,33.2128960968274],[-116.375012039516,33.2128850360087],[-116.37532400016,33.2126540263906],[-116.375594075057,33.2124594117567],[-116.375873562501,33.2123182958847],[-116.376104728668,33.2121476076132],[-116.376344602205,33.2119555036186],[-116.376626914851,33.2117922680281],[-116.376891967267,33.2116433850232],[-116.377370069526,33.2114594398238],[-116.377652379477,33.2113106366719],[-116.377977205792,33.2111404965935],[-116.378369805504,33.2110135790166],[-116.378924387631,33.2108872888289],[-116.379016713781,33.2120460255818],[-116.379126374721,33.2135187652299],[-116.379234858868,33.2151527008289],[-116.37931745806,33.2170285514433],[-116.379543134623,33.2190464605973],[-116.379769988876,33.2209028571084],[-116.380096539957,33.2222355772452],[-116.380693166832,33.2243055709024],[-116.380340570897,33.2247690812858],[-116.380082735546,33.22509736061],[-116.379936596717,33.2252969931955],[-116.379841369907,33.2255040001456],[-116.379523210888,33.2259464100783],[-116.379206384969,33.2261666741374],[-116.378950039024,33.2262586076559],[-116.378762092602,33.2263507762822],[-116.378642392091,33.2264001947492],[-116.378454289362,33.2264924428801],[-116.378223671167,33.2265915133267],[-116.377924572602,33.226718745709],[-116.377677168487,33.2267819688234],[-116.377437921974,33.2268739813486],[-116.37715545392,33.2270657715492],[-116.376983981702,33.2272295565068],[-116.376744420778,33.2273715357846],[-116.376402807646,33.227505983881],[-116.375975772814,33.2276326678841],[-116.375378518914,33.2278014736499],[-116.375012040414,33.227928236126],[-116.374379173703,33.2281471659033],[-116.373542203472,33.228457951196],[-116.373115010537,33.2286205598094],[-116.372850192581,33.2287266913015],[-116.372525600726,33.2288467068461],[-116.372243838747,33.2289384053559],[-116.372038635688,33.2290519102322],[-116.37178134831,33.2292797829322],[-116.371652389761,33.2294437253004],[-116.371497310898,33.2297148969873],[-116.371503742836,33.229987010115],[-116.37093025746,33.2290261024109],[-116.370361399306,33.228055153966],[-116.369672133667,33.2271442134308],[-116.369005930476,33.2263544629051],[-116.368315723402,33.2255642431017],[-116.367456787565,33.2248945113015],[-116.366861965405,33.2242056366817],[-116.366293343508,33.2231743668698],[-116.365916824538,33.2221438799747],[-116.365899096286,33.2212967895703],[-116.365929767465,33.2203692974371],[-116.36596059495,33.2194014874061],[-116.365940982931,33.2188167846533],[-116.365851481983,33.2179085105165],[-116.365497083128,33.2171606481142],[-116.365188964579,33.2166145382771],[-116.364616263433,33.2160173631213]]]},"properties":{"OBJECTID":32392,"DFIRM_ID":"06073C","VERSION_ID":"1.1.1.0","FLD_AR_ID":"06073C_850","STUDY_TYP":"NP","FLD_ZONE":"AO","ZONE_SUBTY":null,"SFHA_TF":"T","STATIC_BFE":-9999,"V_DATUM":"","DEPTH":1,"LEN_UNIT":"Feet","VELOCITY":3,"VEL_UNIT":"Feet / Second","AR_REVERT":"","AR_SUBTRV":"","BFE_REVERT":-9999,"DEP_REVERT":-9999,"DUAL_ZONE":"","SOURCE_CIT":"06073C_FIRM1","GFID":"9756cfe6-d8a6-4507-b39c-704d76ada171","ESRI_SYMBOLOGY":"1% Annual Chance Flood Hazard","Shape__Area":2697163.3515625,"Shape__Length":7001.2147681709248,"GlobalID":"b5670919-ca05-4230-bddb-f68803107a48"}},{"type":"Feature","id":32368,"geometry":{"type":"Polygon","coordinates":[[[-116.414105568142,33.260816012548],[-116.41417114426,33.2608346036482],[-116.414451963906,33.2609003364886],[-116.414715293353,33.2610305498478],[-116.414953363972,33.2610889107227],[-116.415216847929,33.2612046115394],[-116.415404088275,33.2612556778626],[-116.415548969463,33.2612563839453],[-116.41578782431,33.2612286927277],[-116.416017815481,33.2612513639973],[-116.416230548218,33.2612665808311],[-116.41651183948,33.2612679133744],[-116.4167675584,33.2612690919315],[-116.417116701212,33.2613137238546],[-116.417440429786,33.2613153718806],[-116.417721720149,33.2613165474325],[-116.418028505598,33.2613108995254],[-116.418292540223,33.2613122335702],[-116.418633681741,33.2612994489729],[-116.418940468088,33.2613007815156],[-116.419323653456,33.2613383548554],[-116.419587843489,33.2613469044574],[-116.419843328848,33.2613549838381],[-116.420090262244,33.2613992258701],[-116.420830907027,33.2615102203232],[-116.42132461931,33.2616056057636],[-116.421767185115,33.2616863985458],[-116.421776753969,33.2617710378793],[-116.42180640556,33.2619174093496],[-116.421836214356,33.2620637024555],[-116.421824996195,33.2622184674654],[-116.421792836508,33.2624331628162],[-116.42175996805,33.2627599494222],[-116.421727964669,33.2629663298565],[-116.421681135494,33.2631106614921],[-116.421468088346,33.2631096414496],[-116.421246490135,33.2631086229093],[-116.421025050926,33.2631002289649],[-116.420735052294,33.2631277626017],[-116.420530319054,33.2631553735969],[-116.420274521082,33.2631756895572],[-116.420052924668,33.2631818864236],[-116.419822699037,33.2631807101457],[-116.419712096663,33.263165963105],[-116.419490655657,33.2631577269045],[-116.419320123077,33.263156864601],[-116.419149356036,33.2631991437553],[-116.418944781798,33.2632054976073],[-116.418543631023,33.2633035492254],[-116.418262027148,33.2633667736748],[-116.417869034872,33.2635009080249],[-116.417442233603,33.2636207669156],[-116.41707512718,33.2637119159274],[-116.416630913866,33.2638675440691],[-116.4162042707,33.2639513197446],[-116.41588822901,33.264043018237],[-116.41566616098,33.264135029102],[-116.415349962983,33.2642552814638],[-116.414982700254,33.2643680794948],[-116.414683916997,33.2644597775497],[-116.414316809676,33.264551005305],[-116.414235701688,33.2643757672598],[-116.414196324037,33.2641519730256],[-116.414187539412,33.2639283374573],[-116.414169105084,33.2636272784746],[-116.414139454392,33.2634723559696],[-116.414120156783,33.2632831551769],[-116.414061639627,33.2628528246965],[-116.414053795538,33.262491522754],[-116.414055835612,33.2621906218172],[-116.414037402182,33.2619066642029],[-116.414039361408,33.2616057612514],[-116.414062033089,33.2612704252258],[-116.414073877376,33.261012664874],[-116.414105568142,33.260816012548]]]},"properties":{"OBJECTID":32368,"DFIRM_ID":"06073C","VERSION_ID":"1.1.1.0","FLD_AR_ID":"06073C_251","STUDY_TYP":"NP","FLD_ZONE":"AO","ZONE_SUBTY":null,"SFHA_TF":"T","STATIC_BFE":-9999,"V_DATUM":"","DEPTH":1,"LEN_UNIT":"Feet","VELOCITY":5,"VEL_UNIT":"Feet / Second","AR_REVERT":"","AR_SUBTRV":"","BFE_REVERT":-9999,"DEP_REVERT":-9999,"DUAL_ZONE":"","SOURCE_CIT":"06073C_FIRM1","GFID":"9756cfe6-d8a6-4507-b39c-704d76ada171","ESRI_SYMBOLOGY":"1% Annual Chance Flood Hazard","Shape__Area":262645.6171875,"Shape__Length":2415.9260149682445,"GlobalID":"3ac10cf3-baaa-40b3-af9d-8c72d27d123c"}},{"type":"Feature","id":32399,"geometry":{"type":"Polygon","coordinates":[[[-116.411084784472,33.2668719326375],[-116.41104266157,33.2670484267748],[-116.411075841743,33.2672978704126],[-116.411153501099,33.2674199255634],[-116.411291793144,33.2674945239184],[-116.411448518619,33.2675379794456],[-116.411611440672,33.2675335870254],[-116.411768874019,33.2674735787912],[-116.411935170144,33.2674128659851],[-116.412059420622,33.2673582708413],[-116.412222815189,33.2672930070406],[-116.412349889971,33.2672430393515],[-116.412477121958,33.2671726777424],[-116.412592196146,33.2671223967752],[-116.412731428727,33.2670622312782],[-116.412908629502,33.2670043415801],[-116.41309453585,33.2669270778927],[-116.413330094778,33.2668159258312],[-116.413492390706,33.2667737235379],[-116.413808196139,33.2666965362593],[-116.414149493963,33.2666337055462],[-116.414413684895,33.2666350395098],[-116.414651912718,33.2666935551231],[-116.415085929256,33.2667884707207],[-116.415349807574,33.2668469096187],[-116.415596583766,33.2668982107429],[-116.416015697253,33.2670219902321],[-116.416413002341,33.2671911112607],[-116.41680340657,33.2674050215077],[-116.417134979233,33.2675426077104],[-116.417432194031,33.2676943916745],[-116.41767810784,33.2678745712747],[-116.417898214848,33.2681045622517],[-116.418144128657,33.2682990185012],[-116.418322348121,33.2684001296011],[-116.418568654494,33.268537402534],[-116.418772289094,33.268667144842],[-116.418789546629,33.2688621503852],[-116.41872522456,33.269021072622],[-116.418660978847,33.2691667386921],[-116.418612189547,33.2693921799675],[-116.418516333917,33.2695511019908],[-116.41849939169,33.2697234379975],[-116.418513980331,33.2698960876147],[-116.418417577626,33.2701346287692],[-116.418336782251,33.2704263520158],[-116.418319367511,33.2706652064206],[-116.418270262902,33.2709038258384],[-116.418205549168,33.2711425242173],[-116.418124910998,33.2713943205125],[-116.418122870924,33.2716863587522],[-116.418106320363,33.2718056686495],[-116.417977676224,33.2721104141755],[-116.417944495153,33.2723757807688],[-116.417847777139,33.2726540917204],[-116.417798672531,33.2729193019448],[-116.417797025021,33.2731848260532],[-116.417794280668,33.2735697394563],[-116.417808085079,33.2738884474792],[-116.417821813133,33.2741938188631],[-116.417813734583,33.2744116519055],[-116.41767646033,33.274561474988],[-116.417556446306,33.2746540365464],[-116.417376892844,33.2747389885113],[-116.417146039291,33.2748452765489],[-116.41699213812,33.2749089703006],[-116.416736339249,33.274936661687],[-116.416565886619,33.2749500744056],[-116.416403590691,33.2749921195366],[-116.416190151878,33.2750270253238],[-116.415985653997,33.2750260054204],[-116.415789707179,33.275025142483],[-116.415627569355,33.2750387136561],[-116.415440172702,33.2750377711094],[-116.415175431103,33.2750867196928],[-116.41496254116,33.2750856997901],[-116.414877197615,33.2750853866094],[-116.414715450558,33.2750558131811],[-116.414537074787,33.2749761968692],[-116.414213739676,33.2748959496157],[-116.414017949165,33.2748449633674],[-116.413762935422,33.2747435382866],[-116.413541651621,33.2747066706796],[-116.413311505042,33.2747127105123],[-116.41314065895,33.274754912724],[-116.412995150738,33.2748473163599],[-116.41293467256,33.2749686655013],[-116.412933652074,33.2751405304329],[-116.412957576905,33.2753553817751],[-116.41296479397,33.2755703114464],[-116.412709308611,33.2754041724641],[-116.412552425932,33.2752443087854],[-116.412348399666,33.2750308698638],[-116.412034633409,33.2746975718758],[-116.411799387094,33.2744176144017],[-116.411639446549,33.2742039383834],[-116.411313286236,33.2738711892555],[-116.411204800292,33.2735519336569],[-116.41115836368,33.2733925397467],[-116.410923352724,33.2730860697782],[-116.410688498972,33.2727664207614],[-116.410532714034,33.2724338276321],[-116.410361240918,33.2720745653944],[-116.410236989541,33.2717686443322],[-116.410129052468,33.2713565915218],[-116.410068497035,33.2709581070722],[-116.409991939013,33.2705993945558],[-116.409995467595,33.2700684244428],[-116.409983074438,33.2695773019287],[-116.410032962377,33.2691925459287],[-116.410115169904,33.2687283299614],[-116.410243578684,33.2684368406399],[-116.410308292418,33.2681983001054],[-116.410421092072,33.2678800625297],[-116.410613351306,33.26746957769],[-116.410804984414,33.267178403385],[-116.410869540943,33.2669929683864],[-116.410933392295,33.2669269209122],[-116.411084784472,33.2668719326375]]]},"properties":{"OBJECTID":32399,"DFIRM_ID":"06073C","VERSION_ID":"1.1.1.0","FLD_AR_ID":"06073C_1216","STUDY_TYP":"NP","FLD_ZONE":"AO","ZONE_SUBTY":null,"SFHA_TF":"T","STATIC_BFE":-9999,"V_DATUM":"","DEPTH":3,"LEN_UNIT":"Feet","VELOCITY":8,"VEL_UNIT":"Feet / Second","AR_REVERT":"","AR_SUBTRV":"","BFE_REVERT":-9999,"DEP_REVERT":-9999,"DUAL_ZONE":"","SOURCE_CIT":"06073C_FIRM1","GFID":"9756cfe6-d8a6-4507-b39c-704d76ada171","ESRI_SYMBOLOGY":"1% Annual Chance Flood Hazard","Shape__Area":875894.6171875,"Shape__Length":3773.3775561938405,"GlobalID":"a3954a8e-9510-46bf-8ffa-a50038982c5d"}},{"type":"Feature","id":32442,"geometry":{"type":"Polygon","coordinates":[[[-116.396781206647,33.2238122516159],[-116.396994096589,33.2238062112703],[-116.397753176598,33.223688156922],[-116.398537356433,33.22360602896],[-116.399185125297,33.223551903924],[-116.399688249229,33.2234683638096],[-116.400480978332,33.2234077293935],[-116.401043562651,33.2233532112119],[-116.401725375867,33.223292026634],[-116.402501161845,33.2231882481917],[-116.402637335662,33.2238317050129],[-116.40277578581,33.2243335729037],[-116.402858777566,33.2246680481994],[-116.403026878407,33.2250029933839],[-116.403251691688,33.2253620200909],[-116.403504665357,33.2257211242273],[-116.403757952538,33.226056383996],[-116.404068267468,33.2263681889232],[-116.404488557748,33.2265772350279],[-116.404444080362,33.226848957396],[-116.40441764474,33.2269849753158],[-116.404280137823,33.2271703314026],[-116.40407430774,33.2273842426865],[-116.404015475275,33.2274306006953],[-116.403902990931,33.2275193963673],[-116.403655193354,33.2276329015822],[-116.403484191853,33.2277035775719],[-116.403390296347,33.2277317370393],[-116.403202037311,33.2278596756184],[-116.402936904046,33.2280373456533],[-116.402782453106,33.228187091215],[-116.402508535217,33.2283718203123],[-116.40220112454,33.2284777958081],[-116.401970270088,33.228612714855],[-116.401610537038,33.2288901613055],[-116.400985907878,33.2292953126666],[-116.400343864877,33.2297647065474],[-116.400149563772,33.229879152634],[-116.399873451298,33.2300416842144],[-116.399206775593,33.2303678442898],[-116.399062600482,33.2296339446506],[-116.398666942006,33.229095209044],[-116.39834689922,33.2285971045961],[-116.397942062658,33.228008009533],[-116.397612687274,33.2275841120167],[-116.397419250349,33.2272251628118],[-116.397227617241,33.2265941794706],[-116.397080617826,33.2256699807813],[-116.39698303743,33.2249893453036],[-116.396926872962,33.2244950063742],[-116.396894868683,33.2241939483118],[-116.396781206647,33.2238122516159]]]},"properties":{"OBJECTID":32442,"DFIRM_ID":"06073C","VERSION_ID":"1.1.1.0","FLD_AR_ID":"06073C_2596","STUDY_TYP":"NP","FLD_ZONE":"AO","ZONE_SUBTY":null,"SFHA_TF":"T","STATIC_BFE":-9999,"V_DATUM":"","DEPTH":1,"LEN_UNIT":"Feet","VELOCITY":5,"VEL_UNIT":"Feet / Second","AR_REVERT":"","AR_SUBTRV":"","BFE_REVERT":-9999,"DEP_REVERT":-9999,"DUAL_ZONE":"","SOURCE_CIT":"06073C_FIRM1","GFID":"9756cfe6-d8a6-4507-b39c-704d76ada171","ESRI_SYMBOLOGY":"1% Annual Chance Flood Hazard","Shape__Area":506820.2109375,"Shape__Length":2888.0874730355677,"GlobalID":"6bc3c755-2307-4d6b-a8b5-eb37efbcf3f6"}},{"type":"Feature","id":32370,"geometry":{"type":"Polygon","coordinates":[[[-116.322523214259,33.2197476517369],[-116.322633032404,33.2198412317914],[-116.322698687573,33.2198972386431],[-116.323044693467,33.2199644647035],[-116.323440351943,33.2200199228767],[-116.323941906519,33.220070359453],[-116.324471858637,33.2201327208868],[-116.324980630278,33.2201771979644],[-116.325736648828,33.220240734675],[-116.326153722242,33.2202547757813],[-116.327157538368,33.2203019183809],[-116.327998588747,33.2203657706322],[-116.328351340091,33.220462802428],[-116.328767236712,33.2206255686894],[-116.329239768518,33.220794375202],[-116.329697788938,33.2210168345831],[-116.329958135979,33.2211846994674],[-116.330225464726,33.2213407197193],[-116.330599473803,33.2214436353836],[-116.3309876026,33.2215586296754],[-116.331460683276,33.2216325991038],[-116.33186363697,33.2216525256741],[-116.332217016236,33.2216842153442],[-116.332415003128,33.2216911170461],[-116.3326911165,33.2216629563856],[-116.332903536624,33.2216402876222],[-116.333214635783,33.2216062442613],[-116.333582291975,33.2216141664962],[-116.33397795045,33.2216639776635],[-116.334337527194,33.2217965430297],[-116.33506436487,33.2219906852522],[-116.335318828844,33.2220157864951],[-116.335580354474,33.222023160106],[-116.335941263419,33.2219893521101],[-116.336252283527,33.2219851159647],[-116.336620252332,33.2219869984455],[-116.337313047452,33.2219967249717],[-116.337786677897,33.2220230045477],[-116.338260229291,33.2220374361422],[-116.338733309967,33.2221350184277],[-116.339142696497,33.2222382472793],[-116.339658292639,33.2223241414726],[-116.340011513802,33.2223735592084],[-116.340492125954,33.2223940319401],[-116.341156369021,33.222456862899],[-116.341940704265,33.2225383636987],[-116.342661034545,33.2226550060579],[-116.34345164542,33.2228553461013],[-116.343994460515,33.2230662747923],[-116.344635642032,33.2233906310321],[-116.345107388711,33.2236605477355],[-116.345579137185,33.2239364272929],[-116.345797440376,33.224056442647],[-116.345994877499,33.224134727164],[-116.346270520154,33.2241600637535],[-116.346518081473,33.2241315890214],[-116.34674493393,33.2240673457476],[-116.346950921218,33.2239436429326],[-116.347255666593,33.2238382180336],[-116.347539154236,33.2237385966438],[-116.348056476042,33.2236166210059],[-116.348914155136,33.2233357994737],[-116.349495485499,33.2231485595687],[-116.349970762556,33.2229490836487],[-116.350723487882,33.2225251075089],[-116.35089174503,33.222832754298],[-116.35115311076,33.2231770346207],[-116.351676630941,33.2237646397337],[-116.352270747026,33.2245542317869],[-116.352649933094,33.2251812929349],[-116.352886669714,33.2256262136184],[-116.352906436243,33.2262111519044],[-116.352971151775,33.2271995152606],[-116.352867215798,33.2282678870895],[-116.352665544017,33.2295776261803],[-116.352511799152,33.230907837436],[-116.35248096987,33.2318354086876],[-116.352570001898,33.232763449492],[-116.352684133753,33.2335707697535],[-116.352968093011,33.2341368815554],[-116.353418895468,33.2348248920134],[-116.35391848992,33.2354122618374],[-116.354967252353,33.2364058807017],[-116.356254714225,33.2375419491907],[-116.357421296098,33.2387984263101],[-116.358230969223,33.2396695958799],[-116.358730170213,33.2403175235855],[-116.359419672109,33.241188224218],[-116.359965311508,33.2420582970932],[-116.360652694278,33.2432515507334],[-116.361053844155,33.2441812389255],[-116.361407536933,33.2450502918085],[-116.361760445483,33.2460604608262],[-116.361946665343,33.2468277760829],[-116.362083467981,33.2478166877329],[-116.362088410511,33.2485674523193],[-116.362088959382,33.2486461288382],[-116.361780998038,33.2483841339375],[-116.361265715408,33.2479592962002],[-116.36046678793,33.247432246829],[-116.360007435308,33.2471263251047],[-116.359407120848,33.2468364833702],[-116.358545441556,33.2466802291271],[-116.357724394861,33.2464400402261],[-116.357364975323,33.2461851841501],[-116.357128396806,33.2455936569598],[-116.357115295776,33.2446491419661],[-116.357059681077,33.2440250618273],[-116.35676113228,33.2436861940695],[-116.35610175359,33.2432780635896],[-116.354681725535,33.2426130354246],[-116.353401482525,33.2420497471065],[-116.352522074083,33.2415729810926],[-116.35160305353,33.2409947887813],[-116.350884058146,33.2405358265415],[-116.349985981814,33.2398565224215],[-116.349247377105,33.2393130802839],[-116.34876911854,33.238872003984],[-116.348491827476,33.2383647226523],[-116.348314001474,33.237992910224],[-116.348255169908,33.2378237897779],[-116.348114680584,33.2378230835059],[-116.34805216323,33.2381263389382],[-116.348049104466,33.2385478058383],[-116.348047299751,33.2387839929731],[-116.347985409421,33.2390029226219],[-116.347844606585,33.2390527336536],[-116.347745378679,33.2389172649519],[-116.347565825217,33.2387645398965],[-116.346987161952,33.2383229919874],[-116.34654843914,33.2379498457314],[-116.346049394457,33.2375929369259],[-116.34535095073,33.237049572384],[-116.34483268749,33.2365917886097],[-116.343915471652,33.2357941941825],[-116.343417603762,33.2352855808383],[-116.342959425238,33.2348278734855],[-116.342621656895,33.2343876596876],[-116.342323971379,33.2339476022161],[-116.342205603069,33.2336770582898],[-116.342006439384,33.2334737382216],[-116.341706558386,33.233320306366],[-116.34138683001,33.2331498536784],[-116.341047570463,33.2328952323647],[-116.340628144362,33.2326231185177],[-116.340249114601,33.2323344534791],[-116.339769679242,33.2320283752255],[-116.339450659637,33.2317736755059],[-116.339152031789,33.2314516722031],[-116.338593293157,33.2310439339531],[-116.338234108977,33.2307722118436],[-116.337635600131,33.2303137219349],[-116.337056075382,33.2299903862478],[-116.336376300443,33.2296663445302],[-116.335516502224,33.2292739015152],[-116.334615287178,33.2290328502421],[-116.333814321423,33.2288093705144],[-116.332712766797,33.2285335701976],[-116.332051740597,33.2283951215418],[-116.331269521783,33.2283402916175],[-116.329905110224,33.2283330740862],[-116.329041940627,33.2283790400947],[-116.328419036233,33.2284937224418],[-116.327856767222,33.2285580443709],[-116.32699344042,33.2286040117641],[-116.326612214278,33.2286187586259],[-116.326191454178,33.2285322379067],[-116.32593142065,33.2284126923285],[-116.325813913824,33.2280408796632],[-116.325737825621,33.2275011235543],[-116.325721745778,33.2269782333382],[-116.325906789743,33.2264057675129],[-116.326070731384,33.225951276503],[-116.326154743626,33.2254628224291],[-116.326098580056,33.2249396164365],[-116.325800344772,33.2245838839303],[-116.325362796058,33.2240755833776],[-116.324765385851,33.2234821729431],[-116.324167035109,33.2230235260856],[-116.32368759975,33.2227343123429],[-116.323268330854,33.2224789851211],[-116.322969782058,33.2221569829187],[-116.322872199865,33.2218022701424],[-116.322836195388,33.2212793789258],[-116.322840040178,33.2207734309056],[-116.322783012429,33.2203514935716],[-116.322523214259,33.2197476517369]]]},"properties":{"OBJECTID":32370,"DFIRM_ID":"06073C","VERSION_ID":"1.1.1.0","FLD_AR_ID":"06073C_322","STUDY_TYP":"NP","FLD_ZONE":"AO","ZONE_SUBTY":null,"SFHA_TF":"T","STATIC_BFE":-9999,"V_DATUM":"","DEPTH":1,"LEN_UNIT":"Feet","VELOCITY":4,"VEL_UNIT":"Feet / Second","AR_REVERT":"","AR_SUBTRV":"","BFE_REVERT":-9999,"DEP_REVERT":-9999,"DUAL_ZONE":"","SOURCE_CIT":"06073C_FIRM1","GFID":"9756cfe6-d8a6-4507-b39c-704d76ada171","ESRI_SYMBOLOGY":"1% Annual Chance Flood Hazard","Shape__Area":5204315.1953125,"Shape__Length":13908.681994206232,"GlobalID":"be4ca8ec-6e99-453d-9960-e99c0338ef88"}},{"type":"Feature","id":32375,"geometry":{"type":"Polygon","coordinates":[[[-116.303206914079,33.2333468214825],[-116.303742041392,33.2333027373167],[-116.304323921524,33.2333537245184],[-116.305019226537,33.2333934160247],[-116.305473560272,33.2333959264232],[-116.306822519011,33.2333913759971],[-116.307447461683,33.2333472918538],[-116.308100800999,33.2333270538658],[-116.308641576919,33.2331747991861],[-116.30952286823,33.2330605099454],[-116.30996261063,33.2331224789077],[-116.310329874257,33.2333513711595],[-116.310725690836,33.2335682623656],[-116.311321140021,33.2337028669928],[-116.312030407548,33.2337783281762],[-116.312639741093,33.233936937034],[-116.313504795356,33.2340609525681],[-116.314199785959,33.2341722620125],[-116.315191521541,33.2344401377506],[-116.316085048804,33.2345643907589],[-116.317078118385,33.2346892694905],[-116.318043262936,33.234730371482],[-116.318738962309,33.2347340585029],[-116.319434503579,33.2347616709563],[-116.320215152138,33.2348019103305],[-116.32078291255,33.2348168146881],[-116.321222184232,33.2349385568071],[-116.321575014628,33.2352269066881],[-116.3217004419,33.2355378494054],[-116.321824301611,33.2360395607131],[-116.32183622495,33.2363379527282],[-116.321974202584,33.2368639028797],[-116.32198471467,33.237329217589],[-116.322193448108,33.2378792486495],[-116.322360763821,33.2382859677548],[-116.322599774975,33.2385855362259],[-116.323009865784,33.2388145080952],[-116.323534091143,33.2389604882527],[-116.324144287969,33.2390233982232],[-116.324796842158,33.2390867777374],[-116.325492070814,33.2391739266546],[-116.326200711317,33.2393686967434],[-116.32683789084,33.2395869998147],[-116.32755970873,33.2398892348257],[-116.328012161393,33.2401422076336],[-116.328336516093,33.24043040286],[-116.328702368467,33.2408737538292],[-116.329082181559,33.2413411080764],[-116.329447483266,33.2418443886459],[-116.329699986217,33.2422633462608],[-116.330134160859,33.2430532513844],[-116.330612262219,33.2436644678893],[-116.330936616919,33.2439524261136],[-116.331276111824,33.2441333120687],[-116.331729896688,33.2442072834407],[-116.332297813408,33.2442223432164],[-116.332951309031,33.2441899472278],[-116.333803732082,33.2441350370513],[-116.334926231827,33.2440454566146],[-116.335977505051,33.2440034131152],[-116.337028384813,33.2439732130967],[-116.337610971021,33.2439405014693],[-116.337851706941,33.2440372990007],[-116.338147589537,33.2443488685201],[-116.338556111887,33.2447690019267],[-116.338865563537,33.2451761915917],[-116.339215256117,33.2458820866453],[-116.33955388864,33.2461583581401],[-116.339809215895,33.2461954609282],[-116.340320183917,33.2462339761088],[-116.341228928641,33.2462507619788],[-116.342081039079,33.2462553109843],[-116.342663231824,33.2462582920666],[-116.343487180976,33.2461910674348],[-116.344183584629,33.2461350608927],[-116.344709770111,33.2460424210289],[-116.345079936196,33.2459012263553],[-116.345650362808,33.2455699688929],[-116.346178587466,33.2452149408726],[-116.346493452363,33.2448823495188],[-116.346823220311,33.2444545286422],[-116.347068114532,33.2439904689635],[-116.347269944417,33.2435739455865],[-116.347427846684,33.2433481108638],[-116.347642463189,33.2431343580881],[-116.347813779998,33.243015990239],[-116.34802580666,33.2431363978884],[-116.348194455473,33.2433759595119],[-116.348276584846,33.2438058960745],[-116.348286702571,33.244354751177],[-116.348350398514,33.245321700586],[-116.348372362323,33.246204794847],[-116.34839667882,33.2467538069286],[-116.348452764236,33.2468376606194],[-116.348649810592,33.2470773788817],[-116.348773354995,33.2472832073649],[-116.348772178202,33.2474335803344],[-116.348686127682,33.2475476344209],[-116.348540776676,33.2476185459894],[-116.348395110361,33.2477251480056],[-116.348274623824,33.2478963077674],[-116.348238854706,33.2481180618887],[-116.348184259594,33.2485831409004],[-116.348146999273,33.2489911158902],[-116.348145038251,33.2492702886701],[-116.348160100303,33.249542480671],[-116.348140803592,33.2498501278227],[-116.348116328992,33.2500154049034],[-116.348104797319,33.2500933761995],[-116.348188730509,33.2503014017356],[-116.348298548655,33.2504237713669],[-116.34848516018,33.2505106069813],[-116.348689815266,33.2504901333194],[-116.348801672587,33.2503476829872],[-116.348921845613,33.2502195879981],[-116.349045390914,33.2500152478924],[-116.349103045687,33.2499197063092],[-116.349283460634,33.2497202291018],[-116.349616208293,33.2496717531124],[-116.349948957749,33.2496162942097],[-116.350417489357,33.2496186471307],[-116.350834956232,33.2496422574727],[-116.351294936777,33.2496590449418],[-116.351515748962,33.2497534096002],[-116.351778606794,33.2499335908981],[-116.35188622766,33.2500142284483],[-116.351968669647,33.2500761185326],[-116.352180933464,33.2501847594406],[-116.352563257347,33.2503417999823],[-116.352789953497,33.2504145926551],[-116.352973818873,33.25049907463],[-116.353271427133,33.2505961067983],[-116.353583388675,33.2506692147813],[-116.353880603473,33.2507900926825],[-116.354235002328,33.2509232088796],[-116.354503194356,33.2510916218573],[-116.354843159978,33.2512366604942],[-116.355211129682,33.2513697760111],[-116.355564977869,33.2515268159257],[-116.355820306022,33.25161168897],[-116.356060572123,33.2517440985071],[-116.356286014225,33.2519958958853],[-116.356497725578,33.2521759185575],[-116.356751563426,33.2524278739517],[-116.35703403148,33.2526560590871],[-116.357288808966,33.2527647005439],[-116.357599986279,33.2529333496128],[-116.357768793196,33.2531490646535],[-116.357936735933,33.2534840096678],[-116.357978153657,33.2536513261915],[-116.358004980047,33.2538664121949],[-116.35800317623,33.2541168753125],[-116.357930696559,33.2543072528237],[-116.357843862709,33.2545335572807],[-116.357842371506,33.2547364069412],[-116.357840018818,33.2550705668711],[-116.357880572363,33.2553451131032],[-116.357991880813,33.2556679771664],[-116.358188534605,33.255967232161],[-116.358455940608,33.256290803053],[-116.358695815941,33.2565068313154],[-116.358991539536,33.2568544059817],[-116.359330013955,33.25717829134],[-116.359669979578,33.2573113271938],[-116.360052539718,33.2574446002194],[-116.360449689397,33.2575063325506],[-116.360691054137,33.2575075104073],[-116.360918376413,33.2575086860104],[-116.361188293207,33.2575100193621],[-116.361500726364,33.2574997431634],[-116.361870578038,33.2574302443287],[-116.362140652037,33.2573956522638],[-116.362311419077,33.2573368201818],[-116.362752809885,33.2571839380119],[-116.363223067157,33.2569832837486],[-116.36359236996,33.2569737151078],[-116.363918764734,33.2569990511959],[-116.364230725377,33.2570721590801],[-116.364514213918,33.257157110871],[-116.364938660703,33.2573742367265],[-116.365108645311,33.2574347161314],[-116.365292040868,33.2576145818685],[-116.365532464174,33.2577589148349],[-116.365729901297,33.2579508603866],[-116.365940986524,33.2582145813563],[-116.366038725024,33.258453671225],[-116.366192627093,33.2587647701933],[-116.366232632666,33.2591228552648],[-116.366229339442,33.2595882490355],[-116.366268402682,33.2600777233348],[-116.366236868223,33.2604832664899],[-116.36610594955,33.2609479544394],[-116.366103753169,33.2612461893117],[-116.36611599002,33.2615207334135],[-116.366127050077,33.2619264336192],[-116.366124854595,33.2622724386175],[-116.366121559574,33.2627139857168],[-116.36611920509,33.2630362246428],[-116.366131913556,33.2632509179836],[-116.366158426434,33.2635136186891],[-116.366171291207,33.2636927004987],[-116.366212081907,33.2639553225092],[-116.366210669756,33.2641344049154],[-116.366209179451,33.2643372548175],[-116.366208001759,33.2645162590749],[-116.366276952847,33.2647910377642],[-116.366361042344,33.2649465881201],[-116.366359943705,33.2651016664963],[-116.366329900448,33.265352131204],[-116.366356178865,33.2656148315987],[-116.366353903433,33.2659490708474],[-116.36636308152,33.266640925173],[-116.366360258115,33.2670347011349],[-116.366370454892,33.2675837130298],[-116.36642363875,33.268085111195],[-116.366391948882,33.2685384240154],[-116.366345982089,33.2689915812613],[-116.366343001478,33.2694091251243],[-116.366340489789,33.2697672101219],[-116.366281267456,33.2700890565],[-116.366207846351,33.2704228257281],[-116.366205021149,33.270828368919],[-116.366202354949,33.2711864533543],[-116.366214200135,33.2715205353366],[-116.366223927093,33.2721411647586],[-116.366219770588,33.2726780968997],[-116.366345354166,33.2730247307426],[-116.366499884158,33.2732641338156],[-116.36671112659,33.2735278536133],[-116.366979161413,33.2737677277136],[-116.367290653136,33.2739125311786],[-116.367588182345,33.2740214856708],[-116.367942266789,33.2741784480651],[-116.368183002709,33.2742751655333],[-116.368579917927,33.2743844350093],[-116.368976909502,33.274505862151],[-116.36923184599,33.2745787345773],[-116.369572046073,33.2746996131923],[-116.369883302437,33.2748684189379],[-116.370180751696,33.2750131447231],[-116.370649440509,33.2750273407579],[-116.370834012859,33.2750283621633],[-116.371217200023,33.2750660918205],[-116.371529397822,33.2751272754603],[-116.371827396849,33.275176537925],[-116.372040365844,33.2752015608101],[-116.372479716578,33.2753349890389],[-116.372876473693,33.2754682608496],[-116.373259738112,33.2755059918188],[-116.373585975681,33.2755911006707],[-116.373996696208,33.2757243728415],[-116.374308266085,33.2758692534212],[-116.374704787841,33.2760739085652],[-116.375012044008,33.2761790188749],[-116.375058951337,33.2761951005399],[-116.375342281774,33.2762920545993],[-116.375739274247,33.2764253257001],[-116.375994915913,33.2764266595141],[-116.376278717067,33.2764757635312],[-116.376661433514,33.2765850340081],[-116.377114746763,33.2767543888579],[-116.377327323193,33.2768390263557],[-116.377638970325,33.276971828738],[-116.377823151908,33.2770203827046],[-116.378077852138,33.2771648728588],[-116.378303292444,33.277440515968],[-116.378458214999,33.2776202248511],[-116.378598468066,33.2778714737553],[-116.378753232518,33.278087109938],[-116.378908312279,33.2782548960272],[-116.379034995396,33.2784465276762],[-116.379076255017,33.2785779164788],[-116.379216588034,33.2788649350363],[-116.379356919254,33.279116184113],[-116.379483130755,33.2793435079812],[-116.379594282898,33.2796902189976],[-116.379621580903,33.2798454536815],[-116.379875260648,33.2801330989025],[-116.380100858158,33.2803728159219],[-116.380269506971,33.2806243002229],[-116.380438862759,33.2807922428968],[-116.380835306362,33.2809731299299],[-116.381118636799,33.2810938502459],[-116.381416008802,33.2812384973715],[-116.381557674919,33.2812988971687],[-116.381741540295,33.2813954588058],[-116.382010752809,33.2815040209605],[-116.382308360171,33.2816009751316],[-116.382563452067,33.2816976926375],[-116.38290310328,33.2818784230935],[-116.383186120205,33.2820349921201],[-116.383483492208,33.2821915608658],[-116.383723838259,33.2823120466957],[-116.3839080953,33.2823963709073],[-116.38402160103,33.2824208450169],[-116.384176994303,33.2825648643865],[-116.384374979398,33.2826850357967],[-116.384531077848,33.282721748339],[-116.384715259431,33.2827823040619],[-116.384942268195,33.2828310951058],[-116.385155002729,33.2828679622857],[-116.385353458541,33.2829286763608],[-116.385664794856,33.2831091699673],[-116.386046960636,33.2833140589594],[-116.386301503661,33.2834703152639],[-116.386612916333,33.2836388847698],[-116.386839456176,33.2837592927549],[-116.38712239405,33.283927785105],[-116.387278100834,33.2840119523077],[-116.387518366935,33.2841802098721],[-116.387702625773,33.284264692232],[-116.387900768972,33.2843609396934],[-116.388070360118,33.2844931921998],[-116.388296350192,33.2846852937655],[-116.388494336186,33.2847936227887],[-116.388664318997,33.2848660240428],[-116.38872032626,33.2849976487425],[-116.388719462979,33.2851288820006],[-116.388505082731,33.2853067870553],[-116.388276739969,33.2854368423685],[-116.387891984347,33.2856021189483],[-116.387521897314,33.2857075444445],[-116.387223113159,33.285777828038],[-116.386966295599,33.2859196513772],[-116.386809098509,33.2860621000176],[-116.386495096893,33.2862753835572],[-116.386251851081,33.2865246701375],[-116.38607935658,33.2867863501435],[-116.38599283714,33.2869769635736],[-116.386005386604,33.2872275833007],[-116.386060610537,33.2874545165876],[-116.386171370116,33.2878606865294],[-116.386269264024,33.2880878517063],[-116.386422304609,33.2885541086041],[-116.386477840257,33.2887332689652],[-116.386547418369,33.2889364319197],[-116.386574716374,33.2891039057993],[-116.386630566431,33.2892591410114],[-116.386671983258,33.2894262996405],[-116.386656059721,33.2896769198423],[-116.386717557487,33.2899509960983],[-116.386689867817,33.2901134467383],[-116.386778743538,33.290417173958],[-116.386705791353,33.2906674796908],[-116.386476977874,33.2908812325485],[-116.386418617923,33.2910837680097],[-116.386346765277,33.2912265318558],[-116.386345353125,33.2914293818903],[-116.38628707043,33.2916677658394],[-116.386285580125,33.2918468477221],[-116.386284012565,33.292073464887],[-116.386296640182,33.2922763152051],[-116.386295307083,33.2925030904417],[-116.386307857445,33.2927297854954],[-116.386320722219,33.2929089462934],[-116.386375866201,33.2931598020289],[-116.386403086052,33.2933268818523],[-116.386415950825,33.2935178091273],[-116.386429364469,33.2936252741938],[-116.386498627272,33.2939003682425],[-116.386582403258,33.2941033742483],[-116.386552125541,33.2943776843863],[-116.386550713389,33.2945805346032],[-116.386577775137,33.2947716183178],[-116.386519571493,33.2949622300725],[-116.386418461616,33.2951885342963],[-116.386401909259,33.2955224605954],[-116.386370376596,33.295975773604],[-116.386270127305,33.2960946118044],[-116.38618313625,33.2963328388436],[-116.386181253381,33.296595305607],[-116.386122736225,33.2968456116358],[-116.386007741987,33.2970239876088],[-116.385935339572,33.2971907544387],[-116.385948910421,33.2972982187351],[-116.386060924947,33.2975612337102],[-116.386116225236,33.2977644759703],[-116.386114734931,33.2979910935317],[-116.386139051427,33.2982803067506],[-116.386140857041,33.2983012497422],[-116.386153799967,33.2984924904899],[-116.38616635033,33.2987191864987],[-116.386164545615,33.2989816528395],[-116.386176781567,33.2992800438595],[-116.38617341019,33.2997573598507],[-116.386255380561,33.3002350689102],[-116.386299936101,33.3003990110414],[-116.386365983834,33.3006413182564],[-116.386448503975,33.3010473314579],[-116.386446151287,33.301393492998],[-116.386500823653,33.301704121379],[-116.3864967462,33.3022646644825],[-116.386451171971,33.3026942105674],[-116.3862917785,33.3031109693049],[-116.386219297931,33.3033372734105],[-116.38607512282,33.3036228793888],[-116.38585988019,33.3039202507317],[-116.3856592262,33.3041696956151],[-116.385580549052,33.3041624002599],[-116.385405468301,33.3041460842489],[-116.384865475713,33.3041434174682],[-116.384410830263,33.3041410645147],[-116.383813889875,33.3041500859213],[-116.383202830666,33.3041471045627],[-116.3826771159,33.3041444370313],[-116.382193365035,33.3042136223943],[-116.381609918241,33.304318105695],[-116.38095650167,33.3043148908492],[-116.380359404077,33.3043477570488],[-116.379975980656,33.3043219496955],[-116.379322171521,33.3043425796622],[-116.378881487687,33.3043642299354],[-116.378299137736,33.3043254798692],[-116.377332815493,33.3043206170586],[-116.37646627362,33.304280532834],[-116.376011155656,33.3043259513598],[-116.375357031213,33.3044062751605],[-116.375011889497,33.3044230618622],[-116.374688866101,33.3044385940068],[-116.374176564979,33.3045553139909],[-116.373649829728,33.3046719572393],[-116.373052026957,33.3048002096004],[-116.37258247666,33.3049053213489],[-116.372269182018,33.3049992156348],[-116.371913292859,33.3050927164136],[-116.371529555925,33.3050909130528],[-116.371159548843,33.3051606472316],[-116.370675406312,33.3052893696087],[-116.37030563369,33.3053472594427],[-116.369921192478,33.3054526858559],[-116.369466231719,33.30546225519],[-116.36881226448,33.3055066535533],[-116.36834255608,33.3056236874313],[-116.367829941446,33.3057760215577],[-116.367445891001,33.3058099090027],[-116.367061606095,33.3058915655509],[-116.36664908175,33.3059490638354],[-116.366122739961,33.3060419374565],[-116.365709666745,33.3061708176951],[-116.365282003991,33.3063597828906],[-116.364797705154,33.3065122726405],[-116.364384789143,33.3066177779768],[-116.364014467651,33.306735125683],[-116.363743766628,33.3068291779106],[-116.363472985655,33.3069473098752],[-116.362916756916,33.3072187169885],[-116.362602833454,33.3074079974825],[-116.3621466968,33.3075965703561],[-116.361548030749,33.3078561346063],[-116.361219753106,33.3080214100071],[-116.360892025233,33.3081509952757],[-116.359993478183,33.3085878351309],[-116.35943764111,33.3088235536005],[-116.358668128966,33.3090940975286],[-116.357983334242,33.309472498315],[-116.357241749822,33.3098384300235],[-116.356685676491,33.3100863835411],[-116.356101287365,33.3103217068294],[-116.355302987809,33.3106517892768],[-116.354419187504,33.311017090683],[-116.353962892747,33.3112295114431],[-116.353449414832,33.3114655410763],[-116.353092819597,33.3116425058272],[-116.352479485853,33.3119496834471],[-116.352180074674,33.3120792673819],[-116.351766687947,33.3122560739882],[-116.351396208351,33.3123855035716],[-116.351039770321,33.3125744695627],[-116.350640502414,33.3127394327333],[-116.350312382875,33.3128929412972],[-116.350013205258,33.3129987594647],[-116.349699675258,33.3131401894736],[-116.349256952248,33.3134124593865],[-116.348914476733,33.3136015815496],[-116.348429865281,33.3137898430005],[-116.347987769296,33.3139904958188],[-116.34763117406,33.3141556154578],[-116.347374591859,33.3142617466341],[-116.347031880087,33.3144746369299],[-116.346718271034,33.3146161456194],[-116.346262132584,33.3148047186681],[-116.345720496079,33.3150165897034],[-116.344821946334,33.3154293491995],[-116.344322039268,33.3157730011689],[-116.34380840325,33.3160326424196],[-116.343622968518,33.316115319327],[-116.343266609539,33.316256591892],[-116.342967511872,33.316374333493],[-116.342767720265,33.3164567766157],[-116.342254086043,33.3167284964354],[-116.341711897972,33.3170119844453],[-116.341586235342,33.3170714436573],[-116.341512108161,33.3171065067674],[-116.341212539777,33.3172957853132],[-116.34075601056,33.3174961267919],[-116.340456127765,33.3176855628822],[-116.340156246767,33.3178629188648],[-116.339885152282,33.318016506985],[-116.339613902389,33.3181701729034],[-116.339271425975,33.3183592967553],[-116.338942992026,33.3185485755833],[-116.338685860056,33.3187260889492],[-116.338414295752,33.3189276041685],[-116.337872343039,33.3191751670179],[-116.337344117483,33.3194945799751],[-116.33702995956,33.3196957038309],[-116.336801772206,33.3197779899293],[-116.336373639633,33.3200262559707],[-116.3360591673,33.320263307434],[-116.335872868388,33.3204649804873],[-116.335762894835,33.320702031508],[-116.335562946022,33.3203508474999],[-116.335408731339,33.3198916507591],[-116.335130263482,33.3196673863455],[-116.33473546739,33.3192442728957],[-116.334368987991,33.3189575703333],[-116.334002743952,33.3187522103179],[-116.33373102424,33.3184607221836],[-116.333431455855,33.3181355020669],[-116.333183344767,33.3177999298139],[-116.332949274347,33.3175511131973],[-116.332631117124,33.3174148601992],[-116.33232315578,33.317183145013],[-116.331990876143,33.3170213978723],[-116.331420921146,33.316788192303],[-116.331147866538,33.3166568017366],[-116.330851279662,33.3164951339417],[-116.330578537667,33.3163337008092],[-116.330234570948,33.3161619140083],[-116.329878290123,33.3159997746188],[-116.329553072143,33.3157835129785],[-116.329086736916,33.315549521884],[-116.328608634657,33.3153730289877],[-116.328253217113,33.3151109550433],[-116.327944942257,33.3149292852517],[-116.327648589841,33.3147376526533],[-116.327134798415,33.3143754086514],[-116.326841740121,33.3141137280758],[-116.326431177697,33.313814474959],[-116.326021006938,33.3134904326257],[-116.325672098587,33.3130867715132],[-116.325436774118,33.3127154295653],[-116.325295735924,33.3124547694787],[-116.32504315392,33.3121727718298],[-116.324823674835,33.3119488216255],[-116.324502378001,33.3115632817389],[-116.324269015453,33.3112277877857],[-116.323887946516,33.3109286118468],[-116.323682743458,33.3107788654646],[-116.3234925234,33.3106044904711],[-116.323345994702,33.3104800032911],[-116.323125886796,33.3103426529353],[-116.322950491635,33.3101434894302],[-116.322671867472,33.3099440139159],[-116.322451604157,33.309831370873],[-116.322231653457,33.309693941419],[-116.32204308001,33.3095067018851],[-116.321925260571,33.3093360134747],[-116.321733785567,33.3092208614269],[-116.321499402533,33.3090339346868],[-116.321294749243,33.3087975914172],[-116.321061226795,33.3086312957247],[-116.320966863266,33.3085107306239],[-116.32077742564,33.3083596527692],[-116.320533315648,33.3081247971571],[-116.32024049451,33.3078757464697],[-116.319859582779,33.3075640972742],[-116.319581350281,33.3073273611293],[-116.319375990915,33.3071900891414],[-116.319108269604,33.3070504633115],[-116.318965740206,33.3069895925961],[-116.318760067329,33.3067534044482],[-116.318408336471,33.3064790956902],[-116.318129711409,33.30627946164],[-116.317821985424,33.3060549610023],[-116.317557950799,33.3058803520822],[-116.317344198473,33.3056806385813],[-116.317060397319,33.3054189581866],[-116.316717528341,33.3050870720893],[-116.316374424903,33.3048052322998],[-116.316220680039,33.3046543890251],[-116.316079720896,33.3044855830819],[-116.315860554425,33.304236766005],[-116.315656214647,33.3039757915196],[-116.315348254202,33.3037511355451],[-116.315086259651,33.3035179282649],[-116.314790533361,33.3032562481378],[-116.314613177178,33.3030955210125],[-116.314518970854,33.3029548750562],[-116.31438334411,33.3027307667845],[-116.314091149996,33.3023949588001],[-116.313844059394,33.3019354489965],[-116.313685135742,33.3014499746535],[-116.313427849262,33.3008484860893],[-116.313287986962,33.3004576902244],[-116.313172521109,33.2999970815275],[-116.313080116805,33.2996164825139],[-116.312999713994,33.2992561240821],[-116.312931313573,33.2988755248388],[-116.312722894546,33.2980943258874],[-116.312558793903,33.2977634585851],[-116.312371004686,33.2974223177767],[-116.312134974142,33.2971311427632],[-116.311946715106,33.2968500078371],[-116.311829367282,33.2966293527953],[-116.311653186994,33.2963083686356],[-116.311567921602,33.2961660763803],[-116.311394721924,33.2958768636604],[-116.311146925246,33.2955653713154],[-116.311029263012,33.2953846421736],[-116.310853239928,33.2950638163709],[-116.310700670959,33.2947629150581],[-116.310524335262,33.2944918213395],[-116.310383375221,33.2942510843774],[-116.31018248677,33.2940299579735],[-116.309994070529,33.2937688260515],[-116.309746822722,33.293397327505],[-116.309475415624,33.2930958753071],[-116.309275076044,33.2928447851131],[-116.309050811633,33.2925735330051],[-116.308814937396,33.292272318995],[-116.308590280421,33.2920708022425],[-116.308259415631,33.2917589982052],[-116.307964318162,33.291427425065],[-116.307739896546,33.2911858251295],[-116.307397185672,33.2908539389396],[-116.30707784986,33.2905722559029],[-116.30676973131,33.2903905853003],[-116.306390545242,33.2901383947565],[-116.306225113296,33.2899875531504],[-116.306083604385,33.2898167071454],[-116.305941939166,33.2896558238479],[-116.305729047427,33.2894646620982],[-116.305492310807,33.2892933457502],[-116.30516042553,33.2890915157454],[-116.304840227335,33.2889197293436],[-116.304496731334,33.2886876988956],[-116.304118173188,33.2883755786468],[-116.303776403748,33.2879336409215],[-116.303386627441,33.2875413536848],[-116.30318597435,33.2873101876441],[-116.302950963393,33.2869189218748],[-116.302751643401,33.2865177720529],[-116.302516240779,33.2861664315931],[-116.302198238067,33.2857244916914],[-116.301974994143,33.2853532284843],[-116.301751513961,33.2850219704313],[-116.301433512147,33.284570147472],[-116.301197796013,33.2842387317502],[-116.300986081966,33.2839375167542],[-116.300715301891,33.2835458588821],[-116.300467897777,33.2831945192244],[-116.300232179846,33.2829031863371],[-116.299973009599,33.2825717702933],[-116.299725604586,33.2822302374061],[-116.299112190893,33.2815168123627],[-116.298828861354,33.2812051636166],[-116.298616833794,33.2809238722382],[-116.29829851757,33.2805320574046],[-116.298027737495,33.2801304373957],[-116.297745820108,33.2796588462466],[-116.297510886407,33.2792575391408],[-116.297026431262,33.2787946563901],[-116.296506600462,33.278281727202],[-116.296247743726,33.2779102280616],[-116.296000025202,33.2776187393511],[-116.295669942844,33.2772068433236],[-116.295457837131,33.2769156691939],[-116.29525804732,33.2765944502966],[-116.295081473569,33.2763534003518],[-116.294857367262,33.2760921892486],[-116.29450296751,33.2757301031805],[-116.294290940848,33.2754590096662],[-116.29403278929,33.2749872626013],[-116.293903831639,33.2747364845576],[-116.293845157278,33.2746261971162],[-116.293668978786,33.274335178106],[-116.293492641293,33.2740542010572],[-116.293340072323,33.2737833419222],[-116.293212526824,33.273352463844],[-116.293215664639,33.2729625309593],[-116.293243511515,33.2724627004626],[-116.293269867187,33.2721526995104],[-116.293379997946,33.2717832404592],[-116.293526136775,33.2713641284587],[-116.293695805176,33.2709949822706],[-116.293841314285,33.2706758032798],[-116.29391473539,33.2704161614569],[-116.294000705959,33.2700965912931],[-116.294003294904,33.2697866683147],[-116.294100012917,33.2695871921535],[-116.294209988268,33.2692378129748],[-116.294354634995,33.2690286105116],[-116.294594822044,33.2687498290902],[-116.294739390618,33.2685506660179],[-116.294872113108,33.2683311869841],[-116.29505299967,33.2680423649723],[-116.295198351574,33.267723187207],[-116.295344880272,33.267273951633],[-116.295429989357,33.2670444316629],[-116.295610718714,33.2667753774698],[-116.295793094683,33.2663164154256],[-116.295854280734,33.2660967798036],[-116.29600018061,33.2657375177835],[-116.296206011591,33.2652787132777],[-116.296471535623,33.2648500308238],[-116.296640577,33.2645610515815],[-116.29683362226,33.2642321467778],[-116.297110441708,33.2638437047209],[-116.297160409597,33.2635639032362],[-116.297138758402,33.2632936733117],[-116.297212493019,33.2629941054016],[-116.297369769161,33.2626950855472],[-116.29743165949,33.2623850844738],[-116.297469547734,33.26212544279],[-116.297638666366,33.261806421423],[-116.297725031296,33.2614468450512],[-116.297834613184,33.2611275102285],[-116.297932195377,33.2608379815943],[-116.298065310431,33.2605687708206],[-116.29821027067,33.2602894410902],[-116.298354994652,33.2600603136516],[-116.29857157128,33.2597914159703],[-116.298872002047,33.2594231327835],[-116.299135644108,33.2591946325527],[-116.299387284677,33.2589858995527],[-116.299663870563,33.2586474255803],[-116.299868444801,33.2583785265548],[-116.300001011883,33.2581693236206],[-116.300133420861,33.2579700034628],[-116.300265515428,33.2578407327812],[-116.300421771982,33.2576415681198],[-116.300578184843,33.2574323656744],[-116.300735301983,33.2571534270494],[-116.300867868166,33.2569440671879],[-116.301048440318,33.2566850546052],[-116.301133392197,33.2564855763154],[-116.301242191653,33.2562660970118],[-116.301386915635,33.256036970289],[-116.301543798315,33.2557679152425],[-116.301652596872,33.2555684378635],[-116.301724998389,33.2554189292525],[-116.301809637655,33.2552691852589],[-116.301954361637,33.2550299379368],[-116.302098536749,33.2548608181518],[-116.302207649716,33.2546214142112],[-116.302436933913,33.2542125768224],[-116.302654216617,33.2538437457698],[-116.30294421435,33.2532851641095],[-116.303007281473,33.2528558526194],[-116.30310549069,33.2524660768801],[-116.303289043452,33.2518371327343],[-116.303352266882,33.2513674246397],[-116.303392193403,33.2508576338056],[-116.303442945522,33.2504479336563],[-116.303457535958,33.2501178510992],[-116.303460909132,33.2500202707398],[-116.303472596214,33.2496839909978],[-116.303523740896,33.2492125584676],[-116.303664935398,33.2483630369808],[-116.30379765699,33.2475799547894],[-116.303961601326,33.2468433890974],[-116.304133780518,33.2460737217126],[-116.304290898556,33.2451978437697],[-116.304406207204,33.2446072580317],[-116.304554775077,33.2438240182253],[-116.30457336661,33.2434787192714],[-116.30459148563,33.2431865251193],[-116.304571482843,33.2427080305275],[-116.304478608721,33.2414786173692],[-116.304427149628,33.240966786104],[-116.304285876973,33.2398500151017],[-116.30403572671,33.2384866228737],[-116.303915554582,33.2376955411907],[-116.303803069339,33.2369242244174],[-116.303742355802,33.2366115577424],[-116.303674817764,33.2361396534757],[-116.303599043073,33.2357339537647],[-116.303572059479,33.23514258352],[-116.303459731441,33.2343712682699],[-116.303385133543,33.2338259421215],[-116.303226837814,33.2334003972015],[-116.303206914079,33.2333468214825]]]},"properties":{"OBJECTID":32375,"DFIRM_ID":"06073C","VERSION_ID":"1.1.1.0","FLD_AR_ID":"06073C_528","STUDY_TYP":"NP","FLD_ZONE":"AO","ZONE_SUBTY":null,"SFHA_TF":"T","STATIC_BFE":-9999,"V_DATUM":"","DEPTH":1,"LEN_UNIT":"Feet","VELOCITY":5,"VEL_UNIT":"Feet / Second","AR_REVERT":"","AR_SUBTRV":"","BFE_REVERT":-9999,"DEP_REVERT":-9999,"DUAL_ZONE":"","SOURCE_CIT":"06073C_FIRM1","GFID":"9756cfe6-d8a6-4507-b39c-704d76ada171","ESRI_SYMBOLOGY":"1% Annual Chance Flood Hazard","Shape__Area":71861345.01171875,"Shape__Length":37481.118136771773,"GlobalID":"a1e233c5-1296-4a6d-b743-8fe44bfa5bdc"}},{"type":"Feature","id":32384,"geometry":{"type":"Polygon","coordinates":[[[-116.418772289094,33.268667144842],[-116.418976001847,33.2687970446855],[-116.419282080323,33.2689201177158],[-116.419536935962,33.269035976402],[-116.419723784643,33.2691298717346],[-116.419987504857,33.2692098035749],[-116.42005002311,33.269372412241],[-116.420080535287,33.2695715756923],[-116.420126817388,33.2697443818341],[-116.420030960859,33.2699165604843],[-116.419949461205,33.270274490933],[-116.419867645344,33.2707121934059],[-116.41983281766,33.2711767240389],[-116.419720489622,33.2714547984718],[-116.419655461477,33.2717334225474],[-116.419574275335,33.2720515822406],[-116.41957278503,33.2722772579085],[-116.419571607339,33.2724364946309],[-116.419507050809,33.272661778005],[-116.41940931231,33.2731127388127],[-116.419328360628,33.2733910489175],[-116.419206148427,33.2739529260174],[-116.419018438262,33.2739806154539],[-116.418890814609,33.2739300214664],[-116.418651803455,33.2740076004039],[-116.418497900487,33.2740927873227],[-116.418198645615,33.2742201758775],[-116.41797650033,33.2742907728919],[-116.417813734583,33.2744116519055],[-116.417821813133,33.2741938188631],[-116.417808085079,33.2738884474792],[-116.417794280668,33.2735697394563],[-116.417797025021,33.2731848260532],[-116.417798672531,33.2729193019448],[-116.417847777139,33.2726540917204],[-116.417944495153,33.2723757807688],[-116.417977676224,33.2721104141755],[-116.418106320363,33.2718056686495],[-116.418122870924,33.2716863587522],[-116.418124910998,33.2713943205125],[-116.418205549168,33.2711425242173],[-116.418270262902,33.2709038258384],[-116.418319367511,33.2706652064206],[-116.418336782251,33.2704263520158],[-116.418417577626,33.2701346287692],[-116.418513980331,33.2698960876147],[-116.41849939169,33.2697234379975],[-116.418516333917,33.2695511019908],[-116.418612189547,33.2693921799675],[-116.418660978847,33.2691667386921],[-116.41872522456,33.269021072622],[-116.418789546629,33.2688621503852],[-116.418772289094,33.268667144842]]]},"properties":{"OBJECTID":32384,"DFIRM_ID":"06073C","VERSION_ID":"1.1.1.0","FLD_AR_ID":"06073C_704","STUDY_TYP":"NP","FLD_ZONE":"AO","ZONE_SUBTY":null,"SFHA_TF":"T","STATIC_BFE":-9999,"V_DATUM":"","DEPTH":3,"LEN_UNIT":"Feet","VELOCITY":9,"VEL_UNIT":"Feet / Second","AR_REVERT":"","AR_SUBTRV":"","BFE_REVERT":-9999,"DEP_REVERT":-9999,"DUAL_ZONE":"","SOURCE_CIT":"06073C_FIRM1","GFID":"9756cfe6-d8a6-4507-b39c-704d76ada171","ESRI_SYMBOLOGY":"1% Annual Chance Flood Hazard","Shape__Area":117994.2734375,"Shape__Length":1754.1237743970682,"GlobalID":"1d0f0a5e-af1e-4d5d-8c0d-af925a0007b0"}},{"type":"Feature","id":32382,"geometry":{"type":"Polygon","coordinates":[[[-116.41859697029,33.2440733005327],[-116.41968071851,33.2438278566257],[-116.420048686416,33.2445571278591],[-116.420305348568,33.2449946737046],[-116.420703359731,33.2454922287141],[-116.42119605063,33.2459107924522],[-116.421806403763,33.2463895993235],[-116.422675222865,33.2470281125886],[-116.423404336872,33.247428087043],[-116.424680344326,33.2479821189125],[-116.424294804474,33.2483311834361],[-116.423977274275,33.2486518519388],[-116.422856344786,33.2482186975088],[-116.421868609402,33.2476787068475],[-116.420976415238,33.2470201911532],[-116.420319466491,33.2464422324589],[-116.419709897587,33.2458444300276],[-116.419265526169,33.2452474123616],[-116.418914971205,33.2447104798921],[-116.41859697029,33.2440733005327]]]},"properties":{"OBJECTID":32382,"DFIRM_ID":"06073C","VERSION_ID":"1.1.1.0","FLD_AR_ID":"06073C_644","STUDY_TYP":"NP","FLD_ZONE":"AO","ZONE_SUBTY":null,"SFHA_TF":"T","STATIC_BFE":-9999,"V_DATUM":"","DEPTH":3,"LEN_UNIT":"Feet","VELOCITY":7,"VEL_UNIT":"Feet / Second","AR_REVERT":"","AR_SUBTRV":"","BFE_REVERT":-9999,"DEP_REVERT":-9999,"DUAL_ZONE":"","SOURCE_CIT":"06073C_FIRM1","GFID":"9756cfe6-d8a6-4507-b39c-704d76ada171","ESRI_SYMBOLOGY":"1% Annual Chance Flood Hazard","Shape__Area":101463.46875,"Shape__Length":1929.713262477409,"GlobalID":"d08af40e-3697-44cb-bf95-fea0da5a31d3"}},{"type":"Feature","id":32415,"geometry":{"type":"Polygon","coordinates":[[[-116.378924387631,33.2108872888289],[-116.379325066791,33.2108321435396],[-116.379623302075,33.210819279407],[-116.38006618229,33.2107999824529],[-116.380475176256,33.2107733124395],[-116.380858755984,33.210746642418],[-116.381259434245,33.21069134071],[-116.381693922398,33.2106649051585],[-116.38232459183,33.2106251364477],[-116.382886860841,33.210584895722],[-116.383406534436,33.2105517146401],[-116.383713320784,33.2105604210301],[-116.383834983216,33.2126144915703],[-116.383800781658,33.2140662081098],[-116.38376611118,33.2155987983283],[-116.38378054531,33.2169702693697],[-116.38381992296,33.2182005463951],[-116.3839553916,33.2194112127167],[-116.384065209745,33.2208425357923],[-116.383174820297,33.2214899123735],[-116.382540306076,33.2220593976518],[-116.381639798004,33.2229428846809],[-116.381296460106,33.2233063047176],[-116.381038152241,33.223691530292],[-116.380693166832,33.2243055709024],[-116.380096539957,33.2222355772452],[-116.379769988876,33.2209028571084],[-116.379543134623,33.2190464605973],[-116.37931745806,33.2170285514433],[-116.379234858868,33.2151527008289],[-116.379126374721,33.2135187652299],[-116.379016713781,33.2120460255818],[-116.378924387631,33.2108872888289]]]},"properties":{"OBJECTID":32415,"DFIRM_ID":"06073C","VERSION_ID":"1.1.1.0","FLD_AR_ID":"06073C_1574","STUDY_TYP":"NP","FLD_ZONE":"AO","ZONE_SUBTY":null,"SFHA_TF":"T","STATIC_BFE":-9999,"V_DATUM":"","DEPTH":1,"LEN_UNIT":"Feet","VELOCITY":4,"VEL_UNIT":"Feet / Second","AR_REVERT":"","AR_SUBTRV":"","BFE_REVERT":-9999,"DEP_REVERT":-9999,"DUAL_ZONE":"","SOURCE_CIT":"06073C_FIRM1","GFID":"9756cfe6-d8a6-4507-b39c-704d76ada171","ESRI_SYMBOLOGY":"1% Annual Chance Flood Hazard","Shape__Area":780833.609375,"Shape__Length":4306.00476481055,"GlobalID":"c13b2fda-a28e-43a0-8467-75bc80c2d033"}},{"type":"Feature","id":32393,"geometry":{"type":"Polygon","coordinates":[[[-116.421681135494,33.2631106614921],[-116.421727964669,33.2629663298565],[-116.42175996805,33.2627599494222],[-116.421792836508,33.2624331628162],[-116.421824996195,33.2622184674654],[-116.421836214356,33.2620637024555],[-116.42180640556,33.2619174093496],[-116.421776753969,33.2617710378793],[-116.421767185115,33.2616863985458],[-116.422022276113,33.2617376996965],[-116.422346161892,33.2617534677879],[-116.422661340301,33.2617763717771],[-116.422891331471,33.2618132395852],[-116.423248396525,33.2619294111623],[-116.423477916979,33.2620236972194],[-116.423473523319,33.2621143761791],[-116.42343179298,33.262234392459],[-116.423400259419,33.2623718215559],[-116.423399317985,33.2625352932451],[-116.423397748628,33.2627415157198],[-116.4234295966,33.262875415924],[-116.423105554514,33.262924048336],[-116.422840892865,33.2629942533757],[-116.422499750449,33.263042888726],[-116.422294704596,33.2631064265878],[-116.422021963499,33.2631123094843],[-116.421860060135,33.2631114464292],[-116.421681135494,33.2631106614921]]]},"properties":{"OBJECTID":32393,"DFIRM_ID":"06073C","VERSION_ID":"1.1.1.0","FLD_AR_ID":"06073C_908","STUDY_TYP":"NP","FLD_ZONE":"AO","ZONE_SUBTY":null,"SFHA_TF":"T","STATIC_BFE":-9999,"V_DATUM":"","DEPTH":1,"LEN_UNIT":"Feet","VELOCITY":6,"VEL_UNIT":"Feet / Second","AR_REVERT":"","AR_SUBTRV":"","BFE_REVERT":-9999,"DEP_REVERT":-9999,"DUAL_ZONE":"","SOURCE_CIT":"06073C_FIRM1","GFID":"9756cfe6-d8a6-4507-b39c-704d76ada171","ESRI_SYMBOLOGY":"1% Annual Chance Flood Hazard","Shape__Area":29647.2109375,"Shape__Length":702.769656622291,"GlobalID":"26b47f5c-cfd9-4058-a486-dd9fca66409f"}},{"type":"Feature","id":32398,"geometry":{"type":"Polygon","coordinates":[[[-116.402501161845,33.2231882481917],[-116.402978478976,33.2231619712202],[-116.403643663478,33.2230578800078],[-116.404351047238,33.2229824185922],[-116.404810872374,33.2229990481093],[-116.405287796043,33.2230372496206],[-116.405653648417,33.2231032956995],[-116.405934547115,33.2231260444921],[-116.40649548123,33.2232791628301],[-116.406997193909,33.2234318878777],[-116.4074136394,33.2235770047189],[-116.407838244289,33.2237795407121],[-116.407802866836,33.2241429610303],[-116.407744037067,33.2244529617399],[-116.407642454676,33.2250171907816],[-116.407446665063,33.2250089539917],[-116.407020570768,33.2250356249266],[-116.406304399687,33.2251109282669],[-116.405724323372,33.2252658511463],[-116.405331411047,33.2253926901888],[-116.404971677996,33.2256845718346],[-116.404783103652,33.2258698502714],[-116.404636419546,33.2261268253031],[-116.404488557748,33.2265772350279],[-116.404068267468,33.2263681889232],[-116.403757952538,33.226056383996],[-116.403504665357,33.2257211242273],[-116.403251691688,33.2253620200909],[-116.403026878407,33.2250029933839],[-116.402858777566,33.2246680481994],[-116.40277578581,33.2243335729037],[-116.402637335662,33.2238317050129],[-116.402501161845,33.2231882481917]]]},"properties":{"OBJECTID":32398,"DFIRM_ID":"06073C","VERSION_ID":"1.1.1.0","FLD_AR_ID":"06073C_1152","STUDY_TYP":"NP","FLD_ZONE":"AO","ZONE_SUBTY":null,"SFHA_TF":"T","STATIC_BFE":-9999,"V_DATUM":"","DEPTH":2,"LEN_UNIT":"Feet","VELOCITY":6,"VEL_UNIT":"Feet / Second","AR_REVERT":"","AR_SUBTRV":"","BFE_REVERT":-9999,"DEP_REVERT":-9999,"DUAL_ZONE":"","SOURCE_CIT":"06073C_FIRM1","GFID":"9756cfe6-d8a6-4507-b39c-704d76ada171","ESRI_SYMBOLOGY":"1% Annual Chance Flood Hazard","Shape__Area":170875.03515625,"Shape__Length":1754.1117163042334,"GlobalID":"e99adb84-1f3a-4cfb-bae1-5b39941eb485"}},{"type":"Feature","id":32438,"geometry":{"type":"Polygon","coordinates":[[[-116.4234295966,33.262875415924],[-116.423397748628,33.2627415157198],[-116.423399317985,33.2625352932451],[-116.423400259419,33.2623718215559],[-116.42343179298,33.262234392459],[-116.423473523319,33.2621143761791],[-116.423477916979,33.2620236972194],[-116.423733242437,33.2620749193019],[-116.423997433369,33.2620833133448],[-116.424312221011,33.2621492044881],[-116.424533503913,33.2621931306375],[-116.424729293526,33.2622084276797],[-116.424985169651,33.2622096032195],[-116.425343019833,33.2622112512287],[-116.425666904714,33.2622127414977],[-116.425990318877,33.2622643563171],[-116.426177716429,33.262286712589],[-116.426373348836,33.2623448360147],[-116.426483637699,33.2624097084123],[-116.426499719339,33.2625602371271],[-116.426439553774,33.2626315413771],[-116.426328402529,33.2626883320518],[-116.426106334499,33.2627732062721],[-116.425901444953,33.2628223104559],[-116.425628234037,33.2628998894967],[-116.425313055628,33.2628911823078],[-116.425040470838,33.2628755721607],[-116.424767729742,33.2628600416314],[-116.42439285918,33.2628510985811],[-116.424086073731,33.2628569814949],[-116.423822039106,33.2628341559075],[-116.423617385816,33.2628547859182],[-116.4234295966,33.262875415924]]]},"properties":{"OBJECTID":32438,"DFIRM_ID":"06073C","VERSION_ID":"1.1.1.0","FLD_AR_ID":"06073C_2403","STUDY_TYP":"NP","FLD_ZONE":"AO","ZONE_SUBTY":null,"SFHA_TF":"T","STATIC_BFE":-9999,"V_DATUM":"","DEPTH":2,"LEN_UNIT":"Feet","VELOCITY":6,"VEL_UNIT":"Feet / Second","AR_REVERT":"","AR_SUBTRV":"","BFE_REVERT":-9999,"DEP_REVERT":-9999,"DUAL_ZONE":"","SOURCE_CIT":"06073C_FIRM1","GFID":"9756cfe6-d8a6-4507-b39c-704d76ada171","ESRI_SYMBOLOGY":"1% Annual Chance Flood Hazard","Shape__Area":29546.75390625,"Shape__Length":831.66250012422483,"GlobalID":"35a15b11-0db4-462c-8edb-da19c91a19f1"}},{"type":"Feature","id":32377,"geometry":{"type":"Polygon","coordinates":[[[-116.41968071851,33.2438278566257],[-116.420235299739,33.2437087046043],[-116.420849653968,33.2435683716629],[-116.421515857159,33.2433137513883],[-116.421635715774,33.2432426830607],[-116.421747025123,33.2431643983681],[-116.421909320152,33.2431008595275],[-116.422370163978,33.2429740995115],[-116.42305291773,33.2427910158281],[-116.423616913303,33.2425645554932],[-116.424265467293,33.2424029660464],[-116.424922651399,33.242219727147],[-116.425434559957,33.2421219892088],[-116.425913053881,33.2426808841429],[-116.426546703923,33.2432191498772],[-116.427331904245,33.2438203263285],[-116.427407364525,33.2440281962508],[-116.427440073982,33.2442360664301],[-116.427361946603,33.244457662299],[-116.427198631986,33.2446645908362],[-116.426890199925,33.244935136074],[-116.426547880716,33.2451483412632],[-116.426257333214,33.2452831812469],[-116.426009378432,33.2454179436398],[-116.425803706453,33.2455959273476],[-116.425640077426,33.2459031045649],[-116.425561635637,33.2461319182807],[-116.425534493939,33.2463751657373],[-116.425498646668,33.2466613194787],[-116.425342705422,33.2470401923253],[-116.425221670014,33.2473043834659],[-116.424886411564,33.2477609925062],[-116.424680344326,33.2479821189125],[-116.423404336872,33.247428087043],[-116.422675222865,33.2470281125886],[-116.421806403763,33.2463895993235],[-116.42119605063,33.2459107924522],[-116.420703359731,33.2454922287141],[-116.420305348568,33.2449946737046],[-116.420048686416,33.2445571278591],[-116.41968071851,33.2438278566257]]]},"properties":{"OBJECTID":32377,"DFIRM_ID":"06073C","VERSION_ID":"1.1.1.0","FLD_AR_ID":"06073C_559","STUDY_TYP":"NP","FLD_ZONE":"AO","ZONE_SUBTY":null,"SFHA_TF":"T","STATIC_BFE":-9999,"V_DATUM":"","DEPTH":3,"LEN_UNIT":"Feet","VELOCITY":8,"VEL_UNIT":"Feet / Second","AR_REVERT":"","AR_SUBTRV":"","BFE_REVERT":-9999,"DEP_REVERT":-9999,"DUAL_ZONE":"","SOURCE_CIT":"06073C_FIRM1","GFID":"9756cfe6-d8a6-4507-b39c-704d76ada171","ESRI_SYMBOLOGY":"1% Annual Chance Flood Hazard","Shape__Area":374967.7890625,"Shape__Length":2468.2672674159289,"GlobalID":"e05e8246-0a17-453b-9718-1c5b7a67703a"}},{"type":"Feature","id":32376,"geometry":{"type":"Polygon","coordinates":[[[-116.383713320784,33.2105604210301],[-116.383823765953,33.2105751694303],[-116.384096663357,33.2105408113585],[-116.384513737668,33.2105642654001],[-116.384896845781,33.2106019950827],[-116.38521202419,33.2106034862316],[-116.385714363893,33.2106204292585],[-116.386199524215,33.2106656905665],[-116.386727120951,33.2107327568674],[-116.387007548932,33.2108057080307],[-116.38719518274,33.2108209253787],[-116.387934964241,33.2109677684807],[-116.388768248686,33.2111580678394],[-116.389610318653,33.2113196571472],[-116.390400852273,33.2115239974966],[-116.390125286873,33.2119597402497],[-116.389953500244,33.2125236552869],[-116.389728999577,33.2137325174951],[-116.389478693904,33.2152437718723],[-116.389397272404,33.2165945346543],[-116.389465437466,33.2171750797592],[-116.388893520549,33.2173583200348],[-116.388329918438,33.2175346556429],[-116.388141972016,33.2176267470352],[-116.387697756904,33.2178394799678],[-116.387278488008,33.2181021022338],[-116.386756459929,33.2184576769748],[-116.386430848486,33.2187280650689],[-116.385976436598,33.2191696916228],[-116.385615842063,33.2195688015268],[-116.38530701654,33.2198752720817],[-116.38511813048,33.2200961631531],[-116.384664503719,33.2203947906782],[-116.384313633447,33.2206292525475],[-116.384065209745,33.2208425357923],[-116.3839553916,33.2194112127167],[-116.38381992296,33.2182005463951],[-116.38378054531,33.2169702693697],[-116.38376611118,33.2155987983283],[-116.383800781658,33.2140662081098],[-116.383834983216,33.2126144915703],[-116.383713320784,33.2105604210301]]]},"properties":{"OBJECTID":32376,"DFIRM_ID":"06073C","VERSION_ID":"1.1.1.0","FLD_AR_ID":"06073C_544","STUDY_TYP":"NP","FLD_ZONE":"AO","ZONE_SUBTY":null,"SFHA_TF":"T","STATIC_BFE":-9999,"V_DATUM":"","DEPTH":1,"LEN_UNIT":"Feet","VELOCITY":5,"VEL_UNIT":"Feet / Second","AR_REVERT":"","AR_SUBTRV":"","BFE_REVERT":-9999,"DEP_REVERT":-9999,"DUAL_ZONE":"","SOURCE_CIT":"06073C_FIRM1","GFID":"9756cfe6-d8a6-4507-b39c-704d76ada171","ESRI_SYMBOLOGY":"1% Annual Chance Flood Hazard","Shape__Area":687137.34375,"Shape__Length":3684.4411235357138,"GlobalID":"4c297d9b-5cdd-456a-bc83-b0bdb37a6f64"}},{"type":"Feature","id":32390,"geometry":{"type":"Polygon","coordinates":[[[-116.407642454676,33.2250171907816],[-116.407744037067,33.2244529617399],[-116.407802866836,33.2241429610303],[-116.407838244289,33.2237795407121],[-116.408271476598,33.2239676434597],[-116.408577240662,33.2240980140451],[-116.408900106854,33.2242212447184],[-116.409172378131,33.2242727016229],[-116.409487320284,33.2242884689591],[-116.409854427604,33.2242043013189],[-116.410084809542,33.2241122882398],[-116.410417557201,33.2240351805076],[-116.410673669584,33.2239576022856],[-116.411049012659,33.2238734343271],[-116.411202287704,33.2238957124973],[-116.411013321694,33.2241166813397],[-116.410755876212,33.2243947567531],[-116.410473173697,33.2246223943537],[-116.410233848132,33.2247646085633],[-116.409866350045,33.2249418084569],[-116.40960129673,33.225069353593],[-116.409285490399,33.2251466189721],[-116.408919559871,33.2251449717669],[-116.408612933424,33.2251219875401],[-116.408187308947,33.2250841018022],[-116.407642454676,33.2250171907816]]]},"properties":{"OBJECTID":32390,"DFIRM_ID":"06073C","VERSION_ID":"1.1.1.0","FLD_AR_ID":"06073C_841","STUDY_TYP":"NP","FLD_ZONE":"AO","ZONE_SUBTY":null,"SFHA_TF":"T","STATIC_BFE":-9999,"V_DATUM":"","DEPTH":2,"LEN_UNIT":"Feet","VELOCITY":7,"VEL_UNIT":"Feet / Second","AR_REVERT":"","AR_SUBTRV":"","BFE_REVERT":-9999,"DEP_REVERT":-9999,"DUAL_ZONE":"","SOURCE_CIT":"06073C_FIRM1","GFID":"9756cfe6-d8a6-4507-b39c-704d76ada171","ESRI_SYMBOLOGY":"1% Annual Chance Flood Hazard","Shape__Area":40902.375,"Shape__Length":1025.7497746408737,"GlobalID":"8cd3149d-18d9-4aa4-a822-5da815259f99"}},{"type":"Feature","id":32441,"geometry":{"type":"Polygon","coordinates":[[[-116.39162210741,33.2181737185628],[-116.392323532645,33.2177473895509],[-116.392691345143,33.2175272816537],[-116.393332525762,33.2171653534485],[-116.393649193578,33.2169589745878],[-116.394358852771,33.2165761002337],[-116.394632379893,33.2163984302182],[-116.394906296885,33.2162279776211],[-116.395240065929,33.2159932807499],[-116.395309016118,33.2158933453012],[-116.395352787429,33.2157146563098],[-116.3953193701,33.215599974495],[-116.395209239341,33.215527729271],[-116.395115579193,33.2155202002945],[-116.39538235907,33.2137269484334],[-116.395439072408,33.2133457223964],[-116.396085350967,33.2135135080529],[-116.396459518147,33.2135939890474],[-116.396927185575,33.2137036500609],[-116.397032454652,33.2137277330624],[-116.397471492772,33.213828058789],[-116.397998775098,33.2139380329091],[-116.398407142938,33.2140116119576],[-116.398840609707,33.2141138222637],[-116.399419507432,33.2141954788918],[-116.40002350768,33.2142914127438],[-116.400559420121,33.214387111254],[-116.401026931242,33.2145254039615],[-116.401350503509,33.2145556051316],[-116.40157178731,33.2145709789022],[-116.401767576024,33.2145862737571],[-116.402116641581,33.2146094148202],[-116.402414483403,33.2146538127862],[-116.402678047311,33.2147337448508],[-116.402907567764,33.2148209721474],[-116.403264632818,33.2148870199194],[-116.403630405242,33.2149602825191],[-116.40420020483,33.2150916728505],[-116.404263429159,33.2158141981545],[-116.404316220453,33.2164109801397],[-116.404367128878,33.2172704639824],[-116.404500950008,33.2184644218635],[-116.404614768351,33.2192823321599],[-116.404058383305,33.2196660686774],[-116.403732850016,33.2199510465498],[-116.403399239075,33.2201642495339],[-116.403143047641,33.2202488884969],[-116.402716404475,33.2203469394609],[-116.402213203287,33.2204663284774],[-116.401607477376,33.2205922275874],[-116.401086782396,33.2207473057632],[-116.400822278851,33.2208033135378],[-116.400532750038,33.2208091188715],[-116.400328253954,33.2208081764911],[-116.400038098117,33.2208998744101],[-116.399500460012,33.2210260870222],[-116.398809076146,33.2212589021757],[-116.398014543226,33.2215987097959],[-116.39723687438,33.2219529522135],[-116.396485011436,33.2223001344828],[-116.395775507652,33.2226331972491],[-116.394961520817,33.2233309351579],[-116.394558331764,33.2237585971303],[-116.393514273809,33.2214750072476],[-116.393017348251,33.2204641318358],[-116.392353888515,33.2192711158338],[-116.39162210741,33.2181737185628]]]},"properties":{"OBJECTID":32441,"DFIRM_ID":"06073C","VERSION_ID":"1.1.1.0","FLD_AR_ID":"06073C_2577","STUDY_TYP":"NP","FLD_ZONE":"AO","ZONE_SUBTY":null,"SFHA_TF":"T","STATIC_BFE":-9999,"V_DATUM":"","DEPTH":3,"LEN_UNIT":"Feet","VELOCITY":8,"VEL_UNIT":"Feet / Second","AR_REVERT":"","AR_SUBTRV":"","BFE_REVERT":-9999,"DEP_REVERT":-9999,"DUAL_ZONE":"","SOURCE_CIT":"06073C_FIRM1","GFID":"9756cfe6-d8a6-4507-b39c-704d76ada171","ESRI_SYMBOLOGY":"1% Annual Chance Flood Hazard","Shape__Area":1154963.9140625,"Shape__Length":4547.8423366753887,"GlobalID":"aba552e4-f0fd-49cf-9e2e-e16236d61ece"}},{"type":"Feature","id":4470,"geometry":{"type":"Polygon","coordinates":[[[-116.3856592262,33.3041696956151],[-116.38585988019,33.3039202507317],[-116.38607512282,33.3036228793888],[-116.386219297931,33.3033372734105],[-116.3862917785,33.3031109693049],[-116.386451171971,33.3026942105674],[-116.3864967462,33.3022646644825],[-116.386500823653,33.301704121379],[-116.386446151287,33.301393492998],[-116.386448503975,33.3010473314579],[-116.386365983834,33.3006413182564],[-116.386299936101,33.3003990110414],[-116.386255380561,33.3002350689102],[-116.38617341019,33.2997573598507],[-116.386176781567,33.2992800438595],[-116.386164545615,33.2989816528395],[-116.38616635033,33.2987191864987],[-116.386153799967,33.2984924904899],[-116.386140857041,33.2983012497422],[-116.386139051427,33.2982803067506],[-116.386114734931,33.2979910935317],[-116.386116225236,33.2977644759703],[-116.386060924947,33.2975612337102],[-116.385948910421,33.2972982187351],[-116.385935339572,33.2971907544387],[-116.386007741987,33.2970239876088],[-116.386122736225,33.2968456116358],[-116.386181253381,33.296595305607],[-116.38618313625,33.2963328388436],[-116.386270127305,33.2960946118044],[-116.386370376596,33.295975773604],[-116.386401909259,33.2955224605954],[-116.386418461616,33.2951885342963],[-116.386519571493,33.2949622300725],[-116.386577775137,33.2947716183178],[-116.386550713389,33.2945805346032],[-116.386552125541,33.2943776843863],[-116.386582403258,33.2941033742483],[-116.386498627272,33.2939003682425],[-116.386429364469,33.2936252741938],[-116.386415950825,33.2935178091273],[-116.386403086052,33.2933268818523],[-116.386375866201,33.2931598020289],[-116.386320722219,33.2929089462934],[-116.386307857445,33.2927297854954],[-116.386295307083,33.2925030904417],[-116.386296640182,33.2922763152051],[-116.386284012565,33.292073464887],[-116.386285580125,33.2918468477221],[-116.38628707043,33.2916677658394],[-116.386345353125,33.2914293818903],[-116.386346765277,33.2912265318558],[-116.386418617923,33.2910837680097],[-116.386476977874,33.2908812325485],[-116.386705791353,33.2906674796908],[-116.386778743538,33.290417173958],[-116.386689867817,33.2901134467383],[-116.386717557487,33.2899509960983],[-116.386656059721,33.2896769198423],[-116.386671983258,33.2894262996405],[-116.386630566431,33.2892591410114],[-116.386574716374,33.2891039057993],[-116.386547418369,33.2889364319197],[-116.386477840257,33.2887332689652],[-116.386422304609,33.2885541086041],[-116.386269264024,33.2880878517063],[-116.386171370116,33.2878606865294],[-116.386060610537,33.2874545165876],[-116.386005386604,33.2872275833007],[-116.38599283714,33.2869769635736],[-116.38607935658,33.2867863501435],[-116.386251851081,33.2865246701375],[-116.386495096893,33.2862753835572],[-116.386809098509,33.2860621000176],[-116.386966295599,33.2859196513772],[-116.387223113159,33.285777828038],[-116.387521897314,33.2857075444445],[-116.387891984347,33.2856021189483],[-116.388276739969,33.2854368423685],[-116.388505082731,33.2853067870553],[-116.388719462979,33.2851288820006],[-116.38872032626,33.2849976487425],[-116.388664318997,33.2848660240428],[-116.388494336186,33.2847936227887],[-116.388296350192,33.2846852937655],[-116.388070360118,33.2844931921998],[-116.387900768972,33.2843609396934],[-116.387702625773,33.284264692232],[-116.387518366935,33.2841802098721],[-116.387278100834,33.2840119523077],[-116.38712239405,33.283927785105],[-116.386839456176,33.2837592927549],[-116.386612916333,33.2836388847698],[-116.386301503661,33.2834703152639],[-116.386046960636,33.2833140589594],[-116.385664794856,33.2831091699673],[-116.385353458541,33.2829286763608],[-116.385155002729,33.2828679622857],[-116.384942268195,33.2828310951058],[-116.384715259431,33.2827823040619],[-116.384531077848,33.282721748339],[-116.384374979398,33.2826850357967],[-116.384176994303,33.2825648643865],[-116.38402160103,33.2824208450169],[-116.3839080953,33.2823963709073],[-116.383723838259,33.2823120466957],[-116.383483492208,33.2821915608658],[-116.383186120205,33.2820349921201],[-116.38290310328,33.2818784230935],[-116.382563452067,33.2816976926375],[-116.382308360171,33.2816009751316],[-116.382010752809,33.2815040209605],[-116.381741540295,33.2813954588058],[-116.381557674919,33.2812988971687],[-116.381416008802,33.2812384973715],[-116.381118636799,33.2810938502459],[-116.380835306362,33.2809731299299],[-116.380438862759,33.2807922428968],[-116.380269506971,33.2806243002229],[-116.380100858158,33.2803728159219],[-116.379875260648,33.2801330989025],[-116.379621580903,33.2798454536815],[-116.379594282898,33.2796902189976],[-116.379483130755,33.2793435079812],[-116.379356919254,33.279116184113],[-116.379216588034,33.2788649350363],[-116.379076255017,33.2785779164788],[-116.379034995396,33.2784465276762],[-116.378908312279,33.2782548960272],[-116.378753232518,33.278087109938],[-116.378598468066,33.2778714737553],[-116.378458214999,33.2776202248511],[-116.378303292444,33.277440515968],[-116.378077852138,33.2771648728588],[-116.377823151908,33.2770203827046],[-116.377638970325,33.276971828738],[-116.377327323193,33.2768390263557],[-116.377114746763,33.2767543888579],[-116.376661433514,33.2765850340081],[-116.376278717067,33.2764757635312],[-116.375994915913,33.2764266595141],[-116.375739274247,33.2764253257001],[-116.375342281774,33.2762920545993],[-116.375058951337,33.2761951005399],[-116.375012044008,33.2761790188749],[-116.374704787841,33.2760739085652],[-116.374308266085,33.2758692534212],[-116.373996696208,33.2757243728415],[-116.373585975681,33.2755911006707],[-116.373259738112,33.2755059918188],[-116.372876473693,33.2754682608496],[-116.372479716578,33.2753349890389],[-116.372040365844,33.2752015608101],[-116.371827396849,33.275176537925],[-116.371529397822,33.2751272754603],[-116.371217200023,33.2750660918205],[-116.370834012859,33.2750283621633],[-116.370649440509,33.2750273407579],[-116.370180751696,33.2750131447231],[-116.369883302437,33.2748684189379],[-116.369572046073,33.2746996131923],[-116.36923184599,33.2745787345773],[-116.368976909502,33.274505862151],[-116.368579917927,33.2743844350093],[-116.368183002709,33.2742751655333],[-116.367942266789,33.2741784480651],[-116.367588182345,33.2740214856708],[-116.367290653136,33.2739125311786],[-116.366979161413,33.2737677277136],[-116.36671112659,33.2735278536133],[-116.366499884158,33.2732641338156],[-116.366345354166,33.2730247307426],[-116.366219770588,33.2726780968997],[-116.366223927093,33.2721411647586],[-116.366214200135,33.2715205353366],[-116.366202354949,33.2711864533543],[-116.366205021149,33.270828368919],[-116.366207846351,33.2704228257281],[-116.366281267456,33.2700890565],[-116.366340489789,33.2697672101219],[-116.366343001478,33.2694091251243],[-116.366345982089,33.2689915812613],[-116.366391948882,33.2685384240154],[-116.36642363875,33.268085111195],[-116.366370454892,33.2675837130298],[-116.366360258115,33.2670347011349],[-116.36636308152,33.266640925173],[-116.366353903433,33.2659490708474],[-116.366356178865,33.2656148315987],[-116.366329900448,33.265352131204],[-116.366359943705,33.2651016664963],[-116.366361042344,33.2649465881201],[-116.366276952847,33.2647910377642],[-116.366208001759,33.2645162590749],[-116.366209179451,33.2643372548175],[-116.366210669756,33.2641344049154],[-116.366212081907,33.2639553225092],[-116.366171291207,33.2636927004987],[-116.366158426434,33.2635136186891],[-116.366131913556,33.2632509179836],[-116.36611920509,33.2630362246428],[-116.366121559574,33.2627139857168],[-116.366124854595,33.2622724386175],[-116.366127050077,33.2619264336192],[-116.36611599002,33.2615207334135],[-116.366103753169,33.2612461893117],[-116.36610594955,33.2609479544394],[-116.366236868223,33.2604832664899],[-116.366268402682,33.2600777233348],[-116.366229339442,33.2595882490355],[-116.366232632666,33.2591228552648],[-116.366192627093,33.2587647701933],[-116.366038725024,33.258453671225],[-116.365940986524,33.2582145813563],[-116.365729901297,33.2579508603866],[-116.365532464174,33.2577589148349],[-116.365292040868,33.2576145818685],[-116.365108645311,33.2574347161314],[-116.364938660703,33.2573742367265],[-116.364514213918,33.257157110871],[-116.364230725377,33.2570721590801],[-116.363918764734,33.2569990511959],[-116.36359236996,33.2569737151078],[-116.363223067157,33.2569832837486],[-116.362752809885,33.2571839380119],[-116.362311419077,33.2573368201818],[-116.362140652037,33.2573956522638],[-116.361870578038,33.2574302443287],[-116.361500726364,33.2574997431634],[-116.361188293207,33.2575100193621],[-116.360918376413,33.2575086860104],[-116.360691054137,33.2575075104073],[-116.360449689397,33.2575063325506],[-116.360052539718,33.2574446002194],[-116.359669979578,33.2573113271938],[-116.359330013955,33.25717829134],[-116.358991539536,33.2568544059817],[-116.358695815941,33.2565068313154],[-116.358455940608,33.256290803053],[-116.358188534605,33.255967232161],[-116.357991880813,33.2556679771664],[-116.357880572363,33.2553451131032],[-116.357840018818,33.2550705668711],[-116.357842371506,33.2547364069412],[-116.357843862709,33.2545335572807],[-116.357930696559,33.2543072528237],[-116.35800317623,33.2541168753125],[-116.358004980047,33.2538664121949],[-116.357978153657,33.2536513261915],[-116.357936735933,33.2534840096678],[-116.357768793196,33.2531490646535],[-116.357599986279,33.2529333496128],[-116.357288808966,33.2527647005439],[-116.35703403148,33.2526560590871],[-116.356751563426,33.2524278739517],[-116.356497725578,33.2521759185575],[-116.356286014225,33.2519958958853],[-116.356060572123,33.2517440985071],[-116.355820306022,33.25161168897],[-116.355564977869,33.2515268159257],[-116.355211129682,33.2513697760111],[-116.354843159978,33.2512366604942],[-116.354503194356,33.2510916218573],[-116.354235002328,33.2509232088796],[-116.353880603473,33.2507900926825],[-116.353583388675,33.2506692147813],[-116.353271427133,33.2505961067983],[-116.352973818873,33.25049907463],[-116.352789953497,33.2504145926551],[-116.352563257347,33.2503417999823],[-116.352180933464,33.2501847594406],[-116.351968669647,33.2500761185326],[-116.35188622766,33.2500142284483],[-116.351778606794,33.2499335908981],[-116.351515748962,33.2497534096002],[-116.351294936777,33.2496590449418],[-116.350834956232,33.2496422574727],[-116.350417489357,33.2496186471307],[-116.349948957749,33.2496162942097],[-116.349616208293,33.2496717531124],[-116.349283460634,33.2497202291018],[-116.349103045687,33.2499197063092],[-116.349045390914,33.2500152478924],[-116.348921845613,33.2502195879981],[-116.348801672587,33.2503476829872],[-116.348689815266,33.2504901333194],[-116.34848516018,33.2505106069813],[-116.348298548655,33.2504237713669],[-116.348188730509,33.2503014017356],[-116.348104797319,33.2500933761995],[-116.348116328992,33.2500154049034],[-116.348140803592,33.2498501278227],[-116.348160100303,33.249542480671],[-116.348145038251,33.2492702886701],[-116.348146999273,33.2489911158902],[-116.348184259594,33.2485831409004],[-116.348238854706,33.2481180618887],[-116.348274623824,33.2478963077674],[-116.348395110361,33.2477251480056],[-116.348540776676,33.2476185459894],[-116.348686127682,33.2475476344209],[-116.348772178202,33.2474335803344],[-116.348773354995,33.2472832073649],[-116.348649810592,33.2470773788817],[-116.348452764236,33.2468376606194],[-116.34839667882,33.2467538069286],[-116.348372362323,33.246204794847],[-116.348350398514,33.245321700586],[-116.348286702571,33.244354751177],[-116.348276584846,33.2438058960745],[-116.348194455473,33.2433759595119],[-116.34802580666,33.2431363978884],[-116.347813779998,33.243015990239],[-116.347642463189,33.2431343580881],[-116.347427846684,33.2433481108638],[-116.347269944417,33.2435739455865],[-116.347068114532,33.2439904689635],[-116.346823220311,33.2444545286422],[-116.346493452363,33.2448823495188],[-116.346178587466,33.2452149408726],[-116.345650362808,33.2455699688929],[-116.345079936196,33.2459012263553],[-116.344709770111,33.2460424210289],[-116.344183584629,33.2461350608927],[-116.343487180976,33.2461910674348],[-116.342663231824,33.2462582920666],[-116.342081039079,33.2462553109843],[-116.341228928641,33.2462507619788],[-116.340320183917,33.2462339761088],[-116.339809215895,33.2461954609282],[-116.33955388864,33.2461583581401],[-116.339215256117,33.2458820866453],[-116.338865563537,33.2451761915917],[-116.338556111887,33.2447690019267],[-116.338147589537,33.2443488685201],[-116.337851706941,33.2440372990007],[-116.337610971021,33.2439405014693],[-116.337028384813,33.2439732130967],[-116.335977505051,33.2440034131152],[-116.334926231827,33.2440454566146],[-116.333803732082,33.2441350370513],[-116.332951309031,33.2441899472278],[-116.332297813408,33.2442223432164],[-116.331729896688,33.2442072834407],[-116.331276111824,33.2441333120687],[-116.330936616919,33.2439524261136],[-116.330612262219,33.2436644678893],[-116.330134160859,33.2430532513844],[-116.329699986217,33.2422633462608],[-116.329447483266,33.2418443886459],[-116.329082181559,33.2413411080764],[-116.328702368467,33.2408737538292],[-116.328336516093,33.24043040286],[-116.328012161393,33.2401422076336],[-116.32755970873,33.2398892348257],[-116.32683789084,33.2395869998147],[-116.326200711317,33.2393686967434],[-116.325492070814,33.2391739266546],[-116.324796842158,33.2390867777374],[-116.324144287969,33.2390233982232],[-116.323534091143,33.2389604882527],[-116.323009865784,33.2388145080952],[-116.322599774975,33.2385855362259],[-116.322360763821,33.2382859677548],[-116.322193448108,33.2378792486495],[-116.32198471467,33.237329217589],[-116.321974202584,33.2368639028797],[-116.32183622495,33.2363379527282],[-116.321824301611,33.2360395607131],[-116.3217004419,33.2355378494054],[-116.321575014628,33.2352269066881],[-116.321222184232,33.2349385568071],[-116.32078291255,33.2348168146881],[-116.320215152138,33.2348019103305],[-116.319434503579,33.2347616709563],[-116.318738962309,33.2347340585029],[-116.318043262936,33.234730371482],[-116.317078118385,33.2346892694905],[-116.316085048804,33.2345643907589],[-116.315191521541,33.2344401377506],[-116.314199785959,33.2341722620125],[-116.313504795356,33.2340609525681],[-116.312639741093,33.233936937034],[-116.312030407548,33.2337783281762],[-116.311321140021,33.2337028669928],[-116.310725690836,33.2335682623656],[-116.310329874257,33.2333513711595],[-116.30996261063,33.2331224789077],[-116.30952286823,33.2330605099454],[-116.308641576919,33.2331747991861],[-116.308100800999,33.2333270538658],[-116.307447461683,33.2333472918538],[-116.306822519011,33.2333913759971],[-116.305473560272,33.2333959264232],[-116.305019226537,33.2333934160247],[-116.304323921524,33.2333537245184],[-116.303742041392,33.2333027373167],[-116.303206914079,33.2333468214825],[-116.303175381416,33.2332986595115],[-116.303058579768,33.233120204439],[-116.302610130896,33.2328385215115],[-116.301688598654,33.2324481170015],[-116.300537471397,33.2320431245155],[-116.300088863524,33.2318013670402],[-116.299742152452,33.2316666054479],[-116.299135642312,33.2313971582837],[-116.298552822542,33.2311284955138],[-116.298088448337,33.230873325043],[-116.297758993902,33.230545911237],[-116.297540063687,33.2302591291588],[-116.297370237183,33.2297331791062],[-116.297009014726,33.2284558359099],[-116.296900844091,33.2281428564152],[-116.296760746432,33.2278763109714],[-116.296589587726,33.2275232460037],[-116.296346026605,33.2273492622568],[-116.295959780677,33.2272210110816],[-116.295651662128,33.2272057139267],[-116.295327776349,33.2271707296684],[-116.294751938285,33.2270212987254],[-116.29416841244,33.2268452768055],[-116.29379754028,33.2267634614045],[-116.29341098084,33.2266814903769],[-116.293111256149,33.226606735444],[-116.292756386577,33.2265049973652],[-116.292448895052,33.2264037288252],[-116.291959105712,33.2263609779923],[-116.29161976891,33.226292577067],[-116.291067774829,33.2261301241853],[-116.290602381036,33.2260211700843],[-116.290042152997,33.2258918198363],[-116.289339395561,33.2258014549737],[-116.288501718355,33.2257765892716],[-116.287387063598,33.2258034162754],[-116.286058735567,33.225849226559],[-116.285189211288,33.2258706400516],[-116.284453429984,33.2259526110876],[-116.283812561979,33.2260155213991],[-116.282808512291,33.2260428194916],[-116.282175723734,33.2260924733376],[-116.280933680683,33.2262247269031],[-116.280103377747,33.2262729664122],[-116.279161922668,33.2263737646949],[-116.278521055561,33.2264565205257],[-116.277991104341,33.226499976924],[-116.277533004868,33.2264707965898],[-116.277121423755,33.2265148811937],[-116.276734000135,33.2265391981272],[-116.275982687859,33.2265945003397],[-116.275704612567,33.2266010101488],[-116.275523805954,33.2266052460708],[-116.273871591246,33.2266553700048],[-116.272875854568,33.2266295629792],[-116.272299153223,33.2266062665394],[-116.271516462794,33.2266283869608],[-116.270907599966,33.2266381129709],[-116.2702583399,33.2267737382112],[-116.269853817747,33.2269639596112],[-116.269352890196,33.2272932564188],[-116.269050183996,33.2275770574857],[-116.26857357294,33.2278665858503],[-116.268288202429,33.2279646372935],[-116.267963377012,33.2280557866761],[-116.267655101258,33.2280606507291],[-116.267325019798,33.2280752406322],[-116.267259600886,33.2280781426821],[-116.267251755001,33.2219187586763],[-116.267317174811,33.2219283289002],[-116.267675340301,33.221980806173],[-116.268070997878,33.2220365771904],[-116.26842421994,33.2220624629743],[-116.26869978534,33.222093761722],[-116.268939659775,33.2221605156633],[-116.269200869198,33.2222035796649],[-116.269434233543,33.2222050706161],[-116.269668537525,33.2220934468484],[-116.269944965308,33.2220059066672],[-116.270229629743,33.2218233735086],[-116.270663489974,33.2214990174698],[-116.270970274525,33.2211620335861],[-116.271241525317,33.2208604252287],[-116.271575607873,33.2206544383491],[-116.272043825969,33.2204551175636],[-116.272363318087,33.2203143166902],[-116.272745720124,33.2202452083803],[-116.273092274889,33.2202413644356],[-116.273651327033,33.2201791601436],[-116.274111151271,33.2201521773565],[-116.274550189392,33.2201072305753],[-116.274918157298,33.2200440845509],[-116.275116614009,33.2199857240749],[-116.27538566842,33.2199518378865],[-116.27598480429,33.2198801418501],[-116.27605085382,33.2198722194582],[-116.276362657258,33.219808680977],[-116.276724116871,33.2196976861707],[-116.27712777664,33.2196170477123],[-116.277680475899,33.2194895028935],[-116.278204699461,33.2193795282353],[-116.278750339758,33.2192164477778],[-116.280096865859,33.2188615780366],[-116.281145237525,33.2186239798538],[-116.282052020329,33.2184271697798],[-116.283617556596,33.2180677508747],[-116.284084597898,33.2180286851961],[-116.284410521955,33.2179593436115],[-116.284729150793,33.2178899238132],[-116.285055390158,33.2177609651114],[-116.285445479977,33.2176323992681],[-116.285765050249,33.2174678305345],[-116.28605583311,33.217338714141],[-116.286445765724,33.2172222292789],[-116.286913825716,33.2170525598796],[-116.287531239607,33.2167707192401],[-116.288056326451,33.2165538284664],[-116.28844673068,33.2163598417724],[-116.289063828364,33.21610788915],[-116.289397754613,33.2159196297166],[-116.28958930867,33.2158375012259],[-116.289795218702,33.2157436072535],[-116.290001362297,33.2156259448531],[-116.290256532347,33.2155264020428],[-116.290504799742,33.2154266238854],[-116.290731965711,33.2153089618104],[-116.291186299446,33.2150857957404],[-116.291938946618,33.2146979025933],[-116.292158895522,33.2145982039074],[-116.292386219595,33.2144627349033],[-116.292733557691,33.2143636634978],[-116.293202480964,33.2140810385905],[-116.293713606191,33.2138342614089],[-116.294231713125,33.2135876413592],[-116.29455089263,33.2134468384534],[-116.295076292087,33.2131823345766],[-116.295395627899,33.2130237241591],[-116.29570076494,33.2128885706308],[-116.296040887768,33.2128014225773],[-116.296409720752,33.212678739496],[-116.296778160274,33.2125737850342],[-116.297181505633,33.212534564334],[-116.29774040147,33.2124782431224],[-116.29815818096,33.2124032520847],[-116.298569214101,33.2122986911164],[-116.298937653623,33.2121937346956],[-116.299434032106,33.2120181842427],[-116.300071762296,33.2118493765817],[-116.300610183732,33.2116980638232],[-116.301431937401,33.2115005474701],[-116.302118771301,33.2113795115327],[-116.302827255497,33.2111932929946],[-116.303514168449,33.2110308406356],[-116.304358120387,33.2107383313807],[-116.304854811484,33.2105151656804],[-116.305182069539,33.2102673698098],[-116.305523368261,33.2100315724052],[-116.305856744741,33.2098610412665],[-116.306282603678,33.2096614080336],[-116.306778824956,33.2095036623355],[-116.307090630191,33.20942216142],[-116.307577909639,33.2094724425114],[-116.307917246441,33.2094980930046],[-116.308389464735,33.2096730953384],[-116.309079593655,33.2100038829986],[-116.309615191685,33.2102385809011],[-116.310164438718,33.2105329722988],[-116.3104951481,33.2107486852284],[-116.310832446624,33.2110062089875],[-116.311374555644,33.2112885191418],[-116.311684400755,33.2114625032629],[-116.311958944771,33.211618600977],[-116.31240308083,33.2117934480039],[-116.312868554573,33.2119267190231],[-116.313306100591,33.2120361453797],[-116.313629984574,33.2122103640087],[-116.314567126841,33.2126314379658],[-116.315102018796,33.2129434004693],[-116.31577810615,33.2132858753682],[-116.3165735823,33.2137539354567],[-116.317502564272,33.2142939274483],[-116.318558073951,33.2149535426211],[-116.319099712253,33.2153248840777],[-116.319563851997,33.2156425720109],[-116.31988695175,33.2159235490053],[-116.320384663334,33.2164790723945],[-116.320524760094,33.2166522713636],[-116.320833270308,33.2169927071197],[-116.321204534134,33.2174286075187],[-116.321484334192,33.2178281875527],[-116.321728444184,33.2182813447299],[-116.322055624085,33.2189071507189],[-116.322363114712,33.2194199234859],[-116.322498427943,33.2196968204323],[-116.322523214259,33.2197476517369],[-116.322783012429,33.2203514935716],[-116.322840040178,33.2207734309056],[-116.322836195388,33.2212793789258],[-116.322872199865,33.2218022701424],[-116.322969782058,33.2221569829187],[-116.323268330854,33.2224789851211],[-116.32368759975,33.2227343123429],[-116.324167035109,33.2230235260856],[-116.324765385851,33.2234821729431],[-116.325362796058,33.2240755833776],[-116.325800344772,33.2245838839303],[-116.326098580056,33.2249396164365],[-116.326154743626,33.2254628224291],[-116.326070731384,33.225951276503],[-116.325906789743,33.2264057675129],[-116.325721745778,33.2269782333382],[-116.325737825621,33.2275011235543],[-116.325813913824,33.2280408796632],[-116.32593142065,33.2284126923285],[-116.326191454178,33.2285322379067],[-116.326612214278,33.2286187586259],[-116.32699344042,33.2286040117641],[-116.327856767222,33.2285580443709],[-116.328419036233,33.2284937224418],[-116.329041940627,33.2283790400947],[-116.329905110224,33.2283330740862],[-116.331269521783,33.2283402916175],[-116.332051740597,33.2283951215418],[-116.332712766797,33.2285335701976],[-116.333814321423,33.2288093705144],[-116.334615287178,33.2290328502421],[-116.335516502224,33.2292739015152],[-116.336376300443,33.2296663445302],[-116.337056075382,33.2299903862478],[-116.337635600131,33.2303137219349],[-116.338234108977,33.2307722118436],[-116.338593293157,33.2310439339531],[-116.339152031789,33.2314516722031],[-116.339450659637,33.2317736755059],[-116.339769679242,33.2320283752255],[-116.340249114601,33.2323344534791],[-116.340628144362,33.2326231185177],[-116.341047570463,33.2328952323647],[-116.34138683001,33.2331498536784],[-116.341706558386,33.233320306366],[-116.342006439384,33.2334737382216],[-116.342205603069,33.2336770582898],[-116.342323971379,33.2339476022161],[-116.342621656895,33.2343876596876],[-116.342959425238,33.2348278734855],[-116.343417603762,33.2352855808383],[-116.343915471652,33.2357941941825],[-116.34483268749,33.2365917886097],[-116.34535095073,33.237049572384],[-116.346049394457,33.2375929369259],[-116.34654843914,33.2379498457314],[-116.346987161952,33.2383229919874],[-116.347565825217,33.2387645398965],[-116.347745378679,33.2389172649519],[-116.347844606585,33.2390527336536],[-116.347985409421,33.2390029226219],[-116.348047299751,33.2387839929731],[-116.348049104466,33.2385478058383],[-116.34805216323,33.2381263389382],[-116.348114680584,33.2378230835059],[-116.348255169908,33.2378237897779],[-116.348314001474,33.237992910224],[-116.348491827476,33.2383647226523],[-116.34876911854,33.238872003984],[-116.349247377105,33.2393130802839],[-116.349985981814,33.2398565224215],[-116.350884058146,33.2405358265415],[-116.35160305353,33.2409947887813],[-116.352522074083,33.2415729810926],[-116.353401482525,33.2420497471065],[-116.354681725535,33.2426130354246],[-116.35610175359,33.2432780635896],[-116.35676113228,33.2436861940695],[-116.357059681077,33.2440250618273],[-116.357115295776,33.2446491419661],[-116.357128396806,33.2455936569598],[-116.357364975323,33.2461851841501],[-116.357724394861,33.2464400402261],[-116.358545441556,33.2466802291271],[-116.359407120848,33.2468364833702],[-116.360007435308,33.2471263251047],[-116.36046678793,33.247432246829],[-116.361265715408,33.2479592962002],[-116.361780998038,33.2483841339375],[-116.362088959382,33.2486461288382],[-116.362372759638,33.2489480500544],[-116.362820895896,33.2493837153164],[-116.363099991675,33.2496380219154],[-116.363422072738,33.2500102272986],[-116.363495965459,33.2500955720969],[-116.363522478336,33.2501796599755],[-116.363676380405,33.2502340201982],[-116.363821496951,33.2503034421199],[-116.364011795163,33.250373175002],[-116.364219822525,33.2505272350198],[-116.364292224042,33.2505579060575],[-116.364445968906,33.2506732151496],[-116.364581751956,33.2507351055185],[-116.364717926672,33.250766403019],[-116.364926109442,33.2508591205121],[-116.365070599862,33.2510047860691],[-116.365178377035,33.2511887322476],[-116.365276979714,33.2513952692302],[-116.365329926417,33.2515941964664],[-116.365364833152,33.2518081050925],[-116.365499438511,33.2520454703877],[-116.365652322789,33.2522677736465],[-116.365723861025,33.2524208124105],[-116.365750059492,33.2525736946513],[-116.365767788642,33.2526426451982],[-116.365876272789,33.2527195962399],[-116.365975658799,33.2528116085145],[-116.366047117983,33.2529876314977],[-116.366099752971,33.2532476646818],[-116.366197804084,33.253484872818],[-116.366296405865,33.2537067832846],[-116.366357747324,33.2540125475062],[-116.366372494068,33.2544861777234],[-116.366433834628,33.2548071594302],[-116.366459642328,33.2550133828708],[-116.366539417217,33.2552964787255],[-116.366600445164,33.2556557408702],[-116.366699202353,33.255824232617],[-116.366798118544,33.2559774289131],[-116.366878755816,33.2561382345549],[-116.366959079575,33.2563372411367],[-116.367057602304,33.2565286376854],[-116.36719291284,33.2566897555595],[-116.367318968932,33.2568431095901],[-116.367453731496,33.257065257166],[-116.367633127754,33.2573792568973],[-116.367740905825,33.2575934811307],[-116.367929872733,33.2578542991131],[-116.368037650804,33.258038086646],[-116.368063927424,33.2581756725802],[-116.36809781547,33.2585042651645],[-116.368196572659,33.2586804449424],[-116.368267955487,33.2588717627428],[-116.36835729923,33.2590859878235],[-116.368446801975,33.2592620109362],[-116.36858242782,33.2593848502685],[-116.368816967161,33.2596229198557],[-116.369024365702,33.2598683629695],[-116.369195369,33.2600676833031],[-116.369339308752,33.2602899864325],[-116.369465364845,33.2604661663648],[-116.369617933814,33.260734201144],[-116.369761951721,33.2609487378935],[-116.369914364383,33.2612548951623],[-116.370012571803,33.2614769639163],[-116.370164984466,33.2617984953182],[-116.37021777576,33.2620203275817],[-116.370305787302,33.2624254771337],[-116.370376698514,33.2626702153153],[-116.370447295315,33.26299127662],[-116.37048165318,33.2632740581874],[-116.370516166453,33.2635109514178],[-116.370550524318,33.2637860457398],[-116.370530757789,33.2640532966705],[-116.370492007162,33.2643508246473],[-116.370526365027,33.2646183885704],[-116.370560721095,33.2649087008617],[-116.370676893922,33.2651841085045],[-116.370810166181,33.2656126353402],[-116.370880920188,33.2658801984023],[-116.371177351655,33.2663857547158],[-116.371384515736,33.2666618674955],[-116.371591913379,33.2668918586617],[-116.371717813165,33.2670833357376],[-116.371961529694,33.2673366219012],[-116.372169087237,33.2675362556761],[-116.372404098194,33.2677285935976],[-116.372612124657,33.2678668868221],[-116.37279356009,33.2679593691013],[-116.372974760165,33.2680291036645],[-116.373228518961,33.2681142919094],[-116.373373712762,33.2681608859437],[-116.373573033652,33.26824607406],[-116.37376333366,33.2683461637377],[-116.373944375631,33.2684616296142],[-116.374079608014,33.2685845476419],[-116.374260495475,33.2687380587985],[-116.374350388088,33.2688913330931],[-116.374403493793,33.2690901040734],[-116.374448441897,33.2691897248586],[-116.374511507223,33.2692510658371],[-116.37459261611,33.2693278602952],[-116.37463772052,33.269373904641],[-116.374718985714,33.269450698991],[-116.374754754832,33.2695500850277],[-116.374808330356,33.2696724532353],[-116.374889517396,33.2697722318337],[-116.37500717963,33.2698416517498],[-116.375011886802,33.2698487111318],[-116.375106094025,33.2699871609783],[-116.375186888501,33.2701403572219],[-116.375402682697,33.2704545149954],[-116.375610552854,33.2706464619411],[-116.375827756506,33.2707926773363],[-116.376143798196,33.2710997749848],[-116.376613347595,33.271537320855],[-116.377101020505,33.272005696278],[-116.377543350951,33.272412728972],[-116.377895787885,33.2727503422202],[-116.378202730539,33.273042143099],[-116.378410600696,33.2732111848743],[-116.378736132189,33.2734647874802],[-116.379007539287,33.2736493593039],[-116.379333229782,33.2738651508666],[-116.379613736814,33.2740572555441],[-116.380427252932,33.2747255765111],[-116.380743059263,33.2750709540086],[-116.381041136444,33.2753473832989],[-116.381375611564,33.2756085936264],[-116.381493116593,33.2757162144302],[-116.381790958415,33.2760155464384],[-116.382062210105,33.2762227892652],[-116.38226976675,33.276460859519],[-116.382540860336,33.2766836331175],[-116.382776185703,33.2768450660408],[-116.383002488391,33.2769836722704],[-116.38310210976,33.2770376403058],[-116.383292172612,33.2771684026293],[-116.383473215482,33.277268493345],[-116.383590956768,33.2773456006836],[-116.383790276759,33.2774533800629],[-116.383907939892,33.2775151132725],[-116.384016737551,33.2775690802284],[-116.384143262564,33.2776537191893],[-116.384260612184,33.2777764800833],[-116.384323522102,33.2778914753744],[-116.384349799621,33.2780213757642],[-116.38440376681,33.278113230712],[-116.384539079143,33.2782590535943],[-116.384592733718,33.2783891877506],[-116.384700826199,33.2785423842726],[-116.384943603091,33.2789178835527],[-116.385068794106,33.2792162755995],[-116.385158375004,33.2794075934748],[-116.385293608286,33.2795913033604],[-116.38550085052,33.2798216074302],[-116.385672638047,33.2799751964596],[-116.385844503727,33.280105958889],[-116.386052843703,33.2802137363622],[-116.386206589465,33.280336811324],[-116.386486704832,33.2805750385793],[-116.386685709515,33.2807287058874],[-116.386902993118,33.2808672338563],[-116.387066072376,33.2809595589284],[-116.387183577405,33.2810519627559],[-116.387309948806,33.2811823323114],[-116.387373013234,33.2812589698344],[-116.387472085732,33.2813969487474],[-116.387589277249,33.2815349266913],[-116.387724353325,33.2817112635244],[-116.387904925477,33.2819107397722],[-116.388022275996,33.2820258918272],[-116.388194139879,33.2821717937843],[-116.388402637958,33.2822492144526],[-116.388520300192,33.2823108699245],[-116.388782688205,33.2825029725387],[-116.388963887381,33.2826032215999],[-116.389063507851,33.2826574257198],[-116.389181170086,33.2827417495977],[-116.389289654233,33.282833917988],[-116.389443478149,33.2829340097173],[-116.389579103994,33.2830339451311],[-116.38983278284,33.2831802381569],[-116.390149922271,33.2833192360922],[-116.390376776525,33.2833891266032],[-116.390712741051,33.2834747857334],[-116.390839580474,33.2835212228805],[-116.391075611019,33.2835682089546],[-116.391302777886,33.2836074300816],[-116.39151135322,33.2836925385446],[-116.39170141787,33.2838080825017],[-116.391881990022,33.2839997154768],[-116.392017222405,33.2841455390389],[-116.392161633773,33.2843143445419],[-116.392297025158,33.2844524800797],[-116.392450611918,33.2845906161497],[-116.392686799668,33.2846221500843],[-116.392968248135,33.2846771369427],[-116.393231653939,33.284731888719],[-116.393585819231,33.2847793457377],[-116.394040621886,33.2847664804696],[-116.394404591392,33.284737614712],[-116.394786679018,33.2847089839923],[-116.394995882275,33.2846947069273],[-116.395141235078,33.2847259269274],[-116.395350046669,33.2847573827144],[-116.395540816496,33.284773462799],[-116.395849954633,33.2847828759513],[-116.396031860783,33.2847837387923],[-116.396168113652,33.2847843658351],[-116.396340840816,33.2848002897172],[-116.39647693648,33.2848316658768],[-116.39665884263,33.2848402169335],[-116.396858790545,33.2848640633155],[-116.397067836596,33.2848650035034],[-116.397313751303,33.2847822474066],[-116.397459808385,33.2847066297636],[-116.397742748056,33.2845629255729],[-116.397870686118,33.28446416715],[-116.398025764082,33.2843886288324],[-116.398190334544,33.2842596713538],[-116.398318272607,33.2841303982834],[-116.398446838592,33.283978222356],[-116.398639334083,33.2837578013518],[-116.398922743572,33.2835299295143],[-116.399278867191,33.2833179023835],[-116.399543216227,33.2832123193023],[-116.399707001561,33.2831824332226],[-116.399897927695,33.2831986712996],[-116.400024531759,33.2832680910536],[-116.400142352097,33.2833450421493],[-116.400187141199,33.2834521930765],[-116.400195692262,33.2835591103236],[-116.40016768908,33.2836276669385],[-116.400057870036,33.28374172108],[-116.39985650997,33.2839316285021],[-116.399646600638,33.2840451332976],[-116.399445947546,33.2841358111677],[-116.399299812311,33.2842344122617],[-116.399180579821,33.2843865884934],[-116.399079548098,33.2845312346679],[-116.399078842022,33.2846227763774],[-116.399114689293,33.2847069444117],[-116.399178227134,33.2847151808325],[-116.399360133284,33.2847158086267],[-116.399496464306,33.2847165137689],[-116.399587456458,33.2847169846145],[-116.39976936171,33.2847025513533],[-116.399932990737,33.2847032572464],[-116.400196790003,33.2846893736786],[-116.400333279129,33.284690000722],[-116.400560445098,33.2846910197616],[-116.400778670135,33.2846845090224],[-116.400988109649,33.2846625467262],[-116.401124675132,33.2846172854245],[-116.401334427259,33.2845421384852],[-116.40149868331,33.2844588331361],[-116.401730949015,33.2843702732892],[-116.401735577136,33.2843684679981],[-116.401890812305,33.284277477222],[-116.402046362783,33.2841483626296],[-116.402156024621,33.2840573693711],[-116.402374954836,33.2839438645915],[-116.402602905932,33.2838608740735],[-116.402803245512,33.2838159262564],[-116.402985150764,33.2838169460571],[-116.403112225545,33.2838403999679],[-116.403184784268,33.2838560101221],[-116.403320801778,33.2839331184004],[-116.403463800995,33.2839659862714],[-116.403442699569,33.2840181491974],[-116.403420344993,33.2840732941369],[-116.403393830319,33.284223508406],[-116.403315938299,33.2844092582566],[-116.403160704028,33.2846519560703],[-116.40307465261,33.2847659315254],[-116.402920750541,33.2848512761586],[-116.402783791596,33.2849364645111],[-116.402731550071,33.2850579693418],[-116.402680091876,33.2851364102391],[-116.402534504613,33.2852215983133],[-116.402397781027,33.2852997274213],[-116.402294786485,33.2853922866051],[-116.402234308307,33.2854993606754],[-116.402190695998,33.2856495762447],[-116.402121353244,33.2858138326443],[-116.40199223749,33.2859994251677],[-116.401888930334,33.2861421102233],[-116.40174953965,33.2862712248699],[-116.401665999922,33.2863486464074],[-116.401510921958,33.2865769118842],[-116.401424949592,33.2866911228712],[-116.401296226401,33.2867978807073],[-116.40120986237,33.2869764138924],[-116.401088983269,33.2871906368621],[-116.401002855494,33.2873262627528],[-116.400882604315,33.2874689478918],[-116.400770825148,33.2875972000151],[-116.400488671504,33.2877321186543],[-116.400258054207,33.28780240287],[-116.400044614496,33.287844447067],[-116.39991651833,33.287865234119],[-116.399873611198,33.2879079856548],[-116.399788973729,33.2879348116095],[-116.399622520398,33.2879949769906],[-116.399467128024,33.2879768557426],[-116.39937440931,33.2878805311694],[-116.39930247851,33.2877581622005],[-116.399220507241,33.2876183010127],[-116.399127790324,33.2875133456515],[-116.399013813877,33.2875128755719],[-116.398930823019,33.2875121697014],[-116.398826574429,33.2875815897791],[-116.398691105789,33.2876681106106],[-116.398472646292,33.2877540839328],[-116.398181784379,33.2878050701503],[-116.397901669911,33.2877950288009],[-116.397590727957,33.287749924565],[-116.397279628797,33.2877484347319],[-116.396999985046,33.2876598752194],[-116.396710300825,33.2875364869348],[-116.396389239349,33.2874565546021],[-116.396109674649,33.2873853291962],[-116.39584038488,33.2873057121147],[-116.395550542555,33.2872171499001],[-116.395291763075,33.2871460842468],[-116.395022474204,33.2870577576623],[-116.394732868136,33.2869517826139],[-116.394349760023,33.2868192169399],[-116.393894328547,33.2866862590775],[-116.393635470914,33.2866066413582],[-116.393376771383,33.2865095297948],[-116.393200591095,33.2864738393664],[-116.392920476626,33.2864723487605],[-116.392598789025,33.2864882730856],[-116.3922872982,33.2865216108303],[-116.392038245677,33.2865291412014],[-116.391705967837,33.286588519822],[-116.39138372867,33.2866740218707],[-116.391092711348,33.2867424228487],[-116.390749451604,33.286862596016],[-116.390593352255,33.2869402535721],[-116.39041599697,33.2870877220135],[-116.390218324489,33.2871475740902],[-116.390094151265,33.2871118831718],[-116.389897341166,33.2870589343695],[-116.389772933482,33.2870583854397],[-116.389731045041,33.2870929785209],[-116.389668448635,33.2871536130622],[-116.389636837819,33.2872318996373],[-116.389573927901,33.2873274394563],[-116.389448342526,33.2874836953337],[-116.389333739055,33.287552803049],[-116.389208310885,33.2876828580188],[-116.38912430044,33.2878305632479],[-116.389091825444,33.2880309033372],[-116.389100689121,33.2882311656219],[-116.38913049612,33.2884231102778],[-116.38917073795,33.2885889361294],[-116.389137557777,33.2888849747891],[-116.389001461215,33.2890933937773],[-116.388740642559,33.2892837716386],[-116.388521477884,33.2894656773275],[-116.38822928377,33.2897082965013],[-116.388072085781,33.2899253436773],[-116.387977878559,33.2900643428842],[-116.387944853794,33.2903167679233],[-116.387912771362,33.2904473729385],[-116.387870098691,33.2906301419883],[-116.387785539375,33.2908126748735],[-116.387711647553,33.2910302719617],[-116.387668740422,33.2912391611417],[-116.387552881107,33.2914738579804],[-116.387489031551,33.2917087126256],[-116.387435376078,33.291961136662],[-116.387340148369,33.2922396051804],[-116.387244449045,33.2925614498039],[-116.387221466547,33.2928749810007],[-116.38721966273,33.2931364249597],[-116.387270256745,33.2933283723411],[-116.387300222747,33.2934940409482],[-116.387350581403,33.2937208152723],[-116.387462831288,33.2939653959019],[-116.387565432368,33.2941400849906],[-116.387615400257,33.2944017661868],[-116.387686311469,33.2946636823695],[-116.387737298048,33.2947771086317],[-116.387787892063,33.2949690554068],[-116.387775812418,33.295186809571],[-116.387774871881,33.2953611846078],[-116.387752750868,33.2955613662457],[-116.387668190653,33.2957613146592],[-116.3875527248,33.2959611837749],[-116.38746753846,33.2962657713858],[-116.387466048155,33.2965098816071],[-116.387454515583,33.296657900765],[-116.387443064758,33.2968059204224],[-116.387200836737,33.297310141351],[-116.387085528089,33.2974751048664],[-116.387052347017,33.297788556836],[-116.387061053489,33.2980239598618],[-116.387132121906,33.2982420270065],[-116.387223820133,33.2984690375139],[-116.387274963917,33.2985826990943],[-116.387325873241,33.2987223249661],[-116.387273238254,33.298835357773],[-116.387178715723,33.298982985558],[-116.387178088699,33.2991048837836],[-116.387239036696,33.2992795730923],[-116.38734101165,33.2995412538884],[-116.387360464668,33.2997070788812],[-116.387327598905,33.2999683679689],[-116.387336305377,33.3002123206688],[-116.387437729664,33.3005353431886],[-116.387518838551,33.3008058873025],[-116.387600025591,33.3010762759106],[-116.38767109311,33.3013118352414],[-116.38781425043,33.3016001867882],[-116.387997645987,33.3020890343927],[-116.388161902038,33.3023339294198],[-116.388181042442,33.3025690964414],[-116.388230303357,33.3029267105504],[-116.388332278312,33.3031972562561],[-116.388629962929,33.3036606094477],[-116.388773432863,33.3039138975906],[-116.388937767966,33.3041586343338],[-116.389102024916,33.3044123144394],[-116.389235846045,33.3045871612927],[-116.389368882047,33.3048317414866],[-116.389450852419,33.3049802307728],[-116.389512116623,33.3051375061184],[-116.389521136607,33.3053380031681],[-116.389498858388,33.305538185184],[-116.389424888412,33.3057382901618],[-116.38942269293,33.3060519767058],[-116.389421046318,33.3062958523284],[-116.389439479747,33.3066096975298],[-116.389489918354,33.3068190576687],[-116.38963362185,33.3070898367972],[-116.389735518651,33.3073170037066],[-116.389858278824,33.3075789974758],[-116.390022379467,33.3078675054786],[-116.390134707505,33.308111772419],[-116.390288216113,33.3084175390634],[-116.390483693112,33.3086711399637],[-116.390586451397,33.3088198652021],[-116.39068889617,33.3090119680095],[-116.390759964587,33.3092389767606],[-116.390862251257,33.309439787948],[-116.39098564115,33.3096147906337],[-116.391171155832,33.3097899498716],[-116.391346393788,33.3099649541067],[-116.391521867102,33.3101052862124],[-116.391634901216,33.3102714236925],[-116.391799314473,33.3104900412787],[-116.391912348587,33.3106561802779],[-116.392046797639,33.3107352490394],[-116.392170812759,33.3107881189094],[-116.392295065034,33.3108323599116],[-116.392522858925,33.3109205280456],[-116.392688449873,33.3109650827832],[-116.392864706518,33.3110094032723],[-116.392937108035,33.3110358370021],[-116.392988409024,33.311131928058],[-116.392966758728,33.3112450401231],[-116.392976173072,33.3114018447286],[-116.393057987137,33.3115591993291],[-116.393160902627,33.3116905097446],[-116.393284290723,33.3118478630734],[-116.393397560195,33.3119965881482],[-116.393582683213,33.3122327763574],[-116.393799258943,33.3124168780683],[-116.393906879809,33.3125081848235],[-116.39397457595,33.3125657598217],[-116.394201586511,33.3127584909769],[-116.39442906689,33.312881723474],[-116.394646192389,33.313013504092],[-116.394801193098,33.3131100659128],[-116.394924973758,33.3132064714801],[-116.395110331235,33.3134077524783],[-116.395197871161,33.3135193744499],[-116.395233877435,33.3135651845341],[-116.395086249199,33.3136545285051],[-116.3949152468,33.3137133594188],[-116.394787308737,33.3137248121042],[-116.39468776642,33.3137361859647],[-116.394516921227,33.3137830942089],[-116.394388983164,33.3137705432571],[-116.394190368349,33.3137336763737],[-116.394034427104,33.3136614312002],[-116.39385024642,33.3135887941006],[-116.393822086032,33.3135291005462],[-116.393737918382,33.3133973972792],[-116.393603940047,33.3131849780476],[-116.393426583864,33.3131690533407],[-116.393270877079,33.3131205772928],[-116.393086148422,33.3131197935562],[-116.392915458637,33.31313085295],[-116.392787599626,33.3131423830347],[-116.392659661563,33.3131296750931],[-116.392574629733,33.3130935931771],[-116.392447554951,33.3129734216112],[-116.392405511101,33.312889802589],[-116.392264708265,33.3127100935252],[-116.392108766122,33.312637613282],[-116.392004204918,33.3126074902983],[-116.391668944671,33.3125401095468],[-116.39141322575,33.3125268534987],[-116.39119955068,33.3125973722286],[-116.390914181067,33.3127511175158],[-116.390757297489,33.3128458756761],[-116.390415135486,33.3129873051823],[-116.389817333614,33.3131277930745],[-116.389476896375,33.3130424490773],[-116.389236160456,33.3129100394102],[-116.388995893457,33.3127179376842],[-116.388812341593,33.3125499934016],[-116.388765589672,33.3125075564785],[-116.38860047034,33.3123580485318],[-116.388488299507,33.3121544926993],[-116.38841911306,33.3118916343402],[-116.388321688971,33.3115929291277],[-116.38828042935,33.3113779980929],[-116.388267878089,33.3111393009052],[-116.388269917265,33.3108650705069],[-116.388271250365,33.3106739079385],[-116.388273211387,33.3103875960952],[-116.388246776663,33.3101011294118],[-116.388205201733,33.3099457360972],[-116.388078912079,33.309718412376],[-116.388007686457,33.3097418660806],[-116.387809386053,33.309657384367],[-116.387554059696,33.309572511438],[-116.38726994503,33.309571020476],[-116.386943000487,33.3095695302648],[-116.386786823884,33.3095688238221],[-116.386616290405,33.3095440367631],[-116.386417834592,33.3094835581715],[-116.386248008986,33.3093752312763],[-116.386107362457,33.3091835984815],[-116.386023194807,33.3090042804219],[-116.385967345647,33.3088607318659],[-116.385954480874,33.3086817292054],[-116.385942399432,33.3083714147147],[-116.385930476093,33.3080492553006],[-116.385961305375,33.3077152515824],[-116.385948596909,33.3075003995779],[-116.385964833958,33.3072021658117],[-116.386079829992,33.3070117099344],[-116.386180626357,33.3068333326149],[-116.386239301616,33.3065711826991],[-116.386240477511,33.3064159460092],[-116.386198747173,33.3062844774973],[-116.386128621088,33.3061290856393],[-116.386058886669,33.3059616136609],[-116.385946558631,33.3057582936522],[-116.385791871434,33.3055188888694],[-116.385679698805,33.3053154116677],[-116.385609494567,33.3051957098767],[-116.385539916455,33.3049924684152],[-116.385514265961,33.3045986917565],[-116.385444139876,33.3044550646239],[-116.385501872803,33.3043241464816],[-116.3856592262,33.3041696956151]]]},"properties":{"OBJECTID":4470,"DFIRM_ID":"06073C","VERSION_ID":"1.1.1.0","FLD_AR_ID":"06073C_790","STUDY_TYP":"NP","FLD_ZONE":"A","ZONE_SUBTY":null,"SFHA_TF":"T","STATIC_BFE":-9999,"V_DATUM":"","DEPTH":-9999,"LEN_UNIT":"","VELOCITY":-9999,"VEL_UNIT":"","AR_REVERT":"","AR_SUBTRV":"","BFE_REVERT":-9999,"DEP_REVERT":-9999,"DUAL_ZONE":"","SOURCE_CIT":"06073C_FIRM1","GFID":"9756cfe6-d8a6-4507-b39c-704d76ada171","ESRI_SYMBOLOGY":"1% Annual Chance Flood Hazard","Shape__Area":22947494.33203125,"Shape__Length":52762.583743569594,"GlobalID":"37c2ee74-9fbe-4859-9448-05eb93d22189"}},{"type":"Feature","id":32435,"geometry":{"type":"Polygon","coordinates":[[[-116.39190339957,33.2122616611281],[-116.392242736372,33.2124423112558],[-116.392488964591,33.2125581704101],[-116.392871366628,33.2127032083345],[-116.392643181071,33.2137256925762],[-116.39207824586,33.2162570787027],[-116.390635235307,33.2167727536431],[-116.390627391218,33.2156729253587],[-116.39072575764,33.2153104468667],[-116.391019677418,33.2144446104255],[-116.391310930097,33.2137251446887],[-116.39190339957,33.2122616611281]]]},"properties":{"OBJECTID":32435,"DFIRM_ID":"06073C","VERSION_ID":"1.1.1.0","FLD_AR_ID":"06073C_2265","STUDY_TYP":"NP","FLD_ZONE":"AO","ZONE_SUBTY":null,"SFHA_TF":"T","STATIC_BFE":-9999,"V_DATUM":"","DEPTH":2,"LEN_UNIT":"Feet","VELOCITY":6,"VEL_UNIT":"Feet / Second","AR_REVERT":"","AR_SUBTRV":"","BFE_REVERT":-9999,"DEP_REVERT":-9999,"DUAL_ZONE":"","SOURCE_CIT":"06073C_FIRM1","GFID":"9756cfe6-d8a6-4507-b39c-704d76ada171","ESRI_SYMBOLOGY":"1% Annual Chance Flood Hazard","Shape__Area":83634.85546875,"Shape__Length":1400.9070165614835,"GlobalID":"eefa9855-e196-4402-993f-b8e56192e203"}},{"type":"Feature","id":32383,"geometry":{"type":"Polygon","coordinates":[[[-116.390400852273,33.2115239974966],[-116.390570677879,33.2115821997723],[-116.39099583074,33.2117131194269],[-116.391118669965,33.2117481827696],[-116.391352895794,33.211815013749],[-116.391640934302,33.212031278181],[-116.39190339957,33.2122616611281],[-116.391310930097,33.2137251446887],[-116.391019677418,33.2144446104255],[-116.39072575764,33.2153104468667],[-116.390627391218,33.2156729253587],[-116.390635235307,33.2167727536431],[-116.389465437466,33.2171750797592],[-116.389397272404,33.2165945346543],[-116.389478693904,33.2152437718723],[-116.389728999577,33.2137325174951],[-116.389953500244,33.2125236552869],[-116.390125286873,33.2119597402497],[-116.390400852273,33.2115239974966]]]},"properties":{"OBJECTID":32383,"DFIRM_ID":"06073C","VERSION_ID":"1.1.1.0","FLD_AR_ID":"06073C_680","STUDY_TYP":"NP","FLD_ZONE":"AO","ZONE_SUBTY":null,"SFHA_TF":"T","STATIC_BFE":-9999,"V_DATUM":"","DEPTH":1,"LEN_UNIT":"Feet","VELOCITY":6,"VEL_UNIT":"Feet / Second","AR_REVERT":"","AR_SUBTRV":"","BFE_REVERT":-9999,"DEP_REVERT":-9999,"DUAL_ZONE":"","SOURCE_CIT":"06073C_FIRM1","GFID":"9756cfe6-d8a6-4507-b39c-704d76ada171","ESRI_SYMBOLOGY":"1% Annual Chance Flood Hazard","Shape__Area":113035.5703125,"Shape__Length":1727.696939116204,"GlobalID":"2d634270-e511-4f6b-a1f0-9aac53fa703a"}},{"type":"Feature","id":32430,"geometry":{"type":"Polygon","coordinates":[[[-116.392871366628,33.2127032083345],[-116.393407279967,33.2127989063268],[-116.393832432828,33.2128867623593],[-116.394487106142,33.2130617639298],[-116.395014311213,33.2132003713827],[-116.395439072408,33.2133457223964],[-116.39538235907,33.2137269484334],[-116.395115579193,33.2155202002945],[-116.394663912556,33.2155536936382],[-116.393691787197,33.2157280706039],[-116.392880780972,33.2159961035373],[-116.39207824586,33.2162570787027],[-116.392643181071,33.2137256925762],[-116.392871366628,33.2127032083345]]]},"properties":{"OBJECTID":32430,"DFIRM_ID":"06073C","VERSION_ID":"1.1.1.0","FLD_AR_ID":"06073C_2072","STUDY_TYP":"NP","FLD_ZONE":"AO","ZONE_SUBTY":null,"SFHA_TF":"T","STATIC_BFE":-9999,"V_DATUM":"","DEPTH":2,"LEN_UNIT":"Feet","VELOCITY":7,"VEL_UNIT":"Feet / Second","AR_REVERT":"","AR_SUBTRV":"","BFE_REVERT":-9999,"DEP_REVERT":-9999,"DUAL_ZONE":"","SOURCE_CIT":"06073C_FIRM1","GFID":"9756cfe6-d8a6-4507-b39c-704d76ada171","ESRI_SYMBOLOGY":"1% Annual Chance Flood Hazard","Shape__Area":116497.19140625,"Shape__Length":1425.5391893611568,"GlobalID":"1ed879c0-dbd2-47d7-9e41-280ce02e7e2a"}},{"type":"Feature","id":32410,"geometry":{"type":"Polygon","coordinates":[[[-116.419206148427,33.2739529260174],[-116.419328360628,33.2733910489175],[-116.41940931231,33.2731127388127],[-116.419507050809,33.272661778005],[-116.419571607339,33.2724364946309],[-116.41957278503,33.2722772579085],[-116.419574275335,33.2720515822406],[-116.419655461477,33.2717334225474],[-116.419720489622,33.2714547984718],[-116.41983281766,33.2711767240389],[-116.419867645344,33.2707121934059],[-116.419949461205,33.270274490933],[-116.420030960859,33.2699165604843],[-116.420126817388,33.2697443818341],[-116.420080535287,33.2695715756923],[-116.42005002311,33.269372412241],[-116.419987504857,33.2692098035749],[-116.420387321634,33.2693261328055],[-116.420608605435,33.2693774324733],[-116.420863618279,33.2694716406397],[-116.421050858626,33.2695226277725],[-116.421348229731,33.269638642635],[-116.421543863037,33.2697038273217],[-116.421790482921,33.2697980366381],[-116.422002666788,33.2699137364333],[-116.422189435519,33.2700434797007],[-116.42242734983,33.2701447472578],[-116.422741979369,33.2702678995047],[-116.423260477069,33.2704565511536],[-116.42377058181,33.2706663833487],[-116.424076347672,33.2708253053063],[-116.424424234638,33.2710345094738],[-116.424755180277,33.2712866988877],[-116.424992386716,33.271495352171],[-116.425220809428,33.2717542096811],[-116.425414951531,33.2720341689356],[-116.42549041271,33.2722351348624],[-116.425574188695,33.2724504567553],[-116.425649334565,33.2727012346057],[-116.425699458761,33.2728520775477],[-116.42574887778,33.273109913363],[-116.425790294606,33.2732887614463],[-116.425874147846,33.2735258107673],[-116.425931647211,33.2738409890456],[-116.425973064037,33.2740344268757],[-116.426082018003,33.2742997936299],[-116.426157244722,33.2745078208578],[-116.426292085439,33.2747805620935],[-116.426476814994,33.2751966941231],[-116.426526545728,33.2754045637508],[-116.426610871482,33.2755480329269],[-116.426821251532,33.2759498888113],[-116.427057830947,33.276280440786],[-116.427235031721,33.276560399797],[-116.427700895333,33.2769992798958],[-116.428048390634,33.2773015154305],[-116.428302070379,33.277610653214],[-116.428539434921,33.2778263658929],[-116.42870902427,33.2779561882748],[-116.428853436537,33.2780356494146],[-116.429125313455,33.2781511137433],[-116.42936354038,33.2782312821532],[-116.42976320085,33.2783833021282],[-116.430026685706,33.2784919431295],[-116.43028169855,33.2786075653163],[-116.430477176448,33.2786874193882],[-116.430647470974,33.2787095401472],[-116.430817768196,33.2787247569432],[-116.430987908212,33.2787828048424],[-116.431166126778,33.2789123892369],[-116.431327245014,33.2790350710081],[-116.431428513893,33.2791928181931],[-116.431606497999,33.2793368368809],[-116.43176777344,33.2794593618485],[-116.431946307314,33.2795174077572],[-116.432116132022,33.2796327184252],[-116.432243050497,33.2797837168629],[-116.432191593201,33.279855178276],[-116.432029454479,33.2798613739588],[-116.431765263547,33.2798459207985],[-116.431459499482,33.279679783194],[-116.4312386855,33.2795428244212],[-116.431137104008,33.2794707371734],[-116.431018106877,33.279398491406],[-116.430813454486,33.2793977073664],[-116.430676966258,33.2794328494577],[-116.430565499705,33.2795111339465],[-116.430351903686,33.2795887912849],[-116.430172743686,33.2795951439444],[-116.429951617091,33.2795440004787],[-116.42973904066,33.2794643822519],[-116.429543564559,33.2793703313114],[-116.429365188788,33.2792907129262],[-116.429169711789,33.2792183123043],[-116.428940270387,33.2791313189793],[-116.428710436422,33.279037269182],[-116.428463661129,33.2789716911805],[-116.428123302942,33.2788770126239],[-116.427936454261,33.278790178171],[-116.427757843132,33.278717776383],[-116.427503065646,33.2785877981741],[-116.427341632101,33.2785153969692],[-116.42717164929,33.2784287191164],[-116.426993273519,33.2783420411776],[-116.42684023473,33.2782768561807],[-116.426704138168,33.2781975529717],[-116.426525919602,33.278089224023],[-116.426390450064,33.2779812892191],[-116.426246274953,33.2778589198887],[-116.426144849767,33.2777222751855],[-116.426043581787,33.2775643728878],[-116.42587462036,33.2773415992837],[-116.425714207302,33.2771189820733],[-116.425478018654,33.2767312454668],[-116.425368906584,33.2764516009305],[-116.425259559156,33.2762578507732],[-116.425166527829,33.2761644272379],[-116.424997409197,33.2759272198552],[-116.424836759881,33.2757044458287],[-116.424778477186,33.2755539172383],[-116.424753611819,33.2754033868865],[-116.424780124696,33.2752890199354],[-116.424789380937,33.2751601406389],[-116.424807265496,33.2750313392597],[-116.424842328538,33.2748955575756],[-116.424860292149,33.2747666776984],[-116.424869783748,33.2745950478565],[-116.424871116848,33.2743945522544],[-116.424872685306,33.2741653461587],[-116.424873705792,33.2740149726337],[-116.424857546897,33.2738718171277],[-116.424772907631,33.2737640378331],[-116.424663089486,33.2736203329014],[-116.424476869626,33.2734404678285],[-116.4243661882,33.2733969318723],[-116.424221229757,33.2734320741261],[-116.424118627779,33.273460234634],[-116.423930210639,33.2736168818472],[-116.42371575134,33.2738163578155],[-116.423365589839,33.2739220979639],[-116.423092534332,33.2739710449197],[-116.422759941183,33.2740052458866],[-116.422563759006,33.2740186602505],[-116.422222773796,33.274017011713],[-116.421907439978,33.2740156793643],[-116.421600732682,33.2740141096863],[-116.421208760893,33.2739908131073],[-116.421004420217,33.2739755947351],[-116.420689243605,33.2739383362615],[-116.420433601939,33.2739157441406],[-116.420109717059,33.2739142540713],[-116.419828583002,33.2739129209699],[-116.419496147058,33.2739111950731],[-116.419206148427,33.2739529260174]]]},"properties":{"OBJECTID":32410,"DFIRM_ID":"06073C","VERSION_ID":"1.1.1.0","FLD_AR_ID":"06073C_1437","STUDY_TYP":"NP","FLD_ZONE":"AO","ZONE_SUBTY":null,"SFHA_TF":"T","STATIC_BFE":-9999,"V_DATUM":"","DEPTH":4,"LEN_UNIT":"Feet","VELOCITY":9,"VEL_UNIT":"Feet / Second","AR_REVERT":"","AR_SUBTRV":"","BFE_REVERT":-9999,"DEP_REVERT":-9999,"DUAL_ZONE":"","SOURCE_CIT":"06073C_FIRM1","GFID":"9756cfe6-d8a6-4507-b39c-704d76ada171","ESRI_SYMBOLOGY":"1% Annual Chance Flood Hazard","Shape__Area":485017.83203125,"Shape__Length":4757.4358697287262,"GlobalID":"35c329de-d5c8-4a3c-b6aa-8fc43bd22088"}},{"type":"Feature","id":32418,"geometry":{"type":"Polygon","coordinates":[[[-116.40420020483,33.2150916728505],[-116.405271558995,33.2153546866523],[-116.405086829439,33.2158180415421],[-116.405053098599,33.2165816698656],[-116.40516228972,33.2172503838535],[-116.405355413133,33.2180865690091],[-116.405453465145,33.218685000108],[-116.404614768351,33.2192823321599],[-116.404500950008,33.2184644218635],[-116.404367128878,33.2172704639824],[-116.404316220453,33.2164109801397],[-116.404263429159,33.2158141981545],[-116.40420020483,33.2150916728505]]]},"properties":{"OBJECTID":32418,"DFIRM_ID":"06073C","VERSION_ID":"1.1.1.0","FLD_AR_ID":"06073C_1635","STUDY_TYP":"NP","FLD_ZONE":"AO","ZONE_SUBTY":null,"SFHA_TF":"T","STATIC_BFE":-9999,"V_DATUM":"","DEPTH":3,"LEN_UNIT":"Feet","VELOCITY":9,"VEL_UNIT":"Feet / Second","AR_REVERT":"","AR_SUBTRV":"","BFE_REVERT":-9999,"DEP_REVERT":-9999,"DUAL_ZONE":"","SOURCE_CIT":"06073C_FIRM1","GFID":"9756cfe6-d8a6-4507-b39c-704d76ada171","ESRI_SYMBOLOGY":"1% Annual Chance Flood Hazard","Shape__Area":47398.046875,"Shape__Length":1256.7431103719487,"GlobalID":"f8507a32-0d31-4d0e-a959-9721067758e3"}},{"type":"Feature","id":66241,"geometry":{"type":"Polygon","coordinates":[[[-116.395719193165,33.3139075023535],[-116.395522933733,33.313793134819],[-116.395388798193,33.3136791590004],[-116.395283059298,33.3136013450787],[-116.395233877435,33.3135651845341],[-116.395197871161,33.3135193744499],[-116.395110331235,33.3134077524783],[-116.394924973758,33.3132064714801],[-116.394801193098,33.3131100659128],[-116.394646192389,33.313013504092],[-116.39442906689,33.312881723474],[-116.394201586511,33.3127584909769],[-116.39397457595,33.3125657598217],[-116.393906879809,33.3125081848235],[-116.393799258943,33.3124168780683],[-116.393582683213,33.3122327763574],[-116.393397560195,33.3119965881482],[-116.393284290723,33.3118478630734],[-116.393160902627,33.3116905097446],[-116.393057987137,33.3115591993291],[-116.392976173072,33.3114018447286],[-116.392966758728,33.3112450401231],[-116.392988409024,33.311131928058],[-116.392937108035,33.3110358370021],[-116.392864706518,33.3110094032723],[-116.392688449873,33.3109650827832],[-116.392522858925,33.3109205280456],[-116.392295065034,33.3108323599116],[-116.392170812759,33.3107881189094],[-116.392046797639,33.3107352490394],[-116.391912348587,33.3106561802779],[-116.391799314473,33.3104900412787],[-116.391634901216,33.3102714236925],[-116.391521867102,33.3101052862124],[-116.391346393788,33.3099649541067],[-116.391171155832,33.3097899498716],[-116.39098564115,33.3096147906337],[-116.390862251257,33.309439787948],[-116.390759964587,33.3092389767606],[-116.39068889617,33.3090119680095],[-116.390586451397,33.3088198652021],[-116.390483693112,33.3086711399637],[-116.390288216113,33.3084175390634],[-116.390134707505,33.308111772419],[-116.390022379467,33.3078675054786],[-116.389858278824,33.3075789974758],[-116.389735518651,33.3073170037066],[-116.38963362185,33.3070898367972],[-116.389489918354,33.3068190576687],[-116.389439479747,33.3066096975298],[-116.389421046318,33.3062958523284],[-116.38942269293,33.3060519767058],[-116.389424888412,33.3057382901618],[-116.389498858388,33.305538185184],[-116.389521136607,33.3053380031681],[-116.389512116623,33.3051375061184],[-116.389450852419,33.3049802307728],[-116.389368882047,33.3048317414866],[-116.389235846045,33.3045871612927],[-116.389102024916,33.3044123144394],[-116.388937767966,33.3041586343338],[-116.388773432863,33.3039138975906],[-116.388629962929,33.3036606094477],[-116.388332278312,33.3031972562561],[-116.388230303357,33.3029267105504],[-116.388181042442,33.3025690964414],[-116.388161902038,33.3023339294198],[-116.387997645987,33.3020890343927],[-116.38781425043,33.3016001867882],[-116.38767109311,33.3013118352414],[-116.387600025591,33.3010762759106],[-116.387518838551,33.3008058873025],[-116.387437729664,33.3005353431886],[-116.387336305377,33.3002123206688],[-116.387327598905,33.2999683679689],[-116.387360464668,33.2997070788812],[-116.38734101165,33.2995412538884],[-116.387239036696,33.2992795730923],[-116.387178088699,33.2991048837836],[-116.387178715723,33.298982985558],[-116.387273238254,33.298835357773],[-116.387325873241,33.2987223249661],[-116.387274963917,33.2985826990943],[-116.387223820133,33.2984690375139],[-116.387132121906,33.2982420270065],[-116.387061053489,33.2980239598618],[-116.387052347017,33.297788556836],[-116.387085528089,33.2974751048664],[-116.387200836737,33.297310141351],[-116.387443064758,33.2968059204224],[-116.387454515583,33.296657900765],[-116.387466048155,33.2965098816071],[-116.38746753846,33.2962657713858],[-116.3875527248,33.2959611837749],[-116.387668190653,33.2957613146592],[-116.387752750868,33.2955613662457],[-116.387774871881,33.2953611846078],[-116.387775812418,33.295186809571],[-116.387787892063,33.2949690554068],[-116.387737298048,33.2947771086317],[-116.387686311469,33.2946636823695],[-116.387615400257,33.2944017661868],[-116.387565432368,33.2941400849906],[-116.387462831288,33.2939653959019],[-116.387350581403,33.2937208152723],[-116.387300222747,33.2934940409482],[-116.387270256745,33.2933283723411],[-116.38721966273,33.2931364249597],[-116.387221466547,33.2928749810007],[-116.387244449045,33.2925614498039],[-116.387340148369,33.2922396051804],[-116.387435376078,33.291961136662],[-116.387489031551,33.2917087126256],[-116.387552881107,33.2914738579804],[-116.387668740422,33.2912391611417],[-116.387711647553,33.2910302719617],[-116.387785539375,33.2908126748735],[-116.387870098691,33.2906301419883],[-116.387912771362,33.2904473729385],[-116.387944853794,33.2903167679233],[-116.387977878559,33.2900643428842],[-116.388072085781,33.2899253436773],[-116.38822928377,33.2897082965013],[-116.388521477884,33.2894656773275],[-116.388740642559,33.2892837716386],[-116.389001461215,33.2890933937773],[-116.389137557777,33.2888849747891],[-116.38917073795,33.2885889361294],[-116.38913049612,33.2884231102778],[-116.389100689121,33.2882311656219],[-116.389091825444,33.2880309033372],[-116.38912430044,33.2878305632479],[-116.389208310885,33.2876828580188],[-116.389333739055,33.287552803049],[-116.389448342526,33.2874836953337],[-116.389573927901,33.2873274394563],[-116.389636837819,33.2872318996373],[-116.389668448635,33.2871536130622],[-116.389731045041,33.2870929785209],[-116.389772933482,33.2870583854397],[-116.389897341166,33.2870589343695],[-116.390094151265,33.2871118831718],[-116.390218324489,33.2871475740902],[-116.39041599697,33.2870877220135],[-116.390593352255,33.2869402535721],[-116.390749451604,33.286862596016],[-116.391092711348,33.2867424228487],[-116.39138372867,33.2866740218707],[-116.391705967837,33.286588519822],[-116.392038245677,33.2865291412014],[-116.3922872982,33.2865216108303],[-116.392598789025,33.2864882730856],[-116.392920476626,33.2864723487605],[-116.393200591095,33.2864738393664],[-116.393376771383,33.2865095297948],[-116.393635470914,33.2866066413582],[-116.393894328547,33.2866862590775],[-116.394349760023,33.2868192169399],[-116.394732868136,33.2869517826139],[-116.395022474204,33.2870577576623],[-116.395291763075,33.2871460842468],[-116.395550542555,33.2872171499001],[-116.39584038488,33.2873057121147],[-116.396109674649,33.2873853291962],[-116.396389239349,33.2874565546021],[-116.396710300825,33.2875364869348],[-116.396999985046,33.2876598752194],[-116.397279628797,33.2877484347319],[-116.397590727957,33.287749924565],[-116.397901669911,33.2877950288009],[-116.398181784379,33.2878050701503],[-116.398472646292,33.2877540839328],[-116.398691105789,33.2876681106106],[-116.398826574429,33.2875815897791],[-116.398930823019,33.2875121697014],[-116.399013813877,33.2875128755719],[-116.399127790324,33.2875133456515],[-116.399220507241,33.2876183010127],[-116.39930247851,33.2877581622005],[-116.39937440931,33.2878805311694],[-116.399467128024,33.2879768557426],[-116.399622520398,33.2879949769906],[-116.399788973729,33.2879348116095],[-116.399873611198,33.2879079856548],[-116.399898633771,33.2880011735975],[-116.399931658535,33.288158762654],[-116.399939345419,33.2882877196277],[-116.4000148057,33.2884456235523],[-116.400081795765,33.2886320011937],[-116.400191300399,33.2888187689126],[-116.400293195403,33.2888979167942],[-116.400343476804,33.2890127547596],[-116.400402385626,33.2891419477593],[-116.400494867184,33.2893141279516],[-116.400621159533,33.2895582381],[-116.400730586013,33.2897450068401],[-116.400865348577,33.2899818222456],[-116.400949828841,33.2901183110918],[-116.400991089361,33.290290332419],[-116.400972969443,33.2904476853132],[-116.4008781334,33.2906190023984],[-116.400783375511,33.2907546274661],[-116.400662889872,33.2909188051741],[-116.400534088528,33.2910612554158],[-116.400387952394,33.2912324143595],[-116.400336102534,33.291339566115],[-116.400088227703,33.291452835257],[-116.399831881758,33.2915373954272],[-116.399506819186,33.291686199442],[-116.399164815286,33.291820490023],[-116.39893403809,33.2919198761231],[-116.398634785014,33.2921089983425],[-116.398301642994,33.2922387416623],[-116.398046866407,33.2923524023495],[-116.397733021098,33.2925150122111],[-116.397517463159,33.2925959633627],[-116.39728190423,33.2927426495895],[-116.397084936926,33.2929550698091],[-116.397024615953,33.2931845884885],[-116.397062504197,33.2933817122996],[-116.397100234337,33.2935459684115],[-116.397216562573,33.2937272479974],[-116.397352658237,33.2938263188121],[-116.39752130705,33.2940465829827],[-116.397750513093,33.2941836984527],[-116.39787672639,33.2943704670531],[-116.398070868493,33.2945521383794],[-116.398304389144,33.2947010198476],[-116.398557520018,33.2948170357882],[-116.398698792673,33.2950138435526],[-116.398612350488,33.2952976469422],[-116.398576739474,33.2955390890745],[-116.398711579293,33.2956533791846],[-116.398914193407,33.2956827151212],[-116.399150930027,33.2957123656564],[-116.399371507752,33.2956280415472],[-116.399558278279,33.2955437166055],[-116.399727788577,33.2955019869734],[-116.39986341532,33.2954316248636],[-116.400050340357,33.2953613407863],[-116.400254132163,33.2952629760209],[-116.400531736738,33.2951493123676],[-116.40070226842,33.2951429593385],[-116.400949828841,33.2950941684204],[-116.401179898165,33.295109542293],[-116.401444246302,33.2951107203933],[-116.401674237473,33.2951333896231],[-116.401799114976,33.2951340165915],[-116.40192148528,33.2951345654705],[-116.402339107564,33.2951437432367],[-116.402628948092,33.2951452344453],[-116.402876196798,33.2951390368441],[-116.40311458003,33.2951903378619],[-116.403429365875,33.2952706618163],[-116.403753251654,33.2952936448636],[-116.404000342256,33.2953092544707],[-116.404392470352,33.2953325521176],[-116.404647954813,33.2953695777032],[-116.405073264879,33.2954932785306],[-116.405566425597,33.2956889126839],[-116.405727701936,33.2957972393098],[-116.405905215325,33.296012796664],[-116.406091515135,33.2962213728236],[-116.406269028523,33.2964441462919],[-116.406395397229,33.296623699664],[-116.4065221576,33.2968246652913],[-116.406631819439,33.2970114357463],[-116.40673285206,33.2971765552511],[-116.406868007188,33.297363323451],[-116.407020576158,33.2975000477763],[-116.40712215765,33.2976151214458],[-116.407274334056,33.2977947527473],[-116.407401566043,33.297895707297],[-116.407468790569,33.2980463925722],[-116.407535700684,33.2982185717107],[-116.407662932671,33.2983265077657],[-116.40747318333,33.298466369058],[-116.407284923396,33.2985800298909],[-116.407104900115,33.2987152634142],[-116.406822588367,33.2988570859977],[-116.406540121211,33.2990276169726],[-116.406265967963,33.2992195641561],[-116.406051901227,33.2993544835942],[-116.40580332032,33.2995538031343],[-116.405597489339,33.2997318649821],[-116.405417624161,33.2998527440496],[-116.405203164862,33.3000377878966],[-116.404962818811,33.3003015078865],[-116.404670939107,33.3005794272167],[-116.404439379478,33.3007716870771],[-116.40427598581,33.3009855968747],[-116.404130084136,33.3011209085066],[-116.404052820038,33.3012064090781],[-116.403941040871,33.3013420349556],[-116.40372658247,33.3015198611539],[-116.403529615166,33.3016692142482],[-116.403374927969,33.3018403734027],[-116.403237420153,33.3019901193681],[-116.403143053929,33.3020898182285],[-116.402928361068,33.3023250647422],[-116.402704723681,33.3025960785587],[-116.402421393244,33.3029023923509],[-116.40207758373,33.3033088777849],[-116.401967843739,33.3034408936031],[-116.401905560845,33.3035158057866],[-116.401699025585,33.3037868219092],[-116.401543476005,33.3040939979232],[-116.401430127481,33.3044585947922],[-116.401361099138,33.3046015927662],[-116.401274577901,33.3047799686447],[-116.401170800926,33.3049941929466],[-116.401084122485,33.305208573634],[-116.400954694117,33.3054156600456],[-116.400868408239,33.305579916021],[-116.400833501504,33.3056942049874],[-116.400832324711,33.3058517936171],[-116.400831306021,33.3060092258026],[-116.400829971125,33.3061810919191],[-116.400828011001,33.3064818359741],[-116.400826835106,33.3066751158704],[-116.400817265353,33.3068252529386],[-116.400764787571,33.3069969620398],[-116.400721017159,33.3071685919734],[-116.400719996672,33.3073260240339],[-116.400692856771,33.307547777395],[-116.400690894851,33.3078485234934],[-116.400722899129,33.308156483246],[-116.400788240786,33.3085506529954],[-116.400863231248,33.3088230010539],[-116.400997444941,33.3091458670585],[-116.401088985065,33.3094612027257],[-116.401240691652,33.3097341785574],[-116.401283599682,33.3098727843474],[-116.401146327225,33.3099938205264],[-116.400948890102,33.3101932966775],[-116.400811225081,33.3103646125208],[-116.400716546244,33.3105143573623],[-116.400697719352,33.3107649777881],[-116.400712466095,33.3110871376786],[-116.400659676598,33.3113446615888],[-116.400496203877,33.3115442945525],[-116.400367636994,33.3116366990211],[-116.400178750934,33.3118433918056],[-116.399989628617,33.3120500856017],[-116.399843805996,33.3121925351172],[-116.399748890901,33.3123496540684],[-116.399654212962,33.3124924957162],[-116.399642917545,33.3125085759439],[-116.399559455072,33.3126278855848],[-116.399463912953,33.312878035998],[-116.399462579854,33.3130713152289],[-116.399426730786,33.3133217796654],[-116.399366019045,33.3134789761559],[-116.39931267888,33.3137792498749],[-116.399294245451,33.3139943371408],[-116.399233217504,33.3141799297683],[-116.399130301115,33.3142796289555],[-116.398975772021,33.3144149402286],[-116.398873013736,33.3144860084405],[-116.398744447751,33.3145857861004],[-116.39859972287,33.3145835888221],[-116.398340239111,33.3145737051979],[-116.398050083274,33.3145460158802],[-116.397739063166,33.3144662411688],[-116.397272727939,33.3143854461905],[-116.396971826455,33.3143754048979],[-116.396723402753,33.3142872380056],[-116.396350333314,33.3141892639274],[-116.396029351788,33.3140832099847],[-116.395863918944,33.3140040631841],[-116.395719193165,33.3139075023535]]]},"properties":{"OBJECTID":66241,"DFIRM_ID":"06073C","VERSION_ID":"1.1.1.0","FLD_AR_ID":"06073C_2228","STUDY_TYP":"NP","FLD_ZONE":"X","ZONE_SUBTY":"0.2 PCT ANNUAL CHANCE FLOOD HAZARD","SFHA_TF":"F","STATIC_BFE":-9999,"V_DATUM":"","DEPTH":-9999,"LEN_UNIT":"","VELOCITY":-9999,"VEL_UNIT":"","AR_REVERT":"","AR_SUBTRV":"","BFE_REVERT":-9999,"DEP_REVERT":-9999,"DUAL_ZONE":"","SOURCE_CIT":"06073C_FIRM1","GFID":"9756cfe6-d8a6-4507-b39c-704d76ada171","ESRI_SYMBOLOGY":"0.2% Annual Chance Flood Hazard","Shape__Area":4989397.90625,"Shape__Length":10745.216697102354,"GlobalID":"dab508cd-e2f2-4b89-a200-3ca7bfb5ae73"}},{"type":"Feature","id":32400,"geometry":{"type":"Polygon","coordinates":[[[-116.425434559957,33.2421219892088],[-116.4255199044,33.2420864549435],[-116.425997848556,33.2419811856493],[-116.4262365453,33.2419466716163],[-116.426594475432,33.2419338856881],[-116.426986602629,33.2419000778756],[-116.427285309529,33.2418585036699],[-116.427669358178,33.2417384090632],[-116.428130673619,33.2415401085356],[-116.428446869819,33.2413912280723],[-116.428814369704,33.2412281473323],[-116.429660753381,33.2407738137466],[-116.430215962533,33.24055457072],[-116.431164477471,33.2401220433464],[-116.431770987612,33.2398743245707],[-116.431959089443,33.2397894513983],[-116.432112442641,33.2397900006252],[-116.432316940522,33.2397623116207],[-116.432564265585,33.2397346992438],[-116.432777469938,33.2397142260631],[-116.432948315132,33.2396505314419],[-116.433110767366,33.2395438512061],[-116.433316597449,33.2393371569867],[-116.433496778833,33.2391519574209],[-116.433727788694,33.2389883285311],[-116.433873140598,33.238902983406],[-116.434146587771,33.2387682222393],[-116.43513714656,33.2384433166904],[-116.43677633929,33.2378995599678],[-116.437511728927,33.2376330157098],[-116.437946217081,33.2374754263847],[-116.438313243553,33.2373766688102],[-116.438517584229,33.2373991028286],[-116.438602223495,33.2374854675095],[-116.438532802588,33.2376784336008],[-116.438438279159,33.2378212757498],[-116.438266257172,33.2380710327477],[-116.438129141022,33.2381920678233],[-116.437940881986,33.2383201631584],[-116.437522632678,33.2384829292489],[-116.437511728927,33.2384860668765],[-116.436899179413,33.238666167716],[-116.436131079421,33.2388703510265],[-116.435516489833,33.2390679460885],[-116.435302736609,33.2391889820381],[-116.43508835726,33.2393953610451],[-116.434899783814,33.2395807975182],[-116.434506633435,33.2397723509802],[-116.43414705759,33.2400283843111],[-116.433599692527,33.2403480336644],[-116.433009499386,33.2407105113396],[-116.432505592122,33.2409086544677],[-116.432061691421,33.2410497708035],[-116.431677798181,33.2411339387609],[-116.43096947119,33.2412955282997],[-116.430490741907,33.2415508554356],[-116.430174231296,33.2417355856039],[-116.429610080314,33.2420266035354],[-116.429379304915,33.2421256759181],[-116.428977918781,33.2422671824758],[-116.42837125413,33.2425506712363],[-116.428088941484,33.2427283407239],[-116.427806631533,33.2428845967725],[-116.427559071112,33.2429766081324],[-116.42737049587,33.2431259607222],[-116.427250245589,33.243275863013],[-116.427240361426,33.2434977738589],[-116.427331904245,33.2438203263285],[-116.426546703923,33.2432191498772],[-116.425913053881,33.2426808841429],[-116.425434559957,33.2421219892088]]]},"properties":{"OBJECTID":32400,"DFIRM_ID":"06073C","VERSION_ID":"1.1.1.0","FLD_AR_ID":"06073C_1260","STUDY_TYP":"NP","FLD_ZONE":"AO","ZONE_SUBTY":null,"SFHA_TF":"T","STATIC_BFE":-9999,"V_DATUM":"","DEPTH":3,"LEN_UNIT":"Feet","VELOCITY":9,"VEL_UNIT":"Feet / Second","AR_REVERT":"","AR_SUBTRV":"","BFE_REVERT":-9999,"DEP_REVERT":-9999,"DUAL_ZONE":"","SOURCE_CIT":"06073C_FIRM1","GFID":"9756cfe6-d8a6-4507-b39c-704d76ada171","ESRI_SYMBOLOGY":"1% Annual Chance Flood Hazard","Shape__Area":204239.03515625,"Shape__Length":3529.4380490585527,"GlobalID":"09c6a9c3-b7be-4d38-8534-c1de1d12bd50"}},{"type":"Feature","id":32372,"geometry":{"type":"Polygon","coordinates":[[[-116.405271558995,33.2153546866523],[-116.405696711856,33.2154641921442],[-116.406691271741,33.2157553666458],[-116.407040179194,33.2158141974029],[-116.407474510142,33.2158520849006],[-116.407712894273,33.2158318466224],[-116.407908998296,33.2158255719961],[-116.408096473102,33.2157835277046],[-116.408241432443,33.2157555229667],[-116.408463579525,33.2156779449183],[-116.408642974883,33.2155784803277],[-116.409147354661,33.2153015823729],[-116.409472258231,33.2151314425379],[-116.40968616866,33.2149894636865],[-116.41002848697,33.2147401766296],[-116.410525022659,33.2143558924204],[-116.410833296616,33.2141282536598],[-116.411167222865,33.2138506506628],[-116.4113989397,33.2136012062917],[-116.411527504787,33.213472952999],[-116.411605084193,33.2133371726087],[-116.411768556015,33.213101847191],[-116.411957834639,33.2128233788895],[-116.412155821531,33.2124949437806],[-116.412353258654,33.212252561083],[-116.412593994573,33.2119243620815],[-116.412714323906,33.2117601839551],[-116.41282602492,33.2116320098864],[-116.41299687191,33.2115396062925],[-116.413150695826,33.2114686947767],[-116.413414884961,33.211448614068],[-116.41362746229,33.2114924619783],[-116.41373798741,33.2115503516181],[-116.413958407929,33.2116802521807],[-116.414178983857,33.2118172098562],[-116.414356889809,33.2119612291207],[-116.414552366808,33.2120265695643],[-116.414662811079,33.2120557509584],[-116.414687990857,33.2121132479039],[-116.41467018535,33.2121920827371],[-116.414576134434,33.2122844082301],[-116.414430625325,33.2123983841548],[-116.414259622027,33.212483413931],[-116.41406320539,33.2125827993667],[-116.413909460526,33.2126464926574],[-116.413780894541,33.2127534882926],[-116.413754379867,33.2128892703401],[-116.413830155456,33.213039955736],[-116.414007825151,33.2132126061057],[-116.414202517921,33.2133924718932],[-116.414465140394,33.2135727311293],[-116.414711446767,33.2137098474286],[-116.414778983009,33.2138104091655],[-116.414752863593,33.2138890861455],[-116.414632847773,33.2140030599804],[-116.41436779356,33.2141664552865],[-116.414153883132,33.2142943934127],[-116.413769441021,33.2144786520637],[-116.413547372991,33.2145778804137],[-116.413342641548,33.2146197682099],[-116.412830889297,33.2147248802985],[-116.412565992289,33.214838227003],[-116.41241209022,33.2149231807567],[-116.412112052017,33.2151867436947],[-116.411966385702,33.2153577461973],[-116.411811148736,33.2156293102671],[-116.411724628398,33.2158436916786],[-116.411552135693,33.2161650662835],[-116.411371955207,33.2163575623585],[-116.410969785742,33.2166061428736],[-116.410730539229,33.2167196479697],[-116.410593736591,33.2168119724437],[-116.410405477556,33.216947128931],[-116.410148818099,33.2171105224976],[-116.409977972007,33.2171886501478],[-116.409602471727,33.2172941529523],[-116.409372480556,33.2173001148369],[-116.409022946977,33.2173343161915],[-116.408665252204,33.2173326680877],[-116.408384117249,33.2173385510591],[-116.408043289244,33.2173727516472],[-116.407642296573,33.2174495458521],[-116.407377792129,33.2175341851866],[-116.407027550678,33.2176542010568],[-116.406788383216,33.2177819807724],[-116.406591729424,33.2179026253288],[-116.406412020553,33.2180020880289],[-116.405924193133,33.2183579773119],[-116.405453465145,33.218685000108],[-116.405355413133,33.2180865690091],[-116.40516228972,33.2172503838535],[-116.405053098599,33.2165816698656],[-116.405086829439,33.2158180415421],[-116.405271558995,33.2153546866523]]]},"properties":{"OBJECTID":32372,"DFIRM_ID":"06073C","VERSION_ID":"1.1.1.0","FLD_AR_ID":"06073C_394","STUDY_TYP":"NP","FLD_ZONE":"AO","ZONE_SUBTY":null,"SFHA_TF":"T","STATIC_BFE":-9999,"V_DATUM":"","DEPTH":4,"LEN_UNIT":"Feet","VELOCITY":9,"VEL_UNIT":"Feet / Second","AR_REVERT":"","AR_SUBTRV":"","BFE_REVERT":-9999,"DEP_REVERT":-9999,"DUAL_ZONE":"","SOURCE_CIT":"06073C_FIRM1","GFID":"9756cfe6-d8a6-4507-b39c-704d76ada171","ESRI_SYMBOLOGY":"1% Annual Chance Flood Hazard","Shape__Area":327907.75390625,"Shape__Length":3411.61823814889,"GlobalID":"a69ab7ac-ab75-4ca3-a700-c7072098797d"}},{"type":"Feature","id":32443,"geometry":{"type":"Polygon","coordinates":[[[-116.401283599682,33.3098727843474],[-116.401240691652,33.3097341785574],[-116.401088985065,33.3094612027257],[-116.400997444941,33.3091458670585],[-116.400863231248,33.3088230010539],[-116.400788240786,33.3085506529954],[-116.400722899129,33.308156483246],[-116.400690894851,33.3078485234934],[-116.400692856771,33.307547777395],[-116.400719996672,33.3073260240339],[-116.400721017159,33.3071685919734],[-116.400764787571,33.3069969620398],[-116.400817265353,33.3068252529386],[-116.400826835106,33.3066751158704],[-116.400828011001,33.3064818359741],[-116.400829971125,33.3061810919191],[-116.400831306021,33.3060092258026],[-116.400832324711,33.3058517936171],[-116.400833501504,33.3056942049874],[-116.400868408239,33.305579916021],[-116.400954694117,33.3054156600456],[-116.401084122485,33.305208573634],[-116.401170800926,33.3049941929466],[-116.401274577901,33.3047799686447],[-116.401361099138,33.3046015927662],[-116.401430127481,33.3044585947922],[-116.401543476005,33.3040939979232],[-116.401699025585,33.3037868219092],[-116.401905560845,33.3035158057866],[-116.401967843739,33.3034408936031],[-116.40207758373,33.3033088777849],[-116.402421393244,33.3029023923509],[-116.402704723681,33.3025960785587],[-116.402928361068,33.3023250647422],[-116.403143053929,33.3020898182285],[-116.403237420153,33.3019901193681],[-116.403374927969,33.3018403734027],[-116.403529615166,33.3016692142482],[-116.40372658247,33.3015198611539],[-116.403941040871,33.3013420349556],[-116.404052820038,33.3012064090781],[-116.404130084136,33.3011209085066],[-116.40427598581,33.3009855968747],[-116.404439379478,33.3007716870771],[-116.404670939107,33.3005794272167],[-116.404962818811,33.3003015078865],[-116.405203164862,33.3000377878966],[-116.405417624161,33.2998527440496],[-116.405597489339,33.2997318649821],[-116.40580332032,33.2995538031343],[-116.406051901227,33.2993544835942],[-116.406265967963,33.2992195641561],[-116.406540121211,33.2990276169726],[-116.406822588367,33.2988570859977],[-116.407104900115,33.2987152634142],[-116.407284923396,33.2985800298909],[-116.40747318333,33.298466369058],[-116.407662932671,33.2983265077657],[-116.407798009646,33.2985132765068],[-116.407925084427,33.2986499216941],[-116.408069651204,33.2987006725416],[-116.408171704312,33.2987441305545],[-116.408340824741,33.2989095636289],[-116.40849339371,33.2990752313982],[-116.408645961782,33.2991759509592],[-116.408841595986,33.29928427776],[-116.409062015607,33.2994572428194],[-116.409274278526,33.2995869834701],[-116.40956247334,33.2998319568502],[-116.409808544354,33.3000119807696],[-116.410062851123,33.3002350674086],[-116.41030005846,33.3004654506436],[-116.410528402121,33.3007457217458],[-116.410283821412,33.3008226739464],[-116.410068342524,33.3010157967019],[-116.409803522772,33.3011666402634],[-116.40955509907,33.3013316017412],[-116.409405667916,33.3014556957954],[-116.409124377553,33.3015928116328],[-116.408776881353,33.3017987991957],[-116.408494569605,33.3020604799418],[-116.408163312251,33.3022805874269],[-116.407881393067,33.3025283844965],[-116.40766591418,33.3026935040689],[-116.407549742251,33.3027899068883],[-116.407334186108,33.3029689111319],[-116.407184833107,33.3031067333378],[-116.407018692391,33.3032998562913],[-116.406868791417,33.303492979568],[-116.40671928211,33.3036722181157],[-116.40653659173,33.3038653413187],[-116.406304562282,33.3040441886936],[-116.405989384772,33.3043057117955],[-116.405773512422,33.304540251855],[-116.405557092999,33.304829858538],[-116.405440371301,33.3050232156716],[-116.405273213691,33.305327097445],[-116.405172964401,33.3055343404863],[-116.405138136717,33.3057971984908],[-116.405102053189,33.3062538065128],[-116.405099229784,33.3066556621475],[-116.405080953559,33.3069462888434],[-116.405078442768,33.3073064135483],[-116.405075618465,33.3077357230885],[-116.405171866659,33.3081377370587],[-116.405300040979,33.3086644711056],[-116.405413075093,33.3090389511363],[-116.405575840839,33.3093444029732],[-116.405640868984,33.3094830078813],[-116.405772179323,33.3095805893583],[-116.405906550221,33.309619653149],[-116.405855092027,33.3096870339054],[-116.405752021128,33.3098154433014],[-116.405614589669,33.3099723270526],[-116.405485319405,33.3101577623306],[-116.40536459661,33.3103719854329],[-116.405226777079,33.3105647950089],[-116.40514096102,33.3106787711454],[-116.405020318176,33.310828672349],[-116.404857316173,33.3109852412251],[-116.40474569421,33.3110849410628],[-116.404471619115,33.311269906275],[-116.404266729569,33.3112975170568],[-116.403874835933,33.3112597865486],[-116.403560130038,33.3111294176413],[-116.403398853698,33.3110355224489],[-116.40320392557,33.3108628731348],[-116.403077165198,33.3106975963634],[-116.402865608356,33.3104531730081],[-116.402730218768,33.3103163713935],[-116.402620242519,33.310179882619],[-116.402527368397,33.3100504542656],[-116.402434650581,33.3098783540393],[-116.402324988743,33.3097060184933],[-116.402155320342,33.3095832574741],[-116.402024008207,33.3095738432439],[-116.401942273194,33.3095680385521],[-116.40175432767,33.3096030243514],[-116.401583403425,33.3096880541544],[-116.401352392666,33.3097943424176],[-116.401283599682,33.3098727843474]]]},"properties":{"OBJECTID":32443,"DFIRM_ID":"06073C","VERSION_ID":"1.1.1.0","FLD_AR_ID":"06073C_2688","STUDY_TYP":"NP","FLD_ZONE":"AO","ZONE_SUBTY":null,"SFHA_TF":"T","STATIC_BFE":-9999,"V_DATUM":"","DEPTH":1,"LEN_UNIT":"Feet","VELOCITY":4,"VEL_UNIT":"Feet / Second","AR_REVERT":"","AR_SUBTRV":"","BFE_REVERT":-9999,"DEP_REVERT":-9999,"DUAL_ZONE":"","SOURCE_CIT":"06073C_FIRM1","GFID":"9756cfe6-d8a6-4507-b39c-704d76ada171","ESRI_SYMBOLOGY":"1% Annual Chance Flood Hazard","Shape__Area":793345.21484375,"Shape__Length":4502.4965049021121,"GlobalID":"8b30b371-1c93-4900-b300-0b05194ab65e"}},{"type":"Feature","id":32371,"geometry":{"type":"Polygon","coordinates":[[[-116.405906550221,33.309619653149],[-116.405772179323,33.3095805893583],[-116.405640868984,33.3094830078813],[-116.405575840839,33.3093444029732],[-116.405413075093,33.3090389511363],[-116.405300040979,33.3086644711056],[-116.405171866659,33.3081377370587],[-116.405075618465,33.3077357230885],[-116.405078442768,33.3073064135483],[-116.405080953559,33.3069462888434],[-116.405099229784,33.3066556621475],[-116.405102053189,33.3062538065128],[-116.405138136717,33.3057971984908],[-116.405172964401,33.3055343404863],[-116.405273213691,33.305327097445],[-116.405440371301,33.3050232156716],[-116.405557092999,33.304829858538],[-116.405773512422,33.304540251855],[-116.405989384772,33.3043057117955],[-116.406304562282,33.3040441886936],[-116.40653659173,33.3038653413187],[-116.40671928211,33.3036722181157],[-116.406868791417,33.303492979568],[-116.407018692391,33.3032998562913],[-116.407184833107,33.3031067333378],[-116.407334186108,33.3029689111319],[-116.407549742251,33.3027899068883],[-116.40766591418,33.3026935040689],[-116.407881393067,33.3025283844965],[-116.408163312251,33.3022805874269],[-116.408494569605,33.3020604799418],[-116.408776881353,33.3017987991957],[-116.409124377553,33.3015928116328],[-116.409405667916,33.3014556957954],[-116.40955509907,33.3013316017412],[-116.409803522772,33.3011666402634],[-116.410068342524,33.3010157967019],[-116.410283821412,33.3008226739464],[-116.410528402121,33.3007457217458],[-116.410697678856,33.3009183708192],[-116.410892292574,33.3011340078681],[-116.41106917804,33.3014499701487],[-116.411212803383,33.3016439549402],[-116.411331016284,33.3018235088711],[-116.411457933861,33.3019454849645],[-116.411593559706,33.3020824438653],[-116.411754285378,33.3022693697399],[-116.411957449261,33.3024779459553],[-116.412169398668,33.3026722452963],[-116.412398525659,33.3028236378267],[-116.412610788578,33.3029607530151],[-116.412831916071,33.3030475881934],[-116.413044256245,33.3031632108806],[-116.413282169658,33.303300562034],[-116.413169370903,33.3033706099728],[-116.413037040078,33.3034114776888],[-116.412904003178,33.3035769890022],[-116.412688367984,33.3037698781707],[-116.412505833911,33.3039352318898],[-116.412307378099,33.304031086766],[-116.412108685131,33.3041410630131],[-116.411860260531,33.3042921414195],[-116.411645173309,33.304416000021],[-116.411479191594,33.3045673925276],[-116.411346470002,33.3046912514889],[-116.411163700571,33.3048843739369],[-116.410931199508,33.3051324849397],[-116.41074827377,33.3053393350387],[-116.41059845095,33.3055740322324],[-116.410465021486,33.3057951594032],[-116.410314805204,33.3060434262266],[-116.410181220331,33.3063059696279],[-116.409980723547,33.3066789597669],[-116.409896399589,33.3069692703158],[-116.409762420356,33.3072595048225],[-116.409710100677,33.3076746959441],[-116.409641699358,33.3080342718461],[-116.409623265929,33.3083249765294],[-116.409621147701,33.3086574111093],[-116.409618559655,33.3090173005223],[-116.409712297957,33.3092257202106],[-116.409540666737,33.3093968795493],[-116.409403317025,33.3095393288952],[-116.409249099647,33.3096674239507],[-116.40898341841,33.3098381132138],[-116.408794844964,33.3099802487834],[-116.408606428723,33.3101297578047],[-116.408409618624,33.3102217711403],[-116.408025726282,33.3102558130095],[-116.407736198368,33.3101901578721],[-116.407447220222,33.3100598661923],[-116.407269157963,33.3099156910104],[-116.407167576471,33.3097864199191],[-116.407100193841,33.3096644427808],[-116.407050071442,33.3095208953117],[-116.407042697172,33.3093489509444],[-116.40701822347,33.309198580237],[-116.406865497295,33.3090689942729],[-116.406678023387,33.3090609148038],[-116.406464348317,33.3091458670585],[-116.406309896479,33.30925976397],[-116.406121480238,33.3093876229538],[-116.405958400081,33.3095517220509],[-116.405906550221,33.309619653149]]]},"properties":{"OBJECTID":32371,"DFIRM_ID":"06073C","VERSION_ID":"1.1.1.0","FLD_AR_ID":"06073C_336","STUDY_TYP":"NP","FLD_ZONE":"AO","ZONE_SUBTY":null,"SFHA_TF":"T","STATIC_BFE":-9999,"V_DATUM":"","DEPTH":1,"LEN_UNIT":"Feet","VELOCITY":5,"VEL_UNIT":"Feet / Second","AR_REVERT":"","AR_SUBTRV":"","BFE_REVERT":-9999,"DEP_REVERT":-9999,"DUAL_ZONE":"","SOURCE_CIT":"06073C_FIRM1","GFID":"9756cfe6-d8a6-4507-b39c-704d76ada171","ESRI_SYMBOLOGY":"1% Annual Chance Flood Hazard","Shape__Area":596725.33984375,"Shape__Length":3467.1327152183726,"GlobalID":"16306ddc-ef79-4788-a8b2-d06bf6584437"}},{"type":"Feature","id":32364,"geometry":{"type":"Polygon","coordinates":[[[-116.413282169658,33.303300562034],[-116.413536947144,33.3034447368915],[-116.413732266938,33.3035602028883],[-116.413884678702,33.3037184200287],[-116.414028462148,33.3038909130606],[-116.414155379725,33.3040418342358],[-116.414273906138,33.3041499267553],[-116.414434868068,33.3043224196846],[-116.414612536865,33.3045165617572],[-116.414670898612,33.3047316478484],[-116.414762910351,33.3049970173641],[-116.414542647037,33.3051495838237],[-116.414327246303,33.3053008203976],[-116.414029011019,33.3055210841238],[-116.413697596459,33.3057547612842],[-116.41348180406,33.3059477274696],[-116.413298956476,33.3061683041325],[-116.413116029839,33.3063891182295],[-116.412916397234,33.3066512694434],[-116.412699976912,33.3069548384833],[-116.412516581355,33.3072586414531],[-116.412382603021,33.3075487976691],[-116.412265804067,33.3077699235861],[-116.412115901298,33.3079907373812],[-116.411965843119,33.3082532028479],[-116.411914699335,33.3084604449411],[-116.411913600696,33.3086404675664],[-116.411931798767,33.308842455044],[-116.411786289657,33.3089277986479],[-116.41158116565,33.3090198109998],[-116.411393220126,33.3090761315621],[-116.411151856284,33.3090347927834],[-116.410870878535,33.3089832574188],[-116.410717603489,33.3089467818997],[-116.410478904949,33.3089313286352],[-116.410282645517,33.3089590189854],[-116.410043712516,33.3090009065917],[-116.409857962475,33.3091191181956],[-116.409712297957,33.3092257202106],[-116.409618559655,33.3090173005223],[-116.409621147701,33.3086574111093],[-116.409623265929,33.3083249765294],[-116.409641699358,33.3080342718461],[-116.409710100677,33.3076746959441],[-116.409762420356,33.3072595048225],[-116.409896399589,33.3069692703158],[-116.409980723547,33.3066789597669],[-116.410181220331,33.3063059696279],[-116.410314805204,33.3060434262266],[-116.410465021486,33.3057951594032],[-116.41059845095,33.3055740322324],[-116.41074827377,33.3053393350387],[-116.410931199508,33.3051324849397],[-116.411163700571,33.3048843739369],[-116.411346470002,33.3046912514889],[-116.411479191594,33.3045673925276],[-116.411645173309,33.304416000021],[-116.411860260531,33.3042921414195],[-116.412108685131,33.3041410630131],[-116.412307378099,33.304031086766],[-116.412505833911,33.3039352318898],[-116.412688367984,33.3037698781707],[-116.412904003178,33.3035769890022],[-116.413037040078,33.3034114776888],[-116.413169370903,33.3033706099728],[-116.413282169658,33.303300562034]]]},"properties":{"OBJECTID":32364,"DFIRM_ID":"06073C","VERSION_ID":"1.1.1.0","FLD_AR_ID":"06073C_45","STUDY_TYP":"NP","FLD_ZONE":"AO","ZONE_SUBTY":null,"SFHA_TF":"T","STATIC_BFE":-9999,"V_DATUM":"","DEPTH":2,"LEN_UNIT":"Feet","VELOCITY":6,"VEL_UNIT":"Feet / Second","AR_REVERT":"","AR_SUBTRV":"","BFE_REVERT":-9999,"DEP_REVERT":-9999,"DUAL_ZONE":"","SOURCE_CIT":"06073C_FIRM1","GFID":"9756cfe6-d8a6-4507-b39c-704d76ada171","ESRI_SYMBOLOGY":"1% Annual Chance Flood Hazard","Shape__Area":221413.41015625,"Shape__Length":2118.9130473827713,"GlobalID":"afcb019d-37c3-4a87-b0c9-4ec324c33a9b"}},{"type":"Feature","id":32387,"geometry":{"type":"Polygon","coordinates":[[[-116.411931798767,33.308842455044],[-116.411913600696,33.3086404675664],[-116.411914699335,33.3084604449411],[-116.411965843119,33.3082532028479],[-116.412115901298,33.3079907373812],[-116.412265804067,33.3077699235861],[-116.412382603021,33.3075487976691],[-116.412516581355,33.3072586414531],[-116.412699976912,33.3069548384833],[-116.412916397234,33.3066512694434],[-116.413116029839,33.3063891182295],[-116.413298956476,33.3061683041325],[-116.41348180406,33.3059477274696],[-116.413697596459,33.3057547612842],[-116.414029011019,33.3055210841238],[-116.414327246303,33.3053008203976],[-116.414542647037,33.3051495838237],[-116.414762910351,33.3049970173641],[-116.414846214721,33.3053051343386],[-116.414972819684,33.3054631929036],[-116.415150332174,33.3057074613236],[-116.415395070987,33.3060882154431],[-116.415504888233,33.3062462763426],[-116.415682244417,33.3064975231599],[-116.415910744384,33.3067563804623],[-116.416207646568,33.3069797036064],[-116.416436067484,33.307231501618],[-116.416605736783,33.3073683035681],[-116.416809448639,33.307519460468],[-116.417095760584,33.3076378279846],[-116.417469770559,33.3078116556074],[-116.417792634954,33.3079705774962],[-116.418228848771,33.3082062931299],[-116.418373024781,33.3083143864936],[-116.418543007592,33.308393847016],[-116.41881519892,33.3085097051058],[-116.419006989233,33.3087281649486],[-116.419219409357,33.3088366495528],[-116.419491286274,33.308980982673],[-116.419835644659,33.3092890990841],[-116.420196240092,33.3094934401205],[-116.420406934552,33.3095789422433],[-116.420647515063,33.3096813072976],[-116.420913039095,33.3097294706998],[-116.421083021906,33.3098163066455],[-116.421201704626,33.3099098075145],[-116.421288537578,33.3100139003661],[-116.420086893562,33.3119737603961],[-116.419994723719,33.3119303825456],[-116.419858784362,33.3118581373792],[-116.419773911534,33.3117860505541],[-116.419629972679,33.3116494056788],[-116.419434338475,33.311562570808],[-116.419281456892,33.3114758927512],[-116.419043386274,33.3113674084278],[-116.418805159348,33.3112662187309],[-116.418626783577,33.3111793834785],[-116.418490843322,33.3111071399419],[-116.418218574739,33.3110271286088],[-116.41802278333,33.3109617863535],[-116.417818757064,33.3108891500076],[-116.417631517616,33.3108167485781],[-116.417393289793,33.3107368165555],[-116.417035910328,33.3106278613574],[-116.416610129545,33.3105542044944],[-116.416320758836,33.3104741153288],[-116.416091082974,33.3103943406452],[-116.415843835167,33.3103787307348],[-116.41567338074,33.3103708090402],[-116.41532431698,33.3102975445917],[-116.415006314268,33.3102485969901],[-116.414751144218,33.3101614484201],[-116.414530096674,33.3100673967839],[-116.414295163871,33.309913337462],[-116.414091215759,33.3098048526958],[-116.413930097523,33.3096610704777],[-116.41371822627,33.3094810469566],[-116.41364221622,33.3093660505031],[-116.413507141043,33.3091722217749],[-116.413420305396,33.3089881199694],[-116.413293230614,33.3088515532907],[-116.413063867366,33.30872879257],[-116.412825719492,33.308641800888],[-116.412621299765,33.3086193678997],[-116.41241680368,33.3085897164968],[-116.412134885395,33.3086743538982],[-116.411931798767,33.308842455044]]]},"properties":{"OBJECTID":32387,"DFIRM_ID":"06073C","VERSION_ID":"1.1.1.0","FLD_AR_ID":"06073C_751","STUDY_TYP":"NP","FLD_ZONE":"AO","ZONE_SUBTY":null,"SFHA_TF":"T","STATIC_BFE":-9999,"V_DATUM":"","DEPTH":2,"LEN_UNIT":"Feet","VELOCITY":7,"VEL_UNIT":"Feet / Second","AR_REVERT":"","AR_SUBTRV":"","BFE_REVERT":-9999,"DEP_REVERT":-9999,"DUAL_ZONE":"","SOURCE_CIT":"06073C_FIRM1","GFID":"9756cfe6-d8a6-4507-b39c-704d76ada171","ESRI_SYMBOLOGY":"1% Annual Chance Flood Hazard","Shape__Area":396924.4921875,"Shape__Length":3000.9577149850561,"GlobalID":"89fda981-0cf2-4cf0-92fa-184b05bd8220"}},{"type":"Feature","id":32406,"geometry":{"type":"Polygon","coordinates":[[[-116.335762894835,33.320702031508],[-116.335872868388,33.3204649804873],[-116.3360591673,33.320263307434],[-116.336373639633,33.3200262559707],[-116.336801772206,33.3197779899293],[-116.33702995956,33.3196957038309],[-116.337344117483,33.3194945799751],[-116.337872343039,33.3191751670179],[-116.338414295752,33.3189276041685],[-116.338685860056,33.3187260889492],[-116.338942992026,33.3185485755833],[-116.339271425975,33.3183592967553],[-116.339613902389,33.3181701729034],[-116.339885152282,33.318016506985],[-116.340156246767,33.3178629188648],[-116.340456127765,33.3176855628822],[-116.34075601056,33.3174961267919],[-116.341212539777,33.3172957853132],[-116.341512108161,33.3171065067674],[-116.341586235342,33.3170714436573],[-116.341711897972,33.3170119844453],[-116.342254086043,33.3167284964354],[-116.342767720265,33.3164567766157],[-116.342967511872,33.316374333493],[-116.343266609539,33.316256591892],[-116.343622968518,33.316115319327],[-116.34380840325,33.3160326424196],[-116.344322039268,33.3157730011689],[-116.344821946334,33.3154293491995],[-116.345720496079,33.3150165897034],[-116.346262132584,33.3148047186681],[-116.346718271034,33.3146161456194],[-116.347031880087,33.3144746369299],[-116.347374591859,33.3142617466341],[-116.34763117406,33.3141556154578],[-116.347987769296,33.3139904958188],[-116.348429865281,33.3137898430005],[-116.348914476733,33.3136015815496],[-116.349256952248,33.3134124593865],[-116.349699675258,33.3131401894736],[-116.350013205258,33.3129987594647],[-116.350312382875,33.3128929412972],[-116.350640502414,33.3127394327333],[-116.351039770321,33.3125744695627],[-116.351396208351,33.3123855035716],[-116.351766687947,33.3122560739882],[-116.352180074674,33.3120792673819],[-116.352479485853,33.3119496834471],[-116.353092819597,33.3116425058272],[-116.353449414832,33.3114655410763],[-116.353962892747,33.3112295114431],[-116.354419187504,33.311017090683],[-116.355302987809,33.3106517892768],[-116.356101287365,33.3103217068294],[-116.356685676491,33.3100863835411],[-116.357241749822,33.3098384300235],[-116.357983334242,33.309472498315],[-116.358668128966,33.3090940975286],[-116.35943764111,33.3088235536005],[-116.359993478183,33.3085878351309],[-116.360892025233,33.3081509952757],[-116.361219753106,33.3080214100071],[-116.361548030749,33.3078561346063],[-116.3621466968,33.3075965703561],[-116.362602833454,33.3074079974825],[-116.362916756916,33.3072187169885],[-116.363472985655,33.3069473098752],[-116.363743766628,33.3068291779106],[-116.364014467651,33.306735125683],[-116.364384789143,33.3066177779768],[-116.364797705154,33.3065122726405],[-116.365282003991,33.3063597828906],[-116.365709666745,33.3061708176951],[-116.366122739961,33.3060419374565],[-116.36664908175,33.3059490638354],[-116.367061606095,33.3058915655509],[-116.367445891001,33.3058099090027],[-116.367829941446,33.3057760215577],[-116.36834255608,33.3056236874313],[-116.36881226448,33.3055066535533],[-116.369466231719,33.30546225519],[-116.369921192478,33.3054526858559],[-116.37030563369,33.3053472594427],[-116.370675406312,33.3052893696087],[-116.371159548843,33.3051606472316],[-116.371529555925,33.3050909130528],[-116.371913292859,33.3050927164136],[-116.372269182018,33.3049992156348],[-116.37258247666,33.3049053213489],[-116.373052026957,33.3048002096004],[-116.373649829728,33.3046719572393],[-116.374176564979,33.3045553139909],[-116.374688866101,33.3044385940068],[-116.375011889497,33.3044230618622],[-116.375357031213,33.3044062751605],[-116.376011155656,33.3043259513598],[-116.37646627362,33.304280532834],[-116.377332815493,33.3043206170586],[-116.378299137736,33.3043254798692],[-116.378881487687,33.3043642299354],[-116.379322171521,33.3043425796622],[-116.379975980656,33.3043219496955],[-116.380359404077,33.3043477570488],[-116.38095650167,33.3043148908492],[-116.381609918241,33.304318105695],[-116.382193365035,33.3042136223943],[-116.3826771159,33.3041444370313],[-116.383202830666,33.3041471045627],[-116.383813889875,33.3041500859213],[-116.384410830263,33.3041410645147],[-116.384865475713,33.3041434174682],[-116.385405468301,33.3041460842489],[-116.385580549052,33.3041624002599],[-116.3856592262,33.3041696956151],[-116.385501872803,33.3043241464816],[-116.385444139876,33.3044550646239],[-116.385514265961,33.3045986917565],[-116.385539916455,33.3049924684152],[-116.385609494567,33.3051957098767],[-116.385679698805,33.3053154116677],[-116.385791871434,33.3055188888694],[-116.385946558631,33.3057582936522],[-116.386058886669,33.3059616136609],[-116.386128621088,33.3061290856393],[-116.386198747173,33.3062844774973],[-116.386240477511,33.3064159460092],[-116.386239301616,33.3065711826991],[-116.386180626357,33.3068333326149],[-116.386079829992,33.3070117099344],[-116.385964833958,33.3072021658117],[-116.385948596909,33.3075003995779],[-116.385961305375,33.3077152515824],[-116.385930476093,33.3080492553006],[-116.385942399432,33.3083714147147],[-116.385954480874,33.3086817292054],[-116.385967345647,33.3088607318659],[-116.386023194807,33.3090042804219],[-116.386107362457,33.3091835984815],[-116.386248008986,33.3093752312763],[-116.386417834592,33.3094835581715],[-116.386616290405,33.3095440367631],[-116.386786823884,33.3095688238221],[-116.386943000487,33.3095695302648],[-116.38726994503,33.309571020476],[-116.387554059696,33.309572511438],[-116.387809386053,33.309657384367],[-116.388007686457,33.3097418660806],[-116.388078912079,33.309718412376],[-116.388205201733,33.3099457360972],[-116.388246776663,33.3101011294118],[-116.388273211387,33.3103875960952],[-116.388271250365,33.3106739079385],[-116.388269917265,33.3108650705069],[-116.388267878089,33.3111393009052],[-116.38828042935,33.3113779980929],[-116.388321688971,33.3115929291277],[-116.38841911306,33.3118916343402],[-116.388488299507,33.3121544926993],[-116.38860047034,33.3123580485318],[-116.388765589672,33.3125075564785],[-116.388812341593,33.3125499934016],[-116.388995893457,33.3127179376842],[-116.389236160456,33.3129100394102],[-116.389476896375,33.3130424490773],[-116.389817333614,33.3131277930745],[-116.390415135486,33.3129873051823],[-116.390757297489,33.3128458756761],[-116.390914181067,33.3127511175158],[-116.39119955068,33.3125973722286],[-116.39141322575,33.3125268534987],[-116.391668944671,33.3125401095468],[-116.392004204918,33.3126074902983],[-116.392108766122,33.312637613282],[-116.392264708265,33.3127100935252],[-116.392405511101,33.312889802589],[-116.392447554951,33.3129734216112],[-116.392574629733,33.3130935931771],[-116.392659661563,33.3131296750931],[-116.392787599626,33.3131423830347],[-116.392915458637,33.31313085295],[-116.393086148422,33.3131197935562],[-116.393270877079,33.3131205772928],[-116.393426583864,33.3131690533407],[-116.393603940047,33.3131849780476],[-116.393737918382,33.3133973972792],[-116.393822086032,33.3135291005462],[-116.39385024642,33.3135887941006],[-116.394034427104,33.3136614312002],[-116.394190368349,33.3137336763737],[-116.394388983164,33.3137705432571],[-116.394516921227,33.3137830942089],[-116.39468776642,33.3137361859647],[-116.394787308737,33.3137248121042],[-116.3949152468,33.3137133594188],[-116.395086249199,33.3136545285051],[-116.395233877435,33.3135651845341],[-116.395283059298,33.3136013450787],[-116.395388798193,33.3136791590004],[-116.395522933733,33.313793134819],[-116.395719193165,33.3139075023535],[-116.395582391425,33.3139916691599],[-116.395513363981,33.3141202351173],[-116.3955125007,33.3142204838823],[-116.395579567122,33.3143783859068],[-116.395595492456,33.3145646075483],[-116.395602708622,33.314750748468],[-116.395618161442,33.3149870921154],[-116.395659186602,33.3152235942677],[-116.395699975506,33.3154814302555],[-116.395732607707,33.3156963616836],[-116.395722252827,33.3159756124534],[-116.395703270527,33.3162403524612],[-116.395719037757,33.3164410063953],[-116.395648126545,33.3168200358876],[-116.395602708622,33.3172136545121],[-116.395541368061,33.3174710214514],[-116.395488891177,33.3176497118051],[-116.395487242769,33.3179003319868],[-116.39537405145,33.3182290803397],[-116.395252153659,33.3185936766551],[-116.395216462694,33.3188226466943],[-116.395214815184,33.3190588351759],[-116.395162651812,33.3191946179473],[-116.39503338065,33.3194017026681],[-116.394929444673,33.3196373408559],[-116.394885518852,33.319823248001],[-116.3948419829,33.3199590288309],[-116.394720085109,33.320316486796],[-116.394606266766,33.3207382679093],[-116.394562025637,33.3209744542025],[-116.394525943007,33.3212463333358],[-116.394455030897,33.3216325795289],[-116.394384982966,33.3219113601524],[-116.39435007623,33.3220186678795],[-116.394348979388,33.3221833159296],[-116.39432042464,33.3226127841548],[-116.394308894763,33.3230565285585],[-116.394323328893,33.323421829025],[-116.394220726016,33.3233768835775],[-116.394035997359,33.3233316220969],[-116.393912921877,33.3233014224926],[-116.393798240253,33.3233007957267],[-116.393613510698,33.3232481601321],[-116.393437487615,33.3232325502716],[-116.393226246081,33.3231945066667],[-116.393067714993,33.3231862693755],[-116.392873885504,33.3231705033751],[-116.392697548909,33.3231768566142],[-116.392477128389,33.3231760722174],[-116.392195287358,33.3231747391181],[-116.392001302461,33.3231810923569],[-116.391754603524,33.3232020368743],[-116.391543204785,33.3231862693755],[-116.391410952114,33.3231855637938],[-116.391217278034,33.3231548935006],[-116.390838956145,33.3230791184644],[-116.390416470382,33.322995657759],[-116.390258253705,33.3229505537107],[-116.390055403334,33.322971653662],[-116.389887774108,33.3229931469333],[-116.389649859797,33.3229993433057],[-116.38931444504,33.3230642149069],[-116.388988363778,33.3230774716045],[-116.388812027183,33.3230839824806],[-116.388609334017,33.323083041954],[-116.388451118237,33.3230380948306],[-116.388275095154,33.3230074237349],[-116.38797552677,33.3230058549383],[-116.387649445508,33.3229894598851],[-116.387420474824,33.3229735369694],[-116.387156283892,33.3229648305193],[-116.386874286555,33.3229561225671],[-116.386653866933,33.3229624765725],[-116.38647752944,33.3229837334005],[-116.386292407321,33.3229903230988],[-116.386001232795,33.3230183264959],[-116.385657579588,33.3230315058866],[-116.385313928177,33.3230297006449],[-116.384970432176,33.3230132275318],[-116.384662000114,33.3230117375504],[-116.384468171524,33.3230107189585],[-116.384141777649,33.3230387215984],[-116.383762746989,33.32307394219],[-116.383374696346,33.3231163792235],[-116.383083679025,33.3231371661263],[-116.38266958712,33.3231349698142],[-116.382290400154,33.3231628162854],[-116.381823359749,33.3231678356751],[-116.381523791365,33.3231589731156],[-116.381197395693,33.3231943490368],[-116.380853194514,33.3232665953168],[-116.380597396542,33.3233170330914],[-116.380377133227,33.3233086389327],[-116.38008611411,33.3233292689106],[-116.379733441817,33.3233571160703],[-116.379363120324,33.3233923372839],[-116.379036880959,33.3234128884272],[-116.378613610967,33.3234700719074],[-116.378075266787,33.3235634185174],[-116.377642975014,33.323635191604],[-116.376954808015,33.3237426563387],[-116.376504710735,33.3238367074828],[-116.376134232037,33.3239014223331],[-116.375869490438,33.3239518597404],[-116.375507405598,33.3240609724271],[-116.375011890396,33.32417180988],[-116.374924897544,33.3241912634473],[-116.374315173231,33.3244249408573],[-116.373794321944,33.3245627636752],[-116.373317240172,33.3247158025553],[-116.372866750328,33.3248465639761],[-116.372469129932,33.3250148989003],[-116.372274830624,33.3250730248367],[-116.372044840352,33.3251902155959],[-116.371788021894,33.3253663958795],[-116.371514104004,33.3254686838485],[-116.371177825966,33.3256519229402],[-116.370895044399,33.3257688787346],[-116.370691881415,33.325849203046],[-116.370444083838,33.3259811419506],[-116.370063173005,33.3262454897818],[-116.369770977993,33.3264437908486],[-116.369576364274,33.3265832587682],[-116.369230202073,33.3268996129543],[-116.36888450969,33.3271643543079],[-116.368432451388,33.3275393050434],[-116.367971058692,33.3279733216438],[-116.367553670868,33.328400357246],[-116.367206802591,33.3288423743886],[-116.367011013877,33.3291077418175],[-116.366824087941,33.3293731106899],[-116.366672381354,33.3296312613369],[-116.366467883473,33.3298745088264],[-116.366307235954,33.3301472496051],[-116.366137095937,33.3305311416331],[-116.366055673538,33.3308267106824],[-116.365903418979,33.3311514578765],[-116.36582332968,33.3312619027795],[-116.365439594543,33.3319259112295],[-116.36516991221,33.3324477033363],[-116.365153597008,33.332479315287],[-116.364983300685,33.3328630521856],[-116.36482218155,33.3332024684553],[-116.364706322235,33.3333721374418],[-116.364402754551,33.3339179332324],[-116.364055023891,33.3344711812859],[-116.363823228903,33.3348397767073],[-116.363590728738,33.3352898742427],[-116.363295317757,33.3359319979196],[-116.363035833099,33.3364633604808],[-116.362740422118,33.3370906569036],[-116.362392455201,33.3376437474656],[-116.362231336066,33.33798316387],[-116.362150698795,33.3381972315245],[-116.362051941606,33.3384336541783],[-116.361836698077,33.3389355232535],[-116.361611884796,33.3395410117462],[-116.361424487244,33.3398656033761],[-116.361227129173,33.3403306048158],[-116.361074638357,33.3406997510507],[-116.360939640434,33.341083643104],[-116.360876965875,33.3412239753853],[-116.360815075546,33.3413119866961],[-116.360594028002,33.3411241982064],[-116.360333287499,33.3409428415553],[-116.359917783443,33.3407406965752],[-116.359538519221,33.3404587003959],[-116.358958521958,33.3399356519514],[-116.358674563598,33.3396640885476],[-116.358235683581,33.3394019360571],[-116.357629644158,33.3391687295923],[-116.357202530275,33.338926502445],[-116.356835345699,33.3386145409968],[-116.356492242261,33.3383027352834],[-116.35616043424,33.3380410545065],[-116.355912403101,33.337749644403],[-116.355759128056,33.3375289089987],[-116.355510858864,33.3372675418563],[-116.355309893159,33.3370564574035],[-116.355086570183,33.3369059273588],[-116.354910862408,33.3367317870087],[-116.354813514676,33.3365138761737],[-116.3545169278,33.3363322847708],[-116.354279564156,33.3362010520076],[-116.354137584527,33.3360803299091],[-116.353900533496,33.3358989740128],[-116.353735258755,33.3356980849392],[-116.353510758088,33.3354268340458],[-116.353226329909,33.3352454767889],[-116.352991946875,33.3349761090351],[-116.352448660164,33.334663755176],[-116.351964125968,33.3343517927203],[-116.351553957006,33.3339781757168],[-116.351246151969,33.3337168099285],[-116.350868141796,33.3335030569928],[-116.350584339743,33.333231491546],[-116.350228607789,33.3329996187717],[-116.349908253287,33.3328179487417],[-116.349766118249,33.33271715096],[-116.349457449931,33.3325654448287],[-116.348986094919,33.3322316761496],[-116.348545645545,33.3319695260575],[-116.348188422387,33.3317787557751],[-116.347723892774,33.3314081201714],[-116.34720963063,33.3311578127854],[-116.346842836822,33.3309206055708],[-116.346387484397,33.3306582181111],[-116.346079914719,33.3303843005577],[-116.345682765938,33.3302336141254],[-116.345316130233,33.3300054291302],[-116.344876386935,33.3296103191154],[-116.344614392384,33.3291510435685],[-116.344171981988,33.3287972718654],[-116.343889199524,33.3283859244579],[-116.343688703637,33.3281047904735],[-116.343476440718,33.3278136158375],[-116.343085880182,33.3274615702969],[-116.342186469852,33.3264888953406],[-116.341806264196,33.326041308859],[-116.341367383281,33.3255807775135],[-116.341061147601,33.3251459766264],[-116.340746283602,33.3249288512162],[-116.340592617789,33.3247679673844],[-116.340367959917,33.3245468402963],[-116.340119692522,33.3242854732363],[-116.339836204879,33.3239539021563],[-116.339635395481,33.3237228911663],[-116.339162785521,33.3232203159401],[-116.338985272133,33.3230493143493],[-116.338759987236,33.3229180810934],[-116.338558157351,33.322669107195],[-116.338264787343,33.3224568441684],[-116.337986318588,33.3222327372314],[-116.337619055858,33.3220451845933],[-116.337296347771,33.3218329215484],[-116.337018037119,33.3215837921714],[-116.336812990367,33.3213846280753],[-116.336445727638,33.3212094688636],[-116.336105605709,33.3210736862286],[-116.335762894835,33.320702031508]]]},"properties":{"OBJECTID":32406,"DFIRM_ID":"06073C","VERSION_ID":"1.1.1.0","FLD_AR_ID":"06073C_1354","STUDY_TYP":"NP","FLD_ZONE":"AO","ZONE_SUBTY":null,"SFHA_TF":"T","STATIC_BFE":-9999,"V_DATUM":"","DEPTH":2,"LEN_UNIT":"Feet","VELOCITY":6,"VEL_UNIT":"Feet / Second","AR_REVERT":"","AR_SUBTRV":"","BFE_REVERT":-9999,"DEP_REVERT":-9999,"DUAL_ZONE":"","SOURCE_CIT":"06073C_FIRM1","GFID":"9756cfe6-d8a6-4507-b39c-704d76ada171","ESRI_SYMBOLOGY":"1% Annual Chance Flood Hazard","Shape__Area":16110716.40625,"Shape__Length":18743.614412934719,"GlobalID":"991ecc62-b4a6-4f7b-88a3-fd58546764cf"}},{"type":"Feature","id":32403,"geometry":{"type":"Polygon","coordinates":[[[-116.420086893562,33.3119737603961],[-116.421288537578,33.3100139003661],[-116.421345566226,33.3100823003114],[-116.421566143052,33.3102838174949],[-116.421846256623,33.3104570152367],[-116.422075620769,33.3105724817082],[-116.422355892443,33.310745680378],[-116.422593963061,33.310854165475],[-116.422865998082,33.3109629642397],[-116.423027273523,33.3110781154882],[-116.423196941924,33.3112150743099],[-116.423434307365,33.3114307887475],[-116.423603818561,33.3115820241869],[-116.423833103656,33.3117334155131],[-116.42411360979,33.3118564122328],[-116.424283749806,33.3119288923747],[-116.424461812065,33.3120943252127],[-116.424580493887,33.3121880623657],[-116.424665445767,33.3122312846903],[-116.424385174093,33.3125075542264],[-116.423515493507,33.3133645284847],[-116.423311780753,33.3132059197121],[-116.42311646096,33.3130760206539],[-116.422844583144,33.3129244717584],[-116.422657813515,33.3128161438834],[-116.422317691585,33.3126428674992],[-116.422075777974,33.3125077118757],[-116.422045970076,33.3124911617028],[-116.42187614447,33.3124188374256],[-116.42172271222,33.3123679286537],[-116.421467072351,33.312345259399],[-116.421211744198,33.3122797604819],[-116.42101611179,33.3121929269896],[-116.420778120224,33.3120842859084],[-116.42054828536,33.3120259245937],[-116.420377910883,33.3120038032722],[-116.420086893562,33.3119737603961]]]},"properties":{"OBJECTID":32403,"DFIRM_ID":"06073C","VERSION_ID":"1.1.1.0","FLD_AR_ID":"06073C_1317","STUDY_TYP":"NP","FLD_ZONE":"AO","ZONE_SUBTY":null,"SFHA_TF":"T","STATIC_BFE":-9999,"V_DATUM":"","DEPTH":3,"LEN_UNIT":"Feet","VELOCITY":7,"VEL_UNIT":"Feet / Second","AR_REVERT":"","AR_SUBTRV":"","BFE_REVERT":-9999,"DEP_REVERT":-9999,"DUAL_ZONE":"","SOURCE_CIT":"06073C_FIRM1","GFID":"9756cfe6-d8a6-4507-b39c-704d76ada171","ESRI_SYMBOLOGY":"1% Annual Chance Flood Hazard","Shape__Area":100539.01171875,"Shape__Length":1406.917188164319,"GlobalID":"1a623aae-c1b9-4a63-8c5f-96169e4460d6"}},{"type":"Feature","id":32366,"geometry":{"type":"Polygon","coordinates":[[[-116.39393959196,33.3262679227379],[-116.393903666535,33.3261402198664],[-116.393870877129,33.325975414912],[-116.393948770047,33.3257896657554],[-116.394036154565,33.3254965288233],[-116.394063452569,33.3252460655927],[-116.394177112809,33.3248384837174],[-116.394178445909,33.3246237887555],[-116.394300500905,33.324252132661],[-116.394319092438,33.3240303001902],[-116.394321130715,33.323743832551],[-116.394323328893,33.323421829025],[-116.394308894763,33.3230565285585],[-116.39432042464,33.3226127841548],[-116.394348979388,33.3221833159296],[-116.39435007623,33.3220186678795],[-116.394384982966,33.3219113601524],[-116.394455030897,33.3216325795289],[-116.394525943007,33.3212463333358],[-116.394562025637,33.3209744542025],[-116.394606266766,33.3207382679093],[-116.394720085109,33.320316486796],[-116.3948419829,33.3199590288309],[-116.394885518852,33.319823248001],[-116.394929444673,33.3196373408559],[-116.39503338065,33.3194017026681],[-116.395162651812,33.3191946179473],[-116.395214815184,33.3190588351759],[-116.395216462694,33.3188226466943],[-116.395252153659,33.3185936766551],[-116.39537405145,33.3182290803397],[-116.395487242769,33.3179003319868],[-116.395488891177,33.3176497118051],[-116.395541368061,33.3174710214514],[-116.395602708622,33.3172136545121],[-116.395648126545,33.3168200358876],[-116.395719037757,33.3164410063953],[-116.395703270527,33.3162403524612],[-116.395722252827,33.3159756124534],[-116.395732607707,33.3156963616836],[-116.395699975506,33.3154814302555],[-116.395659186602,33.3152235942677],[-116.395618161442,33.3149870921154],[-116.395602708622,33.314750748468],[-116.395595492456,33.3145646075483],[-116.395579567122,33.3143783859068],[-116.3955125007,33.3142204838823],[-116.395513363981,33.3141202351173],[-116.395582391425,33.3139916691599],[-116.395719193165,33.3139075023535],[-116.395863918944,33.3140040631841],[-116.396029351788,33.3140832099847],[-116.396350333314,33.3141892639274],[-116.396723402753,33.3142872380056],[-116.396971826455,33.3143754048979],[-116.397272727939,33.3143854461905],[-116.397739063166,33.3144662411688],[-116.398050083274,33.3145460158802],[-116.398340239111,33.3145737051979],[-116.39859972287,33.3145835888221],[-116.398744447751,33.3145857861004],[-116.39877809954,33.3146431262611],[-116.398999540545,33.314708624904],[-116.399169679664,33.3147309031844],[-116.399501485889,33.3148685679226],[-116.399714063217,33.3149555593974],[-116.399960604949,33.3150497671587],[-116.400139137027,33.3151221688263],[-116.400342536268,33.3153092521687],[-116.400503263737,33.3155106108872],[-116.400646732773,33.3157118144997],[-116.400739451487,33.315869716075],[-116.400882999574,33.3160995497954],[-116.400949830638,33.3163074203227],[-116.400965440663,33.3165080733517],[-116.400963794949,33.3167514775814],[-116.400911472575,33.3169085950723],[-116.400773653044,33.3171083864482],[-116.400593159046,33.3173224520964],[-116.400489850093,33.3174651384653],[-116.40026911696,33.3177871407288],[-116.400149257447,33.3179998745343],[-116.399910873316,33.3181973904049],[-116.399773914371,33.3184097313646],[-116.399824665592,33.3187219288064],[-116.399968136424,33.3189373274094],[-116.400137804825,33.3190670706053],[-116.400537621602,33.3192122665543],[-116.400920337151,33.3193143185353],[-116.401137620753,33.319482340615],[-116.401389889244,33.319725194571],[-116.401700752147,33.3199694613178],[-116.401920309385,33.3202641669215],[-116.402136180836,33.3204761935816],[-116.40219140387,33.3205303974396],[-116.402394881265,33.3207246963376],[-116.402657581892,33.3209550006677],[-116.40286058857,33.3211849913739],[-116.403029787152,33.3214149814731],[-116.403181649147,33.3216303824283],[-116.403307862445,33.3218887676919],[-116.403374615355,33.3221182094767],[-116.4034667843,33.3223406698344],[-116.403584760944,33.3225559138731],[-116.403805259617,33.3227360147309],[-116.404000187746,33.3229157248935],[-116.404059017516,33.3230380940799],[-116.404100591547,33.3231814061156],[-116.404116907647,33.3233102857882],[-116.404173541935,33.3235754959221],[-116.404113535372,33.3237899547715],[-116.404188603987,33.3240336726881],[-116.404324071728,33.3241919682703],[-116.404459541266,33.3243357512921],[-116.404250650624,33.324429801796],[-116.403959318892,33.324516951114],[-116.403747214077,33.3246344571251],[-116.403473138084,33.3247369013285],[-116.403216634934,33.3248611519749],[-116.402819171744,33.3249999161099],[-116.402553804019,33.3251466011272],[-116.402368054876,33.3252418299504],[-116.402190855898,33.3253611379256],[-116.402040482411,33.3254623270234],[-116.401730560943,33.3256901230976],[-116.401394125699,33.3259400371174],[-116.401057296095,33.3262268983534],[-116.400782359516,33.3264624572897],[-116.400640066375,33.3266392647453],[-116.400515657793,33.3268014031072],[-116.400329281626,33.3270001742768],[-116.400186753127,33.3271991791753],[-116.400115213992,33.3273765368144],[-116.400042969681,33.327620332518],[-116.399979746251,33.327841930676],[-116.39996013513,33.3281302815494],[-116.399994023176,33.3283449753775],[-116.400036223333,33.3285967724746],[-116.400131609145,33.3288339785103],[-116.400279627249,33.3290863258617],[-116.400419645856,33.3292348166188],[-116.400550879837,33.3293835420497],[-116.400761102682,33.3295768207074],[-116.400866057348,33.329688286871],[-116.401041216252,33.3298371676448],[-116.401164134529,33.3299265137001],[-116.401295366714,33.3300602560301],[-116.401453269879,33.3302414559569],[-116.401282815453,33.3304395985687],[-116.401146171816,33.3305952278005],[-116.40094183114,33.330778937216],[-116.40072054734,33.3309484488034],[-116.400448826729,33.3310892522481],[-116.400160318403,33.3311873026488],[-116.399889224816,33.3312287202374],[-116.399584244981,33.3312414277918],[-116.399211961567,33.3312538223652],[-116.398940709877,33.3312667648379],[-116.398715268674,33.3312455070282],[-116.398536185929,33.3312374273629],[-116.398289645994,33.3311360017935],[-116.398178964568,33.3310926252233],[-116.398051575376,33.3310131643765],[-116.397847548212,33.3309191119718],[-116.397703060486,33.330861221856],[-116.39755872817,33.3307601898893],[-116.39739745183,33.3306520192812],[-116.397083607419,33.3303999083866],[-116.396947668062,33.3303133871646],[-116.396778704839,33.3300978297896],[-116.396719716966,33.3300042477485],[-116.396558597831,33.3298678393387],[-116.396372299818,33.3296591057321],[-116.396194630122,33.3294577466762],[-116.395983072382,33.3292134021953],[-116.395839210782,33.3290336922606],[-116.395687191581,33.3288252726458],[-116.395551879249,33.3286670560341],[-116.395390838268,33.328515977835],[-116.395221640584,33.3283218359149],[-116.395043970889,33.3281061212457],[-116.39485806454,33.3278618547874],[-116.394731851243,33.3276178240773],[-116.394588460361,33.3273664955173],[-116.394428438968,33.3271080319213],[-116.394293441943,33.3268853367904],[-116.394175465299,33.3266771514744],[-116.394092318134,33.3263690349729],[-116.39393959196,33.3262679227379]]]},"properties":{"OBJECTID":32366,"DFIRM_ID":"06073C","VERSION_ID":"1.1.1.0","FLD_AR_ID":"06073C_230","STUDY_TYP":"NP","FLD_ZONE":"AO","ZONE_SUBTY":null,"SFHA_TF":"T","STATIC_BFE":-9999,"V_DATUM":"","DEPTH":1,"LEN_UNIT":"Feet","VELOCITY":4,"VEL_UNIT":"Feet / Second","AR_REVERT":"","AR_SUBTRV":"","BFE_REVERT":-9999,"DEP_REVERT":-9999,"DUAL_ZONE":"","SOURCE_CIT":"06073C_FIRM1","GFID":"9756cfe6-d8a6-4507-b39c-704d76ada171","ESRI_SYMBOLOGY":"1% Annual Chance Flood Hazard","Shape__Area":1577235.83203125,"Shape__Length":6031.3129640513407,"GlobalID":"ff49f4b5-33c9-4fa7-8a35-2bcaf67e8451"}},{"type":"Feature","id":32431,"geometry":{"type":"Polygon","coordinates":[[[-116.423515493507,33.3133645284847],[-116.424385174093,33.3125075542264],[-116.424665445767,33.3122312846903],[-116.424852215396,33.3123539661592],[-116.42499403782,33.3124215835287],[-116.425141350747,33.3125073980785],[-116.425155313261,33.3125153991544],[-116.425342395504,33.3126092935037],[-116.425495436089,33.3126745572012],[-116.425724955644,33.3127900237387],[-116.425897605553,33.312881407426],[-116.426110652701,33.3128894077168],[-116.426366450673,33.312890585577],[-116.426562789157,33.3128916042871],[-116.426784230162,33.3128996834013],[-116.426988412735,33.3129866753394],[-116.42714984628,33.3130661361081],[-116.427370972875,33.3131529717335],[-116.42753256093,33.3132252150762],[-116.427685288003,33.3133334651205],[-116.427889471474,33.3134061024328],[-116.428075925794,33.3135715354706],[-116.428186215555,33.3136651163909],[-116.428304896479,33.3137730520964],[-116.428406321664,33.3139167554663],[-116.42849064652,33.3140531663238],[-116.428625879801,33.3142469954616],[-116.428855085844,33.3144127421953],[-116.429007654814,33.3145495441386],[-116.429125788663,33.3147290962695],[-116.429243842563,33.3149300644679],[-116.429370525679,33.3151166752889],[-116.429460418293,33.3153059544018],[-116.429561686274,33.3154567995187],[-116.429714412448,33.3155934436812],[-116.42983309427,33.315687181576],[-116.430005587873,33.3158212377755],[-116.430132350041,33.3160007902899],[-116.430242245441,33.3161302188179],[-116.430343905985,33.3162379968314],[-116.430494278574,33.3163059287252],[-116.430620960792,33.3164854014202],[-116.430622843661,33.3166331066733],[-116.430559149514,33.3167010367579],[-116.430499769077,33.3167640258521],[-116.430363281748,33.3167706145193],[-116.430193141731,33.3167125686224],[-116.430082382152,33.3166619738879],[-116.429955306471,33.3165754525377],[-116.429802424888,33.3164673596571],[-116.429658248878,33.3163519723073],[-116.429531016891,33.3162441944348],[-116.429429434501,33.3161291993949],[-116.429310752679,33.3160212628533],[-116.42920054197,33.3159275253178],[-116.429050561945,33.3158026478768],[-116.428991495918,33.3157307159513],[-116.428810453947,33.3155892083205],[-116.428618193815,33.3154140479718],[-116.428125030403,33.3152184152747],[-116.427869860353,33.3151097734597],[-116.427606376395,33.3149797165908],[-116.427393956272,33.3148641733802],[-116.427187419215,33.3146940337045],[-116.426898597376,33.3145638208219],[-116.426600833707,33.3144336865677],[-116.426226353913,33.3143460662403],[-116.425811634086,33.3142913938559],[-116.425454175569,33.314189655791],[-116.425198847416,33.3141022716879],[-116.424960856748,33.3140082197986],[-116.424501346921,33.3138557296453],[-116.424195032189,33.3137397150066],[-116.423923154373,33.3135953815063],[-116.423702183186,33.3134796803149],[-116.423515493507,33.3133645284847]]]},"properties":{"OBJECTID":32431,"DFIRM_ID":"06073C","VERSION_ID":"1.1.1.0","FLD_AR_ID":"06073C_2151","STUDY_TYP":"NP","FLD_ZONE":"AO","ZONE_SUBTY":null,"SFHA_TF":"T","STATIC_BFE":-9999,"V_DATUM":"","DEPTH":3,"LEN_UNIT":"Feet","VELOCITY":8,"VEL_UNIT":"Feet / Second","AR_REVERT":"","AR_SUBTRV":"","BFE_REVERT":-9999,"DEP_REVERT":-9999,"DUAL_ZONE":"","SOURCE_CIT":"06073C_FIRM1","GFID":"9756cfe6-d8a6-4507-b39c-704d76ada171","ESRI_SYMBOLOGY":"1% Annual Chance Flood Hazard","Shape__Area":131748.1640625,"Shape__Length":2079.2524994204705,"GlobalID":"2bb14860-ae85-407a-95c1-7f85cac7398b"}},{"type":"Feature","id":32437,"geometry":{"type":"Polygon","coordinates":[[[-116.360815075546,33.3413119866961],[-116.360876965875,33.3412239753853],[-116.360939640434,33.341083643104],[-116.361074638357,33.3406997510507],[-116.361227129173,33.3403306048158],[-116.361424487244,33.3398656033761],[-116.361611884796,33.3395410117462],[-116.361836698077,33.3389355232535],[-116.362051941606,33.3384336541783],[-116.362150698795,33.3381972315245],[-116.362231336066,33.33798316387],[-116.362392455201,33.3376437474656],[-116.362740422118,33.3370906569036],[-116.363035833099,33.3364633604808],[-116.363295317757,33.3359319979196],[-116.363590728738,33.3352898742427],[-116.363823228903,33.3348397767073],[-116.364055023891,33.3344711812859],[-116.364402754551,33.3339179332324],[-116.364706322235,33.3333721374418],[-116.36482218155,33.3332024684553],[-116.364983300685,33.3328630521856],[-116.365153597008,33.332479315287],[-116.36516991221,33.3324477033363],[-116.365439594543,33.3319259112295],[-116.36582332968,33.3312619027795],[-116.365903418979,33.3311514578765],[-116.366055673538,33.3308267106824],[-116.366137095937,33.3305311416331],[-116.366307235954,33.3301472496051],[-116.366467883473,33.3298745088264],[-116.366672381354,33.3296312613369],[-116.366824087941,33.3293731106899],[-116.367011013877,33.3291077418175],[-116.367206802591,33.3288423743886],[-116.367553670868,33.328400357246],[-116.367971058692,33.3279733216438],[-116.368432451388,33.3275393050434],[-116.36888450969,33.3271643543079],[-116.369230202073,33.3268996129543],[-116.369576364274,33.3265832587682],[-116.369770977993,33.3264437908486],[-116.370063173005,33.3262454897818],[-116.370444083838,33.3259811419506],[-116.370691881415,33.325849203046],[-116.370895044399,33.3257688787346],[-116.371177825966,33.3256519229402],[-116.371514104004,33.3254686838485],[-116.371788021894,33.3253663958795],[-116.372044840352,33.3251902155959],[-116.372274830624,33.3250730248367],[-116.372469129932,33.3250148989003],[-116.372866750328,33.3248465639761],[-116.373317240172,33.3247158025553],[-116.373794321944,33.3245627636752],[-116.374315173231,33.3244249408573],[-116.374924897544,33.3241912634473],[-116.375011890396,33.32417180988],[-116.375507405598,33.3240609724271],[-116.375869490438,33.3239518597404],[-116.376134232037,33.3239014223331],[-116.376504710735,33.3238367074828],[-116.376954808015,33.3237426563387],[-116.377642975014,33.323635191604],[-116.378075266787,33.3235634185174],[-116.378613610967,33.3234700719074],[-116.379036880959,33.3234128884272],[-116.379363120324,33.3233923372839],[-116.379733441817,33.3233571160703],[-116.38008611411,33.3233292689106],[-116.380377133227,33.3233086389327],[-116.380597396542,33.3233170330914],[-116.380853194514,33.3232665953168],[-116.381197395693,33.3231943490368],[-116.381523791365,33.3231589731156],[-116.381823359749,33.3231678356751],[-116.382290400154,33.3231628162854],[-116.38266958712,33.3231349698142],[-116.383083679025,33.3231371661263],[-116.383374696346,33.3231163792235],[-116.383762746989,33.32307394219],[-116.384141777649,33.3230387215984],[-116.384468171524,33.3230107189585],[-116.384662000114,33.3230117375504],[-116.384970432176,33.3230132275318],[-116.385313928177,33.3230297006449],[-116.385657579588,33.3230315058866],[-116.386001232795,33.3230183264959],[-116.386292407321,33.3229903230988],[-116.38647752944,33.3229837334005],[-116.386653866933,33.3229624765725],[-116.386874286555,33.3229561225671],[-116.387156283892,33.3229648305193],[-116.387420474824,33.3229735369694],[-116.387649445508,33.3229894598851],[-116.38797552677,33.3230058549383],[-116.388275095154,33.3230074237349],[-116.388451118237,33.3230380948306],[-116.388609334017,33.323083041954],[-116.388812027183,33.3230839824806],[-116.388988363778,33.3230774716045],[-116.38931444504,33.3230642149069],[-116.389649859797,33.3229993433057],[-116.389887774108,33.3229931469333],[-116.390055403334,33.322971653662],[-116.390258253705,33.3229505537107],[-116.390416470382,33.322995657759],[-116.390838956145,33.3230791184644],[-116.391217278034,33.3231548935006],[-116.391410952114,33.3231855637938],[-116.391543204785,33.3231862693755],[-116.391754603524,33.3232020368743],[-116.392001302461,33.3231810923569],[-116.392195287358,33.3231747391181],[-116.392477128389,33.3231760722174],[-116.392697548909,33.3231768566142],[-116.392873885504,33.3231705033751],[-116.393067714993,33.3231862693755],[-116.393226246081,33.3231945066667],[-116.393437487615,33.3232325502716],[-116.393613510698,33.3232481601321],[-116.393798240253,33.3233007957267],[-116.393912921877,33.3233014224926],[-116.394035997359,33.3233316220969],[-116.394220726016,33.3233768835775],[-116.394323328893,33.323421829025],[-116.394321130715,33.323743832551],[-116.394319092438,33.3240303001902],[-116.394300500905,33.324252132661],[-116.394178445909,33.3246237887555],[-116.394177112809,33.3248384837174],[-116.394063452569,33.3252460655927],[-116.394036154565,33.3254965288233],[-116.393948770047,33.3257896657554],[-116.393870877129,33.325975414912],[-116.393903666535,33.3261402198664],[-116.39393959196,33.3262679227379],[-116.393870877129,33.3263321666629],[-116.393733054903,33.3265248185913],[-116.393654928423,33.3267319827205],[-116.393585507516,33.3268962398167],[-116.393395287458,33.3272675821489],[-116.393315826081,33.3276612008762],[-116.393151019362,33.3280611737108],[-116.393011394218,33.3285186461219],[-116.392915146023,33.328876260373],[-116.392808858257,33.3294484134016],[-116.392738966633,33.3296698522943],[-116.392569454539,33.3300731994306],[-116.392543334225,33.3303300165147],[-116.392548668422,33.3304945873155],[-116.392358054003,33.3305449451003],[-116.392149871233,33.3305643214388],[-116.391928900944,33.3306455097211],[-116.391696244472,33.3306751581249],[-116.391328431076,33.3307454422596],[-116.391046984406,33.3307438743527],[-116.390850801331,33.3307739175143],[-116.390581276203,33.3308136082765],[-116.390385485692,33.3308228655989],[-116.390128120159,33.33083172888],[-116.389956802451,33.3308311014177],[-116.389846514487,33.3308408278338],[-116.389686963811,33.3309016195989],[-116.389392181651,33.3310339508967],[-116.389098024718,33.3310941158171],[-116.388853287702,33.3310929397041],[-116.388583527215,33.3311429053558],[-116.388387738501,33.3311417299939],[-116.388166924519,33.3311921684641],[-116.387994981584,33.3312738245041],[-116.387725377404,33.331313359675],[-116.38750511409,33.3313123396791],[-116.38726021897,33.3313110067042],[-116.387002696233,33.3313715639701],[-116.386695911682,33.3314727528428],[-116.386389126233,33.3315842961387],[-116.385910868565,33.3316948996087],[-116.385567217155,33.3318268386679],[-116.38533385281,33.3319386952377],[-116.38502761713,33.3319885845994],[-116.384745149075,33.3321104817129],[-116.384585833758,33.3321302487356],[-116.384192920534,33.3322825050203],[-116.383898216527,33.3324146000524],[-116.383615748473,33.3325364192645],[-116.383272252471,33.3326273334268],[-116.383173887846,33.3327191879168],[-116.382817762429,33.3328716000343],[-116.382535294375,33.3329832218463],[-116.382378804259,33.333069743419],[-116.382129830788,33.3332073304053],[-116.381822025751,33.3334421844847],[-116.381564031398,33.33357443612],[-116.381293801093,33.3337067671105],[-116.381023413582,33.333859493472],[-116.38071608016,33.3340326143465],[-116.380650973862,33.3340828162286],[-116.380543744661,33.3341654144693],[-116.380395880169,33.3342981385868],[-116.380125650762,33.3344304692285],[-116.379830788651,33.3345831155165],[-116.379535064158,33.3348590725356],[-116.379153524504,33.335144914476],[-116.378832228568,33.3355338264247],[-116.378450297248,33.3358915995074],[-116.378253329944,33.336054992762],[-116.378043812277,33.3362389375807],[-116.377883869936,33.3363716615409],[-116.37774118513,33.3365782761535],[-116.377735302063,33.3365867478367],[-116.377525313679,33.336852978018],[-116.377361372037,33.3372025127183],[-116.377092473934,33.3374673308358],[-116.376944063266,33.3376720651132],[-116.37675870489,33.3379384518319],[-116.376585192598,33.3382252337866],[-116.376424074362,33.3384914642132],[-116.376287743339,33.3387169049711],[-116.376151332367,33.3389834505986],[-116.376051554691,33.3392295995995],[-116.375951856068,33.3394448424423],[-116.375791207651,33.3396701276352],[-116.375545136637,33.3398538366748],[-116.375384410066,33.3400893962902],[-116.37527239554,33.3403252704665],[-116.375148378623,33.3405507102301],[-116.375011892192,33.3409280933981],[-116.375011028911,33.3409302892617],[-116.374861833116,33.3412481335519],[-116.374749505078,33.3415353083565],[-116.374674279257,33.3417915775844],[-116.374611761903,33.3419867393754],[-116.374560302811,33.3423255287355],[-116.37442381638,33.3425816410449],[-116.374360983717,33.342797275593],[-116.374311015828,33.3429513345711],[-116.374297916594,33.3430535448595],[-116.374259872044,33.3432488636673],[-116.374160801343,33.3434024520681],[-116.374073653082,33.3436178526968],[-116.373998818927,33.3437819518807],[-116.373850172901,33.3440275530065],[-116.373750944096,33.3442122817043],[-116.373639086775,33.3444479998796],[-116.373588100196,33.3447252899312],[-116.37350079473,33.3449508879018],[-116.373389172768,33.3451557771857],[-116.3732650768,33.3453916503967],[-116.373214169273,33.3456483112544],[-116.373138394582,33.3459766675034],[-116.372864634796,33.3465815292196],[-116.372615660426,33.3471660753274],[-116.372466464631,33.3474839201199],[-116.372416184128,33.3476686512403],[-116.372414693823,33.347874010637],[-116.372315228761,33.348068780592],[-116.372215845446,33.3482840248498],[-116.372030800583,33.3484681269374],[-116.371835952404,33.3486123013719],[-116.371455588645,33.348450320669],[-116.371167630986,33.348239155263],[-116.370920852997,33.3481735782684],[-116.37037497824,33.3479548053311],[-116.369994772584,33.3478029426411],[-116.369531653326,33.3475704415457],[-116.369127445584,33.3474385038223],[-116.368545095633,33.3472453803611],[-116.368129198115,33.3470832417797],[-116.367844534578,33.346891844985],[-116.367608112368,33.3466306342633],[-116.367359687768,33.3463692666708],[-116.367004111222,33.3461074292803],[-116.366589704907,33.3457453434498],[-116.366270212788,33.3454435792183],[-116.36571233564,33.3451607975595],[-116.365380058698,33.3449190418402],[-116.365179405606,33.3446880301589],[-116.364883366703,33.3444465095143],[-116.364658239011,33.344265231824],[-116.364337727304,33.3440934445557],[-116.364064437337,33.3439722523648],[-116.363838996133,33.3438510607558],[-116.363637324352,33.3437199053605],[-116.363209503494,33.3435529813908],[-116.362818706701,33.3432458836461],[-116.362522825901,33.3429543161033],[-116.36225079088,33.3426825947619],[-116.362002288127,33.3424415443422],[-116.361730723823,33.3421101294129],[-116.361529600014,33.341918966336],[-116.361388247409,33.3416983900895],[-116.361174730443,33.3415771960664],[-116.360878299874,33.3413656402615],[-116.360815075546,33.3413119866961]]]},"properties":{"OBJECTID":32437,"DFIRM_ID":"06073C","VERSION_ID":"1.1.1.0","FLD_AR_ID":"06073C_2389","STUDY_TYP":"NP","FLD_ZONE":"AO","ZONE_SUBTY":null,"SFHA_TF":"T","STATIC_BFE":-9999,"V_DATUM":"","DEPTH":2,"LEN_UNIT":"Feet","VELOCITY":7,"VEL_UNIT":"Feet / Second","AR_REVERT":"","AR_SUBTRV":"","BFE_REVERT":-9999,"DEP_REVERT":-9999,"DUAL_ZONE":"","SOURCE_CIT":"06073C_FIRM1","GFID":"9756cfe6-d8a6-4507-b39c-704d76ada171","ESRI_SYMBOLOGY":"1% Annual Chance Flood Hazard","Shape__Area":6012298.15234375,"Shape__Length":11319.815974310175,"GlobalID":"9d6295c1-c794-4e96-8863-8bf0e841a4e3"}}]}