{
"type": "FeatureCollection",
"name": "dri_2015_fan_zones",
"crs": { "type": "name", "properties": { "name": "urn:ogc:def:crs:OGC:1.3:CRS84" } },
"features": [
{ "type": "Feature", "properties": { "fan_class": "active", "confidence": "moderate for broad extents; low-moderate for small polygons", "source": "DRI 2015 presentation page 20 color-classified/georeferenced from PDF graticule" }, "geometry": { "type": "MultiPolygon", "coordinates": [ [ [ [ -116.426145956607485, 33.279561996779393 ], [ -116.426145956607485, 33.279446054750402 ], [ -116.426003944773171, 33.279446054750402 ], [ -116.426003944773171, 33.279330112721418 ], [ -116.425861932938844, 33.279330112721418 ], [ -116.425861932938844, 33.278866344605476 ], [ -116.426145956607485, 33.278866344605476 ], [ -116.426145956607485, 33.277475040257649 ], [ -116.426003944773171, 33.277475040257649 ], [ -116.426003944773171, 33.276663446054755 ], [ -116.425861932938844, 33.276663446054755 ], [ -116.425861932938844, 33.275851851851854 ], [ -116.425577909270203, 33.275851851851854 ], [ -116.425577909270203, 33.27492431561997 ], [ -116.425435897435889, 33.27492431561997 ], [ -116.425435897435889, 33.274808373590986 ], [ -116.425577909270203, 33.274808373590986 ], [ -116.425577909270203, 33.274692431562002 ], [ -116.425861932938844, 33.274692431562002 ], [ -116.425861932938844, 33.274576489533011 ], [ -116.426145956607485, 33.274576489533011 ], [ -116.426145956607485, 33.274460547504027 ], [ -116.426571992110439, 33.274460547504027 ], [ -116.426571992110439, 33.274344605475044 ], [ -116.426714003944767, 33.274344605475044 ], [ -116.426714003944767, 33.27422866344606 ], [ -116.426998027613408, 33.27422866344606 ], [ -116.426998027613408, 33.274112721417069 ], [ -116.427282051282035, 33.274112721417069 ], [ -116.427282051282035, 33.273764895330117 ], [ -116.427424063116362, 33.273764895330117 ], [ -116.427424063116362, 33.272837359098233 ], [ -116.427566074950676, 33.272837359098233 ], [ -116.427566074950676, 33.272721417069242 ], [ -116.428134122287958, 33.272721417069242 ], [ -116.428134122287958, 33.272489533011274 ], [ -116.428276134122271, 33.272489533011274 ], [ -116.428276134122271, 33.272373590982291 ], [ -116.428418145956599, 33.272373590982291 ], [ -116.428418145956599, 33.272257648953307 ], [ -116.428560157790912, 33.272257648953307 ], [ -116.428560157790912, 33.272025764895332 ], [ -116.428844181459553, 33.272025764895332 ], [ -116.428844181459553, 33.271909822866348 ], [ -116.429554240631148, 33.271909822866348 ], [ -116.429554240631148, 33.272141706924316 ], [ -116.429696252465476, 33.272141706924316 ], [ -116.429696252465476, 33.272257648953307 ], [ -116.429838264299789, 33.272257648953307 ], [ -116.429838264299789, 33.272489533011274 ], [ -116.429696252465476, 33.272489533011274 ], [ -116.429696252465476, 33.272605475040258 ], [ -116.429554240631148, 33.272605475040258 ], [ -116.429554240631148, 33.272721417069242 ], [ -116.429270216962507, 33.272721417069242 ], [ -116.429270216962507, 33.272953301127217 ], [ -116.429128205128194, 33.272953301127217 ], [ -116.429128205128194, 33.273417069243159 ], [ -116.428986193293881, 33.273417069243159 ], [ -116.428986193293881, 33.273533011272143 ], [ -116.428844181459553, 33.273533011272143 ], [ -116.428844181459553, 33.273648953301127 ], [ -116.42870216962524, 33.273648953301127 ], [ -116.42870216962524, 33.273996779388085 ], [ -116.428560157790912, 33.273996779388085 ], [ -116.428560157790912, 33.274808373590986 ], [ -116.42870216962524, 33.274808373590986 ], [ -116.42870216962524, 33.27492431561997 ], [ -116.428844181459553, 33.27492431561997 ], [ -116.428844181459553, 33.275040257648953 ], [ -116.429270216962507, 33.275040257648953 ], [ -116.429270216962507, 33.275156199677944 ], [ -116.429554240631148, 33.275156199677944 ], [ -116.429554240631148, 33.275272141706928 ], [ -116.429696252465476, 33.275272141706928 ], [ -116.429696252465476, 33.275388083735912 ], [ -116.429838264299789, 33.275388083735912 ], [ -116.429838264299789, 33.275504025764896 ], [ -116.429980276134117, 33.275504025764896 ], [ -116.429980276134117, 33.275967793880838 ], [ -116.431116370808667, 33.275967793880838 ], [ -116.431116370808667, 33.275851851851854 ], [ -116.43338856015778, 33.275851851851854 ], [ -116.43338856015778, 33.276083735909822 ], [ -116.433246548323453, 33.276083735909822 ], [ -116.433246548323453, 33.276315619967797 ], [ -116.432962524654826, 33.276315619967797 ], [ -116.432962524654826, 33.27643156199678 ], [ -116.432536489151857, 33.27643156199678 ], [ -116.432536489151857, 33.276547504025764 ], [ -116.432394477317544, 33.276547504025764 ], [ -116.432394477317544, 33.276663446054755 ], [ -116.431826429980262, 33.276663446054755 ], [ -116.431826429980262, 33.276779388083739 ], [ -116.43125838264298, 33.276779388083739 ], [ -116.43125838264298, 33.277011272141706 ], [ -116.430974358974353, 33.277011272141706 ], [ -116.430974358974353, 33.277127214170697 ], [ -116.430832347140026, 33.277127214170697 ], [ -116.430832347140026, 33.277243156199681 ], [ -116.430690335305712, 33.277243156199681 ], [ -116.430690335305712, 33.277359098228665 ], [ -116.430406311637071, 33.277359098228665 ], [ -116.430406311637071, 33.277475040257649 ], [ -116.430264299802744, 33.277475040257649 ], [ -116.430264299802744, 33.27759098228664 ], [ -116.43012228796843, 33.27759098228664 ], [ -116.43012228796843, 33.277706924315623 ], [ -116.429980276134117, 33.277706924315623 ], [ -116.429980276134117, 33.277822866344607 ], [ -116.429696252465476, 33.277822866344607 ], [ -116.429696252465476, 33.277938808373591 ], [ -116.429412228796835, 33.277938808373591 ], [ -116.429412228796835, 33.278054750402582 ], [ -116.429128205128194, 33.278054750402582 ], [ -116.429128205128194, 33.278170692431566 ], [ -116.428276134122271, 33.278170692431566 ], [ -116.428276134122271, 33.278286634460549 ], [ -116.427992110453644, 33.278286634460549 ], [ -116.427992110453644, 33.278402576489533 ], [ -116.427850098619317, 33.278402576489533 ], [ -116.427850098619317, 33.278750402576492 ], [ -116.427424063116362, 33.278750402576492 ], [ -116.427424063116362, 33.278866344605476 ], [ -116.42685601577908, 33.278866344605476 ], [ -116.42685601577908, 33.278982286634459 ], [ -116.426714003944767, 33.278982286634459 ], [ -116.426714003944767, 33.279330112721418 ], [ -116.426571992110439, 33.279330112721418 ], [ -116.426571992110439, 33.279446054750402 ], [ -116.426429980276126, 33.279446054750402 ], [ -116.426429980276126, 33.279561996779393 ], [ -116.426145956607485, 33.279561996779393 ] ], [ [ -116.427424063116362, 33.274692431562002 ], [ -116.426998027613408, 33.274692431562002 ], [ -116.426998027613408, 33.275040257648953 ], [ -116.427424063116362, 33.275040257648953 ], [ -116.427424063116362, 33.274692431562002 ] ] ], [ [ [ -116.423731755424058, 33.375446054750405 ], [ -116.42358974358973, 33.375446054750405 ], [ -116.42358974358973, 33.375214170692438 ], [ -116.423447731755417, 33.375214170692438 ], [ -116.423447731755417, 33.374982286634463 ], [ -116.42358974358973, 33.374982286634463 ], [ -116.42358974358973, 33.373359098228669 ], [ -116.423731755424058, 33.373359098228669 ], [ -116.423731755424058, 33.371504025764899 ], [ -116.42358974358973, 33.371504025764899 ], [ -116.42358974358973, 33.371388083735916 ], [ -116.423447731755417, 33.371388083735916 ], [ -116.423447731755417, 33.371272141706925 ], [ -116.423305719921089, 33.371272141706925 ], [ -116.423305719921089, 33.371040257648957 ], [ -116.423163708086776, 33.371040257648957 ], [ -116.423163708086776, 33.370692431561999 ], [ -116.423021696252462, 33.370692431561999 ], [ -116.423021696252462, 33.370228663446056 ], [ -116.422879684418135, 33.370228663446056 ], [ -116.422879684418135, 33.370112721417073 ], [ -116.422737672583821, 33.370112721417073 ], [ -116.422737672583821, 33.369996779388089 ], [ -116.422595660749494, 33.369996779388089 ], [ -116.422595660749494, 33.369880837359105 ], [ -116.422311637080853, 33.369880837359105 ], [ -116.422311637080853, 33.369764895330114 ], [ -116.422169625246539, 33.369764895330114 ], [ -116.422169625246539, 33.36964895330113 ], [ -116.422027613412226, 33.36964895330113 ], [ -116.422027613412226, 33.369301127214172 ], [ -116.421885601577898, 33.369301127214172 ], [ -116.421885601577898, 33.367793880837361 ], [ -116.421743589743585, 33.367793880837361 ], [ -116.421743589743585, 33.367677938808377 ], [ -116.421601577909257, 33.367677938808377 ], [ -116.421601577909257, 33.367561996779393 ], [ -116.420891518737662, 33.367561996779393 ], [ -116.420891518737662, 33.367677938808377 ], [ -116.420607495069021, 33.367677938808377 ], [ -116.420607495069021, 33.367793880837361 ], [ -116.420465483234707, 33.367793880837361 ], [ -116.420465483234707, 33.367909822866345 ], [ -116.42032347140038, 33.367909822866345 ], [ -116.42032347140038, 33.368025764895336 ], [ -116.420039447731753, 33.368025764895336 ], [ -116.420039447731753, 33.36814170692432 ], [ -116.41918737672583, 33.36814170692432 ], [ -116.41918737672583, 33.368257648953303 ], [ -116.418477317554235, 33.368257648953303 ], [ -116.418477317554235, 33.368373590982287 ], [ -116.416773175542403, 33.368373590982287 ], [ -116.416773175542403, 33.368257648953303 ], [ -116.416347140039434, 33.368257648953303 ], [ -116.416347140039434, 33.368373590982287 ], [ -116.416063116370793, 33.368373590982287 ], [ -116.416063116370793, 33.368489533011278 ], [ -116.415779092702167, 33.368489533011278 ], [ -116.415779092702167, 33.368373590982287 ], [ -116.415637080867839, 33.368373590982287 ], [ -116.415637080867839, 33.368257648953303 ], [ -116.415495069033526, 33.368257648953303 ], [ -116.415495069033526, 33.36814170692432 ], [ -116.415353057199198, 33.36814170692432 ], [ -116.415353057199198, 33.368025764895336 ], [ -116.415211045364885, 33.368025764895336 ], [ -116.415211045364885, 33.367909822866345 ], [ -116.414927021696244, 33.367909822866345 ], [ -116.414927021696244, 33.367793880837361 ], [ -116.413648915187366, 33.367793880837361 ], [ -116.413648915187366, 33.367677938808377 ], [ -116.413080867850084, 33.367677938808377 ], [ -116.413080867850084, 33.367561996779393 ], [ -116.41265483234713, 33.367561996779393 ], [ -116.41265483234713, 33.367330112721419 ], [ -116.412228796844175, 33.367330112721419 ], [ -116.412228796844175, 33.367214170692435 ], [ -116.411802761341221, 33.367214170692435 ], [ -116.411802761341221, 33.367098228663451 ], [ -116.411660749506893, 33.367098228663451 ], [ -116.411660749506893, 33.366982286634467 ], [ -116.411376725838252, 33.366982286634467 ], [ -116.411376725838252, 33.366866344605477 ], [ -116.411092702169611, 33.366866344605477 ], [ -116.411092702169611, 33.366750402576493 ], [ -116.410666666666657, 33.366750402576493 ], [ -116.410666666666657, 33.366634460547509 ], [ -116.410098619329375, 33.366634460547509 ], [ -116.410098619329375, 33.366518518518525 ], [ -116.409956607495062, 33.366518518518525 ], [ -116.409956607495062, 33.366402576489534 ], [ -116.409530571992107, 33.366402576489534 ], [ -116.409530571992107, 33.36628663446055 ], [ -116.408962524654825, 33.36628663446055 ], [ -116.408962524654825, 33.367214170692435 ], [ -116.409672583826421, 33.367214170692435 ], [ -116.409672583826421, 33.367330112721419 ], [ -116.409814595660748, 33.367330112721419 ], [ -116.409814595660748, 33.36744605475041 ], [ -116.410098619329375, 33.36744605475041 ], [ -116.410098619329375, 33.367561996779393 ], [ -116.410382642998016, 33.367561996779393 ], [ -116.410382642998016, 33.367677938808377 ], [ -116.410524654832344, 33.367677938808377 ], [ -116.410524654832344, 33.367793880837361 ], [ -116.410808678500985, 33.367793880837361 ], [ -116.410808678500985, 33.367909822866345 ], [ -116.410950690335298, 33.367909822866345 ], [ -116.410950690335298, 33.368025764895336 ], [ -116.411234714003939, 33.368025764895336 ], [ -116.411234714003939, 33.36814170692432 ], [ -116.411376725838252, 33.36814170692432 ], [ -116.411376725838252, 33.368257648953303 ], [ -116.41151873767258, 33.368257648953303 ], [ -116.41151873767258, 33.368373590982287 ], [ -116.411802761341221, 33.368373590982287 ], [ -116.411802761341221, 33.368489533011278 ], [ -116.412086785009848, 33.368489533011278 ], [ -116.412086785009848, 33.368605475040262 ], [ -116.412512820512816, 33.368605475040262 ], [ -116.412512820512816, 33.369069243156204 ], [ -116.412228796844175, 33.369069243156204 ], [ -116.412228796844175, 33.36895330112722 ], [ -116.411376725838252, 33.36895330112722 ], [ -116.411376725838252, 33.368837359098229 ], [ -116.410950690335298, 33.368837359098229 ], [ -116.410950690335298, 33.368721417069246 ], [ -116.410382642998016, 33.368721417069246 ], [ -116.410382642998016, 33.368605475040262 ], [ -116.410240631163703, 33.368605475040262 ], [ -116.410240631163703, 33.368489533011278 ], [ -116.410098619329375, 33.368489533011278 ], [ -116.410098619329375, 33.368257648953303 ], [ -116.408962524654825, 33.368257648953303 ], [ -116.408962524654825, 33.36814170692432 ], [ -116.408394477317543, 33.36814170692432 ], [ -116.408394477317543, 33.368025764895336 ], [ -116.407968441814589, 33.368025764895336 ], [ -116.407968441814589, 33.367909822866345 ], [ -116.407542406311634, 33.367909822866345 ], [ -116.407542406311634, 33.367793880837361 ], [ -116.406974358974352, 33.367793880837361 ], [ -116.406974358974352, 33.367677938808377 ], [ -116.406548323471398, 33.367677938808377 ], [ -116.406548323471398, 33.367561996779393 ], [ -116.406122287968429, 33.367561996779393 ], [ -116.406122287968429, 33.36744605475041 ], [ -116.405696252465475, 33.36744605475041 ], [ -116.405696252465475, 33.367330112721419 ], [ -116.405554240631162, 33.367330112721419 ], [ -116.405554240631162, 33.367214170692435 ], [ -116.405128205128193, 33.367214170692435 ], [ -116.405128205128193, 33.367098228663451 ], [ -116.404702169625239, 33.367098228663451 ], [ -116.404702169625239, 33.366982286634467 ], [ -116.404560157790925, 33.366982286634467 ], [ -116.404560157790925, 33.366866344605477 ], [ -116.404134122287957, 33.366866344605477 ], [ -116.404134122287957, 33.366750402576493 ], [ -116.403992110453643, 33.366750402576493 ], [ -116.403992110453643, 33.366634460547509 ], [ -116.403708086785002, 33.366634460547509 ], [ -116.403708086785002, 33.366518518518525 ], [ -116.403566074950689, 33.366518518518525 ], [ -116.403566074950689, 33.366402576489534 ], [ -116.403424063116361, 33.366402576489534 ], [ -116.403424063116361, 33.36628663446055 ], [ -116.40314003944772, 33.36628663446055 ], [ -116.40314003944772, 33.366054750402583 ], [ -116.402998027613407, 33.366054750402583 ], [ -116.402998027613407, 33.365938808373592 ], [ -116.402856015779093, 33.365938808373592 ], [ -116.402856015779093, 33.365706924315624 ], [ -116.402714003944766, 33.365706924315624 ], [ -116.402714003944766, 33.365590982286641 ], [ -116.402571992110452, 33.365590982286641 ], [ -116.402571992110452, 33.36477938808374 ], [ -116.402429980276125, 33.36477938808374 ], [ -116.402429980276125, 33.364547504025765 ], [ -116.402145956607484, 33.364547504025765 ], [ -116.402145956607484, 33.364431561996781 ], [ -116.40200394477317, 33.364431561996781 ], [ -116.40200394477317, 33.364315619967797 ], [ -116.401009861932934, 33.364315619967797 ], [ -116.401009861932934, 33.364199677938814 ], [ -116.400867850098621, 33.364199677938814 ], [ -116.400867850098621, 33.36408373590983 ], [ -116.400725838264293, 33.36408373590983 ], [ -116.400725838264293, 33.363967793880839 ], [ -116.40058382642998, 33.363967793880839 ], [ -116.40058382642998, 33.363851851851855 ], [ -116.400441814595652, 33.363851851851855 ], [ -116.400441814595652, 33.363735909822871 ], [ -116.400299802761339, 33.363735909822871 ], [ -116.400299802761339, 33.363619967793888 ], [ -116.400157790927011, 33.363619967793888 ], [ -116.400157790927011, 33.363388083735913 ], [ -116.400015779092698, 33.363388083735913 ], [ -116.400015779092698, 33.363272141706929 ], [ -116.399731755424057, 33.363272141706929 ], [ -116.399731755424057, 33.363156199677945 ], [ -116.399589743589743, 33.363156199677945 ], [ -116.399589743589743, 33.363040257648954 ], [ -116.399447731755416, 33.363040257648954 ], [ -116.399447731755416, 33.362924315619971 ], [ -116.399305719921102, 33.362924315619971 ], [ -116.399305719921102, 33.362808373590987 ], [ -116.399163708086775, 33.362808373590987 ], [ -116.399163708086775, 33.362692431562003 ], [ -116.399021696252461, 33.362692431562003 ], [ -116.399021696252461, 33.362460547504028 ], [ -116.398879684418148, 33.362460547504028 ], [ -116.398879684418148, 33.362344605475045 ], [ -116.398595660749507, 33.362344605475045 ], [ -116.398595660749507, 33.362228663446061 ], [ -116.398311637080866, 33.362228663446061 ], [ -116.398311637080866, 33.36211272141707 ], [ -116.398027613412225, 33.36211272141707 ], [ -116.398027613412225, 33.361996779388086 ], [ -116.397885601577912, 33.361996779388086 ], [ -116.397885601577912, 33.361301127214176 ], [ -116.397743589743584, 33.361301127214176 ], [ -116.397743589743584, 33.361069243156201 ], [ -116.396891518737675, 33.361069243156201 ], [ -116.396891518737675, 33.361185185185192 ], [ -116.396749506903348, 33.361185185185192 ], [ -116.396749506903348, 33.361069243156201 ], [ -116.396039447731752, 33.361069243156201 ], [ -116.396039447731752, 33.361185185185192 ], [ -116.395897435897425, 33.361185185185192 ], [ -116.395897435897425, 33.361069243156201 ], [ -116.395755424063111, 33.361069243156201 ], [ -116.395755424063111, 33.360953301127218 ], [ -116.395613412228798, 33.360953301127218 ], [ -116.395613412228798, 33.360837359098234 ], [ -116.395755424063111, 33.360837359098234 ], [ -116.395755424063111, 33.360489533011275 ], [ -116.395613412228798, 33.360489533011275 ], [ -116.395613412228798, 33.360373590982292 ], [ -116.39547140039447, 33.360373590982292 ], [ -116.39547140039447, 33.360257648953308 ], [ -116.395329388560157, 33.360257648953308 ], [ -116.395329388560157, 33.360141706924317 ], [ -116.395187376725829, 33.360141706924317 ], [ -116.395187376725829, 33.360025764895333 ], [ -116.394903353057188, 33.360025764895333 ], [ -116.394903353057188, 33.359909822866349 ], [ -116.394477317554234, 33.359909822866349 ], [ -116.394477317554234, 33.360141706924317 ], [ -116.394193293885593, 33.360141706924317 ], [ -116.394193293885593, 33.359909822866349 ], [ -116.39433530571992, 33.359909822866349 ], [ -116.39433530571992, 33.359561996779391 ], [ -116.394193293885593, 33.359561996779391 ], [ -116.394193293885593, 33.359446054750407 ], [ -116.393909270216952, 33.359446054750407 ], [ -116.393909270216952, 33.359330112721423 ], [ -116.393625246548325, 33.359330112721423 ], [ -116.393625246548325, 33.359214170692432 ], [ -116.393483234713997, 33.359214170692432 ], [ -116.393483234713997, 33.358634460547506 ], [ -116.393341222879684, 33.358634460547506 ], [ -116.393341222879684, 33.358286634460548 ], [ -116.393199211045356, 33.358286634460548 ], [ -116.393199211045356, 33.358170692431564 ], [ -116.393057199211043, 33.358170692431564 ], [ -116.393057199211043, 33.35805475040258 ], [ -116.392347140039448, 33.35805475040258 ], [ -116.392347140039448, 33.358170692431564 ], [ -116.392063116370807, 33.358170692431564 ], [ -116.392063116370807, 33.358402576489539 ], [ -116.391921104536479, 33.358402576489539 ], [ -116.391921104536479, 33.358518518518522 ], [ -116.391779092702166, 33.358518518518522 ], [ -116.391779092702166, 33.358402576489539 ], [ -116.391495069033525, 33.358402576489539 ], [ -116.391495069033525, 33.358286634460548 ], [ -116.391353057199211, 33.358286634460548 ], [ -116.391353057199211, 33.358170692431564 ], [ -116.391211045364884, 33.358170692431564 ], [ -116.391211045364884, 33.35805475040258 ], [ -116.390927021696243, 33.35805475040258 ], [ -116.390927021696243, 33.357938808373596 ], [ -116.390642998027616, 33.357938808373596 ], [ -116.390642998027616, 33.357822866344613 ], [ -116.390216962524647, 33.357822866344613 ], [ -116.390216962524647, 33.357706924315622 ], [ -116.390074950690334, 33.357706924315622 ], [ -116.390074950690334, 33.357590982286638 ], [ -116.389932938856006, 33.357590982286638 ], [ -116.389932938856006, 33.357475040257654 ], [ -116.389790927021693, 33.357475040257654 ], [ -116.389790927021693, 33.35735909822867 ], [ -116.389506903353052, 33.35735909822867 ], [ -116.389506903353052, 33.357243156199679 ], [ -116.389222879684411, 33.357243156199679 ], [ -116.389222879684411, 33.357127214170696 ], [ -116.388654832347143, 33.357127214170696 ], [ -116.388654832347143, 33.357243156199679 ], [ -116.388512820512815, 33.357243156199679 ], [ -116.388512820512815, 33.356779388083737 ], [ -116.388370808678502, 33.356779388083737 ], [ -116.388370808678502, 33.356663446054753 ], [ -116.388228796844174, 33.356663446054753 ], [ -116.388228796844174, 33.35654750402577 ], [ -116.388086785009861, 33.35654750402577 ], [ -116.388086785009861, 33.355735909822869 ], [ -116.387944773175533, 33.355735909822869 ], [ -116.387944773175533, 33.35538808373591 ], [ -116.38780276134122, 33.35538808373591 ], [ -116.38780276134122, 33.355272141706926 ], [ -116.387660749506907, 33.355272141706926 ], [ -116.387660749506907, 33.355156199677943 ], [ -116.387376725838266, 33.355156199677943 ], [ -116.387376725838266, 33.355040257648959 ], [ -116.386950690335297, 33.355040257648959 ], [ -116.386950690335297, 33.354924315619968 ], [ -116.386808678500984, 33.354924315619968 ], [ -116.386808678500984, 33.354808373590984 ], [ -116.386098619329388, 33.354808373590984 ], [ -116.386098619329388, 33.354924315619968 ], [ -116.385814595660747, 33.354924315619968 ], [ -116.385814595660747, 33.355040257648959 ], [ -116.385530571992106, 33.355040257648959 ], [ -116.385530571992106, 33.355156199677943 ], [ -116.385388560157793, 33.355156199677943 ], [ -116.385388560157793, 33.355272141706926 ], [ -116.384820512820511, 33.355272141706926 ], [ -116.384820512820511, 33.355156199677943 ], [ -116.384394477317556, 33.355156199677943 ], [ -116.384394477317556, 33.355040257648959 ], [ -116.384252465483229, 33.355040257648959 ], [ -116.384252465483229, 33.354924315619968 ], [ -116.383826429980274, 33.354924315619968 ], [ -116.383826429980274, 33.354808373590984 ], [ -116.38340039447732, 33.354808373590984 ], [ -116.38340039447732, 33.354692431562 ], [ -116.383258382642993, 33.354692431562 ], [ -116.383258382642993, 33.354576489533017 ], [ -116.383116370808679, 33.354576489533017 ], [ -116.383116370808679, 33.353648953301132 ], [ -116.382974358974352, 33.353648953301132 ], [ -116.382974358974352, 33.353301127214174 ], [ -116.382690335305725, 33.353301127214174 ], [ -116.382690335305725, 33.353069243156206 ], [ -116.382548323471397, 33.353069243156206 ], [ -116.382548323471397, 33.352953301127215 ], [ -116.382406311637084, 33.352953301127215 ], [ -116.382406311637084, 33.352605475040264 ], [ -116.382264299802756, 33.352605475040264 ], [ -116.382264299802756, 33.352373590982289 ], [ -116.382122287968443, 33.352373590982289 ], [ -116.382122287968443, 33.352141706924321 ], [ -116.381980276134115, 33.352141706924321 ], [ -116.381980276134115, 33.351909822866347 ], [ -116.381838264299802, 33.351909822866347 ], [ -116.381838264299802, 33.351677938808379 ], [ -116.381696252465488, 33.351677938808379 ], [ -116.381696252465488, 33.351330112721421 ], [ -116.381554240631161, 33.351330112721421 ], [ -116.381554240631161, 33.351214170692437 ], [ -116.381412228796847, 33.351214170692437 ], [ -116.381412228796847, 33.350982286634462 ], [ -116.38127021696252, 33.350982286634462 ], [ -116.38127021696252, 33.350750402576494 ], [ -116.381128205128206, 33.350750402576494 ], [ -116.381128205128206, 33.350634460547511 ], [ -116.380986193293879, 33.350634460547511 ], [ -116.380986193293879, 33.35051851851852 ], [ -116.380844181459565, 33.35051851851852 ], [ -116.380844181459565, 33.350402576489536 ], [ -116.380702169625252, 33.350402576489536 ], [ -116.380702169625252, 33.350286634460552 ], [ -116.380418145956611, 33.350286634460552 ], [ -116.380418145956611, 33.350170692431568 ], [ -116.379992110453642, 33.350170692431568 ], [ -116.379992110453642, 33.350054750402577 ], [ -116.379424063116375, 33.350054750402577 ], [ -116.379424063116375, 33.350286634460552 ], [ -116.379282051282047, 33.350286634460552 ], [ -116.379282051282047, 33.350634460547511 ], [ -116.379140039447734, 33.350634460547511 ], [ -116.379140039447734, 33.350402576489536 ], [ -116.378998027613406, 33.350402576489536 ], [ -116.378998027613406, 33.350286634460552 ], [ -116.378856015779093, 33.350286634460552 ], [ -116.378856015779093, 33.349938808373594 ], [ -116.378145956607497, 33.349938808373594 ], [ -116.378145956607497, 33.350054750402577 ], [ -116.377861932938856, 33.350054750402577 ], [ -116.377861932938856, 33.350170692431568 ], [ -116.377719921104543, 33.350170692431568 ], [ -116.377719921104543, 33.350286634460552 ], [ -116.377577909270215, 33.350286634460552 ], [ -116.377577909270215, 33.35051851851852 ], [ -116.377293885601574, 33.35051851851852 ], [ -116.377293885601574, 33.350750402576494 ], [ -116.377151873767261, 33.350750402576494 ], [ -116.377151873767261, 33.350866344605478 ], [ -116.377009861932933, 33.350866344605478 ], [ -116.377009861932933, 33.350982286634462 ], [ -116.37686785009862, 33.350982286634462 ], [ -116.37686785009862, 33.351098228663453 ], [ -116.376583826429979, 33.351098228663453 ], [ -116.376583826429979, 33.350634460547511 ], [ -116.376299802761338, 33.350634460547511 ], [ -116.376299802761338, 33.35051851851852 ], [ -116.376157790927024, 33.35051851851852 ], [ -116.376157790927024, 33.350402576489536 ], [ -116.37573175542407, 33.350402576489536 ], [ -116.37573175542407, 33.35051851851852 ], [ -116.375589743589742, 33.35051851851852 ], [ -116.375589743589742, 33.350634460547511 ], [ -116.374311637080865, 33.350634460547511 ], [ -116.374311637080865, 33.35051851851852 ], [ -116.374169625246552, 33.35051851851852 ], [ -116.374169625246552, 33.350402576489536 ], [ -116.374027613412224, 33.350402576489536 ], [ -116.374027613412224, 33.350286634460552 ], [ -116.373885601577911, 33.350286634460552 ], [ -116.373885601577911, 33.350170692431568 ], [ -116.373743589743583, 33.350170692431568 ], [ -116.373743589743583, 33.350054750402577 ], [ -116.373459566074956, 33.350054750402577 ], [ -116.373459566074956, 33.349938808373594 ], [ -116.373175542406315, 33.349938808373594 ], [ -116.373175542406315, 33.34982286634461 ], [ -116.372749506903347, 33.34982286634461 ], [ -116.372749506903347, 33.349706924315626 ], [ -116.372607495069033, 33.349706924315626 ], [ -116.372607495069033, 33.349590982286635 ], [ -116.372181459566079, 33.349590982286635 ], [ -116.372181459566079, 33.349706924315626 ], [ -116.371613412228797, 33.349706924315626 ], [ -116.371613412228797, 33.34982286634461 ], [ -116.371471400394483, 33.34982286634461 ], [ -116.371471400394483, 33.349938808373594 ], [ -116.371187376725842, 33.349938808373594 ], [ -116.371187376725842, 33.350170692431568 ], [ -116.371045364891515, 33.350170692431568 ], [ -116.371045364891515, 33.350402576489536 ], [ -116.370335305719919, 33.350402576489536 ], [ -116.370335305719919, 33.35051851851852 ], [ -116.370051282051278, 33.35051851851852 ], [ -116.370051282051278, 33.350402576489536 ], [ -116.369909270216965, 33.350402576489536 ], [ -116.369909270216965, 33.350286634460552 ], [ -116.369625246548324, 33.350286634460552 ], [ -116.369625246548324, 33.350170692431568 ], [ -116.368773175542401, 33.350170692431568 ], [ -116.368773175542401, 33.350054750402577 ], [ -116.368631163708088, 33.350054750402577 ], [ -116.368631163708088, 33.349938808373594 ], [ -116.367921104536492, 33.349938808373594 ], [ -116.367921104536492, 33.34982286634461 ], [ -116.367637080867851, 33.34982286634461 ], [ -116.367637080867851, 33.349706924315626 ], [ -116.36735305719921, 33.349706924315626 ], [ -116.36735305719921, 33.349590982286635 ], [ -116.367211045364897, 33.349590982286635 ], [ -116.367211045364897, 33.349359098228668 ], [ -116.367069033530569, 33.349359098228668 ], [ -116.367069033530569, 33.349243156199684 ], [ -116.366785009861928, 33.349243156199684 ], [ -116.366785009861928, 33.349127214170693 ], [ -116.366642998027615, 33.349127214170693 ], [ -116.366642998027615, 33.348895330112725 ], [ -116.366500986193302, 33.348895330112725 ], [ -116.366500986193302, 33.348431561996783 ], [ -116.366358974358974, 33.348431561996783 ], [ -116.366358974358974, 33.348199677938808 ], [ -116.366216962524661, 33.348199677938808 ], [ -116.366216962524661, 33.347851851851857 ], [ -116.36593293885602, 33.347851851851857 ], [ -116.36593293885602, 33.347735909822873 ], [ -116.365790927021692, 33.347735909822873 ], [ -116.365790927021692, 33.347619967793882 ], [ -116.365506903353065, 33.347619967793882 ], [ -116.365506903353065, 33.347388083735915 ], [ -116.365080867850097, 33.347388083735915 ], [ -116.365080867850097, 33.34715619967794 ], [ -116.36408678500986, 33.34715619967794 ], [ -116.36408678500986, 33.347272141706931 ], [ -116.363944773175547, 33.347272141706931 ], [ -116.363944773175547, 33.347388083735915 ], [ -116.363802761341219, 33.347388083735915 ], [ -116.363802761341219, 33.347272141706931 ], [ -116.363376725838265, 33.347272141706931 ], [ -116.363376725838265, 33.34715619967794 ], [ -116.363234714003951, 33.34715619967794 ], [ -116.363234714003951, 33.347040257648956 ], [ -116.36295069033531, 33.347040257648956 ], [ -116.36295069033531, 33.346924315619972 ], [ -116.362808678500983, 33.346924315619972 ], [ -116.362808678500983, 33.346808373590989 ], [ -116.362666666666669, 33.346808373590989 ], [ -116.362666666666669, 33.346692431561998 ], [ -116.362524654832356, 33.346692431561998 ], [ -116.362524654832356, 33.346576489533014 ], [ -116.362382642998028, 33.346576489533014 ], [ -116.362382642998028, 33.34646054750403 ], [ -116.362240631163715, 33.34646054750403 ], [ -116.362240631163715, 33.346344605475046 ], [ -116.362098619329387, 33.346344605475046 ], [ -116.362098619329387, 33.346228663446055 ], [ -116.361956607495074, 33.346228663446055 ], [ -116.361956607495074, 33.346112721417072 ], [ -116.361672583826433, 33.346112721417072 ], [ -116.361672583826433, 33.345996779388088 ], [ -116.36153057199212, 33.345996779388088 ], [ -116.36153057199212, 33.345880837359104 ], [ -116.361388560157792, 33.345880837359104 ], [ -116.361388560157792, 33.345648953301129 ], [ -116.361246548323479, 33.345648953301129 ], [ -116.361246548323479, 33.345417069243162 ], [ -116.361104536489151, 33.345417069243162 ], [ -116.361104536489151, 33.345301127214171 ], [ -116.361388560157792, 33.345301127214171 ], [ -116.361388560157792, 33.345185185185187 ], [ -116.361814595660746, 33.345185185185187 ], [ -116.361814595660746, 33.344837359098229 ], [ -116.361956607495074, 33.344837359098229 ], [ -116.361956607495074, 33.344489533011277 ], [ -116.362098619329387, 33.344489533011277 ], [ -116.362098619329387, 33.344257648953302 ], [ -116.362382642998028, 33.344257648953302 ], [ -116.362382642998028, 33.344141706924319 ], [ -116.362666666666669, 33.344141706924319 ], [ -116.362666666666669, 33.344025764895335 ], [ -116.362808678500983, 33.344025764895335 ], [ -116.362808678500983, 33.343909822866351 ], [ -116.363092702169624, 33.343909822866351 ], [ -116.363092702169624, 33.343677938808376 ], [ -116.363234714003951, 33.343677938808376 ], [ -116.363234714003951, 33.34309822866345 ], [ -116.36295069033531, 33.34309822866345 ], [ -116.36295069033531, 33.342750402576492 ], [ -116.362524654832356, 33.342750402576492 ], [ -116.362524654832356, 33.342634460547508 ], [ -116.362382642998028, 33.342634460547508 ], [ -116.362382642998028, 33.342518518518524 ], [ -116.362240631163715, 33.342518518518524 ], [ -116.362240631163715, 33.342170692431566 ], [ -116.363092702169624, 33.342170692431566 ], [ -116.363092702169624, 33.341822866344607 ], [ -116.362666666666669, 33.341822866344607 ], [ -116.362666666666669, 33.341706924315623 ], [ -116.362098619329387, 33.341706924315623 ], [ -116.362098619329387, 33.34159098228664 ], [ -116.361956607495074, 33.34159098228664 ], [ -116.361956607495074, 33.341359098228665 ], [ -116.361814595660746, 33.341359098228665 ], [ -116.361814595660746, 33.341011272141714 ], [ -116.361672583826433, 33.341011272141714 ], [ -116.361672583826433, 33.340663446054755 ], [ -116.36153057199212, 33.340663446054755 ], [ -116.36153057199212, 33.34043156199678 ], [ -116.361388560157792, 33.34043156199678 ], [ -116.361388560157792, 33.340315619967797 ], [ -116.361246548323479, 33.340315619967797 ], [ -116.361246548323479, 33.340199677938813 ], [ -116.36082051282051, 33.340199677938813 ], [ -116.36082051282051, 33.340083735909829 ], [ -116.360394477317556, 33.340083735909829 ], [ -116.360394477317556, 33.339967793880838 ], [ -116.359826429980274, 33.339967793880838 ], [ -116.359826429980274, 33.339851851851854 ], [ -116.359542406311647, 33.339851851851854 ], [ -116.359542406311647, 33.33973590982287 ], [ -116.358690335305724, 33.33973590982287 ], [ -116.358690335305724, 33.339851851851854 ], [ -116.35854832347141, 33.339851851851854 ], [ -116.35854832347141, 33.339967793880838 ], [ -116.358406311637083, 33.339967793880838 ], [ -116.358406311637083, 33.340083735909829 ], [ -116.357980276134128, 33.340083735909829 ], [ -116.357980276134128, 33.340199677938813 ], [ -116.357838264299801, 33.340199677938813 ], [ -116.357838264299801, 33.340315619967797 ], [ -116.357412228796846, 33.340315619967797 ], [ -116.357412228796846, 33.34043156199678 ], [ -116.357270216962533, 33.34043156199678 ], [ -116.357270216962533, 33.340663446054755 ], [ -116.357128205128205, 33.340663446054755 ], [ -116.357128205128205, 33.340895330112723 ], [ -116.356986193293892, 33.340895330112723 ], [ -116.356986193293892, 33.340779388083739 ], [ -116.356702169625251, 33.340779388083739 ], [ -116.356702169625251, 33.340547504025771 ], [ -116.356560157790938, 33.340547504025771 ], [ -116.356560157790938, 33.34043156199678 ], [ -116.35641814595661, 33.34043156199678 ], [ -116.35641814595661, 33.340315619967797 ], [ -116.356276134122297, 33.340315619967797 ], [ -116.356276134122297, 33.340083735909829 ], [ -116.356134122287969, 33.340083735909829 ], [ -116.356134122287969, 33.339967793880838 ], [ -116.356276134122297, 33.339967793880838 ], [ -116.356276134122297, 33.339619967793887 ], [ -116.355708086785015, 33.339619967793887 ], [ -116.355708086785015, 33.33973590982287 ], [ -116.355424063116374, 33.33973590982287 ], [ -116.355424063116374, 33.339851851851854 ], [ -116.35528205128206, 33.339851851851854 ], [ -116.35528205128206, 33.339967793880838 ], [ -116.355140039447733, 33.339967793880838 ], [ -116.355140039447733, 33.340199677938813 ], [ -116.354998027613419, 33.340199677938813 ], [ -116.354998027613419, 33.340315619967797 ], [ -116.354856015779092, 33.340315619967797 ], [ -116.354856015779092, 33.340547504025771 ], [ -116.354714003944778, 33.340547504025771 ], [ -116.354714003944778, 33.340663446054755 ], [ -116.354429980276137, 33.340663446054755 ], [ -116.354429980276137, 33.340547504025771 ], [ -116.354145956607496, 33.340547504025771 ], [ -116.354145956607496, 33.34043156199678 ], [ -116.354003944773183, 33.34043156199678 ], [ -116.354003944773183, 33.340199677938813 ], [ -116.353861932938855, 33.340199677938813 ], [ -116.353861932938855, 33.340083735909829 ], [ -116.353719921104542, 33.340083735909829 ], [ -116.353719921104542, 33.339967793880838 ], [ -116.353577909270228, 33.339967793880838 ], [ -116.353577909270228, 33.339851851851854 ], [ -116.353435897435901, 33.339851851851854 ], [ -116.353435897435901, 33.339272141706928 ], [ -116.353009861932946, 33.339272141706928 ], [ -116.353009861932946, 33.339156199677944 ], [ -116.352583826429992, 33.339156199677944 ], [ -116.352583826429992, 33.33892431561997 ], [ -116.352441814595664, 33.33892431561997 ], [ -116.352441814595664, 33.338808373590986 ], [ -116.352299802761351, 33.338808373590986 ], [ -116.352299802761351, 33.338692431562002 ], [ -116.352157790927023, 33.338692431562002 ], [ -116.352157790927023, 33.338460547504027 ], [ -116.351873767258382, 33.338460547504027 ], [ -116.351873767258382, 33.338344605475044 ], [ -116.351731755424069, 33.338344605475044 ], [ -116.351731755424069, 33.33822866344606 ], [ -116.351589743589756, 33.33822866344606 ], [ -116.351589743589756, 33.338112721417076 ], [ -116.351163708086787, 33.338112721417076 ], [ -116.351163708086787, 33.337996779388085 ], [ -116.351021696252474, 33.337996779388085 ], [ -116.351021696252474, 33.337880837359101 ], [ -116.350879684418146, 33.337880837359101 ], [ -116.350879684418146, 33.337417069243159 ], [ -116.350737672583833, 33.337417069243159 ], [ -116.350737672583833, 33.337301127214175 ], [ -116.350453648915192, 33.337301127214175 ], [ -116.350453648915192, 33.337185185185191 ], [ -116.350311637080878, 33.337185185185191 ], [ -116.350311637080878, 33.337069243156201 ], [ -116.34988560157791, 33.337069243156201 ], [ -116.34988560157791, 33.337185185185191 ], [ -116.349743589743596, 33.337185185185191 ], [ -116.349743589743596, 33.336721417069249 ], [ -116.349601577909269, 33.336721417069249 ], [ -116.349601577909269, 33.336605475040258 ], [ -116.349459566074955, 33.336605475040258 ], [ -116.349459566074955, 33.336489533011274 ], [ -116.349317554240642, 33.336489533011274 ], [ -116.349317554240642, 33.336373590982291 ], [ -116.349175542406314, 33.336373590982291 ], [ -116.349175542406314, 33.336257648953307 ], [ -116.349033530572001, 33.336257648953307 ], [ -116.349033530572001, 33.336141706924316 ], [ -116.348891518737673, 33.336141706924316 ], [ -116.348891518737673, 33.336025764895332 ], [ -116.34874950690336, 33.336025764895332 ], [ -116.34874950690336, 33.335909822866348 ], [ -116.348607495069032, 33.335909822866348 ], [ -116.348607495069032, 33.335793880837365 ], [ -116.348465483234719, 33.335793880837365 ], [ -116.348465483234719, 33.335677938808374 ], [ -116.348323471400406, 33.335677938808374 ], [ -116.348323471400406, 33.33556199677939 ], [ -116.348181459566078, 33.33556199677939 ], [ -116.348181459566078, 33.335446054750406 ], [ -116.348039447731765, 33.335446054750406 ], [ -116.348039447731765, 33.335330112721422 ], [ -116.347755424063124, 33.335330112721422 ], [ -116.347755424063124, 33.335214170692431 ], [ -116.347613412228796, 33.335214170692431 ], [ -116.347613412228796, 33.335098228663448 ], [ -116.347471400394483, 33.335098228663448 ], [ -116.347471400394483, 33.334982286634464 ], [ -116.347187376725842, 33.334982286634464 ], [ -116.347187376725842, 33.33486634460548 ], [ -116.346903353057201, 33.33486634460548 ], [ -116.346903353057201, 33.334750402576496 ], [ -116.346761341222887, 33.334750402576496 ], [ -116.346761341222887, 33.334634460547505 ], [ -116.346335305719933, 33.334634460547505 ], [ -116.346335305719933, 33.33486634460548 ], [ -116.346193293885605, 33.33486634460548 ], [ -116.346193293885605, 33.334286634460554 ], [ -116.346051282051292, 33.334286634460554 ], [ -116.346051282051292, 33.334170692431563 ], [ -116.345909270216964, 33.334170692431563 ], [ -116.345909270216964, 33.334054750402579 ], [ -116.345625246548323, 33.334054750402579 ], [ -116.345625246548323, 33.333938808373595 ], [ -116.345341222879696, 33.333938808373595 ], [ -116.345341222879696, 33.333822866344612 ], [ -116.345199211045369, 33.333822866344612 ], [ -116.345199211045369, 33.333706924315621 ], [ -116.344915187376728, 33.333706924315621 ], [ -116.344915187376728, 33.333590982286637 ], [ -116.344773175542414, 33.333590982286637 ], [ -116.344773175542414, 33.333475040257653 ], [ -116.344631163708087, 33.333475040257653 ], [ -116.344631163708087, 33.333243156199678 ], [ -116.344489151873773, 33.333243156199678 ], [ -116.344489151873773, 33.333127214170695 ], [ -116.343921104536491, 33.333127214170695 ], [ -116.343921104536491, 33.333011272141711 ], [ -116.343779092702178, 33.333011272141711 ], [ -116.343779092702178, 33.332895330112727 ], [ -116.34363708086785, 33.332895330112727 ], [ -116.34363708086785, 33.332779388083736 ], [ -116.343495069033537, 33.332779388083736 ], [ -116.343495069033537, 33.332663446054752 ], [ -116.343353057199224, 33.332663446054752 ], [ -116.343353057199224, 33.332547504025769 ], [ -116.343069033530583, 33.332547504025769 ], [ -116.343069033530583, 33.332431561996785 ], [ -116.342927021696255, 33.332431561996785 ], [ -116.342927021696255, 33.332315619967794 ], [ -116.342785009861942, 33.332315619967794 ], [ -116.342785009861942, 33.33219967793881 ], [ -116.342642998027614, 33.33219967793881 ], [ -116.342642998027614, 33.332083735909826 ], [ -116.342500986193301, 33.332083735909826 ], [ -116.342500986193301, 33.331967793880843 ], [ -116.342358974358987, 33.331967793880843 ], [ -116.342358974358987, 33.331619967793884 ], [ -116.34221696252466, 33.331619967793884 ], [ -116.34221696252466, 33.3315040257649 ], [ -116.341932938856019, 33.3315040257649 ], [ -116.341932938856019, 33.331388083735916 ], [ -116.341790927021705, 33.331388083735916 ], [ -116.341790927021705, 33.331156199677942 ], [ -116.341648915187378, 33.331156199677942 ], [ -116.341648915187378, 33.331040257648958 ], [ -116.341506903353064, 33.331040257648958 ], [ -116.341506903353064, 33.330924315619974 ], [ -116.341364891518751, 33.330924315619974 ], [ -116.341364891518751, 33.330692431561999 ], [ -116.341222879684423, 33.330692431561999 ], [ -116.341222879684423, 33.330460547504032 ], [ -116.34108086785011, 33.330460547504032 ], [ -116.34108086785011, 33.330112721417073 ], [ -116.340370808678514, 33.330112721417073 ], [ -116.340370808678514, 33.32999677938809 ], [ -116.340512820512828, 33.32999677938809 ], [ -116.340512820512828, 33.329648953301131 ], [ -116.340370808678514, 33.329648953301131 ], [ -116.340370808678514, 33.329533011272147 ], [ -116.340228796844187, 33.329533011272147 ], [ -116.340228796844187, 33.329417069243156 ], [ -116.340086785009873, 33.329417069243156 ], [ -116.340086785009873, 33.329301127214173 ], [ -116.339944773175546, 33.329301127214173 ], [ -116.339944773175546, 33.329185185185189 ], [ -116.339802761341232, 33.329185185185189 ], [ -116.339802761341232, 33.329069243156205 ], [ -116.339660749506905, 33.329069243156205 ], [ -116.339660749506905, 33.32883735909823 ], [ -116.339518737672591, 33.32883735909823 ], [ -116.339518737672591, 33.328721417069247 ], [ -116.339092702169637, 33.328721417069247 ], [ -116.339092702169637, 33.32883735909823 ], [ -116.338950690335309, 33.32883735909823 ], [ -116.338950690335309, 33.328721417069247 ], [ -116.338808678500996, 33.328721417069247 ], [ -116.338808678500996, 33.328605475040263 ], [ -116.338666666666668, 33.328605475040263 ], [ -116.338666666666668, 33.328373590982288 ], [ -116.338950690335309, 33.328373590982288 ], [ -116.338950690335309, 33.328025764895337 ], [ -116.338808678500996, 33.328025764895337 ], [ -116.338808678500996, 33.327909822866346 ], [ -116.338666666666668, 33.327909822866346 ], [ -116.338666666666668, 33.327446054750403 ], [ -116.338524654832355, 33.327446054750403 ], [ -116.338524654832355, 33.327214170692436 ], [ -116.338098619329401, 33.327214170692436 ], [ -116.338098619329401, 33.327098228663452 ], [ -116.337956607495073, 33.327098228663452 ], [ -116.337956607495073, 33.326982286634461 ], [ -116.337530571992119, 33.326982286634461 ], [ -116.337530571992119, 33.327098228663452 ], [ -116.337388560157805, 33.327098228663452 ], [ -116.337388560157805, 33.326982286634461 ], [ -116.337246548323478, 33.326982286634461 ], [ -116.337246548323478, 33.326750402576494 ], [ -116.337388560157805, 33.326750402576494 ], [ -116.337388560157805, 33.326402576489535 ], [ -116.337246548323478, 33.326402576489535 ], [ -116.337246548323478, 33.326054750402577 ], [ -116.337104536489164, 33.326054750402577 ], [ -116.337104536489164, 33.325359098228667 ], [ -116.336962524654837, 33.325359098228667 ], [ -116.336962524654837, 33.324779388083741 ], [ -116.336820512820523, 33.324779388083741 ], [ -116.336820512820523, 33.324083735909824 ], [ -116.336678500986196, 33.324083735909824 ], [ -116.336678500986196, 33.321880837359103 ], [ -116.336536489151882, 33.321880837359103 ], [ -116.336536489151882, 33.321185185185186 ], [ -116.336394477317569, 33.321185185185186 ], [ -116.336394477317569, 33.321069243156202 ], [ -116.336110453648928, 33.321069243156202 ], [ -116.336110453648928, 33.320953301127219 ], [ -116.3359684418146, 33.320953301127219 ], [ -116.3359684418146, 33.320837359098235 ], [ -116.335826429980287, 33.320837359098235 ], [ -116.335826429980287, 33.320721417069244 ], [ -116.335684418145959, 33.320721417069244 ], [ -116.335684418145959, 33.320489533011276 ], [ -116.335542406311646, 33.320489533011276 ], [ -116.335542406311646, 33.320373590982292 ], [ -116.335116370808691, 33.320373590982292 ], [ -116.335116370808691, 33.320025764895334 ], [ -116.334974358974364, 33.320025764895334 ], [ -116.334974358974364, 33.319561996779392 ], [ -116.334690335305723, 33.319561996779392 ], [ -116.334690335305723, 33.319446054750408 ], [ -116.334406311637096, 33.319446054750408 ], [ -116.334406311637096, 33.319330112721417 ], [ -116.334122287968455, 33.319330112721417 ], [ -116.334122287968455, 33.318866344605475 ], [ -116.333696252465487, 33.318866344605475 ], [ -116.333696252465487, 33.318982286634466 ], [ -116.333554240631173, 33.318982286634466 ], [ -116.333554240631173, 33.318866344605475 ], [ -116.333270216962532, 33.318866344605475 ], [ -116.333270216962532, 33.318750402576491 ], [ -116.332844181459578, 33.318750402576491 ], [ -116.332844181459578, 33.318634460547507 ], [ -116.332560157790937, 33.318634460547507 ], [ -116.332560157790937, 33.318518518518523 ], [ -116.331992110453655, 33.318518518518523 ], [ -116.331992110453655, 33.31840257648954 ], [ -116.331424063116387, 33.31840257648954 ], [ -116.331424063116387, 33.318750402576491 ], [ -116.331282051282059, 33.318750402576491 ], [ -116.331282051282059, 33.318866344605475 ], [ -116.331140039447746, 33.318866344605475 ], [ -116.331140039447746, 33.318634460547507 ], [ -116.329719921104541, 33.318634460547507 ], [ -116.329719921104541, 33.318518518518523 ], [ -116.329577909270228, 33.318518518518523 ], [ -116.329577909270228, 33.31840257648954 ], [ -116.3294358974359, 33.31840257648954 ], [ -116.3294358974359, 33.318170692431565 ], [ -116.329577909270228, 33.318170692431565 ], [ -116.329577909270228, 33.318054750402581 ], [ -116.330003944773182, 33.318054750402581 ], [ -116.330003944773182, 33.317359098228664 ], [ -116.329861932938869, 33.317359098228664 ], [ -116.329861932938869, 33.317011272141713 ], [ -116.329719921104541, 33.317011272141713 ], [ -116.329719921104541, 33.316779388083738 ], [ -116.329577909270228, 33.316779388083738 ], [ -116.329577909270228, 33.316663446054754 ], [ -116.329293885601587, 33.316663446054754 ], [ -116.329293885601587, 33.316199677938812 ], [ -116.328867850098632, 33.316199677938812 ], [ -116.328867850098632, 33.316315619967796 ], [ -116.328725838264305, 33.316315619967796 ], [ -116.328725838264305, 33.316199677938812 ], [ -116.328583826429991, 33.316199677938812 ], [ -116.328583826429991, 33.316083735909828 ], [ -116.328441814595664, 33.316083735909828 ], [ -116.328441814595664, 33.315851851851853 ], [ -116.32829980276135, 33.315851851851853 ], [ -116.32829980276135, 33.315619967793886 ], [ -116.328157790927037, 33.315619967793886 ], [ -116.328157790927037, 33.315504025764895 ], [ -116.328015779092709, 33.315504025764895 ], [ -116.328015779092709, 33.315156199677944 ], [ -116.327731755424068, 33.315156199677944 ], [ -116.327731755424068, 33.31504025764896 ], [ -116.327305719921114, 33.31504025764896 ], [ -116.327305719921114, 33.314924315619969 ], [ -116.326879684418159, 33.314924315619969 ], [ -116.326879684418159, 33.314808373590985 ], [ -116.326737672583832, 33.314808373590985 ], [ -116.326737672583832, 33.314576489533017 ], [ -116.326169625246564, 33.314576489533017 ], [ -116.326169625246564, 33.314692431562001 ], [ -116.325743589743595, 33.314692431562001 ], [ -116.325743589743595, 33.314460547504027 ], [ -116.325459566074954, 33.314460547504027 ], [ -116.325459566074954, 33.314228663446059 ], [ -116.325317554240641, 33.314228663446059 ], [ -116.325317554240641, 33.314112721417075 ], [ -116.325175542406328, 33.314112721417075 ], [ -116.325175542406328, 33.313996779388084 ], [ -116.325033530572, 33.313996779388084 ], [ -116.325033530572, 33.313764895330117 ], [ -116.324891518737687, 33.313764895330117 ], [ -116.324891518737687, 33.313648953301133 ], [ -116.324749506903359, 33.313648953301133 ], [ -116.324749506903359, 33.313533011272142 ], [ -116.324607495069046, 33.313533011272142 ], [ -116.324607495069046, 33.313417069243158 ], [ -116.324465483234718, 33.313417069243158 ], [ -116.324465483234718, 33.313301127214174 ], [ -116.323755424063123, 33.313301127214174 ], [ -116.323755424063123, 33.313417069243158 ], [ -116.323613412228809, 33.313417069243158 ], [ -116.323613412228809, 33.313533011272142 ], [ -116.323329388560168, 33.313533011272142 ], [ -116.323329388560168, 33.313301127214174 ], [ -116.323187376725855, 33.313301127214174 ], [ -116.323187376725855, 33.312025764895331 ], [ -116.322335305719932, 33.312025764895331 ], [ -116.322335305719932, 33.311909822866347 ], [ -116.322051282051291, 33.311909822866347 ], [ -116.322051282051291, 33.31167793880838 ], [ -116.321909270216977, 33.31167793880838 ], [ -116.321909270216977, 33.311561996779389 ], [ -116.32176725838265, 33.311561996779389 ], [ -116.32176725838265, 33.311446054750405 ], [ -116.321625246548336, 33.311446054750405 ], [ -116.321625246548336, 33.311214170692438 ], [ -116.321483234714009, 33.311214170692438 ], [ -116.321483234714009, 33.311098228663447 ], [ -116.321341222879695, 33.311098228663447 ], [ -116.321341222879695, 33.310982286634463 ], [ -116.321057199211054, 33.310982286634463 ], [ -116.321057199211054, 33.310866344605479 ], [ -116.320915187376741, 33.310866344605479 ], [ -116.320915187376741, 33.310750402576495 ], [ -116.3206311637081, 33.310750402576495 ], [ -116.3206311637081, 33.310634460547504 ], [ -116.320347140039459, 33.310634460547504 ], [ -116.320347140039459, 33.309590982286636 ], [ -116.320205128205146, 33.309590982286636 ], [ -116.320205128205146, 33.308895330112726 ], [ -116.319637080867864, 33.308895330112726 ], [ -116.319637080867864, 33.308779388083735 ], [ -116.319495069033536, 33.308779388083735 ], [ -116.319495069033536, 33.308663446054751 ], [ -116.319353057199223, 33.308663446054751 ], [ -116.319353057199223, 33.308547504025768 ], [ -116.319211045364909, 33.308547504025768 ], [ -116.319211045364909, 33.308431561996784 ], [ -116.319069033530582, 33.308431561996784 ], [ -116.319069033530582, 33.308199677938809 ], [ -116.318785009861941, 33.308199677938809 ], [ -116.318785009861941, 33.308083735909825 ], [ -116.318642998027627, 33.308083735909825 ], [ -116.318642998027627, 33.307967793880842 ], [ -116.3185009861933, 33.307967793880842 ], [ -116.3185009861933, 33.307735909822867 ], [ -116.318358974358986, 33.307735909822867 ], [ -116.318358974358986, 33.307619967793883 ], [ -116.318216962524673, 33.307619967793883 ], [ -116.318216962524673, 33.307504025764899 ], [ -116.318074950690345, 33.307504025764899 ], [ -116.318074950690345, 33.307388083735916 ], [ -116.317932938856032, 33.307388083735916 ], [ -116.317932938856032, 33.307272141706925 ], [ -116.317790927021704, 33.307272141706925 ], [ -116.317790927021704, 33.307156199677941 ], [ -116.317648915187391, 33.307156199677941 ], [ -116.317648915187391, 33.307040257648957 ], [ -116.317506903353063, 33.307040257648957 ], [ -116.317506903353063, 33.306924315619973 ], [ -116.317222879684437, 33.306924315619973 ], [ -116.317222879684437, 33.306808373590982 ], [ -116.317080867850109, 33.306808373590982 ], [ -116.317080867850109, 33.306692431561999 ], [ -116.316654832347155, 33.306692431561999 ], [ -116.316654832347155, 33.306112721417072 ], [ -116.316512820512827, 33.306112721417072 ], [ -116.316512820512827, 33.305996779388089 ], [ -116.315802761341232, 33.305996779388089 ], [ -116.315802761341232, 33.305880837359098 ], [ -116.315660749506918, 33.305880837359098 ], [ -116.315660749506918, 33.305533011272146 ], [ -116.315518737672591, 33.305533011272146 ], [ -116.315518737672591, 33.305417069243155 ], [ -116.314950690335323, 33.305417069243155 ], [ -116.314950690335323, 33.305533011272146 ], [ -116.314808678500995, 33.305533011272146 ], [ -116.314808678500995, 33.30564895330113 ], [ -116.314666666666682, 33.30564895330113 ], [ -116.314666666666682, 33.305764895330114 ], [ -116.314524654832354, 33.305764895330114 ], [ -116.314524654832354, 33.305880837359098 ], [ -116.314382642998041, 33.305880837359098 ], [ -116.314382642998041, 33.305996779388089 ], [ -116.313814595660759, 33.305996779388089 ], [ -116.313814595660759, 33.305880837359098 ], [ -116.313672583826445, 33.305880837359098 ], [ -116.313672583826445, 33.304721417069246 ], [ -116.313814595660759, 33.304721417069246 ], [ -116.313814595660759, 33.304489533011278 ], [ -116.313956607495086, 33.304489533011278 ], [ -116.313956607495086, 33.304373590982287 ], [ -116.3140986193294, 33.304373590982287 ], [ -116.3140986193294, 33.304257648953303 ], [ -116.314240631163727, 33.304257648953303 ], [ -116.314240631163727, 33.30414170692432 ], [ -116.314382642998041, 33.30414170692432 ], [ -116.314382642998041, 33.303793880837361 ], [ -116.314524654832354, 33.303793880837361 ], [ -116.314524654832354, 33.302866344605476 ], [ -116.314382642998041, 33.302866344605476 ], [ -116.314382642998041, 33.302518518518518 ], [ -116.314240631163727, 33.302518518518518 ], [ -116.314240631163727, 33.302402576489534 ], [ -116.3140986193294, 33.302402576489534 ], [ -116.3140986193294, 33.302170692431567 ], [ -116.313956607495086, 33.302170692431567 ], [ -116.313956607495086, 33.301706924315624 ], [ -116.313814595660759, 33.301706924315624 ], [ -116.313814595660759, 33.301243156199682 ], [ -116.313672583826445, 33.301243156199682 ], [ -116.313672583826445, 33.301011272141707 ], [ -116.313530571992118, 33.301011272141707 ], [ -116.313530571992118, 33.300895330112724 ], [ -116.313388560157804, 33.300895330112724 ], [ -116.313388560157804, 33.30077938808374 ], [ -116.313246548323491, 33.30077938808374 ], [ -116.313246548323491, 33.300663446054756 ], [ -116.31296252465485, 33.300663446054756 ], [ -116.31296252465485, 33.300315619967797 ], [ -116.312820512820522, 33.300315619967797 ], [ -116.312820512820522, 33.299967793880839 ], [ -116.311968441814614, 33.299967793880839 ], [ -116.311968441814614, 33.299851851851855 ], [ -116.311826429980286, 33.299851851851855 ], [ -116.311826429980286, 33.29961996779388 ], [ -116.311684418145973, 33.29961996779388 ], [ -116.311684418145973, 33.299504025764897 ], [ -116.311542406311645, 33.299504025764897 ], [ -116.311542406311645, 33.299388083735913 ], [ -116.311258382643018, 33.299388083735913 ], [ -116.311258382643018, 33.299272141706929 ], [ -116.310974358974377, 33.299272141706929 ], [ -116.310974358974377, 33.299156199677938 ], [ -116.310548323471409, 33.299156199677938 ], [ -116.310548323471409, 33.299272141706929 ], [ -116.309980276134141, 33.299272141706929 ], [ -116.309980276134141, 33.299388083735913 ], [ -116.309838264299813, 33.299388083735913 ], [ -116.309838264299813, 33.299504025764897 ], [ -116.309270216962545, 33.299504025764897 ], [ -116.309270216962545, 33.299272141706929 ], [ -116.309128205128218, 33.299272141706929 ], [ -116.309128205128218, 33.298808373590987 ], [ -116.308844181459577, 33.298808373590987 ], [ -116.308844181459577, 33.298576489533012 ], [ -116.308702169625263, 33.298576489533012 ], [ -116.308702169625263, 33.298460547504028 ], [ -116.308560157790936, 33.298460547504028 ], [ -116.308560157790936, 33.298228663446061 ], [ -116.308418145956622, 33.298228663446061 ], [ -116.308418145956622, 33.29811272141707 ], [ -116.308702169625263, 33.29811272141707 ], [ -116.308702169625263, 33.297764895330118 ], [ -116.307992110453668, 33.297764895330118 ], [ -116.307992110453668, 33.297648953301128 ], [ -116.30785009861934, 33.297648953301128 ], [ -116.30785009861934, 33.297533011272144 ], [ -116.307708086785027, 33.297533011272144 ], [ -116.307708086785027, 33.29741706924316 ], [ -116.307566074950699, 33.29741706924316 ], [ -116.307566074950699, 33.297069243156201 ], [ -116.307424063116386, 33.297069243156201 ], [ -116.307424063116386, 33.296953301127218 ], [ -116.307282051282073, 33.296953301127218 ], [ -116.307282051282073, 33.296837359098234 ], [ -116.306856015779104, 33.296837359098234 ], [ -116.306856015779104, 33.296953301127218 ], [ -116.306714003944791, 33.296953301127218 ], [ -116.306714003944791, 33.296605475040259 ], [ -116.306571992110463, 33.296605475040259 ], [ -116.306571992110463, 33.296489533011275 ], [ -116.306856015779104, 33.296489533011275 ], [ -116.306856015779104, 33.296141706924317 ], [ -116.306714003944791, 33.296141706924317 ], [ -116.306714003944791, 33.296025764895333 ], [ -116.306571992110463, 33.296025764895333 ], [ -116.306571992110463, 33.295793880837358 ], [ -116.30642998027615, 33.295793880837358 ], [ -116.30642998027615, 33.295561996779391 ], [ -116.306287968441822, 33.295561996779391 ], [ -116.306287968441822, 33.295446054750407 ], [ -116.305861932938868, 33.295446054750407 ], [ -116.305861932938868, 33.295561996779391 ], [ -116.305577909270227, 33.295561996779391 ], [ -116.305577909270227, 33.295446054750407 ], [ -116.305435897435913, 33.295446054750407 ], [ -116.305435897435913, 33.295214170692432 ], [ -116.305577909270227, 33.295214170692432 ], [ -116.305577909270227, 33.294866344605481 ], [ -116.305435897435913, 33.294866344605481 ], [ -116.305435897435913, 33.294634460547506 ], [ -116.305293885601586, 33.294634460547506 ], [ -116.305293885601586, 33.294518518518522 ], [ -116.305151873767272, 33.294518518518522 ], [ -116.305151873767272, 33.294402576489539 ], [ -116.305009861932959, 33.294402576489539 ], [ -116.305009861932959, 33.294286634460548 ], [ -116.304867850098631, 33.294286634460548 ], [ -116.304867850098631, 33.294170692431564 ], [ -116.304725838264318, 33.294170692431564 ], [ -116.304725838264318, 33.293938808373596 ], [ -116.304441814595677, 33.293938808373596 ], [ -116.304441814595677, 33.293822866344605 ], [ -116.304299802761349, 33.293822866344605 ], [ -116.304299802761349, 33.293706924315622 ], [ -116.304157790927036, 33.293706924315622 ], [ -116.304157790927036, 33.293590982286638 ], [ -116.304015779092722, 33.293590982286638 ], [ -116.304015779092722, 33.293475040257654 ], [ -116.303873767258395, 33.293475040257654 ], [ -116.303873767258395, 33.293359098228663 ], [ -116.303731755424081, 33.293359098228663 ], [ -116.303731755424081, 33.293243156199679 ], [ -116.303305719921113, 33.293243156199679 ], [ -116.303305719921113, 33.293359098228663 ], [ -116.303163708086799, 33.293359098228663 ], [ -116.303163708086799, 33.293243156199679 ], [ -116.303021696252486, 33.293243156199679 ], [ -116.303021696252486, 33.293127214170696 ], [ -116.302879684418158, 33.293127214170696 ], [ -116.302879684418158, 33.293011272141712 ], [ -116.302737672583845, 33.293011272141712 ], [ -116.302737672583845, 33.292895330112721 ], [ -116.302595660749517, 33.292895330112721 ], [ -116.302595660749517, 33.292779388083737 ], [ -116.302453648915204, 33.292779388083737 ], [ -116.302453648915204, 33.292315619967795 ], [ -116.302311637080876, 33.292315619967795 ], [ -116.302311637080876, 33.292199677938811 ], [ -116.30202761341225, 33.292199677938811 ], [ -116.30202761341225, 33.291967793880843 ], [ -116.301885601577922, 33.291967793880843 ], [ -116.301885601577922, 33.291851851851852 ], [ -116.301743589743609, 33.291851851851852 ], [ -116.301743589743609, 33.291735909822869 ], [ -116.301601577909281, 33.291735909822869 ], [ -116.301601577909281, 33.291619967793885 ], [ -116.301459566074968, 33.291619967793885 ], [ -116.301459566074968, 33.291504025764901 ], [ -116.30131755424064, 33.291504025764901 ], [ -116.30131755424064, 33.29138808373591 ], [ -116.301175542406327, 33.29138808373591 ], [ -116.301175542406327, 33.291156199677943 ], [ -116.301033530572013, 33.291156199677943 ], [ -116.301033530572013, 33.291040257648959 ], [ -116.300891518737686, 33.291040257648959 ], [ -116.300891518737686, 33.290924315619968 ], [ -116.300323471400404, 33.290924315619968 ], [ -116.300323471400404, 33.290808373590984 ], [ -116.30018145956609, 33.290808373590984 ], [ -116.30018145956609, 33.290692431562 ], [ -116.300465483234731, 33.290692431562 ], [ -116.300465483234731, 33.290344605475042 ], [ -116.300323471400404, 33.290344605475042 ], [ -116.300323471400404, 33.290228663446058 ], [ -116.30018145956609, 33.290228663446058 ], [ -116.30018145956609, 33.289996779388083 ], [ -116.300039447731777, 33.289996779388083 ], [ -116.300039447731777, 33.289764895330116 ], [ -116.299897435897449, 33.289764895330116 ], [ -116.299897435897449, 33.289648953301132 ], [ -116.299755424063136, 33.289648953301132 ], [ -116.299755424063136, 33.289417069243157 ], [ -116.299613412228808, 33.289417069243157 ], [ -116.299613412228808, 33.28918518518519 ], [ -116.299471400394495, 33.28918518518519 ], [ -116.299471400394495, 33.288953301127215 ], [ -116.299329388560167, 33.288953301127215 ], [ -116.299329388560167, 33.288721417069247 ], [ -116.299187376725854, 33.288721417069247 ], [ -116.299187376725854, 33.288489533011273 ], [ -116.299045364891541, 33.288489533011273 ], [ -116.299045364891541, 33.288257648953305 ], [ -116.298903353057213, 33.288257648953305 ], [ -116.298903353057213, 33.287909822866347 ], [ -116.2987613412229, 33.287909822866347 ], [ -116.2987613412229, 33.287793880837363 ], [ -116.298335305719931, 33.287793880837363 ], [ -116.298335305719931, 33.287909822866347 ], [ -116.298193293885618, 33.287909822866347 ], [ -116.298193293885618, 33.287677938808379 ], [ -116.298335305719931, 33.287677938808379 ], [ -116.298335305719931, 33.287330112721421 ], [ -116.298193293885618, 33.287330112721421 ], [ -116.298193293885618, 33.287098228663446 ], [ -116.298051282051304, 33.287098228663446 ], [ -116.298051282051304, 33.286750402576494 ], [ -116.297767258382663, 33.286750402576494 ], [ -116.297767258382663, 33.28651851851852 ], [ -116.297341222879695, 33.28651851851852 ], [ -116.297341222879695, 33.286634460547504 ], [ -116.297199211045381, 33.286634460547504 ], [ -116.297199211045381, 33.286402576489536 ], [ -116.297057199211068, 33.286402576489536 ], [ -116.297057199211068, 33.286286634460552 ], [ -116.29691518737674, 33.286286634460552 ], [ -116.29691518737674, 33.286054750402577 ], [ -116.296773175542427, 33.286054750402577 ], [ -116.296773175542427, 33.285938808373594 ], [ -116.29691518737674, 33.285938808373594 ], [ -116.29691518737674, 33.285475040257651 ], [ -116.296773175542427, 33.285475040257651 ], [ -116.296773175542427, 33.285243156199684 ], [ -116.296631163708099, 33.285243156199684 ], [ -116.296631163708099, 33.285011272141709 ], [ -116.296489151873786, 33.285011272141709 ], [ -116.296489151873786, 33.284895330112725 ], [ -116.296205128205145, 33.284895330112725 ], [ -116.296205128205145, 33.284663446054751 ], [ -116.295637080867863, 33.284663446054751 ], [ -116.295637080867863, 33.284547504025767 ], [ -116.29577909270219, 33.284547504025767 ], [ -116.29577909270219, 33.284199677938808 ], [ -116.295637080867863, 33.284199677938808 ], [ -116.295637080867863, 33.284083735909824 ], [ -116.295495069033549, 33.284083735909824 ], [ -116.295495069033549, 33.283851851851857 ], [ -116.295353057199222, 33.283851851851857 ], [ -116.295353057199222, 33.283735909822866 ], [ -116.294785009861954, 33.283735909822866 ], [ -116.294785009861954, 33.283619967793882 ], [ -116.294500986193313, 33.283619967793882 ], [ -116.294500986193313, 33.28315619967794 ], [ -116.294358974358985, 33.28315619967794 ], [ -116.294358974358985, 33.283040257648956 ], [ -116.294500986193313, 33.283040257648956 ], [ -116.294500986193313, 33.282576489533014 ], [ -116.294358974358985, 33.282576489533014 ], [ -116.294358974358985, 33.281880837359104 ], [ -116.293932938856031, 33.281880837359104 ], [ -116.293932938856031, 33.281764895330113 ], [ -116.293364891518749, 33.281764895330113 ], [ -116.293364891518749, 33.281648953301129 ], [ -116.293222879684436, 33.281648953301129 ], [ -116.293222879684436, 33.281533011272145 ], [ -116.293364891518749, 33.281533011272145 ], [ -116.293364891518749, 33.281185185185187 ], [ -116.293222879684436, 33.281185185185187 ], [ -116.293222879684436, 33.280953301127219 ], [ -116.293080867850122, 33.280953301127219 ], [ -116.293080867850122, 33.280837359098228 ], [ -116.292938856015795, 33.280837359098228 ], [ -116.292938856015795, 33.280721417069245 ], [ -116.292796844181481, 33.280721417069245 ], [ -116.292796844181481, 33.280373590982286 ], [ -116.292228796844199, 33.280373590982286 ], [ -116.292228796844199, 33.280257648953302 ], [ -116.292086785009886, 33.280257648953302 ], [ -116.292086785009886, 33.279909822866344 ], [ -116.291802761341245, 33.279909822866344 ], [ -116.291802761341245, 33.27979388083736 ], [ -116.291944773175558, 33.27979388083736 ], [ -116.291944773175558, 33.279446054750402 ], [ -116.291802761341245, 33.279446054750402 ], [ -116.291802761341245, 33.279214170692434 ], [ -116.291660749506917, 33.279214170692434 ], [ -116.291660749506917, 33.27909822866345 ], [ -116.291518737672604, 33.27909822866345 ], [ -116.291518737672604, 33.278982286634459 ], [ -116.291376725838276, 33.278982286634459 ], [ -116.291376725838276, 33.278750402576492 ], [ -116.290950690335322, 33.278750402576492 ], [ -116.290950690335322, 33.278866344605476 ], [ -116.290808678501008, 33.278866344605476 ], [ -116.290808678501008, 33.278750402576492 ], [ -116.290666666666681, 33.278750402576492 ], [ -116.290666666666681, 33.278402576489533 ], [ -116.290950690335322, 33.278402576489533 ], [ -116.290950690335322, 33.278054750402582 ], [ -116.290808678501008, 33.278054750402582 ], [ -116.290808678501008, 33.277822866344607 ], [ -116.290666666666681, 33.277822866344607 ], [ -116.290666666666681, 33.277706924315623 ], [ -116.290240631163726, 33.277706924315623 ], [ -116.290240631163726, 33.277475040257649 ], [ -116.290098619329413, 33.277475040257649 ], [ -116.290098619329413, 33.277243156199681 ], [ -116.289956607495085, 33.277243156199681 ], [ -116.289956607495085, 33.277127214170697 ], [ -116.290240631163726, 33.277127214170697 ], [ -116.290240631163726, 33.276779388083739 ], [ -116.290098619329413, 33.276779388083739 ], [ -116.290098619329413, 33.276663446054755 ], [ -116.289956607495085, 33.276663446054755 ], [ -116.289956607495085, 33.276315619967797 ], [ -116.289814595660772, 33.276315619967797 ], [ -116.289814595660772, 33.275851851851854 ], [ -116.289672583826444, 33.275851851851854 ], [ -116.289672583826444, 33.275504025764896 ], [ -116.289530571992131, 33.275504025764896 ], [ -116.289530571992131, 33.273880837359101 ], [ -116.289672583826444, 33.273880837359101 ], [ -116.289672583826444, 33.273185185185184 ], [ -116.289388560157803, 33.273185185185184 ], [ -116.289388560157803, 33.272837359098233 ], [ -116.289814595660772, 33.272837359098233 ], [ -116.289814595660772, 33.272721417069242 ], [ -116.289956607495085, 33.272721417069242 ], [ -116.289956607495085, 33.272141706924316 ], [ -116.290098619329413, 33.272141706924316 ], [ -116.290098619329413, 33.272025764895332 ], [ -116.290240631163726, 33.272025764895332 ], [ -116.290240631163726, 33.271330112721422 ], [ -116.29038264299804, 33.271330112721422 ], [ -116.29038264299804, 33.271098228663448 ], [ -116.290524654832367, 33.271098228663448 ], [ -116.290524654832367, 33.27086634460548 ], [ -116.290666666666681, 33.27086634460548 ], [ -116.290666666666681, 33.269822866344605 ], [ -116.290808678501008, 33.269822866344605 ], [ -116.290808678501008, 33.269706924315621 ], [ -116.290950690335322, 33.269706924315621 ], [ -116.290950690335322, 33.269243156199678 ], [ -116.290808678501008, 33.269243156199678 ], [ -116.290808678501008, 33.268779388083736 ], [ -116.291092702169649, 33.268779388083736 ], [ -116.291092702169649, 33.268663446054752 ], [ -116.291660749506917, 33.268663446054752 ], [ -116.291660749506917, 33.268431561996785 ], [ -116.291802761341245, 33.268431561996785 ], [ -116.291802761341245, 33.268083735909826 ], [ -116.291944773175558, 33.268083735909826 ], [ -116.291944773175558, 33.267851851851852 ], [ -116.292086785009886, 33.267851851851852 ], [ -116.292086785009886, 33.267272141706925 ], [ -116.291944773175558, 33.267272141706925 ], [ -116.291944773175558, 33.266924315619967 ], [ -116.292370808678513, 33.266924315619967 ], [ -116.292370808678513, 33.266808373590983 ], [ -116.29251282051284, 33.266808373590983 ], [ -116.29251282051284, 33.266460547504025 ], [ -116.292654832347154, 33.266460547504025 ], [ -116.292654832347154, 33.266228663446057 ], [ -116.292796844181481, 33.266228663446057 ], [ -116.292796844181481, 33.265880837359099 ], [ -116.29251282051284, 33.265880837359099 ], [ -116.29251282051284, 33.265648953301131 ], [ -116.292654832347154, 33.265648953301131 ], [ -116.292654832347154, 33.265417069243156 ], [ -116.293080867850122, 33.265417069243156 ], [ -116.293080867850122, 33.265301127214173 ], [ -116.293222879684436, 33.265301127214173 ], [ -116.293222879684436, 33.264953301127214 ], [ -116.293364891518749, 33.264953301127214 ], [ -116.293364891518749, 33.264721417069246 ], [ -116.293506903353077, 33.264721417069246 ], [ -116.293506903353077, 33.264489533011272 ], [ -116.29364891518739, 33.264489533011272 ], [ -116.29364891518739, 33.264025764895329 ], [ -116.293790927021718, 33.264025764895329 ], [ -116.293790927021718, 33.263561996779387 ], [ -116.293506903353077, 33.263561996779387 ], [ -116.293506903353077, 33.263446054750403 ], [ -116.29364891518739, 33.263446054750403 ], [ -116.29364891518739, 33.262866344605477 ], [ -116.293790927021718, 33.262866344605477 ], [ -116.293790927021718, 33.262750402576494 ], [ -116.294216962524672, 33.262750402576494 ], [ -116.294216962524672, 33.262518518518519 ], [ -116.294358974358985, 33.262518518518519 ], [ -116.294358974358985, 33.262054750402577 ], [ -116.294500986193313, 33.262054750402577 ], [ -116.294500986193313, 33.261706924315625 ], [ -116.294642998027626, 33.261706924315625 ], [ -116.294642998027626, 33.261359098228667 ], [ -116.294358974358985, 33.261359098228667 ], [ -116.294358974358985, 33.261127214170692 ], [ -116.294500986193313, 33.261127214170692 ], [ -116.294500986193313, 33.260779388083741 ], [ -116.294642998027626, 33.260779388083741 ], [ -116.294642998027626, 33.260895330112724 ], [ -116.295069033530595, 33.260895330112724 ], [ -116.295069033530595, 33.26066344605475 ], [ -116.295211045364908, 33.26066344605475 ], [ -116.295211045364908, 33.260431561996782 ], [ -116.295353057199222, 33.260431561996782 ], [ -116.295353057199222, 33.260315619967798 ], [ -116.295495069033549, 33.260315619967798 ], [ -116.295495069033549, 33.260083735909824 ], [ -116.295637080867863, 33.260083735909824 ], [ -116.295637080867863, 33.25996779388084 ], [ -116.29577909270219, 33.25996779388084 ], [ -116.29577909270219, 33.259851851851856 ], [ -116.295921104536504, 33.259851851851856 ], [ -116.295921104536504, 33.259735909822865 ], [ -116.296063116370831, 33.259735909822865 ], [ -116.296063116370831, 33.259504025764898 ], [ -116.296205128205145, 33.259504025764898 ], [ -116.296205128205145, 33.259272141706923 ], [ -116.296347140039458, 33.259272141706923 ], [ -116.296347140039458, 33.259156199677939 ], [ -116.296489151873786, 33.259156199677939 ], [ -116.296489151873786, 33.259040257648955 ], [ -116.296631163708099, 33.259040257648955 ], [ -116.296631163708099, 33.258924315619971 ], [ -116.296773175542427, 33.258924315619971 ], [ -116.296773175542427, 33.258692431561997 ], [ -116.29691518737674, 33.258692431561997 ], [ -116.29691518737674, 33.258460547504029 ], [ -116.297057199211068, 33.258460547504029 ], [ -116.297057199211068, 33.258344605475045 ], [ -116.297199211045381, 33.258344605475045 ], [ -116.297199211045381, 33.257996779388087 ], [ -116.297341222879695, 33.257996779388087 ], [ -116.297341222879695, 33.257764895330112 ], [ -116.297483234714022, 33.257764895330112 ], [ -116.297483234714022, 33.257648953301128 ], [ -116.297625246548336, 33.257648953301128 ], [ -116.297625246548336, 33.257417069243161 ], [ -116.297767258382663, 33.257417069243161 ], [ -116.297767258382663, 33.25730112721417 ], [ -116.297909270216977, 33.25730112721417 ], [ -116.297909270216977, 33.256953301127218 ], [ -116.297625246548336, 33.256953301127218 ], [ -116.297625246548336, 33.256837359098228 ], [ -116.297767258382663, 33.256837359098228 ], [ -116.297767258382663, 33.256721417069244 ], [ -116.298193293885618, 33.256721417069244 ], [ -116.298193293885618, 33.25660547504026 ], [ -116.298335305719931, 33.25660547504026 ], [ -116.298335305719931, 33.256025764895334 ], [ -116.298193293885618, 33.256025764895334 ], [ -116.298193293885618, 33.255909822866343 ], [ -116.298619329388572, 33.255909822866343 ], [ -116.298619329388572, 33.255793880837359 ], [ -116.2987613412229, 33.255793880837359 ], [ -116.2987613412229, 33.255561996779392 ], [ -116.298903353057213, 33.255561996779392 ], [ -116.298903353057213, 33.255330112721417 ], [ -116.299045364891541, 33.255330112721417 ], [ -116.299045364891541, 33.254982286634466 ], [ -116.2987613412229, 33.254982286634466 ], [ -116.2987613412229, 33.254866344605475 ], [ -116.299187376725854, 33.254866344605475 ], [ -116.299187376725854, 33.254750402576491 ], [ -116.299329388560167, 33.254750402576491 ], [ -116.299329388560167, 33.254518518518523 ], [ -116.299471400394495, 33.254518518518523 ], [ -116.299471400394495, 33.253822866344606 ], [ -116.299613412228808, 33.253822866344606 ], [ -116.299613412228808, 33.253359098228664 ], [ -116.299755424063136, 33.253359098228664 ], [ -116.299755424063136, 33.251504025764895 ], [ -116.299897435897449, 33.251504025764895 ], [ -116.299897435897449, 33.250808373590985 ], [ -116.299613412228808, 33.250808373590985 ], [ -116.299613412228808, 33.250692431562001 ], [ -116.299897435897449, 33.250692431562001 ], [ -116.299897435897449, 33.250228663446059 ], [ -116.300039447731777, 33.250228663446059 ], [ -116.300039447731777, 33.2498808373591 ], [ -116.30018145956609, 33.2498808373591 ], [ -116.30018145956609, 33.2490692431562 ], [ -116.300323471400404, 33.2490692431562 ], [ -116.300323471400404, 33.248489533011274 ], [ -116.300465483234731, 33.248489533011274 ], [ -116.300465483234731, 33.248025764895331 ], [ -116.300607495069045, 33.248025764895331 ], [ -116.300607495069045, 33.246982286634463 ], [ -116.300749506903372, 33.246982286634463 ], [ -116.300749506903372, 33.246402576489537 ], [ -116.300891518737686, 33.246402576489537 ], [ -116.300891518737686, 33.243851851851851 ], [ -116.300749506903372, 33.243851851851851 ], [ -116.300749506903372, 33.243040257648957 ], [ -116.300607495069045, 33.243040257648957 ], [ -116.300607495069045, 33.242692431561998 ], [ -116.30018145956609, 33.242692431561998 ], [ -116.30018145956609, 33.242112721417072 ], [ -116.300465483234731, 33.242112721417072 ], [ -116.300465483234731, 33.241301127214172 ], [ -116.300039447731777, 33.241301127214172 ], [ -116.300039447731777, 33.241069243156204 ], [ -116.300323471400404, 33.241069243156204 ], [ -116.300323471400404, 33.240489533011271 ], [ -116.30018145956609, 33.240489533011271 ], [ -116.30018145956609, 33.239214170692435 ], [ -116.300039447731777, 33.239214170692435 ], [ -116.300039447731777, 33.238634460547509 ], [ -116.299897435897449, 33.238634460547509 ], [ -116.299897435897449, 33.238054750402576 ], [ -116.299755424063136, 33.238054750402576 ], [ -116.299755424063136, 33.237938808373592 ], [ -116.299471400394495, 33.237938808373592 ], [ -116.299471400394495, 33.237822866344608 ], [ -116.299187376725854, 33.237822866344608 ], [ -116.299187376725854, 33.237706924315624 ], [ -116.298903353057213, 33.237706924315624 ], [ -116.298903353057213, 33.237590982286633 ], [ -116.298477317554259, 33.237590982286633 ], [ -116.298477317554259, 33.237822866344608 ], [ -116.298193293885618, 33.237822866344608 ], [ -116.298193293885618, 33.237706924315624 ], [ -116.298051282051304, 33.237706924315624 ], [ -116.298051282051304, 33.237590982286633 ], [ -116.298193293885618, 33.237590982286633 ], [ -116.298193293885618, 33.237243156199682 ], [ -116.297625246548336, 33.237243156199682 ], [ -116.297625246548336, 33.237359098228666 ], [ -116.297483234714022, 33.237359098228666 ], [ -116.297483234714022, 33.237243156199682 ], [ -116.297199211045381, 33.237243156199682 ], [ -116.297199211045381, 33.236895330112723 ], [ -116.297057199211068, 33.236895330112723 ], [ -116.297057199211068, 33.23677938808374 ], [ -116.29691518737674, 33.23677938808374 ], [ -116.29691518737674, 33.236663446054749 ], [ -116.296631163708099, 33.236663446054749 ], [ -116.296631163708099, 33.236547504025765 ], [ -116.296489151873786, 33.236547504025765 ], [ -116.296489151873786, 33.236431561996781 ], [ -116.296063116370831, 33.236431561996781 ], [ -116.296063116370831, 33.236663446054749 ], [ -116.295921104536504, 33.236663446054749 ], [ -116.295921104536504, 33.236547504025765 ], [ -116.29577909270219, 33.236547504025765 ], [ -116.29577909270219, 33.236431561996781 ], [ -116.295921104536504, 33.236431561996781 ], [ -116.295921104536504, 33.236083735909823 ], [ -116.29577909270219, 33.236083735909823 ], [ -116.29577909270219, 33.235967793880839 ], [ -116.295637080867863, 33.235967793880839 ], [ -116.295637080867863, 33.235851851851855 ], [ -116.295495069033549, 33.235851851851855 ], [ -116.295495069033549, 33.235735909822871 ], [ -116.295353057199222, 33.235735909822871 ], [ -116.295353057199222, 33.23561996779388 ], [ -116.295211045364908, 33.23561996779388 ], [ -116.295211045364908, 33.235504025764897 ], [ -116.295069033530595, 33.235504025764897 ], [ -116.295069033530595, 33.235388083735913 ], [ -116.294642998027626, 33.235388083735913 ], [ -116.294642998027626, 33.235504025764897 ], [ -116.294500986193313, 33.235504025764897 ], [ -116.294500986193313, 33.235388083735913 ], [ -116.294358974358985, 33.235388083735913 ], [ -116.294358974358985, 33.235156199677938 ], [ -116.294500986193313, 33.235156199677938 ], [ -116.294500986193313, 33.234692431561996 ], [ -116.294358974358985, 33.234692431561996 ], [ -116.294358974358985, 33.233996779388086 ], [ -116.294074950690359, 33.233996779388086 ], [ -116.294074950690359, 33.233764895330111 ], [ -116.293932938856031, 33.233764895330111 ], [ -116.293932938856031, 33.233648953301127 ], [ -116.293506903353077, 33.233648953301127 ], [ -116.293506903353077, 33.23341706924316 ], [ -116.293364891518749, 33.23341706924316 ], [ -116.293364891518749, 33.233185185185185 ], [ -116.293222879684436, 33.233185185185185 ], [ -116.293222879684436, 33.232953301127218 ], [ -116.293080867850122, 33.232953301127218 ], [ -116.293080867850122, 33.232837359098227 ], [ -116.292796844181481, 33.232837359098227 ], [ -116.292796844181481, 33.232721417069243 ], [ -116.292086785009886, 33.232721417069243 ], [ -116.292086785009886, 33.232605475040259 ], [ -116.291660749506917, 33.232605475040259 ], [ -116.291660749506917, 33.232489533011275 ], [ -116.290950690335322, 33.232489533011275 ], [ -116.290950690335322, 33.232373590982291 ], [ -116.290666666666681, 33.232373590982291 ], [ -116.290666666666681, 33.232257648953301 ], [ -116.290240631163726, 33.232257648953301 ], [ -116.290240631163726, 33.232141706924317 ], [ -116.285270216962545, 33.232141706924317 ], [ -116.285270216962545, 33.232257648953301 ], [ -116.283992110453667, 33.232257648953301 ], [ -116.283992110453667, 33.232373590982291 ], [ -116.283282051282072, 33.232373590982291 ], [ -116.283282051282072, 33.232721417069243 ], [ -116.282429980276149, 33.232721417069243 ], [ -116.282429980276149, 33.232489533011275 ], [ -116.281293885601599, 33.232489533011275 ], [ -116.281293885601599, 33.232837359098227 ], [ -116.280725838264317, 33.232837359098227 ], [ -116.280725838264317, 33.232605475040259 ], [ -116.279731755424081, 33.232605475040259 ], [ -116.279731755424081, 33.232721417069243 ], [ -116.277175542406326, 33.232721417069243 ], [ -116.277175542406326, 33.232837359098227 ], [ -116.276607495069058, 33.232837359098227 ], [ -116.276607495069058, 33.233185185185185 ], [ -116.276323471400417, 33.233185185185185 ], [ -116.276323471400417, 33.233301127214169 ], [ -116.276039447731776, 33.233301127214169 ], [ -116.276039447731776, 33.233185185185185 ], [ -116.275897435897463, 33.233185185185185 ], [ -116.275897435897463, 33.232953301127218 ], [ -116.274903353057226, 33.232953301127218 ], [ -116.274903353057226, 33.233185185185185 ], [ -116.274761341222899, 33.233185185185185 ], [ -116.274761341222899, 33.232953301127218 ], [ -116.274335305719944, 33.232953301127218 ], [ -116.274335305719944, 33.232837359098227 ], [ -116.27390927021699, 33.232837359098227 ], [ -116.27390927021699, 33.232721417069243 ], [ -116.27319921104538, 33.232721417069243 ], [ -116.27319921104538, 33.232837359098227 ], [ -116.272347140039471, 33.232837359098227 ], [ -116.272347140039471, 33.232953301127218 ], [ -116.272205128205144, 33.232953301127218 ], [ -116.272205128205144, 33.233069243156201 ], [ -116.271921104536517, 33.233069243156201 ], [ -116.271921104536517, 33.233533011272144 ], [ -116.271779092702189, 33.233533011272144 ], [ -116.271779092702189, 33.233648953301127 ], [ -116.271637080867876, 33.233648953301127 ], [ -116.271637080867876, 33.233533011272144 ], [ -116.271211045364907, 33.233533011272144 ], [ -116.271211045364907, 33.233648953301127 ], [ -116.27064299802764, 33.233648953301127 ], [ -116.27064299802764, 33.233764895330111 ], [ -116.270216962524671, 33.233764895330111 ], [ -116.270216962524671, 33.233648953301127 ], [ -116.269932938856044, 33.233648953301127 ], [ -116.269932938856044, 33.23341706924316 ], [ -116.270074950690358, 33.23341706924316 ], [ -116.270074950690358, 33.233301127214169 ], [ -116.270216962524671, 33.233301127214169 ], [ -116.270216962524671, 33.233185185185185 ], [ -116.27064299802764, 33.233185185185185 ], [ -116.27064299802764, 33.233069243156201 ], [ -116.270927021696281, 33.233069243156201 ], [ -116.270927021696281, 33.232953301127218 ], [ -116.271211045364907, 33.232953301127218 ], [ -116.271211045364907, 33.232837359098227 ], [ -116.271353057199235, 33.232837359098227 ], [ -116.271353057199235, 33.232141706924317 ], [ -116.271069033530594, 33.232141706924317 ], [ -116.271069033530594, 33.232025764895333 ], [ -116.270927021696281, 33.232025764895333 ], [ -116.270927021696281, 33.231909822866349 ], [ -116.270785009861953, 33.231909822866349 ], [ -116.270785009861953, 33.231793880837358 ], [ -116.27064299802764, 33.231793880837358 ], [ -116.27064299802764, 33.231561996779391 ], [ -116.270785009861953, 33.231561996779391 ], [ -116.270785009861953, 33.231446054750407 ], [ -116.270927021696281, 33.231446054750407 ], [ -116.270927021696281, 33.231330112721416 ], [ -116.271069033530594, 33.231330112721416 ], [ -116.271069033530594, 33.231214170692432 ], [ -116.271211045364907, 33.231214170692432 ], [ -116.271211045364907, 33.231098228663448 ], [ -116.271353057199235, 33.231098228663448 ], [ -116.271353057199235, 33.230518518518522 ], [ -116.271211045364907, 33.230518518518522 ], [ -116.271211045364907, 33.230286634460548 ], [ -116.271353057199235, 33.230286634460548 ], [ -116.271353057199235, 33.229590982286638 ], [ -116.271211045364907, 33.229590982286638 ], [ -116.271211045364907, 33.229475040257654 ], [ -116.271069033530594, 33.229475040257654 ], [ -116.271069033530594, 33.229359098228663 ], [ -116.269648915187403, 33.229359098228663 ], [ -116.269648915187403, 33.229475040257654 ], [ -116.269364891518762, 33.229475040257654 ], [ -116.269364891518762, 33.230402576489531 ], [ -116.269506903353076, 33.230402576489531 ], [ -116.269506903353076, 33.230518518518522 ], [ -116.269364891518762, 33.230518518518522 ], [ -116.269364891518762, 33.230634460547506 ], [ -116.269222879684435, 33.230634460547506 ], [ -116.269222879684435, 33.230866344605474 ], [ -116.269080867850121, 33.230866344605474 ], [ -116.269080867850121, 33.231098228663448 ], [ -116.268938856015808, 33.231098228663448 ], [ -116.268938856015808, 33.231214170692432 ], [ -116.268654832347167, 33.231214170692432 ], [ -116.268654832347167, 33.231446054750407 ], [ -116.268512820512839, 33.231446054750407 ], [ -116.268512820512839, 33.231909822866349 ], [ -116.268228796844198, 33.231909822866349 ], [ -116.268228796844198, 33.231793880837358 ], [ -116.267944773175572, 33.231793880837358 ], [ -116.267944773175572, 33.231677938808375 ], [ -116.267518737672603, 33.231677938808375 ], [ -116.267518737672603, 33.231561996779391 ], [ -116.266950690335335, 33.231561996779391 ], [ -116.266950690335335, 33.231677938808375 ], [ -116.266666666666694, 33.231677938808375 ], [ -116.266666666666694, 33.231793880837358 ], [ -116.266382642998053, 33.231793880837358 ], [ -116.266382642998053, 33.231909822866349 ], [ -116.266240631163726, 33.231909822866349 ], [ -116.266240631163726, 33.232489533011275 ], [ -116.266382642998053, 33.232489533011275 ], [ -116.266382642998053, 33.232721417069243 ], [ -116.266524654832367, 33.232721417069243 ], [ -116.266524654832367, 33.233069243156201 ], [ -116.266382642998053, 33.233069243156201 ], [ -116.266382642998053, 33.233185185185185 ], [ -116.266240631163726, 33.233185185185185 ], [ -116.266240631163726, 33.233301127214169 ], [ -116.26553057199213, 33.233301127214169 ], [ -116.26553057199213, 33.233185185185185 ], [ -116.264962524654862, 33.233185185185185 ], [ -116.264962524654862, 33.233069243156201 ], [ -116.264820512820535, 33.233069243156201 ], [ -116.264820512820535, 33.232257648953301 ], [ -116.264962524654862, 33.232257648953301 ], [ -116.264962524654862, 33.231446054750407 ], [ -116.265104536489176, 33.231446054750407 ], [ -116.265104536489176, 33.231214170692432 ], [ -116.265246548323489, 33.231214170692432 ], [ -116.265246548323489, 33.231098228663448 ], [ -116.265388560157817, 33.231098228663448 ], [ -116.265388560157817, 33.230982286634465 ], [ -116.26553057199213, 33.230982286634465 ], [ -116.26553057199213, 33.230634460547506 ], [ -116.263542406311657, 33.230634460547506 ], [ -116.263542406311657, 33.225417069243157 ], [ -116.263684418145985, 33.225417069243157 ], [ -116.263684418145985, 33.224605475040256 ], [ -116.263542406311657, 33.224605475040256 ], [ -116.263542406311657, 33.224257648953305 ], [ -116.263258382643016, 33.224257648953305 ], [ -116.263258382643016, 33.22402576489533 ], [ -116.263684418145985, 33.22402576489533 ], [ -116.263684418145985, 33.223909822866347 ], [ -116.263826429980298, 33.223909822866347 ], [ -116.263826429980298, 33.223677938808372 ], [ -116.263968441814626, 33.223677938808372 ], [ -116.263968441814626, 33.223793880837363 ], [ -116.264110453648939, 33.223793880837363 ], [ -116.264110453648939, 33.223909822866347 ], [ -116.264252465483253, 33.223909822866347 ], [ -116.264252465483253, 33.22402576489533 ], [ -116.26439447731758, 33.22402576489533 ], [ -116.26439447731758, 33.224141706924314 ], [ -116.264962524654862, 33.224141706924314 ], [ -116.264962524654862, 33.22402576489533 ], [ -116.265246548323489, 33.22402576489533 ], [ -116.265246548323489, 33.224141706924314 ], [ -116.26553057199213, 33.224141706924314 ], [ -116.26553057199213, 33.224257648953305 ], [ -116.265814595660771, 33.224257648953305 ], [ -116.265814595660771, 33.224373590982289 ], [ -116.265956607495099, 33.224373590982289 ], [ -116.265956607495099, 33.224489533011273 ], [ -116.266240631163726, 33.224489533011273 ], [ -116.266240631163726, 33.224605475040256 ], [ -116.266808678501008, 33.224605475040256 ], [ -116.266808678501008, 33.224721417069247 ], [ -116.266950690335335, 33.224721417069247 ], [ -116.266950690335335, 33.224837359098231 ], [ -116.267092702169649, 33.224837359098231 ], [ -116.267092702169649, 33.224953301127215 ], [ -116.267234714003962, 33.224953301127215 ], [ -116.267234714003962, 33.225069243156199 ], [ -116.267660749506931, 33.225069243156199 ], [ -116.267660749506931, 33.22518518518519 ], [ -116.268512820512839, 33.22518518518519 ], [ -116.268512820512839, 33.225301127214173 ], [ -116.268654832347167, 33.225301127214173 ], [ -116.268654832347167, 33.225417069243157 ], [ -116.269222879684435, 33.225417069243157 ], [ -116.269222879684435, 33.225533011272141 ], [ -116.269648915187403, 33.225533011272141 ], [ -116.269648915187403, 33.225648953301132 ], [ -116.270927021696281, 33.225648953301132 ], [ -116.270927021696281, 33.225533011272141 ], [ -116.271069033530594, 33.225533011272141 ], [ -116.271069033530594, 33.225417069243157 ], [ -116.271211045364907, 33.225417069243157 ], [ -116.271211045364907, 33.225301127214173 ], [ -116.271353057199235, 33.225301127214173 ], [ -116.271353057199235, 33.22518518518519 ], [ -116.271495069033548, 33.22518518518519 ], [ -116.271495069033548, 33.224837359098231 ], [ -116.271637080867876, 33.224837359098231 ], [ -116.271637080867876, 33.224489533011273 ], [ -116.271779092702189, 33.224489533011273 ], [ -116.271779092702189, 33.224257648953305 ], [ -116.272205128205144, 33.224257648953305 ], [ -116.272205128205144, 33.223677938808372 ], [ -116.27206311637083, 33.223677938808372 ], [ -116.27206311637083, 33.223446054750404 ], [ -116.272205128205144, 33.223446054750404 ], [ -116.272205128205144, 33.222750402576494 ], [ -116.271921104536517, 33.222750402576494 ], [ -116.271921104536517, 33.222634460547503 ], [ -116.271353057199235, 33.222634460547503 ], [ -116.271353057199235, 33.22251851851852 ], [ -116.26879684418148, 33.22251851851852 ], [ -116.26879684418148, 33.222402576489536 ], [ -116.268654832347167, 33.222402576489536 ], [ -116.268654832347167, 33.222054750402577 ], [ -116.26879684418148, 33.222054750402577 ], [ -116.26879684418148, 33.221938808373594 ], [ -116.269506903353076, 33.221938808373594 ], [ -116.269506903353076, 33.22182286634461 ], [ -116.270500986193312, 33.22182286634461 ], [ -116.270500986193312, 33.221938808373594 ], [ -116.271495069033548, 33.221938808373594 ], [ -116.271495069033548, 33.22182286634461 ], [ -116.272205128205144, 33.22182286634461 ], [ -116.272205128205144, 33.221590982286635 ], [ -116.272347140039471, 33.221590982286635 ], [ -116.272347140039471, 33.221243156199677 ], [ -116.272205128205144, 33.221243156199677 ], [ -116.272205128205144, 33.221011272141709 ], [ -116.271637080867876, 33.221011272141709 ], [ -116.271637080867876, 33.220895330112725 ], [ -116.27064299802764, 33.220895330112725 ], [ -116.27064299802764, 33.220779388083734 ], [ -116.270358974358999, 33.220779388083734 ], [ -116.270358974358999, 33.220663446054751 ], [ -116.270500986193312, 33.220663446054751 ], [ -116.270500986193312, 33.220199677938808 ], [ -116.27064299802764, 33.220199677938808 ], [ -116.27064299802764, 33.220083735909824 ], [ -116.271211045364907, 33.220083735909824 ], [ -116.271211045364907, 33.219967793880841 ], [ -116.271495069033548, 33.219967793880841 ], [ -116.271495069033548, 33.220083735909824 ], [ -116.272773175542426, 33.220083735909824 ], [ -116.272773175542426, 33.219967793880841 ], [ -116.27319921104538, 33.219967793880841 ], [ -116.27319921104538, 33.21985185185185 ], [ -116.273341222879708, 33.21985185185185 ], [ -116.273341222879708, 33.220083735909824 ], [ -116.273483234714021, 33.220083735909824 ], [ -116.273483234714021, 33.220431561996783 ], [ -116.273625246548349, 33.220431561996783 ], [ -116.273625246548349, 33.220779388083734 ], [ -116.273767258382662, 33.220779388083734 ], [ -116.273767258382662, 33.221127214170693 ], [ -116.273483234714021, 33.221127214170693 ], [ -116.273483234714021, 33.221590982286635 ], [ -116.274193293885617, 33.221590982286635 ], [ -116.274193293885617, 33.221706924315619 ], [ -116.274335305719944, 33.221706924315619 ], [ -116.274335305719944, 33.22182286634461 ], [ -116.274193293885617, 33.22182286634461 ], [ -116.274193293885617, 33.222402576489536 ], [ -116.274051282051303, 33.222402576489536 ], [ -116.274051282051303, 33.223098228663446 ], [ -116.27390927021699, 33.223098228663446 ], [ -116.27390927021699, 33.223446054750404 ], [ -116.274051282051303, 33.223446054750404 ], [ -116.274051282051303, 33.223561996779388 ], [ -116.274903353057226, 33.223561996779388 ], [ -116.274903353057226, 33.223446054750404 ], [ -116.275187376725853, 33.223446054750404 ], [ -116.275187376725853, 33.22333011272142 ], [ -116.275329388560181, 33.22333011272142 ], [ -116.275329388560181, 33.22321417069243 ], [ -116.275471400394494, 33.22321417069243 ], [ -116.275471400394494, 33.223098228663446 ], [ -116.275613412228822, 33.223098228663446 ], [ -116.275613412228822, 33.222982286634462 ], [ -116.276323471400417, 33.222982286634462 ], [ -116.276323471400417, 33.222866344605478 ], [ -116.27646548323473, 33.222866344605478 ], [ -116.27646548323473, 33.222750402576494 ], [ -116.276607495069058, 33.222750402576494 ], [ -116.276607495069058, 33.222634460547503 ], [ -116.276891518737699, 33.222634460547503 ], [ -116.276891518737699, 33.22251851851852 ], [ -116.277033530572012, 33.22251851851852 ], [ -116.277033530572012, 33.222402576489536 ], [ -116.277459566074967, 33.222402576489536 ], [ -116.277459566074967, 33.222286634460552 ], [ -116.278027613412249, 33.222286634460552 ], [ -116.278027613412249, 33.222170692431561 ], [ -116.278453648915203, 33.222170692431561 ], [ -116.278453648915203, 33.222054750402577 ], [ -116.278737672583844, 33.222054750402577 ], [ -116.278737672583844, 33.22182286634461 ], [ -116.278879684418172, 33.22182286634461 ], [ -116.278879684418172, 33.221706924315619 ], [ -116.279163708086799, 33.221706924315619 ], [ -116.279163708086799, 33.221590982286635 ], [ -116.279731755424081, 33.221590982286635 ], [ -116.279731755424081, 33.221127214170693 ], [ -116.279873767258408, 33.221127214170693 ], [ -116.279873767258408, 33.221011272141709 ], [ -116.280299802761363, 33.221011272141709 ], [ -116.280299802761363, 33.220895330112725 ], [ -116.280583826430004, 33.220895330112725 ], [ -116.280583826430004, 33.220779388083734 ], [ -116.280725838264317, 33.220779388083734 ], [ -116.280725838264317, 33.220663446054751 ], [ -116.281009861932958, 33.220663446054751 ], [ -116.281009861932958, 33.220547504025767 ], [ -116.281151873767271, 33.220547504025767 ], [ -116.281151873767271, 33.220431561996783 ], [ -116.281293885601599, 33.220431561996783 ], [ -116.281293885601599, 33.220315619967792 ], [ -116.28157790927024, 33.220315619967792 ], [ -116.28157790927024, 33.220083735909824 ], [ -116.281719921104553, 33.220083735909824 ], [ -116.281719921104553, 33.219967793880841 ], [ -116.282003944773194, 33.219967793880841 ], [ -116.282003944773194, 33.21985185185185 ], [ -116.282145956607508, 33.21985185185185 ], [ -116.282145956607508, 33.219735909822866 ], [ -116.282571992110476, 33.219735909822866 ], [ -116.282571992110476, 33.219967793880841 ], [ -116.28271400394479, 33.219967793880841 ], [ -116.28271400394479, 33.221475040257651 ], [ -116.282856015779117, 33.221475040257651 ], [ -116.282856015779117, 33.221590982286635 ], [ -116.283282051282072, 33.221590982286635 ], [ -116.283282051282072, 33.221938808373594 ], [ -116.283850098619354, 33.221938808373594 ], [ -116.283850098619354, 33.221706924315619 ], [ -116.283992110453667, 33.221706924315619 ], [ -116.283992110453667, 33.221127214170693 ], [ -116.284134122287981, 33.221127214170693 ], [ -116.284134122287981, 33.220895330112725 ], [ -116.284276134122308, 33.220895330112725 ], [ -116.284276134122308, 33.220779388083734 ], [ -116.284560157790949, 33.220779388083734 ], [ -116.284560157790949, 33.220663446054751 ], [ -116.285128205128231, 33.220663446054751 ], [ -116.285128205128231, 33.220547504025767 ], [ -116.285554240631186, 33.220547504025767 ], [ -116.285554240631186, 33.220431561996783 ], [ -116.285696252465499, 33.220431561996783 ], [ -116.285696252465499, 33.219504025764898 ], [ -116.285554240631186, 33.219504025764898 ], [ -116.285554240631186, 33.219272141706924 ], [ -116.285412228796858, 33.219272141706924 ], [ -116.285412228796858, 33.219040257648956 ], [ -116.285270216962545, 33.219040257648956 ], [ -116.285270216962545, 33.218692431561998 ], [ -116.285128205128231, 33.218692431561998 ], [ -116.285128205128231, 33.218576489533014 ], [ -116.28484418145959, 33.218576489533014 ], [ -116.28484418145959, 33.21846054750403 ], [ -116.284702169625263, 33.21846054750403 ], [ -116.284702169625263, 33.218112721417071 ], [ -116.28484418145959, 33.218112721417071 ], [ -116.28484418145959, 33.217880837359097 ], [ -116.284986193293904, 33.217880837359097 ], [ -116.284986193293904, 33.217764895330113 ], [ -116.285128205128231, 33.217764895330113 ], [ -116.285128205128231, 33.217533011272145 ], [ -116.285270216962545, 33.217533011272145 ], [ -116.285270216962545, 33.217417069243155 ], [ -116.285412228796858, 33.217417069243155 ], [ -116.285412228796858, 33.217301127214171 ], [ -116.285554240631186, 33.217301127214171 ], [ -116.285554240631186, 33.217185185185187 ], [ -116.285696252465499, 33.217185185185187 ], [ -116.285696252465499, 33.217069243156203 ], [ -116.286122287968468, 33.217069243156203 ], [ -116.286122287968468, 33.216953301127212 ], [ -116.286974358974376, 33.216953301127212 ], [ -116.286974358974376, 33.217069243156203 ], [ -116.287542406311658, 33.217069243156203 ], [ -116.287542406311658, 33.216837359098228 ], [ -116.287684418145972, 33.216837359098228 ], [ -116.287684418145972, 33.216721417069245 ], [ -116.287826429980299, 33.216721417069245 ], [ -116.287826429980299, 33.21648953301127 ], [ -116.287968441814613, 33.21648953301127 ], [ -116.287968441814613, 33.216141706924319 ], [ -116.288252465483254, 33.216141706924319 ], [ -116.288252465483254, 33.216025764895335 ], [ -116.288394477317567, 33.216025764895335 ], [ -116.288394477317567, 33.215909822866344 ], [ -116.288678500986208, 33.215909822866344 ], [ -116.288678500986208, 33.21579388083736 ], [ -116.288962524654849, 33.21579388083736 ], [ -116.288962524654849, 33.215677938808376 ], [ -116.289104536489177, 33.215677938808376 ], [ -116.289104536489177, 33.215561996779392 ], [ -116.289530571992131, 33.215561996779392 ], [ -116.289530571992131, 33.215446054750402 ], [ -116.289672583826444, 33.215446054750402 ], [ -116.289672583826444, 33.215330112721418 ], [ -116.289956607495085, 33.215330112721418 ], [ -116.289956607495085, 33.214866344605475 ], [ -116.290098619329413, 33.214866344605475 ], [ -116.290098619329413, 33.214982286634459 ], [ -116.290666666666681, 33.214982286634459 ], [ -116.290666666666681, 33.214518518518517 ], [ -116.290808678501008, 33.214518518518517 ], [ -116.290808678501008, 33.214634460547508 ], [ -116.291376725838276, 33.214634460547508 ], [ -116.291376725838276, 33.214750402576492 ], [ -116.292228796844199, 33.214750402576492 ], [ -116.292228796844199, 33.214634460547508 ], [ -116.292370808678513, 33.214634460547508 ], [ -116.292370808678513, 33.214518518518517 ], [ -116.29251282051284, 33.214518518518517 ], [ -116.29251282051284, 33.214286634460549 ], [ -116.292654832347154, 33.214286634460549 ], [ -116.292654832347154, 33.213938808373591 ], [ -116.292796844181481, 33.213938808373591 ], [ -116.292796844181481, 33.213822866344607 ], [ -116.293080867850122, 33.213822866344607 ], [ -116.293080867850122, 33.213706924315623 ], [ -116.293222879684436, 33.213706924315623 ], [ -116.293222879684436, 33.213590982286632 ], [ -116.293506903353077, 33.213590982286632 ], [ -116.293506903353077, 33.213706924315623 ], [ -116.29364891518739, 33.213706924315623 ], [ -116.29364891518739, 33.213822866344607 ], [ -116.293932938856031, 33.213822866344607 ], [ -116.293932938856031, 33.213938808373591 ], [ -116.294358974358985, 33.213938808373591 ], [ -116.294358974358985, 33.214286634460549 ], [ -116.295353057199222, 33.214286634460549 ], [ -116.295353057199222, 33.214170692431566 ], [ -116.295637080867863, 33.214170692431566 ], [ -116.295637080867863, 33.214054750402575 ], [ -116.295921104536504, 33.214054750402575 ], [ -116.295921104536504, 33.213938808373591 ], [ -116.296347140039458, 33.213938808373591 ], [ -116.296347140039458, 33.214054750402575 ], [ -116.296489151873786, 33.214054750402575 ], [ -116.296489151873786, 33.214286634460549 ], [ -116.296631163708099, 33.214286634460549 ], [ -116.296631163708099, 33.214750402576492 ], [ -116.297057199211068, 33.214750402576492 ], [ -116.297057199211068, 33.214866344605475 ], [ -116.298477317554259, 33.214866344605475 ], [ -116.298477317554259, 33.214982286634459 ], [ -116.299045364891541, 33.214982286634459 ], [ -116.299045364891541, 33.21509822866345 ], [ -116.299471400394495, 33.21509822866345 ], [ -116.299471400394495, 33.215214170692434 ], [ -116.299613412228808, 33.215214170692434 ], [ -116.299613412228808, 33.215330112721418 ], [ -116.299755424063136, 33.215330112721418 ], [ -116.299755424063136, 33.215446054750402 ], [ -116.300607495069045, 33.215446054750402 ], [ -116.300607495069045, 33.215330112721418 ], [ -116.300749506903372, 33.215330112721418 ], [ -116.300749506903372, 33.21509822866345 ], [ -116.300891518737686, 33.21509822866345 ], [ -116.300891518737686, 33.214982286634459 ], [ -116.301033530572013, 33.214982286634459 ], [ -116.301033530572013, 33.214750402576492 ], [ -116.301175542406327, 33.214750402576492 ], [ -116.301175542406327, 33.214402576489533 ], [ -116.30131755424064, 33.214402576489533 ], [ -116.30131755424064, 33.213706924315623 ], [ -116.301175542406327, 33.213706924315623 ], [ -116.301175542406327, 33.213359098228665 ], [ -116.301033530572013, 33.213359098228665 ], [ -116.301033530572013, 33.213243156199681 ], [ -116.300749506903372, 33.213243156199681 ], [ -116.300749506903372, 33.21312721417069 ], [ -116.300465483234731, 33.21312721417069 ], [ -116.300465483234731, 33.213011272141706 ], [ -116.299755424063136, 33.213011272141706 ], [ -116.299755424063136, 33.212895330112723 ], [ -116.299471400394495, 33.212895330112723 ], [ -116.299471400394495, 33.212547504025764 ], [ -116.299613412228808, 33.212547504025764 ], [ -116.299613412228808, 33.212083735909822 ], [ -116.299755424063136, 33.212083735909822 ], [ -116.299755424063136, 33.211967793880838 ], [ -116.299897435897449, 33.211967793880838 ], [ -116.299897435897449, 33.211851851851854 ], [ -116.30018145956609, 33.211851851851854 ], [ -116.30018145956609, 33.21173590982287 ], [ -116.300749506903372, 33.21173590982287 ], [ -116.300749506903372, 33.211851851851854 ], [ -116.301743589743609, 33.211851851851854 ], [ -116.301743589743609, 33.211619967793879 ], [ -116.301885601577922, 33.211619967793879 ], [ -116.301885601577922, 33.211388083735912 ], [ -116.302311637080876, 33.211388083735912 ], [ -116.302311637080876, 33.211272141706928 ], [ -116.302595660749517, 33.211272141706928 ], [ -116.302595660749517, 33.211156199677937 ], [ -116.302879684418158, 33.211156199677937 ], [ -116.302879684418158, 33.211040257648953 ], [ -116.303731755424081, 33.211040257648953 ], [ -116.303731755424081, 33.21092431561997 ], [ -116.304157790927036, 33.21092431561997 ], [ -116.304157790927036, 33.211040257648953 ], [ -116.304299802761349, 33.211040257648953 ], [ -116.304299802761349, 33.211156199677937 ], [ -116.304441814595677, 33.211156199677937 ], [ -116.304441814595677, 33.211272141706928 ], [ -116.30458382642999, 33.211272141706928 ], [ -116.30458382642999, 33.211967793880838 ], [ -116.304725838264318, 33.211967793880838 ], [ -116.304725838264318, 33.212083735909822 ], [ -116.304867850098631, 33.212083735909822 ], [ -116.304867850098631, 33.212199677938813 ], [ -116.305009861932959, 33.212199677938813 ], [ -116.305009861932959, 33.212315619967796 ], [ -116.305151873767272, 33.212315619967796 ], [ -116.305151873767272, 33.21243156199678 ], [ -116.305435897435913, 33.21243156199678 ], [ -116.305435897435913, 33.212547504025764 ], [ -116.305577909270227, 33.212547504025764 ], [ -116.305577909270227, 33.212895330112723 ], [ -116.305861932938868, 33.212895330112723 ], [ -116.305861932938868, 33.213011272141706 ], [ -116.306145956607509, 33.213011272141706 ], [ -116.306145956607509, 33.213243156199681 ], [ -116.306287968441822, 33.213243156199681 ], [ -116.306287968441822, 33.213359098228665 ], [ -116.30642998027615, 33.213359098228665 ], [ -116.30642998027615, 33.213590982286632 ], [ -116.306571992110463, 33.213590982286632 ], [ -116.306571992110463, 33.213938808373591 ], [ -116.306714003944791, 33.213938808373591 ], [ -116.306714003944791, 33.214170692431566 ], [ -116.306856015779104, 33.214170692431566 ], [ -116.306856015779104, 33.214286634460549 ], [ -116.306998027613432, 33.214286634460549 ], [ -116.306998027613432, 33.214402576489533 ], [ -116.307140039447745, 33.214402576489533 ], [ -116.307140039447745, 33.214518518518517 ], [ -116.307424063116386, 33.214518518518517 ], [ -116.307424063116386, 33.214634460547508 ], [ -116.30785009861934, 33.214634460547508 ], [ -116.30785009861934, 33.213822866344607 ], [ -116.307708086785027, 33.213822866344607 ], [ -116.307708086785027, 33.213590982286632 ], [ -116.307566074950699, 33.213590982286632 ], [ -116.307566074950699, 33.213475040257649 ], [ -116.307424063116386, 33.213475040257649 ], [ -116.307424063116386, 33.213359098228665 ], [ -116.307282051282073, 33.213359098228665 ], [ -116.307282051282073, 33.21312721417069 ], [ -116.307140039447745, 33.21312721417069 ], [ -116.307140039447745, 33.213011272141706 ], [ -116.306998027613432, 33.213011272141706 ], [ -116.306998027613432, 33.212663446054755 ], [ -116.306856015779104, 33.212663446054755 ], [ -116.306856015779104, 33.212547504025764 ], [ -116.306571992110463, 33.212547504025764 ], [ -116.306571992110463, 33.21243156199678 ], [ -116.30642998027615, 33.21243156199678 ], [ -116.30642998027615, 33.212315619967796 ], [ -116.306287968441822, 33.212315619967796 ], [ -116.306287968441822, 33.212199677938813 ], [ -116.306145956607509, 33.212199677938813 ], [ -116.306145956607509, 33.211272141706928 ], [ -116.306287968441822, 33.211272141706928 ], [ -116.306287968441822, 33.211156199677937 ], [ -116.30642998027615, 33.211156199677937 ], [ -116.30642998027615, 33.211040257648953 ], [ -116.306998027613432, 33.211040257648953 ], [ -116.306998027613432, 33.211156199677937 ], [ -116.307140039447745, 33.211156199677937 ], [ -116.307140039447745, 33.211272141706928 ], [ -116.307282051282073, 33.211272141706928 ], [ -116.307282051282073, 33.211388083735912 ], [ -116.307424063116386, 33.211388083735912 ], [ -116.307424063116386, 33.211504025764896 ], [ -116.307708086785027, 33.211504025764896 ], [ -116.307708086785027, 33.211619967793879 ], [ -116.309128205128218, 33.211619967793879 ], [ -116.309128205128218, 33.211504025764896 ], [ -116.309270216962545, 33.211504025764896 ], [ -116.309270216962545, 33.211388083735912 ], [ -116.3096962524655, 33.211388083735912 ], [ -116.3096962524655, 33.211272141706928 ], [ -116.309980276134141, 33.211272141706928 ], [ -116.309980276134141, 33.211156199677937 ], [ -116.310122287968454, 33.211156199677937 ], [ -116.310122287968454, 33.211040257648953 ], [ -116.310406311637095, 33.211040257648953 ], [ -116.310406311637095, 33.21092431561997 ], [ -116.310548323471409, 33.21092431561997 ], [ -116.310548323471409, 33.210808373590986 ], [ -116.31083234714005, 33.210808373590986 ], [ -116.31083234714005, 33.210692431561995 ], [ -116.311968441814614, 33.210692431561995 ], [ -116.311968441814614, 33.210808373590986 ], [ -116.312252465483255, 33.210808373590986 ], [ -116.312252465483255, 33.21092431561997 ], [ -116.312536489151881, 33.21092431561997 ], [ -116.312536489151881, 33.211040257648953 ], [ -116.312820512820522, 33.211040257648953 ], [ -116.312820512820522, 33.211156199677937 ], [ -116.31296252465485, 33.211156199677937 ], [ -116.31296252465485, 33.211272141706928 ], [ -116.313246548323491, 33.211272141706928 ], [ -116.313246548323491, 33.211388083735912 ], [ -116.313672583826445, 33.211388083735912 ], [ -116.313672583826445, 33.211272141706928 ], [ -116.313814595660759, 33.211272141706928 ], [ -116.313814595660759, 33.211388083735912 ], [ -116.3140986193294, 33.211388083735912 ], [ -116.3140986193294, 33.211504025764896 ], [ -116.314382642998041, 33.211504025764896 ], [ -116.314382642998041, 33.211619967793879 ], [ -116.314666666666682, 33.211619967793879 ], [ -116.314666666666682, 33.21173590982287 ], [ -116.314808678500995, 33.21173590982287 ], [ -116.314808678500995, 33.211851851851854 ], [ -116.314950690335323, 33.211851851851854 ], [ -116.314950690335323, 33.212199677938813 ], [ -116.315234714003964, 33.212199677938813 ], [ -116.315234714003964, 33.212315619967796 ], [ -116.315376725838277, 33.212315619967796 ], [ -116.315376725838277, 33.21243156199678 ], [ -116.315802761341232, 33.21243156199678 ], [ -116.315802761341232, 33.212547504025764 ], [ -116.3162287968442, 33.212547504025764 ], [ -116.3162287968442, 33.212663446054755 ], [ -116.316512820512827, 33.212663446054755 ], [ -116.316512820512827, 33.212779388083739 ], [ -116.316938856015796, 33.212779388083739 ], [ -116.316938856015796, 33.212663446054755 ], [ -116.317080867850109, 33.212663446054755 ], [ -116.317080867850109, 33.21312721417069 ], [ -116.31736489151875, 33.21312721417069 ], [ -116.31736489151875, 33.213243156199681 ], [ -116.317506903353063, 33.213243156199681 ], [ -116.317506903353063, 33.213359098228665 ], [ -116.317790927021704, 33.213359098228665 ], [ -116.317790927021704, 33.213475040257649 ], [ -116.318074950690345, 33.213475040257649 ], [ -116.318074950690345, 33.213590982286632 ], [ -116.318216962524673, 33.213590982286632 ], [ -116.318216962524673, 33.213706924315623 ], [ -116.318358974358986, 33.213706924315623 ], [ -116.318358974358986, 33.213822866344607 ], [ -116.318642998027627, 33.213822866344607 ], [ -116.318642998027627, 33.213938808373591 ], [ -116.318927021696268, 33.213938808373591 ], [ -116.318927021696268, 33.214054750402575 ], [ -116.319211045364909, 33.214054750402575 ], [ -116.319211045364909, 33.214170692431566 ], [ -116.319353057199223, 33.214170692431566 ], [ -116.319353057199223, 33.214286634460549 ], [ -116.319779092702177, 33.214286634460549 ], [ -116.319779092702177, 33.214170692431566 ], [ -116.320205128205146, 33.214170692431566 ], [ -116.320205128205146, 33.214402576489533 ], [ -116.320063116370818, 33.214402576489533 ], [ -116.320063116370818, 33.214750402576492 ], [ -116.320347140039459, 33.214750402576492 ], [ -116.320347140039459, 33.214866344605475 ], [ -116.320489151873772, 33.214866344605475 ], [ -116.320489151873772, 33.214982286634459 ], [ -116.320773175542413, 33.214982286634459 ], [ -116.320773175542413, 33.21509822866345 ], [ -116.320915187376741, 33.21509822866345 ], [ -116.320915187376741, 33.215214170692434 ], [ -116.321057199211054, 33.215214170692434 ], [ -116.321057199211054, 33.215330112721418 ], [ -116.321199211045382, 33.215330112721418 ], [ -116.321199211045382, 33.215446054750402 ], [ -116.321341222879695, 33.215446054750402 ], [ -116.321341222879695, 33.215561996779392 ], [ -116.321625246548336, 33.215561996779392 ], [ -116.321625246548336, 33.215677938808376 ], [ -116.32176725838265, 33.215677938808376 ], [ -116.32176725838265, 33.215909822866344 ], [ -116.322051282051291, 33.215909822866344 ], [ -116.322051282051291, 33.216025764895335 ], [ -116.322193293885618, 33.216025764895335 ], [ -116.322193293885618, 33.216141706924319 ], [ -116.322335305719932, 33.216141706924319 ], [ -116.322335305719932, 33.216257648953302 ], [ -116.322477317554245, 33.216257648953302 ], [ -116.322477317554245, 33.21648953301127 ], [ -116.322619329388573, 33.21648953301127 ], [ -116.322619329388573, 33.216837359098228 ], [ -116.322761341222886, 33.216837359098228 ], [ -116.322761341222886, 33.216953301127212 ], [ -116.322903353057214, 33.216953301127212 ], [ -116.322903353057214, 33.217185185185187 ], [ -116.323045364891527, 33.217185185185187 ], [ -116.323045364891527, 33.217301127214171 ], [ -116.323187376725855, 33.217301127214171 ], [ -116.323187376725855, 33.217533011272145 ], [ -116.323329388560168, 33.217533011272145 ], [ -116.323329388560168, 33.217764895330113 ], [ -116.323471400394482, 33.217764895330113 ], [ -116.323471400394482, 33.217996779388088 ], [ -116.323613412228809, 33.217996779388088 ], [ -116.323613412228809, 33.21846054750403 ], [ -116.32389743589745, 33.21846054750403 ], [ -116.32389743589745, 33.218576489533014 ], [ -116.325033530572, 33.218576489533014 ], [ -116.325033530572, 33.218692431561998 ], [ -116.325175542406328, 33.218692431561998 ], [ -116.325175542406328, 33.218924315619972 ], [ -116.325317554240641, 33.218924315619972 ], [ -116.325317554240641, 33.21915619967794 ], [ -116.325459566074954, 33.21915619967794 ], [ -116.325459566074954, 33.219272141706924 ], [ -116.325601577909282, 33.219272141706924 ], [ -116.325601577909282, 33.219619967793882 ], [ -116.325743589743595, 33.219619967793882 ], [ -116.325743589743595, 33.21985185185185 ], [ -116.326169625246564, 33.21985185185185 ], [ -116.326169625246564, 33.219619967793882 ], [ -116.326595660749518, 33.219619967793882 ], [ -116.326595660749518, 33.219735909822866 ], [ -116.327021696252473, 33.219735909822866 ], [ -116.327021696252473, 33.219619967793882 ], [ -116.327589743589755, 33.219619967793882 ], [ -116.327589743589755, 33.219735909822866 ], [ -116.327731755424068, 33.219735909822866 ], [ -116.327731755424068, 33.220083735909824 ], [ -116.329151873767273, 33.220083735909824 ], [ -116.329151873767273, 33.220199677938808 ], [ -116.329861932938869, 33.220199677938808 ], [ -116.329861932938869, 33.220315619967792 ], [ -116.330003944773182, 33.220315619967792 ], [ -116.330003944773182, 33.220431561996783 ], [ -116.330571992110464, 33.220431561996783 ], [ -116.330571992110464, 33.220547504025767 ], [ -116.330998027613418, 33.220547504025767 ], [ -116.330998027613418, 33.220315619967792 ], [ -116.331140039447746, 33.220315619967792 ], [ -116.331140039447746, 33.220663446054751 ], [ -116.331282051282059, 33.220663446054751 ], [ -116.331282051282059, 33.220779388083734 ], [ -116.331424063116387, 33.220779388083734 ], [ -116.331424063116387, 33.220895330112725 ], [ -116.331708086785014, 33.220895330112725 ], [ -116.331708086785014, 33.221011272141709 ], [ -116.331992110453655, 33.221011272141709 ], [ -116.331992110453655, 33.221127214170693 ], [ -116.332418145956623, 33.221127214170693 ], [ -116.332418145956623, 33.220895330112725 ], [ -116.332844181459578, 33.220895330112725 ], [ -116.332844181459578, 33.221011272141709 ], [ -116.333696252465487, 33.221011272141709 ], [ -116.333696252465487, 33.221359098228668 ], [ -116.334974358974364, 33.221359098228668 ], [ -116.334974358974364, 33.221590982286635 ], [ -116.336252465483241, 33.221590982286635 ], [ -116.336252465483241, 33.22182286634461 ], [ -116.335116370808691, 33.22182286634461 ], [ -116.335116370808691, 33.221938808373594 ], [ -116.334974358974364, 33.221938808373594 ], [ -116.334974358974364, 33.222866344605478 ], [ -116.335116370808691, 33.222866344605478 ], [ -116.335116370808691, 33.22333011272142 ], [ -116.336252465483241, 33.22333011272142 ], [ -116.336252465483241, 33.223446054750404 ], [ -116.336820512820523, 33.223446054750404 ], [ -116.336820512820523, 33.223561996779388 ], [ -116.337388560157805, 33.223561996779388 ], [ -116.337388560157805, 33.223446054750404 ], [ -116.337672583826432, 33.223446054750404 ], [ -116.337672583826432, 33.22333011272142 ], [ -116.33781459566076, 33.22333011272142 ], [ -116.33781459566076, 33.22321417069243 ], [ -116.337956607495073, 33.22321417069243 ], [ -116.337956607495073, 33.223098228663446 ], [ -116.338098619329401, 33.223098228663446 ], [ -116.338098619329401, 33.222982286634462 ], [ -116.338240631163714, 33.222982286634462 ], [ -116.338240631163714, 33.222866344605478 ], [ -116.338382642998042, 33.222866344605478 ], [ -116.338382642998042, 33.222750402576494 ], [ -116.338524654832355, 33.222750402576494 ], [ -116.338524654832355, 33.222634460547503 ], [ -116.338666666666668, 33.222634460547503 ], [ -116.338666666666668, 33.222170692431561 ], [ -116.338808678500996, 33.222170692431561 ], [ -116.338808678500996, 33.221706924315619 ], [ -116.339092702169637, 33.221706924315619 ], [ -116.339092702169637, 33.22182286634461 ], [ -116.339802761341232, 33.22182286634461 ], [ -116.339802761341232, 33.221938808373594 ], [ -116.340654832347141, 33.221938808373594 ], [ -116.340654832347141, 33.222054750402577 ], [ -116.341364891518751, 33.222054750402577 ], [ -116.341364891518751, 33.222170692431561 ], [ -116.342785009861942, 33.222170692431561 ], [ -116.342785009861942, 33.222286634460552 ], [ -116.34363708086785, 33.222286634460552 ], [ -116.34363708086785, 33.222402576489536 ], [ -116.344205128205132, 33.222402576489536 ], [ -116.344205128205132, 33.22251851851852 ], [ -116.344773175542414, 33.22251851851852 ], [ -116.344773175542414, 33.222634460547503 ], [ -116.345057199211055, 33.222634460547503 ], [ -116.345057199211055, 33.222750402576494 ], [ -116.345625246548323, 33.222750402576494 ], [ -116.345625246548323, 33.22251851851852 ], [ -116.346051282051292, 33.22251851851852 ], [ -116.346051282051292, 33.222982286634462 ], [ -116.346193293885605, 33.222982286634462 ], [ -116.346193293885605, 33.223098228663446 ], [ -116.346477317554246, 33.223098228663446 ], [ -116.346477317554246, 33.22321417069243 ], [ -116.346761341222887, 33.22321417069243 ], [ -116.346761341222887, 33.22333011272142 ], [ -116.347045364891528, 33.22333011272142 ], [ -116.347045364891528, 33.223446054750404 ], [ -116.347471400394483, 33.223446054750404 ], [ -116.347471400394483, 33.22333011272142 ], [ -116.347755424063124, 33.22333011272142 ], [ -116.347755424063124, 33.22321417069243 ], [ -116.348039447731765, 33.22321417069243 ], [ -116.348039447731765, 33.223098228663446 ], [ -116.348465483234719, 33.223098228663446 ], [ -116.348465483234719, 33.222982286634462 ], [ -116.348607495069032, 33.222982286634462 ], [ -116.348607495069032, 33.222866344605478 ], [ -116.348891518737673, 33.222866344605478 ], [ -116.348891518737673, 33.222750402576494 ], [ -116.349033530572001, 33.222750402576494 ], [ -116.349033530572001, 33.222634460547503 ], [ -116.349601577909269, 33.222634460547503 ], [ -116.349601577909269, 33.22251851851852 ], [ -116.349743589743596, 33.22251851851852 ], [ -116.349743589743596, 33.222170692431561 ], [ -116.34988560157791, 33.222170692431561 ], [ -116.34988560157791, 33.221590982286635 ], [ -116.350027613412237, 33.221590982286635 ], [ -116.350027613412237, 33.221706924315619 ], [ -116.350595660749505, 33.221706924315619 ], [ -116.350595660749505, 33.221590982286635 ], [ -116.351305719921115, 33.221590982286635 ], [ -116.351305719921115, 33.221706924315619 ], [ -116.351447731755428, 33.221706924315619 ], [ -116.351447731755428, 33.22182286634461 ], [ -116.351589743589756, 33.22182286634461 ], [ -116.351589743589756, 33.221938808373594 ], [ -116.351731755424069, 33.221938808373594 ], [ -116.351731755424069, 33.222054750402577 ], [ -116.351873767258382, 33.222054750402577 ], [ -116.351873767258382, 33.222170692431561 ], [ -116.353435897435901, 33.222170692431561 ], [ -116.353435897435901, 33.22182286634461 ], [ -116.353577909270228, 33.22182286634461 ], [ -116.353577909270228, 33.221359098228668 ], [ -116.353435897435901, 33.221359098228668 ], [ -116.353435897435901, 33.221127214170693 ], [ -116.352583826429992, 33.221127214170693 ], [ -116.352583826429992, 33.221011272141709 ], [ -116.351873767258382, 33.221011272141709 ], [ -116.351873767258382, 33.220895330112725 ], [ -116.351731755424069, 33.220895330112725 ], [ -116.351731755424069, 33.220431561996783 ], [ -116.351447731755428, 33.220431561996783 ], [ -116.351447731755428, 33.220315619967792 ], [ -116.351589743589756, 33.220315619967792 ], [ -116.351589743589756, 33.220199677938808 ], [ -116.351731755424069, 33.220199677938808 ], [ -116.351731755424069, 33.220083735909824 ], [ -116.352157790927023, 33.220083735909824 ], [ -116.352157790927023, 33.219967793880841 ], [ -116.352299802761351, 33.219967793880841 ], [ -116.352299802761351, 33.220083735909824 ], [ -116.353009861932946, 33.220083735909824 ], [ -116.353009861932946, 33.219967793880841 ], [ -116.353435897435901, 33.219967793880841 ], [ -116.353435897435901, 33.21985185185185 ], [ -116.353577909270228, 33.21985185185185 ], [ -116.353577909270228, 33.219388083735915 ], [ -116.353719921104542, 33.219388083735915 ], [ -116.353719921104542, 33.219504025764898 ], [ -116.354429980276137, 33.219504025764898 ], [ -116.354429980276137, 33.219388083735915 ], [ -116.354714003944778, 33.219388083735915 ], [ -116.354714003944778, 33.219272141706924 ], [ -116.355140039447733, 33.219272141706924 ], [ -116.355140039447733, 33.21915619967794 ], [ -116.355566074950701, 33.21915619967794 ], [ -116.355566074950701, 33.218808373590981 ], [ -116.355424063116374, 33.218808373590981 ], [ -116.355424063116374, 33.218692431561998 ], [ -116.355708086785015, 33.218692431561998 ], [ -116.355708086785015, 33.218576489533014 ], [ -116.356134122287969, 33.218576489533014 ], [ -116.356134122287969, 33.218808373590981 ], [ -116.356702169625251, 33.218808373590981 ], [ -116.356702169625251, 33.218692431561998 ], [ -116.356986193293892, 33.218692431561998 ], [ -116.356986193293892, 33.218576489533014 ], [ -116.357838264299801, 33.218576489533014 ], [ -116.357838264299801, 33.21846054750403 ], [ -116.35854832347141, 33.21846054750403 ], [ -116.35854832347141, 33.218344605475039 ], [ -116.358690335305724, 33.218344605475039 ], [ -116.358690335305724, 33.218228663446055 ], [ -116.358832347140037, 33.218228663446055 ], [ -116.358832347140037, 33.218112721417071 ], [ -116.358974358974365, 33.218112721417071 ], [ -116.358974358974365, 33.217996779388088 ], [ -116.359258382643006, 33.217996779388088 ], [ -116.359258382643006, 33.217764895330113 ], [ -116.359542406311647, 33.217764895330113 ], [ -116.359542406311647, 33.217648953301129 ], [ -116.35968441814596, 33.217648953301129 ], [ -116.35968441814596, 33.217533011272145 ], [ -116.359826429980274, 33.217533011272145 ], [ -116.359826429980274, 33.217417069243155 ], [ -116.360110453648915, 33.217417069243155 ], [ -116.360110453648915, 33.217301127214171 ], [ -116.360252465483242, 33.217301127214171 ], [ -116.360252465483242, 33.217185185185187 ], [ -116.360536489151883, 33.217185185185187 ], [ -116.360536489151883, 33.217069243156203 ], [ -116.360678500986197, 33.217069243156203 ], [ -116.360678500986197, 33.216953301127212 ], [ -116.36082051282051, 33.216953301127212 ], [ -116.36082051282051, 33.21648953301127 ], [ -116.360962524654838, 33.21648953301127 ], [ -116.360962524654838, 33.216257648953302 ], [ -116.361388560157792, 33.216257648953302 ], [ -116.361388560157792, 33.216141706924319 ], [ -116.361814595660746, 33.216141706924319 ], [ -116.361814595660746, 33.216373590982286 ], [ -116.362240631163715, 33.216373590982286 ], [ -116.362240631163715, 33.216257648953302 ], [ -116.362666666666669, 33.216257648953302 ], [ -116.362666666666669, 33.216141706924319 ], [ -116.363518737672592, 33.216141706924319 ], [ -116.363518737672592, 33.216025764895335 ], [ -116.364512820512829, 33.216025764895335 ], [ -116.364512820512829, 33.215909822866344 ], [ -116.364654832347142, 33.215909822866344 ], [ -116.364654832347142, 33.215561996779392 ], [ -116.365222879684424, 33.215561996779392 ], [ -116.365222879684424, 33.215909822866344 ], [ -116.365648915187379, 33.215909822866344 ], [ -116.365648915187379, 33.21579388083736 ], [ -116.366785009861928, 33.21579388083736 ], [ -116.366785009861928, 33.215677938808376 ], [ -116.367779092702165, 33.215677938808376 ], [ -116.367779092702165, 33.215561996779392 ], [ -116.368773175542401, 33.215561996779392 ], [ -116.368773175542401, 33.215446054750402 ], [ -116.369341222879683, 33.215446054750402 ], [ -116.369341222879683, 33.215330112721418 ], [ -116.370051282051278, 33.215330112721418 ], [ -116.370051282051278, 33.214982286634459 ], [ -116.370477317554247, 33.214982286634459 ], [ -116.370477317554247, 33.214866344605475 ], [ -116.37061932938856, 33.214866344605475 ], [ -116.37061932938856, 33.214982286634459 ], [ -116.371187376725842, 33.214982286634459 ], [ -116.371187376725842, 33.214866344605475 ], [ -116.371329388560156, 33.214866344605475 ], [ -116.371329388560156, 33.214750402576492 ], [ -116.371471400394483, 33.214750402576492 ], [ -116.371471400394483, 33.214634460547508 ], [ -116.371897435897438, 33.214634460547508 ], [ -116.371897435897438, 33.214402576489533 ], [ -116.372039447731751, 33.214402576489533 ], [ -116.372039447731751, 33.214286634460549 ], [ -116.372181459566079, 33.214286634460549 ], [ -116.372181459566079, 33.213938808373591 ], [ -116.372039447731751, 33.213938808373591 ], [ -116.372039447731751, 33.213822866344607 ], [ -116.372181459566079, 33.213822866344607 ], [ -116.372181459566079, 33.213706924315623 ], [ -116.372891518737674, 33.213706924315623 ], [ -116.372891518737674, 33.213590982286632 ], [ -116.373033530571988, 33.213590982286632 ], [ -116.373033530571988, 33.213475040257649 ], [ -116.373317554240629, 33.213475040257649 ], [ -116.373317554240629, 33.213359098228665 ], [ -116.373459566074956, 33.213359098228665 ], [ -116.373459566074956, 33.213243156199681 ], [ -116.37360157790927, 33.213243156199681 ], [ -116.37360157790927, 33.212895330112723 ], [ -116.373459566074956, 33.212895330112723 ], [ -116.373459566074956, 33.212663446054755 ], [ -116.373743589743583, 33.212663446054755 ], [ -116.373743589743583, 33.212547504025764 ], [ -116.374027613412224, 33.212547504025764 ], [ -116.374027613412224, 33.212663446054755 ], [ -116.374453648915193, 33.212663446054755 ], [ -116.374453648915193, 33.212547504025764 ], [ -116.374737672583834, 33.212547504025764 ], [ -116.374737672583834, 33.21243156199678 ], [ -116.374879684418147, 33.21243156199678 ], [ -116.374879684418147, 33.212315619967796 ], [ -116.375163708086788, 33.212315619967796 ], [ -116.375163708086788, 33.212199677938813 ], [ -116.375447731755429, 33.212199677938813 ], [ -116.375447731755429, 33.212083735909822 ], [ -116.375589743589742, 33.212083735909822 ], [ -116.375589743589742, 33.211967793880838 ], [ -116.376015779092697, 33.211967793880838 ], [ -116.376015779092697, 33.211851851851854 ], [ -116.376299802761338, 33.211851851851854 ], [ -116.376299802761338, 33.21173590982287 ], [ -116.376583826429979, 33.21173590982287 ], [ -116.376583826429979, 33.211619967793879 ], [ -116.376725838264306, 33.211619967793879 ], [ -116.376725838264306, 33.211504025764896 ], [ -116.37686785009862, 33.211504025764896 ], [ -116.37686785009862, 33.211388083735912 ], [ -116.377293885601574, 33.211388083735912 ], [ -116.377293885601574, 33.211272141706928 ], [ -116.377719921104543, 33.211272141706928 ], [ -116.377719921104543, 33.210808373590986 ], [ -116.377861932938856, 33.210808373590986 ], [ -116.377861932938856, 33.210692431561995 ], [ -116.378145956607497, 33.210692431561995 ], [ -116.378145956607497, 33.210576489533011 ], [ -116.379282051282047, 33.210576489533011 ], [ -116.379282051282047, 33.21092431561997 ], [ -116.379992110453642, 33.21092431561997 ], [ -116.379992110453642, 33.210808373590986 ], [ -116.382122287968443, 33.210808373590986 ], [ -116.382122287968443, 33.210692431561995 ], [ -116.382264299802756, 33.210692431561995 ], [ -116.382264299802756, 33.210808373590986 ], [ -116.383258382642993, 33.210808373590986 ], [ -116.383258382642993, 33.210692431561995 ], [ -116.384394477317556, 33.210692431561995 ], [ -116.384394477317556, 33.210576489533011 ], [ -116.384962524654824, 33.210576489533011 ], [ -116.384962524654824, 33.210344605475044 ], [ -116.385388560157793, 33.210344605475044 ], [ -116.385388560157793, 33.210692431561995 ], [ -116.38666666666667, 33.210692431561995 ], [ -116.38666666666667, 33.210808373590986 ], [ -116.387944773175533, 33.210808373590986 ], [ -116.387944773175533, 33.21092431561997 ], [ -116.388512820512815, 33.21092431561997 ], [ -116.388512820512815, 33.211040257648953 ], [ -116.389222879684411, 33.211040257648953 ], [ -116.389222879684411, 33.211156199677937 ], [ -116.389648915187379, 33.211156199677937 ], [ -116.389648915187379, 33.211272141706928 ], [ -116.390358974358975, 33.211272141706928 ], [ -116.390358974358975, 33.211388083735912 ], [ -116.390927021696243, 33.211388083735912 ], [ -116.390927021696243, 33.211504025764896 ], [ -116.391211045364884, 33.211504025764896 ], [ -116.391211045364884, 33.211619967793879 ], [ -116.391637080867852, 33.211619967793879 ], [ -116.391637080867852, 33.21173590982287 ], [ -116.39220512820512, 33.21173590982287 ], [ -116.39220512820512, 33.211851851851854 ], [ -116.392489151873761, 33.211851851851854 ], [ -116.392489151873761, 33.211967793880838 ], [ -116.392631163708089, 33.211967793880838 ], [ -116.392631163708089, 33.212083735909822 ], [ -116.392773175542402, 33.212083735909822 ], [ -116.392773175542402, 33.212199677938813 ], [ -116.393341222879684, 33.212199677938813 ], [ -116.393341222879684, 33.21243156199678 ], [ -116.394051282051279, 33.21243156199678 ], [ -116.394051282051279, 33.212547504025764 ], [ -116.394193293885593, 33.212547504025764 ], [ -116.394193293885593, 33.212779388083739 ], [ -116.39433530571992, 33.212779388083739 ], [ -116.39433530571992, 33.212895330112723 ], [ -116.395045364891516, 33.212895330112723 ], [ -116.395045364891516, 33.213011272141706 ], [ -116.39547140039447, 33.213011272141706 ], [ -116.39547140039447, 33.21312721417069 ], [ -116.395897435897425, 33.21312721417069 ], [ -116.395897435897425, 33.213243156199681 ], [ -116.396323471400393, 33.213243156199681 ], [ -116.396323471400393, 33.213359098228665 ], [ -116.396749506903348, 33.213359098228665 ], [ -116.396749506903348, 33.213475040257649 ], [ -116.39731755424063, 33.213475040257649 ], [ -116.39731755424063, 33.213590982286632 ], [ -116.397743589743584, 33.213590982286632 ], [ -116.397743589743584, 33.213706924315623 ], [ -116.398169625246538, 33.213706924315623 ], [ -116.398169625246538, 33.213822866344607 ], [ -116.399021696252461, 33.213822866344607 ], [ -116.399021696252461, 33.213938808373591 ], [ -116.399305719921102, 33.213938808373591 ], [ -116.399305719921102, 33.214054750402575 ], [ -116.399873767258384, 33.214054750402575 ], [ -116.399873767258384, 33.214170692431566 ], [ -116.400725838264293, 33.214170692431566 ], [ -116.400725838264293, 33.214286634460549 ], [ -116.401151873767247, 33.214286634460549 ], [ -116.401151873767247, 33.214402576489533 ], [ -116.401577909270216, 33.214402576489533 ], [ -116.401577909270216, 33.215446054750402 ], [ -116.401719921104529, 33.215446054750402 ], [ -116.401719921104529, 33.215561996779392 ], [ -116.402287968441811, 33.215561996779392 ], [ -116.402287968441811, 33.215677938808376 ], [ -116.402429980276125, 33.215677938808376 ], [ -116.402429980276125, 33.216025764895335 ], [ -116.402571992110452, 33.216025764895335 ], [ -116.402571992110452, 33.216257648953302 ], [ -116.402714003944766, 33.216257648953302 ], [ -116.402714003944766, 33.21648953301127 ], [ -116.403992110453643, 33.21648953301127 ], [ -116.403992110453643, 33.216373590982286 ], [ -116.404276134122284, 33.216373590982286 ], [ -116.404276134122284, 33.216257648953302 ], [ -116.404560157790925, 33.216257648953302 ], [ -116.404560157790925, 33.216141706924319 ], [ -116.404844181459566, 33.216141706924319 ], [ -116.404844181459566, 33.216025764895335 ], [ -116.40498619329388, 33.216025764895335 ], [ -116.40498619329388, 33.215909822866344 ], [ -116.405128205128193, 33.215909822866344 ], [ -116.405128205128193, 33.215561996779392 ], [ -116.406832347140039, 33.215561996779392 ], [ -116.406832347140039, 33.215677938808376 ], [ -116.406974358974352, 33.215677938808376 ], [ -116.406974358974352, 33.21579388083736 ], [ -116.406832347140039, 33.21579388083736 ], [ -116.406832347140039, 33.215909822866344 ], [ -116.406548323471398, 33.215909822866344 ], [ -116.406548323471398, 33.216373590982286 ], [ -116.40640631163707, 33.216373590982286 ], [ -116.40640631163707, 33.217301127214171 ], [ -116.406548323471398, 33.217301127214171 ], [ -116.406548323471398, 33.217417069243155 ], [ -116.406690335305711, 33.217417069243155 ], [ -116.406690335305711, 33.217533011272145 ], [ -116.406832347140039, 33.217533011272145 ], [ -116.406832347140039, 33.217648953301129 ], [ -116.407116370808666, 33.217648953301129 ], [ -116.407116370808666, 33.217764895330113 ], [ -116.407400394477307, 33.217764895330113 ], [ -116.407400394477307, 33.217880837359097 ], [ -116.407542406311634, 33.217880837359097 ], [ -116.407542406311634, 33.217996779388088 ], [ -116.407684418145948, 33.217996779388088 ], [ -116.407684418145948, 33.218112721417071 ], [ -116.407826429980275, 33.218112721417071 ], [ -116.407826429980275, 33.21846054750403 ], [ -116.407968441814589, 33.21846054750403 ], [ -116.407968441814589, 33.218576489533014 ], [ -116.408110453648902, 33.218576489533014 ], [ -116.408110453648902, 33.218692431561998 ], [ -116.40825246548323, 33.218692431561998 ], [ -116.40825246548323, 33.218808373590981 ], [ -116.408394477317543, 33.218808373590981 ], [ -116.408394477317543, 33.218924315619972 ], [ -116.408962524654825, 33.218924315619972 ], [ -116.408962524654825, 33.218576489533014 ], [ -116.409814595660748, 33.218576489533014 ], [ -116.409814595660748, 33.218344605475039 ], [ -116.409956607495062, 33.218344605475039 ], [ -116.409956607495062, 33.217996779388088 ], [ -116.410098619329375, 33.217996779388088 ], [ -116.410098619329375, 33.217880837359097 ], [ -116.410240631163703, 33.217880837359097 ], [ -116.410240631163703, 33.217764895330113 ], [ -116.410524654832344, 33.217764895330113 ], [ -116.410524654832344, 33.217648953301129 ], [ -116.410950690335298, 33.217648953301129 ], [ -116.410950690335298, 33.217533011272145 ], [ -116.411802761341221, 33.217533011272145 ], [ -116.411802761341221, 33.217764895330113 ], [ -116.411944773175534, 33.217764895330113 ], [ -116.411944773175534, 33.218228663446055 ], [ -116.412086785009848, 33.218228663446055 ], [ -116.412086785009848, 33.21846054750403 ], [ -116.41265483234713, 33.21846054750403 ], [ -116.41265483234713, 33.217533011272145 ], [ -116.412512820512816, 33.217533011272145 ], [ -116.412512820512816, 33.216721417069245 ], [ -116.41265483234713, 33.216721417069245 ], [ -116.41265483234713, 33.216257648953302 ], [ -116.412796844181457, 33.216257648953302 ], [ -116.412796844181457, 33.216141706924319 ], [ -116.413648915187366, 33.216141706924319 ], [ -116.413648915187366, 33.216257648953302 ], [ -116.413932938856007, 33.216257648953302 ], [ -116.413932938856007, 33.216373590982286 ], [ -116.414074950690321, 33.216373590982286 ], [ -116.414074950690321, 33.216605475040261 ], [ -116.414216962524648, 33.216605475040261 ], [ -116.414216962524648, 33.217069243156203 ], [ -116.414074950690321, 33.217069243156203 ], [ -116.414074950690321, 33.217185185185187 ], [ -116.413932938856007, 33.217185185185187 ], [ -116.413932938856007, 33.217301127214171 ], [ -116.413790927021694, 33.217301127214171 ], [ -116.413790927021694, 33.217417069243155 ], [ -116.413648915187366, 33.217417069243155 ], [ -116.413648915187366, 33.217533011272145 ], [ -116.413506903353053, 33.217533011272145 ], [ -116.413506903353053, 33.217648953301129 ], [ -116.413222879684412, 33.217648953301129 ], [ -116.413222879684412, 33.217880837359097 ], [ -116.413080867850084, 33.217880837359097 ], [ -116.413080867850084, 33.21846054750403 ], [ -116.413222879684412, 33.21846054750403 ], [ -116.413222879684412, 33.218924315619972 ], [ -116.413364891518725, 33.218924315619972 ], [ -116.413364891518725, 33.219388083735915 ], [ -116.413222879684412, 33.219388083735915 ], [ -116.413222879684412, 33.219504025764898 ], [ -116.412228796844175, 33.219504025764898 ], [ -116.412228796844175, 33.219388083735915 ], [ -116.411092702169611, 33.219388083735915 ], [ -116.411092702169611, 33.219735909822866 ], [ -116.410950690335298, 33.219735909822866 ], [ -116.410950690335298, 33.219967793880841 ], [ -116.410808678500985, 33.219967793880841 ], [ -116.410808678500985, 33.221127214170693 ], [ -116.410666666666657, 33.221127214170693 ], [ -116.410666666666657, 33.221243156199677 ], [ -116.410524654832344, 33.221243156199677 ], [ -116.410524654832344, 33.221359098228668 ], [ -116.410382642998016, 33.221359098228668 ], [ -116.410382642998016, 33.221475040257651 ], [ -116.410098619329375, 33.221475040257651 ], [ -116.410098619329375, 33.221359098228668 ], [ -116.409956607495062, 33.221359098228668 ], [ -116.409956607495062, 33.221127214170693 ], [ -116.409814595660748, 33.221127214170693 ], [ -116.409814595660748, 33.220895330112725 ], [ -116.409672583826421, 33.220895330112725 ], [ -116.409672583826421, 33.220779388083734 ], [ -116.40938856015778, 33.220779388083734 ], [ -116.40938856015778, 33.220663446054751 ], [ -116.409246548323466, 33.220663446054751 ], [ -116.409246548323466, 33.220547504025767 ], [ -116.409104536489139, 33.220547504025767 ], [ -116.409104536489139, 33.220431561996783 ], [ -116.408962524654825, 33.220431561996783 ], [ -116.408962524654825, 33.220199677938808 ], [ -116.408110453648902, 33.220199677938808 ], [ -116.408110453648902, 33.220083735909824 ], [ -116.405980276134116, 33.220083735909824 ], [ -116.405980276134116, 33.219967793880841 ], [ -116.405270216962521, 33.219967793880841 ], [ -116.405270216962521, 33.220083735909824 ], [ -116.404702169625239, 33.220083735909824 ], [ -116.404702169625239, 33.220199677938808 ], [ -116.403992110453643, 33.220199677938808 ], [ -116.403992110453643, 33.220315619967792 ], [ -116.403282051282048, 33.220315619967792 ], [ -116.403282051282048, 33.220431561996783 ], [ -116.402714003944766, 33.220431561996783 ], [ -116.402714003944766, 33.220547504025767 ], [ -116.401577909270216, 33.220547504025767 ], [ -116.401577909270216, 33.221127214170693 ], [ -116.401293885601575, 33.221127214170693 ], [ -116.401293885601575, 33.221243156199677 ], [ -116.400867850098621, 33.221243156199677 ], [ -116.400867850098621, 33.221590982286635 ], [ -116.401577909270216, 33.221590982286635 ], [ -116.401577909270216, 33.221938808373594 ], [ -116.40200394477317, 33.221938808373594 ], [ -116.40200394477317, 33.221706924315619 ], [ -116.402145956607484, 33.221706924315619 ], [ -116.402145956607484, 33.221590982286635 ], [ -116.402429980276125, 33.221590982286635 ], [ -116.402429980276125, 33.221475040257651 ], [ -116.402571992110452, 33.221475040257651 ], [ -116.402571992110452, 33.221359098228668 ], [ -116.402856015779093, 33.221359098228668 ], [ -116.402856015779093, 33.221243156199677 ], [ -116.403566074950689, 33.221243156199677 ], [ -116.403566074950689, 33.221127214170693 ], [ -116.405128205128193, 33.221127214170693 ], [ -116.405128205128193, 33.221243156199677 ], [ -116.405270216962521, 33.221243156199677 ], [ -116.405270216962521, 33.221359098228668 ], [ -116.405554240631162, 33.221359098228668 ], [ -116.405554240631162, 33.221475040257651 ], [ -116.406122287968429, 33.221475040257651 ], [ -116.406122287968429, 33.22182286634461 ], [ -116.406264299802757, 33.22182286634461 ], [ -116.406264299802757, 33.221938808373594 ], [ -116.40640631163707, 33.221938808373594 ], [ -116.40640631163707, 33.222402576489536 ], [ -116.406122287968429, 33.222402576489536 ], [ -116.406122287968429, 33.22251851851852 ], [ -116.405412228796834, 33.22251851851852 ], [ -116.405412228796834, 33.222634460547503 ], [ -116.405270216962521, 33.222634460547503 ], [ -116.405270216962521, 33.222866344605478 ], [ -116.405128205128193, 33.222866344605478 ], [ -116.405128205128193, 33.223446054750404 ], [ -116.40498619329388, 33.223446054750404 ], [ -116.40498619329388, 33.223793880837363 ], [ -116.405980276134116, 33.223793880837363 ], [ -116.405980276134116, 33.223677938808372 ], [ -116.40640631163707, 33.223677938808372 ], [ -116.40640631163707, 33.223793880837363 ], [ -116.406690335305711, 33.223793880837363 ], [ -116.406690335305711, 33.224141706924314 ], [ -116.406548323471398, 33.224141706924314 ], [ -116.406548323471398, 33.224257648953305 ], [ -116.406122287968429, 33.224257648953305 ], [ -116.406122287968429, 33.224489533011273 ], [ -116.405980276134116, 33.224489533011273 ], [ -116.405980276134116, 33.224605475040256 ], [ -116.405270216962521, 33.224605475040256 ], [ -116.405270216962521, 33.225533011272141 ], [ -116.405128205128193, 33.225533011272141 ], [ -116.405128205128193, 33.225764895330116 ], [ -116.40498619329388, 33.225764895330116 ], [ -116.40498619329388, 33.225880837359099 ], [ -116.404702169625239, 33.225880837359099 ], [ -116.404702169625239, 33.225996779388083 ], [ -116.404418145956598, 33.225996779388083 ], [ -116.404418145956598, 33.226112721417074 ], [ -116.404134122287957, 33.226112721417074 ], [ -116.404134122287957, 33.226692431562 ], [ -116.404560157790925, 33.226692431562 ], [ -116.404560157790925, 33.226808373590984 ], [ -116.405270216962521, 33.226808373590984 ], [ -116.405270216962521, 33.226692431562 ], [ -116.405554240631162, 33.226692431562 ], [ -116.405554240631162, 33.226576489533009 ], [ -116.406122287968429, 33.226576489533009 ], [ -116.406122287968429, 33.226460547504026 ], [ -116.407116370808666, 33.226460547504026 ], [ -116.407116370808666, 33.226576489533009 ], [ -116.407400394477307, 33.226576489533009 ], [ -116.407400394477307, 33.226692431562 ], [ -116.407684418145948, 33.226692431562 ], [ -116.407684418145948, 33.226808373590984 ], [ -116.407968441814589, 33.226808373590984 ], [ -116.407968441814589, 33.226924315619968 ], [ -116.408110453648902, 33.226924315619968 ], [ -116.408110453648902, 33.227156199677943 ], [ -116.40825246548323, 33.227156199677943 ], [ -116.40825246548323, 33.227272141706926 ], [ -116.408394477317543, 33.227272141706926 ], [ -116.408394477317543, 33.227504025764894 ], [ -116.408820512820512, 33.227504025764894 ], [ -116.408820512820512, 33.227619967793885 ], [ -116.410240631163703, 33.227619967793885 ], [ -116.410240631163703, 33.227735909822869 ], [ -116.410382642998016, 33.227735909822869 ], [ -116.410382642998016, 33.227967793880836 ], [ -116.410098619329375, 33.227967793880836 ], [ -116.410098619329375, 33.228083735909827 ], [ -116.409956607495062, 33.228083735909827 ], [ -116.409956607495062, 33.228199677938811 ], [ -116.409814595660748, 33.228199677938811 ], [ -116.409814595660748, 33.228315619967795 ], [ -116.40938856015778, 33.228315619967795 ], [ -116.40938856015778, 33.228083735909827 ], [ -116.409246548323466, 33.228083735909827 ], [ -116.409246548323466, 33.227967793880836 ], [ -116.408678500986184, 33.227967793880836 ], [ -116.408678500986184, 33.227851851851852 ], [ -116.408110453648902, 33.227851851851852 ], [ -116.408110453648902, 33.227967793880836 ], [ -116.407684418145948, 33.227967793880836 ], [ -116.407684418145948, 33.228083735909827 ], [ -116.407258382642993, 33.228083735909827 ], [ -116.407258382642993, 33.228199677938811 ], [ -116.406264299802757, 33.228199677938811 ], [ -116.406264299802757, 33.228315619967795 ], [ -116.405980276134116, 33.228315619967795 ], [ -116.405980276134116, 33.228431561996778 ], [ -116.405270216962521, 33.228431561996778 ], [ -116.405270216962521, 33.228779388083737 ], [ -116.40498619329388, 33.228779388083737 ], [ -116.40498619329388, 33.229127214170695 ], [ -116.404560157790925, 33.229127214170695 ], [ -116.404560157790925, 33.229243156199679 ], [ -116.404276134122284, 33.229243156199679 ], [ -116.404276134122284, 33.229359098228663 ], [ -116.403992110453643, 33.229359098228663 ], [ -116.403992110453643, 33.229475040257654 ], [ -116.40385009861933, 33.229475040257654 ], [ -116.40385009861933, 33.229706924315622 ], [ -116.403708086785002, 33.229706924315622 ], [ -116.403708086785002, 33.229938808373589 ], [ -116.403566074950689, 33.229938808373589 ], [ -116.403566074950689, 33.230402576489531 ], [ -116.403424063116361, 33.230402576489531 ], [ -116.403424063116361, 33.230634460547506 ], [ -116.40314003944772, 33.230634460547506 ], [ -116.40314003944772, 33.230866344605474 ], [ -116.402998027613407, 33.230866344605474 ], [ -116.402998027613407, 33.231098228663448 ], [ -116.402856015779093, 33.231098228663448 ], [ -116.402856015779093, 33.231214170692432 ], [ -116.402714003944766, 33.231214170692432 ], [ -116.402714003944766, 33.231330112721416 ], [ -116.402571992110452, 33.231330112721416 ], [ -116.402571992110452, 33.232721417069243 ], [ -116.402429980276125, 33.232721417069243 ], [ -116.402429980276125, 33.232953301127218 ], [ -116.402287968441811, 33.232953301127218 ], [ -116.402287968441811, 33.233069243156201 ], [ -116.402145956607484, 33.233069243156201 ], [ -116.402145956607484, 33.233185185185185 ], [ -116.40200394477317, 33.233185185185185 ], [ -116.40200394477317, 33.233301127214169 ], [ -116.401861932938857, 33.233301127214169 ], [ -116.401861932938857, 33.23341706924316 ], [ -116.401719921104529, 33.23341706924316 ], [ -116.401719921104529, 33.233533011272144 ], [ -116.401577909270216, 33.233533011272144 ], [ -116.401577909270216, 33.233648953301127 ], [ -116.401435897435888, 33.233648953301127 ], [ -116.401435897435888, 33.233880837359102 ], [ -116.401293885601575, 33.233880837359102 ], [ -116.401293885601575, 33.233996779388086 ], [ -116.400725838264293, 33.233996779388086 ], [ -116.400725838264293, 33.23411272141707 ], [ -116.400441814595652, 33.23411272141707 ], [ -116.400441814595652, 33.234228663446054 ], [ -116.400299802761339, 33.234228663446054 ], [ -116.400299802761339, 33.234344605475044 ], [ -116.400157790927011, 33.234344605475044 ], [ -116.400157790927011, 33.234460547504028 ], [ -116.400015779092698, 33.234460547504028 ], [ -116.400015779092698, 33.234576489533012 ], [ -116.399873767258384, 33.234576489533012 ], [ -116.399873767258384, 33.234692431561996 ], [ -116.399731755424057, 33.234692431561996 ], [ -116.399731755424057, 33.234808373590987 ], [ -116.399447731755416, 33.234808373590987 ], [ -116.399447731755416, 33.234924315619971 ], [ -116.399163708086775, 33.234924315619971 ], [ -116.399163708086775, 33.235040257648954 ], [ -116.399021696252461, 33.235040257648954 ], [ -116.399021696252461, 33.235156199677938 ], [ -116.39873767258382, 33.235156199677938 ], [ -116.39873767258382, 33.235272141706929 ], [ -116.398595660749507, 33.235272141706929 ], [ -116.398595660749507, 33.235388083735913 ], [ -116.398453648915179, 33.235388083735913 ], [ -116.398453648915179, 33.235504025764897 ], [ -116.398027613412225, 33.235504025764897 ], [ -116.398027613412225, 33.23561996779388 ], [ -116.397459566074943, 33.23561996779388 ], [ -116.397459566074943, 33.235735909822871 ], [ -116.397033530571989, 33.235735909822871 ], [ -116.397033530571989, 33.235851851851855 ], [ -116.396749506903348, 33.235851851851855 ], [ -116.396749506903348, 33.235967793880839 ], [ -116.396607495069034, 33.235967793880839 ], [ -116.396607495069034, 33.236083735909823 ], [ -116.396465483234707, 33.236083735909823 ], [ -116.396465483234707, 33.236199677938806 ], [ -116.396323471400393, 33.236199677938806 ], [ -116.396323471400393, 33.236431561996781 ], [ -116.396181459566066, 33.236431561996781 ], [ -116.396181459566066, 33.236547504025765 ], [ -116.395897435897425, 33.236547504025765 ], [ -116.395897435897425, 33.236663446054749 ], [ -116.395329388560157, 33.236663446054749 ], [ -116.395329388560157, 33.237243156199682 ], [ -116.39547140039447, 33.237243156199682 ], [ -116.39547140039447, 33.237359098228666 ], [ -116.395613412228798, 33.237359098228666 ], [ -116.395613412228798, 33.23747504025765 ], [ -116.396323471400393, 33.23747504025765 ], [ -116.396323471400393, 33.237359098228666 ], [ -116.397175542406302, 33.237359098228666 ], [ -116.397175542406302, 33.237243156199682 ], [ -116.397885601577912, 33.237243156199682 ], [ -116.397885601577912, 33.237011272141707 ], [ -116.399021696252461, 33.237011272141707 ], [ -116.399021696252461, 33.237127214170691 ], [ -116.399163708086775, 33.237127214170691 ], [ -116.399163708086775, 33.237243156199682 ], [ -116.399447731755416, 33.237243156199682 ], [ -116.399447731755416, 33.237590982286633 ], [ -116.399731755424057, 33.237590982286633 ], [ -116.399731755424057, 33.237706924315624 ], [ -116.399873767258384, 33.237706924315624 ], [ -116.399873767258384, 33.237822866344608 ], [ -116.400441814595652, 33.237822866344608 ], [ -116.400441814595652, 33.237938808373592 ], [ -116.40200394477317, 33.237938808373592 ], [ -116.40200394477317, 33.23828663446055 ], [ -116.402571992110452, 33.23828663446055 ], [ -116.402571992110452, 33.238518518518518 ], [ -116.402429980276125, 33.238518518518518 ], [ -116.402429980276125, 33.238634460547509 ], [ -116.402287968441811, 33.238634460547509 ], [ -116.402287968441811, 33.238750402576493 ], [ -116.401577909270216, 33.238750402576493 ], [ -116.401577909270216, 33.23898228663446 ], [ -116.400157790927011, 33.23898228663446 ], [ -116.400157790927011, 33.239677938808377 ], [ -116.40058382642998, 33.239677938808377 ], [ -116.40058382642998, 33.239793880837361 ], [ -116.400725838264293, 33.239793880837361 ], [ -116.400725838264293, 33.239909822866345 ], [ -116.40058382642998, 33.239909822866345 ], [ -116.40058382642998, 33.240025764895329 ], [ -116.400157790927011, 33.240025764895329 ], [ -116.400157790927011, 33.240141706924319 ], [ -116.400015779092698, 33.240141706924319 ], [ -116.400015779092698, 33.240373590982287 ], [ -116.399873767258384, 33.240373590982287 ], [ -116.399873767258384, 33.240489533011271 ], [ -116.399589743589743, 33.240489533011271 ], [ -116.399589743589743, 33.240605475040262 ], [ -116.399447731755416, 33.240605475040262 ], [ -116.399447731755416, 33.240721417069246 ], [ -116.399305719921102, 33.240721417069246 ], [ -116.399305719921102, 33.240953301127213 ], [ -116.399021696252461, 33.240953301127213 ], [ -116.399021696252461, 33.241069243156204 ], [ -116.39873767258382, 33.241069243156204 ], [ -116.39873767258382, 33.240953301127213 ], [ -116.397885601577912, 33.240953301127213 ], [ -116.397885601577912, 33.240605475040262 ], [ -116.397743589743584, 33.240605475040262 ], [ -116.397743589743584, 33.240373590982287 ], [ -116.396465483234707, 33.240373590982287 ], [ -116.396465483234707, 33.240489533011271 ], [ -116.396323471400393, 33.240489533011271 ], [ -116.396323471400393, 33.240605475040262 ], [ -116.396181459566066, 33.240605475040262 ], [ -116.396181459566066, 33.240721417069246 ], [ -116.396039447731752, 33.240721417069246 ], [ -116.396039447731752, 33.240837359098229 ], [ -116.395755424063111, 33.240837359098229 ], [ -116.395755424063111, 33.240953301127213 ], [ -116.395329388560157, 33.240953301127213 ], [ -116.395329388560157, 33.241069243156204 ], [ -116.395187376725829, 33.241069243156204 ], [ -116.395187376725829, 33.241185185185188 ], [ -116.395045364891516, 33.241185185185188 ], [ -116.395045364891516, 33.241301127214172 ], [ -116.394903353057188, 33.241301127214172 ], [ -116.394903353057188, 33.241417069243155 ], [ -116.394761341222875, 33.241417069243155 ], [ -116.394761341222875, 33.241533011272146 ], [ -116.394619329388561, 33.241533011272146 ], [ -116.394619329388561, 33.241764895330114 ], [ -116.394477317554234, 33.241764895330114 ], [ -116.394477317554234, 33.241996779388089 ], [ -116.39433530571992, 33.241996779388089 ], [ -116.39433530571992, 33.242112721417072 ], [ -116.393625246548325, 33.242112721417072 ], [ -116.393625246548325, 33.241996779388089 ], [ -116.393199211045356, 33.241996779388089 ], [ -116.393199211045356, 33.242112721417072 ], [ -116.393057199211043, 33.242112721417072 ], [ -116.393057199211043, 33.242228663446056 ], [ -116.392915187376715, 33.242228663446056 ], [ -116.392915187376715, 33.24234460547504 ], [ -116.392631163708089, 33.24234460547504 ], [ -116.392631163708089, 33.242460547504031 ], [ -116.392489151873761, 33.242460547504031 ], [ -116.392489151873761, 33.242576489533015 ], [ -116.39220512820512, 33.242576489533015 ], [ -116.39220512820512, 33.242692431561998 ], [ -116.390500986193288, 33.242692431561998 ], [ -116.390500986193288, 33.243156199677941 ], [ -116.390358974358975, 33.243156199677941 ], [ -116.390358974358975, 33.243272141706925 ], [ -116.390074950690334, 33.243272141706925 ], [ -116.390074950690334, 33.243388083735908 ], [ -116.389648915187379, 33.243388083735908 ], [ -116.389648915187379, 33.243504025764899 ], [ -116.389506903353052, 33.243504025764899 ], [ -116.389506903353052, 33.243967793880842 ], [ -116.389648915187379, 33.243967793880842 ], [ -116.389648915187379, 33.244315619967793 ], [ -116.389790927021693, 33.244315619967793 ], [ -116.389790927021693, 33.244547504025768 ], [ -116.390358974358975, 33.244547504025768 ], [ -116.390358974358975, 33.245243156199678 ], [ -116.390216962524647, 33.245243156199678 ], [ -116.390216962524647, 33.245127214170694 ], [ -116.389790927021693, 33.245127214170694 ], [ -116.389790927021693, 33.244779388083735 ], [ -116.389080867850097, 33.244779388083735 ], [ -116.389080867850097, 33.244663446054751 ], [ -116.388654832347143, 33.244663446054751 ], [ -116.388654832347143, 33.244547504025768 ], [ -116.388512820512815, 33.244547504025768 ], [ -116.388512820512815, 33.244431561996784 ], [ -116.388086785009861, 33.244431561996784 ], [ -116.388086785009861, 33.244315619967793 ], [ -116.387944773175533, 33.244315619967793 ], [ -116.387944773175533, 33.244199677938809 ], [ -116.387518737672579, 33.244199677938809 ], [ -116.387518737672579, 33.244083735909825 ], [ -116.387092702169625, 33.244083735909825 ], [ -116.387092702169625, 33.243967793880842 ], [ -116.386524654832343, 33.243967793880842 ], [ -116.386524654832343, 33.244199677938809 ], [ -116.386382642998029, 33.244199677938809 ], [ -116.386382642998029, 33.244431561996784 ], [ -116.386240631163702, 33.244431561996784 ], [ -116.386240631163702, 33.244547504025768 ], [ -116.385956607495061, 33.244547504025768 ], [ -116.385956607495061, 33.244663446054751 ], [ -116.385672583826434, 33.244663446054751 ], [ -116.385672583826434, 33.244779388083735 ], [ -116.385530571992106, 33.244779388083735 ], [ -116.385530571992106, 33.244895330112726 ], [ -116.384252465483229, 33.244895330112726 ], [ -116.384252465483229, 33.24501127214171 ], [ -116.383826429980274, 33.24501127214171 ], [ -116.383826429980274, 33.245127214170694 ], [ -116.383542406311633, 33.245127214170694 ], [ -116.383542406311633, 33.245359098228668 ], [ -116.38340039447732, 33.245359098228668 ], [ -116.38340039447732, 33.245590982286636 ], [ -116.383116370808679, 33.245590982286636 ], [ -116.383116370808679, 33.245822866344611 ], [ -116.382974358974352, 33.245822866344611 ], [ -116.382974358974352, 33.246402576489537 ], [ -116.382832347140038, 33.246402576489537 ], [ -116.382832347140038, 33.246518518518521 ], [ -116.382548323471397, 33.246518518518521 ], [ -116.382548323471397, 33.246634460547504 ], [ -116.382264299802756, 33.246634460547504 ], [ -116.382264299802756, 33.246750402576488 ], [ -116.382122287968443, 33.246750402576488 ], [ -116.382122287968443, 33.246866344605479 ], [ -116.381980276134115, 33.246866344605479 ], [ -116.381980276134115, 33.246982286634463 ], [ -116.381838264299802, 33.246982286634463 ], [ -116.381838264299802, 33.247098228663447 ], [ -116.381696252465488, 33.247098228663447 ], [ -116.381696252465488, 33.24721417069243 ], [ -116.381554240631161, 33.24721417069243 ], [ -116.381554240631161, 33.247330112721421 ], [ -116.381412228796847, 33.247330112721421 ], [ -116.381412228796847, 33.247446054750405 ], [ -116.38127021696252, 33.247446054750405 ], [ -116.38127021696252, 33.247561996779389 ], [ -116.381128205128206, 33.247561996779389 ], [ -116.381128205128206, 33.247677938808373 ], [ -116.380986193293879, 33.247677938808373 ], [ -116.380986193293879, 33.247793880837364 ], [ -116.380702169625252, 33.247793880837364 ], [ -116.380702169625252, 33.248025764895331 ], [ -116.380560157790924, 33.248025764895331 ], [ -116.380560157790924, 33.248141706924315 ], [ -116.380276134122283, 33.248141706924315 ], [ -116.380276134122283, 33.248257648953306 ], [ -116.38013412228797, 33.248257648953306 ], [ -116.38013412228797, 33.24837359098229 ], [ -116.379850098619329, 33.24837359098229 ], [ -116.379850098619329, 33.248489533011274 ], [ -116.379708086785016, 33.248489533011274 ], [ -116.379708086785016, 33.248605475040257 ], [ -116.379424063116375, 33.248605475040257 ], [ -116.379424063116375, 33.248721417069248 ], [ -116.377861932938856, 33.248721417069248 ], [ -116.377861932938856, 33.249417069243158 ], [ -116.37800394477317, 33.249417069243158 ], [ -116.37800394477317, 33.249764895330117 ], [ -116.378287968441811, 33.249764895330117 ], [ -116.378287968441811, 33.2498808373591 ], [ -116.378429980276138, 33.2498808373591 ], [ -116.378429980276138, 33.250112721417068 ], [ -116.378571992110452, 33.250112721417068 ], [ -116.378571992110452, 33.250228663446059 ], [ -116.378856015779093, 33.250228663446059 ], [ -116.378856015779093, 33.250344605475043 ], [ -116.378998027613406, 33.250344605475043 ], [ -116.378998027613406, 33.250460547504026 ], [ -116.379282051282047, 33.250460547504026 ], [ -116.379282051282047, 33.251040257648953 ], [ -116.379424063116375, 33.251040257648953 ], [ -116.379424063116375, 33.252663446054754 ], [ -116.379992110453642, 33.252663446054754 ], [ -116.379992110453642, 33.252779388083738 ], [ -116.380418145956611, 33.252779388083738 ], [ -116.380418145956611, 33.252895330112722 ], [ -116.382406311637084, 33.252895330112722 ], [ -116.382406311637084, 33.252779388083738 ], [ -116.382974358974352, 33.252779388083738 ], [ -116.382974358974352, 33.252663446054754 ], [ -116.38340039447732, 33.252663446054754 ], [ -116.38340039447732, 33.25254750402577 ], [ -116.383684418145961, 33.25254750402577 ], [ -116.383684418145961, 33.252431561996779 ], [ -116.383826429980274, 33.252431561996779 ], [ -116.383826429980274, 33.252315619967796 ], [ -116.383968441814588, 33.252315619967796 ], [ -116.383968441814588, 33.252199677938812 ], [ -116.384110453648915, 33.252199677938812 ], [ -116.384110453648915, 33.251967793880837 ], [ -116.384252465483229, 33.251967793880837 ], [ -116.384252465483229, 33.25173590982287 ], [ -116.386098619329388, 33.25173590982287 ], [ -116.386098619329388, 33.251851851851853 ], [ -116.386240631163702, 33.251851851851853 ], [ -116.386240631163702, 33.252083735909828 ], [ -116.386098619329388, 33.252083735909828 ], [ -116.386098619329388, 33.252315619967796 ], [ -116.385956607495061, 33.252315619967796 ], [ -116.385956607495061, 33.25254750402577 ], [ -116.385814595660747, 33.25254750402577 ], [ -116.385814595660747, 33.252779388083738 ], [ -116.385672583826434, 33.252779388083738 ], [ -116.385672583826434, 33.253127214170696 ], [ -116.385530571992106, 33.253127214170696 ], [ -116.385530571992106, 33.253359098228664 ], [ -116.385388560157793, 33.253359098228664 ], [ -116.385388560157793, 33.253822866344606 ], [ -116.385246548323465, 33.253822866344606 ], [ -116.385246548323465, 33.254170692431565 ], [ -116.385104536489152, 33.254170692431565 ], [ -116.385104536489152, 33.254634460547507 ], [ -116.385246548323465, 33.254634460547507 ], [ -116.385246548323465, 33.254750402576491 ], [ -116.385388560157793, 33.254750402576491 ], [ -116.385388560157793, 33.254866344605475 ], [ -116.385530571992106, 33.254866344605475 ], [ -116.385530571992106, 33.254982286634466 ], [ -116.385956607495061, 33.254982286634466 ], [ -116.385956607495061, 33.255098228663449 ], [ -116.38780276134122, 33.255098228663449 ], [ -116.38780276134122, 33.255214170692433 ], [ -116.388370808678502, 33.255214170692433 ], [ -116.388370808678502, 33.255098228663449 ], [ -116.389222879684411, 33.255098228663449 ], [ -116.389222879684411, 33.254982286634466 ], [ -116.389648915187379, 33.254982286634466 ], [ -116.389648915187379, 33.254866344605475 ], [ -116.389932938856006, 33.254866344605475 ], [ -116.389932938856006, 33.254750402576491 ], [ -116.391495069033525, 33.254750402576491 ], [ -116.391495069033525, 33.254634460547507 ], [ -116.391779092702166, 33.254634460547507 ], [ -116.391779092702166, 33.253706924315622 ], [ -116.391921104536479, 33.253706924315622 ], [ -116.391921104536479, 33.253475040257648 ], [ -116.392063116370807, 33.253475040257648 ], [ -116.392063116370807, 33.25324315619968 ], [ -116.39220512820512, 33.25324315619968 ], [ -116.39220512820512, 33.252895330112722 ], [ -116.392347140039448, 33.252895330112722 ], [ -116.392347140039448, 33.252663446054754 ], [ -116.392489151873761, 33.252663446054754 ], [ -116.392489151873761, 33.25254750402577 ], [ -116.392631163708089, 33.25254750402577 ], [ -116.392631163708089, 33.252315619967796 ], [ -116.392773175542402, 33.252315619967796 ], [ -116.392773175542402, 33.252199677938812 ], [ -116.392915187376715, 33.252199677938812 ], [ -116.392915187376715, 33.252315619967796 ], [ -116.393199211045356, 33.252315619967796 ], [ -116.393199211045356, 33.252431561996779 ], [ -116.393341222879684, 33.252431561996779 ], [ -116.393341222879684, 33.25254750402577 ], [ -116.393483234713997, 33.25254750402577 ], [ -116.393483234713997, 33.252895330112722 ], [ -116.393625246548325, 33.252895330112722 ], [ -116.393625246548325, 33.253011272141705 ], [ -116.393767258382638, 33.253011272141705 ], [ -116.393767258382638, 33.25324315619968 ], [ -116.393909270216952, 33.25324315619968 ], [ -116.393909270216952, 33.253359098228664 ], [ -116.394051282051279, 33.253359098228664 ], [ -116.394051282051279, 33.25393880837359 ], [ -116.394193293885593, 33.25393880837359 ], [ -116.394193293885593, 33.254402576489532 ], [ -116.394619329388561, 33.254402576489532 ], [ -116.394619329388561, 33.254286634460549 ], [ -116.395045364891516, 33.254286634460549 ], [ -116.395045364891516, 33.254402576489532 ], [ -116.395329388560157, 33.254402576489532 ], [ -116.395329388560157, 33.254518518518523 ], [ -116.396181459566066, 33.254518518518523 ], [ -116.396181459566066, 33.254402576489532 ], [ -116.396465483234707, 33.254402576489532 ], [ -116.396465483234707, 33.254286634460549 ], [ -116.396749506903348, 33.254286634460549 ], [ -116.396749506903348, 33.254170692431565 ], [ -116.397033530571989, 33.254170692431565 ], [ -116.397033530571989, 33.254054750402581 ], [ -116.397601577909271, 33.254054750402581 ], [ -116.397601577909271, 33.25393880837359 ], [ -116.397885601577912, 33.25393880837359 ], [ -116.397885601577912, 33.253706924315622 ], [ -116.398311637080866, 33.253706924315622 ], [ -116.398311637080866, 33.253590982286639 ], [ -116.399447731755416, 33.253590982286639 ], [ -116.399447731755416, 33.253475040257648 ], [ -116.400015779092698, 33.253475040257648 ], [ -116.400015779092698, 33.253359098228664 ], [ -116.40058382642998, 33.253359098228664 ], [ -116.40058382642998, 33.25324315619968 ], [ -116.401435897435888, 33.25324315619968 ], [ -116.401435897435888, 33.253359098228664 ], [ -116.40200394477317, 33.253359098228664 ], [ -116.40200394477317, 33.25324315619968 ], [ -116.402145956607484, 33.25324315619968 ], [ -116.402145956607484, 33.253127214170696 ], [ -116.402287968441811, 33.253127214170696 ], [ -116.402287968441811, 33.253011272141705 ], [ -116.402429980276125, 33.253011272141705 ], [ -116.402429980276125, 33.252895330112722 ], [ -116.402571992110452, 33.252895330112722 ], [ -116.402571992110452, 33.252779388083738 ], [ -116.402856015779093, 33.252779388083738 ], [ -116.402856015779093, 33.252663446054754 ], [ -116.40314003944772, 33.252663446054754 ], [ -116.40314003944772, 33.25254750402577 ], [ -116.403424063116361, 33.25254750402577 ], [ -116.403424063116361, 33.252431561996779 ], [ -116.403708086785002, 33.252431561996779 ], [ -116.403708086785002, 33.252315619967796 ], [ -116.40385009861933, 33.252315619967796 ], [ -116.40385009861933, 33.252199677938812 ], [ -116.403992110453643, 33.252199677938812 ], [ -116.403992110453643, 33.25173590982287 ], [ -116.403708086785002, 33.25173590982287 ], [ -116.403708086785002, 33.251619967793886 ], [ -116.403566074950689, 33.251619967793886 ], [ -116.403566074950689, 33.251388083735911 ], [ -116.403708086785002, 33.251388083735911 ], [ -116.403708086785002, 33.251156199677943 ], [ -116.40385009861933, 33.251156199677943 ], [ -116.40385009861933, 33.251040257648953 ], [ -116.403992110453643, 33.251040257648953 ], [ -116.403992110453643, 33.250924315619969 ], [ -116.404276134122284, 33.250924315619969 ], [ -116.404276134122284, 33.250808373590985 ], [ -116.404418145956598, 33.250808373590985 ], [ -116.404418145956598, 33.250692431562001 ], [ -116.404560157790925, 33.250692431562001 ], [ -116.404560157790925, 33.25057648953301 ], [ -116.404844181459566, 33.25057648953301 ], [ -116.404844181459566, 33.250460547504026 ], [ -116.405128205128193, 33.250460547504026 ], [ -116.405128205128193, 33.250228663446059 ], [ -116.405270216962521, 33.250228663446059 ], [ -116.405270216962521, 33.249648953301126 ], [ -116.405696252465475, 33.249648953301126 ], [ -116.405696252465475, 33.249533011272142 ], [ -116.405838264299803, 33.249533011272142 ], [ -116.405838264299803, 33.249301127214174 ], [ -116.405980276134116, 33.249301127214174 ], [ -116.405980276134116, 33.249185185185191 ], [ -116.406122287968429, 33.249185185185191 ], [ -116.406122287968429, 33.248837359098232 ], [ -116.406264299802757, 33.248837359098232 ], [ -116.406264299802757, 33.248721417069248 ], [ -116.406832347140039, 33.248721417069248 ], [ -116.406832347140039, 33.248605475040257 ], [ -116.408110453648902, 33.248605475040257 ], [ -116.408110453648902, 33.248489533011274 ], [ -116.40825246548323, 33.248489533011274 ], [ -116.40825246548323, 33.24837359098229 ], [ -116.408394477317543, 33.24837359098229 ], [ -116.408394477317543, 33.248257648953306 ], [ -116.408820512820512, 33.248257648953306 ], [ -116.408820512820512, 33.248141706924315 ], [ -116.408962524654825, 33.248141706924315 ], [ -116.408962524654825, 33.248025764895331 ], [ -116.409672583826421, 33.248025764895331 ], [ -116.409672583826421, 33.248141706924315 ], [ -116.410098619329375, 33.248141706924315 ], [ -116.410098619329375, 33.248257648953306 ], [ -116.410240631163703, 33.248257648953306 ], [ -116.410240631163703, 33.248489533011274 ], [ -116.410666666666657, 33.248489533011274 ], [ -116.410666666666657, 33.248605475040257 ], [ -116.411092702169611, 33.248605475040257 ], [ -116.411092702169611, 33.248489533011274 ], [ -116.411234714003939, 33.248489533011274 ], [ -116.411234714003939, 33.24837359098229 ], [ -116.41151873767258, 33.24837359098229 ], [ -116.41151873767258, 33.248257648953306 ], [ -116.411660749506893, 33.248257648953306 ], [ -116.411660749506893, 33.248141706924315 ], [ -116.411944773175534, 33.248141706924315 ], [ -116.411944773175534, 33.248025764895331 ], [ -116.412086785009848, 33.248025764895331 ], [ -116.412086785009848, 33.247909822866347 ], [ -116.412228796844175, 33.247909822866347 ], [ -116.412228796844175, 33.247793880837364 ], [ -116.412512820512816, 33.247793880837364 ], [ -116.412512820512816, 33.247677938808373 ], [ -116.41265483234713, 33.247677938808373 ], [ -116.41265483234713, 33.247446054750405 ], [ -116.412796844181457, 33.247446054750405 ], [ -116.412796844181457, 33.247330112721421 ], [ -116.412938856015771, 33.247330112721421 ], [ -116.412938856015771, 33.24721417069243 ], [ -116.413080867850084, 33.24721417069243 ], [ -116.413080867850084, 33.247098228663447 ], [ -116.413222879684412, 33.247098228663447 ], [ -116.413222879684412, 33.246982286634463 ], [ -116.413364891518725, 33.246982286634463 ], [ -116.413364891518725, 33.246866344605479 ], [ -116.413506903353053, 33.246866344605479 ], [ -116.413506903353053, 33.246750402576488 ], [ -116.413790927021694, 33.246750402576488 ], [ -116.413790927021694, 33.246634460547504 ], [ -116.414216962524648, 33.246634460547504 ], [ -116.414216962524648, 33.246518518518521 ], [ -116.41478500986193, 33.246518518518521 ], [ -116.41478500986193, 33.246634460547504 ], [ -116.415211045364885, 33.246634460547504 ], [ -116.415211045364885, 33.246750402576488 ], [ -116.415495069033526, 33.246750402576488 ], [ -116.415495069033526, 33.246866344605479 ], [ -116.415637080867839, 33.246866344605479 ], [ -116.415637080867839, 33.247098228663447 ], [ -116.415779092702167, 33.247098228663447 ], [ -116.415779092702167, 33.24721417069243 ], [ -116.416347140039434, 33.24721417069243 ], [ -116.416347140039434, 33.246866344605479 ], [ -116.416489151873762, 33.246866344605479 ], [ -116.416489151873762, 33.246750402576488 ], [ -116.417483234713998, 33.246750402576488 ], [ -116.417483234713998, 33.246634460547504 ], [ -116.417767258382639, 33.246634460547504 ], [ -116.417767258382639, 33.246518518518521 ], [ -116.418193293885594, 33.246518518518521 ], [ -116.418193293885594, 33.246402576489537 ], [ -116.418619329388548, 33.246402576489537 ], [ -116.418619329388548, 33.246286634460546 ], [ -116.418761341222876, 33.246286634460546 ], [ -116.418761341222876, 33.246170692431562 ], [ -116.41918737672583, 33.246170692431562 ], [ -116.41918737672583, 33.246054750402578 ], [ -116.419329388560143, 33.246054750402578 ], [ -116.419329388560143, 33.245938808373594 ], [ -116.419613412228784, 33.245938808373594 ], [ -116.419613412228784, 33.245822866344611 ], [ -116.420181459566066, 33.245822866344611 ], [ -116.420181459566066, 33.24570692431562 ], [ -116.421885601577898, 33.24570692431562 ], [ -116.421885601577898, 33.245590982286636 ], [ -116.423305719921089, 33.245590982286636 ], [ -116.423305719921089, 33.245475040257652 ], [ -116.42358974358973, 33.245475040257652 ], [ -116.42358974358973, 33.24501127214171 ], [ -116.423731755424058, 33.24501127214171 ], [ -116.423731755424058, 33.244779388083735 ], [ -116.424583826429966, 33.244779388083735 ], [ -116.424583826429966, 33.244663446054751 ], [ -116.426145956607485, 33.244663446054751 ], [ -116.426145956607485, 33.244547504025768 ], [ -116.427282051282035, 33.244547504025768 ], [ -116.427282051282035, 33.244315619967793 ], [ -116.427424063116362, 33.244315619967793 ], [ -116.427424063116362, 33.244083735909825 ], [ -116.428276134122271, 33.244083735909825 ], [ -116.428276134122271, 33.244199677938809 ], [ -116.428560157790912, 33.244199677938809 ], [ -116.428560157790912, 33.244315619967793 ], [ -116.428844181459553, 33.244315619967793 ], [ -116.428844181459553, 33.244779388083735 ], [ -116.42870216962524, 33.244779388083735 ], [ -116.42870216962524, 33.244895330112726 ], [ -116.428560157790912, 33.244895330112726 ], [ -116.428560157790912, 33.24501127214171 ], [ -116.428276134122271, 33.24501127214171 ], [ -116.428276134122271, 33.245127214170694 ], [ -116.427850098619317, 33.245127214170694 ], [ -116.427850098619317, 33.245243156199678 ], [ -116.427566074950676, 33.245243156199678 ], [ -116.427566074950676, 33.245359098228668 ], [ -116.427424063116362, 33.245359098228668 ], [ -116.427424063116362, 33.246054750402578 ], [ -116.428560157790912, 33.246054750402578 ], [ -116.428560157790912, 33.246170692431562 ], [ -116.428986193293881, 33.246170692431562 ], [ -116.428986193293881, 33.246286634460546 ], [ -116.429412228796835, 33.246286634460546 ], [ -116.429412228796835, 33.246402576489537 ], [ -116.429554240631148, 33.246402576489537 ], [ -116.429554240631148, 33.246866344605479 ], [ -116.429696252465476, 33.246866344605479 ], [ -116.429696252465476, 33.246982286634463 ], [ -116.429554240631148, 33.246982286634463 ], [ -116.429554240631148, 33.247098228663447 ], [ -116.429270216962507, 33.247098228663447 ], [ -116.429270216962507, 33.24721417069243 ], [ -116.426998027613408, 33.24721417069243 ], [ -116.426998027613408, 33.247330112721421 ], [ -116.42685601577908, 33.247330112721421 ], [ -116.42685601577908, 33.24721417069243 ], [ -116.426429980276126, 33.24721417069243 ], [ -116.426429980276126, 33.246518518518521 ], [ -116.426571992110439, 33.246518518518521 ], [ -116.426571992110439, 33.246286634460546 ], [ -116.426714003944767, 33.246286634460546 ], [ -116.426714003944767, 33.246054750402578 ], [ -116.42685601577908, 33.246054750402578 ], [ -116.42685601577908, 33.24570692431562 ], [ -116.426145956607485, 33.24570692431562 ], [ -116.426145956607485, 33.245822866344611 ], [ -116.426003944773171, 33.245822866344611 ], [ -116.426003944773171, 33.246518518518521 ], [ -116.425861932938844, 33.246518518518521 ], [ -116.425861932938844, 33.246750402576488 ], [ -116.42571992110453, 33.246750402576488 ], [ -116.42571992110453, 33.246866344605479 ], [ -116.425577909270203, 33.246866344605479 ], [ -116.425577909270203, 33.246982286634463 ], [ -116.425293885601562, 33.246982286634463 ], [ -116.425293885601562, 33.247098228663447 ], [ -116.425151873767248, 33.247098228663447 ], [ -116.425151873767248, 33.24721417069243 ], [ -116.424867850098607, 33.24721417069243 ], [ -116.424867850098607, 33.247330112721421 ], [ -116.424725838264294, 33.247330112721421 ], [ -116.424725838264294, 33.247446054750405 ], [ -116.424583826429966, 33.247446054750405 ], [ -116.424583826429966, 33.247561996779389 ], [ -116.424441814595653, 33.247561996779389 ], [ -116.424441814595653, 33.247677938808373 ], [ -116.424299802761325, 33.247677938808373 ], [ -116.424299802761325, 33.247793880837364 ], [ -116.424015779092699, 33.247793880837364 ], [ -116.424015779092699, 33.247909822866347 ], [ -116.423873767258371, 33.247909822866347 ], [ -116.423873767258371, 33.248025764895331 ], [ -116.423731755424058, 33.248025764895331 ], [ -116.423731755424058, 33.248721417069248 ], [ -116.425009861932935, 33.248721417069248 ], [ -116.425009861932935, 33.248605475040257 ], [ -116.425151873767248, 33.248605475040257 ], [ -116.425151873767248, 33.248489533011274 ], [ -116.425293885601562, 33.248489533011274 ], [ -116.425293885601562, 33.248141706924315 ], [ -116.425435897435889, 33.248141706924315 ], [ -116.425435897435889, 33.248025764895331 ], [ -116.425577909270203, 33.248025764895331 ], [ -116.425577909270203, 33.247909822866347 ], [ -116.42571992110453, 33.247909822866347 ], [ -116.42571992110453, 33.247793880837364 ], [ -116.425861932938844, 33.247793880837364 ], [ -116.425861932938844, 33.247677938808373 ], [ -116.426429980276126, 33.247677938808373 ], [ -116.426429980276126, 33.247793880837364 ], [ -116.426571992110439, 33.247793880837364 ], [ -116.426571992110439, 33.247909822866347 ], [ -116.426714003944767, 33.247909822866347 ], [ -116.426714003944767, 33.248025764895331 ], [ -116.42685601577908, 33.248025764895331 ], [ -116.42685601577908, 33.248141706924315 ], [ -116.426998027613408, 33.248141706924315 ], [ -116.426998027613408, 33.248605475040257 ], [ -116.427424063116362, 33.248605475040257 ], [ -116.427424063116362, 33.24837359098229 ], [ -116.428418145956599, 33.24837359098229 ], [ -116.428418145956599, 33.248489533011274 ], [ -116.42870216962524, 33.248489533011274 ], [ -116.42870216962524, 33.248605475040257 ], [ -116.428986193293881, 33.248605475040257 ], [ -116.428986193293881, 33.248721417069248 ], [ -116.429270216962507, 33.248721417069248 ], [ -116.429270216962507, 33.248837359098232 ], [ -116.429412228796835, 33.248837359098232 ], [ -116.429412228796835, 33.248953301127216 ], [ -116.429554240631148, 33.248953301127216 ], [ -116.429554240631148, 33.2490692431562 ], [ -116.429696252465476, 33.2490692431562 ], [ -116.429696252465476, 33.249185185185191 ], [ -116.43012228796843, 33.249185185185191 ], [ -116.43012228796843, 33.249301127214174 ], [ -116.430690335305712, 33.249301127214174 ], [ -116.430690335305712, 33.249417069243158 ], [ -116.431116370808667, 33.249417069243158 ], [ -116.431116370808667, 33.249301127214174 ], [ -116.432678500986185, 33.249301127214174 ], [ -116.432678500986185, 33.249417069243158 ], [ -116.432962524654826, 33.249417069243158 ], [ -116.432962524654826, 33.249533011272142 ], [ -116.433104536489139, 33.249533011272142 ], [ -116.433104536489139, 33.249648953301126 ], [ -116.433246548323453, 33.249648953301126 ], [ -116.433246548323453, 33.249996779388084 ], [ -116.433104536489139, 33.249996779388084 ], [ -116.433104536489139, 33.250112721417068 ], [ -116.432962524654826, 33.250112721417068 ], [ -116.432962524654826, 33.250228663446059 ], [ -116.432678500986185, 33.250228663446059 ], [ -116.432678500986185, 33.250344605475043 ], [ -116.432536489151857, 33.250344605475043 ], [ -116.432536489151857, 33.250460547504026 ], [ -116.43196844181459, 33.250460547504026 ], [ -116.43196844181459, 33.25057648953301 ], [ -116.430832347140026, 33.25057648953301 ], [ -116.430832347140026, 33.250460547504026 ], [ -116.429980276134117, 33.250460547504026 ], [ -116.429980276134117, 33.250228663446059 ], [ -116.429554240631148, 33.250228663446059 ], [ -116.429554240631148, 33.250344605475043 ], [ -116.429412228796835, 33.250344605475043 ], [ -116.429412228796835, 33.250460547504026 ], [ -116.428986193293881, 33.250460547504026 ], [ -116.428986193293881, 33.250344605475043 ], [ -116.427424063116362, 33.250344605475043 ], [ -116.427424063116362, 33.250460547504026 ], [ -116.427282051282035, 33.250460547504026 ], [ -116.427282051282035, 33.25057648953301 ], [ -116.42685601577908, 33.25057648953301 ], [ -116.42685601577908, 33.250692431562001 ], [ -116.426571992110439, 33.250692431562001 ], [ -116.426571992110439, 33.250808373590985 ], [ -116.426429980276126, 33.250808373590985 ], [ -116.426429980276126, 33.251272141706927 ], [ -116.426571992110439, 33.251272141706927 ], [ -116.426571992110439, 33.251619967793886 ], [ -116.426003944773171, 33.251619967793886 ], [ -116.426003944773171, 33.251504025764895 ], [ -116.425861932938844, 33.251504025764895 ], [ -116.425861932938844, 33.251388083735911 ], [ -116.425293885601562, 33.251388083735911 ], [ -116.425293885601562, 33.251504025764895 ], [ -116.424441814595653, 33.251504025764895 ], [ -116.424441814595653, 33.251619967793886 ], [ -116.424299802761325, 33.251619967793886 ], [ -116.424299802761325, 33.25173590982287 ], [ -116.423873767258371, 33.25173590982287 ], [ -116.423873767258371, 33.251851851851853 ], [ -116.423731755424058, 33.251851851851853 ], [ -116.423731755424058, 33.252315619967796 ], [ -116.42358974358973, 33.252315619967796 ], [ -116.42358974358973, 33.252431561996779 ], [ -116.423021696252462, 33.252431561996779 ], [ -116.423021696252462, 33.25254750402577 ], [ -116.422879684418135, 33.25254750402577 ], [ -116.422879684418135, 33.252431561996779 ], [ -116.42245364891518, 33.252431561996779 ], [ -116.42245364891518, 33.252315619967796 ], [ -116.422027613412226, 33.252315619967796 ], [ -116.422027613412226, 33.252199677938812 ], [ -116.421175542406303, 33.252199677938812 ], [ -116.421175542406303, 33.252315619967796 ], [ -116.420891518737662, 33.252315619967796 ], [ -116.420891518737662, 33.252431561996779 ], [ -116.420607495069021, 33.252431561996779 ], [ -116.420607495069021, 33.25254750402577 ], [ -116.420181459566066, 33.25254750402577 ], [ -116.420181459566066, 33.252663446054754 ], [ -116.420039447731753, 33.252663446054754 ], [ -116.420039447731753, 33.25324315619968 ], [ -116.420181459566066, 33.25324315619968 ], [ -116.420181459566066, 33.253359098228664 ], [ -116.421459566074944, 33.253359098228664 ], [ -116.421459566074944, 33.25324315619968 ], [ -116.421885601577898, 33.25324315619968 ], [ -116.421885601577898, 33.253127214170696 ], [ -116.422311637080853, 33.253127214170696 ], [ -116.422311637080853, 33.253011272141705 ], [ -116.42358974358973, 33.253011272141705 ], [ -116.42358974358973, 33.253127214170696 ], [ -116.424015779092699, 33.253127214170696 ], [ -116.424015779092699, 33.25324315619968 ], [ -116.424441814595653, 33.25324315619968 ], [ -116.424441814595653, 33.253359098228664 ], [ -116.424583826429966, 33.253359098228664 ], [ -116.424583826429966, 33.253475040257648 ], [ -116.424725838264294, 33.253475040257648 ], [ -116.424725838264294, 33.253590982286639 ], [ -116.424867850098607, 33.253590982286639 ], [ -116.424867850098607, 33.25393880837359 ], [ -116.424725838264294, 33.25393880837359 ], [ -116.424725838264294, 33.254054750402581 ], [ -116.424015779092699, 33.254054750402581 ], [ -116.424015779092699, 33.254170692431565 ], [ -116.423731755424058, 33.254170692431565 ], [ -116.423731755424058, 33.254402576489532 ], [ -116.42358974358973, 33.254402576489532 ], [ -116.42358974358973, 33.255098228663449 ], [ -116.423305719921089, 33.255098228663449 ], [ -116.423305719921089, 33.254866344605475 ], [ -116.423163708086776, 33.254866344605475 ], [ -116.423163708086776, 33.254750402576491 ], [ -116.423021696252462, 33.254750402576491 ], [ -116.423021696252462, 33.254634460547507 ], [ -116.422879684418135, 33.254634460547507 ], [ -116.422879684418135, 33.254518518518523 ], [ -116.42245364891518, 33.254518518518523 ], [ -116.42245364891518, 33.254634460547507 ], [ -116.422311637080853, 33.254634460547507 ], [ -116.422311637080853, 33.254750402576491 ], [ -116.421743589743585, 33.254750402576491 ], [ -116.421743589743585, 33.254634460547507 ], [ -116.421601577909257, 33.254634460547507 ], [ -116.421601577909257, 33.254518518518523 ], [ -116.421317554240616, 33.254518518518523 ], [ -116.421317554240616, 33.254402576489532 ], [ -116.421175542406303, 33.254402576489532 ], [ -116.421175542406303, 33.254286634460549 ], [ -116.420891518737662, 33.254286634460549 ], [ -116.420891518737662, 33.254170692431565 ], [ -116.420607495069021, 33.254170692431565 ], [ -116.420607495069021, 33.254054750402581 ], [ -116.420039447731753, 33.254054750402581 ], [ -116.420039447731753, 33.25393880837359 ], [ -116.419329388560143, 33.25393880837359 ], [ -116.419329388560143, 33.254054750402581 ], [ -116.41918737672583, 33.254054750402581 ], [ -116.41918737672583, 33.254170692431565 ], [ -116.419045364891517, 33.254170692431565 ], [ -116.419045364891517, 33.254286634460549 ], [ -116.418903353057189, 33.254286634460549 ], [ -116.418903353057189, 33.254634460547507 ], [ -116.419045364891517, 33.254634460547507 ], [ -116.419045364891517, 33.254750402576491 ], [ -116.41918737672583, 33.254750402576491 ], [ -116.41918737672583, 33.255098228663449 ], [ -116.419329388560143, 33.255098228663449 ], [ -116.419329388560143, 33.255330112721417 ], [ -116.419613412228784, 33.255330112721417 ], [ -116.419613412228784, 33.255561996779392 ], [ -116.419471400394471, 33.255561996779392 ], [ -116.419471400394471, 33.256025764895334 ], [ -116.419613412228784, 33.256025764895334 ], [ -116.419613412228784, 33.256257648953301 ], [ -116.419755424063112, 33.256257648953301 ], [ -116.419755424063112, 33.256373590982285 ], [ -116.419897435897425, 33.256373590982285 ], [ -116.419897435897425, 33.256721417069244 ], [ -116.42032347140038, 33.256721417069244 ], [ -116.42032347140038, 33.256837359098228 ], [ -116.420607495069021, 33.256837359098228 ], [ -116.420607495069021, 33.256953301127218 ], [ -116.420891518737662, 33.256953301127218 ], [ -116.420891518737662, 33.25730112721417 ], [ -116.421175542406303, 33.25730112721417 ], [ -116.421175542406303, 33.257417069243161 ], [ -116.421317554240616, 33.257417069243161 ], [ -116.421317554240616, 33.257996779388087 ], [ -116.421459566074944, 33.257996779388087 ], [ -116.421459566074944, 33.258228663446054 ], [ -116.421601577909257, 33.258228663446054 ], [ -116.421601577909257, 33.258344605475045 ], [ -116.421885601577898, 33.258344605475045 ], [ -116.421885601577898, 33.258576489533013 ], [ -116.422311637080853, 33.258576489533013 ], [ -116.422311637080853, 33.258460547504029 ], [ -116.422737672583821, 33.258460547504029 ], [ -116.422737672583821, 33.258576489533013 ], [ -116.423163708086776, 33.258576489533013 ], [ -116.423163708086776, 33.257880837359103 ], [ -116.423305719921089, 33.257880837359103 ], [ -116.423305719921089, 33.257764895330112 ], [ -116.42358974358973, 33.257764895330112 ], [ -116.42358974358973, 33.257880837359103 ], [ -116.423731755424058, 33.257880837359103 ], [ -116.423731755424058, 33.258228663446054 ], [ -116.42358974358973, 33.258228663446054 ], [ -116.42358974358973, 33.258576489533013 ], [ -116.423305719921089, 33.258576489533013 ], [ -116.423305719921089, 33.258692431561997 ], [ -116.423021696252462, 33.258692431561997 ], [ -116.423021696252462, 33.259272141706923 ], [ -116.423163708086776, 33.259272141706923 ], [ -116.423163708086776, 33.259504025764898 ], [ -116.423021696252462, 33.259504025764898 ], [ -116.423021696252462, 33.259851851851856 ], [ -116.422737672583821, 33.259851851851856 ], [ -116.422737672583821, 33.25996779388084 ], [ -116.42245364891518, 33.25996779388084 ], [ -116.42245364891518, 33.259851851851856 ], [ -116.421743589743585, 33.259851851851856 ], [ -116.421743589743585, 33.259735909822865 ], [ -116.421175542406303, 33.259735909822865 ], [ -116.421175542406303, 33.259619967793881 ], [ -116.420891518737662, 33.259619967793881 ], [ -116.420891518737662, 33.259272141706923 ], [ -116.420039447731753, 33.259272141706923 ], [ -116.420039447731753, 33.259040257648955 ], [ -116.419897435897425, 33.259040257648955 ], [ -116.419897435897425, 33.258924315619971 ], [ -116.418903353057189, 33.258924315619971 ], [ -116.418903353057189, 33.258808373590988 ], [ -116.418619329388548, 33.258808373590988 ], [ -116.418619329388548, 33.258692431561997 ], [ -116.418335305719907, 33.258692431561997 ], [ -116.418335305719907, 33.258576489533013 ], [ -116.418051282051266, 33.258576489533013 ], [ -116.418051282051266, 33.258460547504029 ], [ -116.417341222879671, 33.258460547504029 ], [ -116.417341222879671, 33.258344605475045 ], [ -116.416773175542403, 33.258344605475045 ], [ -116.416773175542403, 33.258460547504029 ], [ -116.416631163708075, 33.258460547504029 ], [ -116.416631163708075, 33.258576489533013 ], [ -116.416347140039434, 33.258576489533013 ], [ -116.416347140039434, 33.258692431561997 ], [ -116.416063116370793, 33.258692431561997 ], [ -116.416063116370793, 33.258576489533013 ], [ -116.415353057199198, 33.258576489533013 ], [ -116.415353057199198, 33.258460547504029 ], [ -116.415069033530557, 33.258460547504029 ], [ -116.415069033530557, 33.258344605475045 ], [ -116.413648915187366, 33.258344605475045 ], [ -116.413648915187366, 33.258576489533013 ], [ -116.41265483234713, 33.258576489533013 ], [ -116.41265483234713, 33.258808373590988 ], [ -116.412512820512816, 33.258808373590988 ], [ -116.412512820512816, 33.258924315619971 ], [ -116.412370808678489, 33.258924315619971 ], [ -116.412370808678489, 33.259040257648955 ], [ -116.412228796844175, 33.259040257648955 ], [ -116.412228796844175, 33.259272141706923 ], [ -116.412086785009848, 33.259272141706923 ], [ -116.412086785009848, 33.259619967793881 ], [ -116.411944773175534, 33.259619967793881 ], [ -116.411944773175534, 33.259735909822865 ], [ -116.411802761341221, 33.259735909822865 ], [ -116.411802761341221, 33.259851851851856 ], [ -116.41151873767258, 33.259851851851856 ], [ -116.41151873767258, 33.25996779388084 ], [ -116.411376725838252, 33.25996779388084 ], [ -116.411376725838252, 33.260083735909824 ], [ -116.410808678500985, 33.260083735909824 ], [ -116.410808678500985, 33.260199677938807 ], [ -116.410524654832344, 33.260199677938807 ], [ -116.410524654832344, 33.260315619967798 ], [ -116.410382642998016, 33.260315619967798 ], [ -116.410382642998016, 33.260431561996782 ], [ -116.410240631163703, 33.260431561996782 ], [ -116.410240631163703, 33.260779388083741 ], [ -116.410098619329375, 33.260779388083741 ], [ -116.410098619329375, 33.261127214170692 ], [ -116.410240631163703, 33.261127214170692 ], [ -116.410240631163703, 33.261243156199683 ], [ -116.410382642998016, 33.261243156199683 ], [ -116.410382642998016, 33.261359098228667 ], [ -116.410524654832344, 33.261359098228667 ], [ -116.410524654832344, 33.26147504025765 ], [ -116.410666666666657, 33.26147504025765 ], [ -116.410666666666657, 33.261590982286634 ], [ -116.410808678500985, 33.261590982286634 ], [ -116.410808678500985, 33.261706924315625 ], [ -116.411092702169611, 33.261706924315625 ], [ -116.411092702169611, 33.261822866344609 ], [ -116.411234714003939, 33.261822866344609 ], [ -116.411234714003939, 33.261938808373593 ], [ -116.411376725838252, 33.261938808373593 ], [ -116.411376725838252, 33.262054750402577 ], [ -116.41151873767258, 33.262054750402577 ], [ -116.41151873767258, 33.262170692431567 ], [ -116.411660749506893, 33.262170692431567 ], [ -116.411660749506893, 33.262286634460551 ], [ -116.411802761341221, 33.262286634460551 ], [ -116.411802761341221, 33.262518518518519 ], [ -116.412512820512816, 33.262518518518519 ], [ -116.412512820512816, 33.262402576489535 ], [ -116.41265483234713, 33.262402576489535 ], [ -116.41265483234713, 33.262054750402577 ], [ -116.412796844181457, 33.262054750402577 ], [ -116.412796844181457, 33.261938808373593 ], [ -116.412938856015771, 33.261938808373593 ], [ -116.412938856015771, 33.262054750402577 ], [ -116.413506903353053, 33.262054750402577 ], [ -116.413506903353053, 33.262170692431567 ], [ -116.413932938856007, 33.262170692431567 ], [ -116.413932938856007, 33.262286634460551 ], [ -116.414074950690321, 33.262286634460551 ], [ -116.414074950690321, 33.262402576489535 ], [ -116.414358974358962, 33.262402576489535 ], [ -116.414358974358962, 33.262518518518519 ], [ -116.41478500986193, 33.262518518518519 ], [ -116.41478500986193, 33.262634460547503 ], [ -116.415069033530557, 33.262634460547503 ], [ -116.415069033530557, 33.262750402576494 ], [ -116.415779092702167, 33.262750402576494 ], [ -116.415779092702167, 33.262866344605477 ], [ -116.416205128205121, 33.262866344605477 ], [ -116.416205128205121, 33.262750402576494 ], [ -116.416347140039434, 33.262750402576494 ], [ -116.416347140039434, 33.262286634460551 ], [ -116.416773175542403, 33.262286634460551 ], [ -116.416773175542403, 33.262402576489535 ], [ -116.416915187376716, 33.262402576489535 ], [ -116.416915187376716, 33.262518518518519 ], [ -116.41705719921103, 33.262518518518519 ], [ -116.41705719921103, 33.262634460547503 ], [ -116.417199211045357, 33.262634460547503 ], [ -116.417199211045357, 33.262750402576494 ], [ -116.417341222879671, 33.262750402576494 ], [ -116.417341222879671, 33.262866344605477 ], [ -116.418193293885594, 33.262866344605477 ], [ -116.418193293885594, 33.262750402576494 ], [ -116.418335305719907, 33.262750402576494 ], [ -116.418335305719907, 33.262634460547503 ], [ -116.41918737672583, 33.262634460547503 ], [ -116.41918737672583, 33.262750402576494 ], [ -116.419471400394471, 33.262750402576494 ], [ -116.419471400394471, 33.262866344605477 ], [ -116.420039447731753, 33.262866344605477 ], [ -116.420039447731753, 33.262634460547503 ], [ -116.420891518737662, 33.262634460547503 ], [ -116.420891518737662, 33.262750402576494 ], [ -116.421459566074944, 33.262750402576494 ], [ -116.421459566074944, 33.262866344605477 ], [ -116.421743589743585, 33.262866344605477 ], [ -116.421743589743585, 33.262982286634461 ], [ -116.422027613412226, 33.262982286634461 ], [ -116.422027613412226, 33.263098228663445 ], [ -116.422311637080853, 33.263098228663445 ], [ -116.422311637080853, 33.263214170692436 ], [ -116.422595660749494, 33.263214170692436 ], [ -116.422595660749494, 33.26333011272142 ], [ -116.422737672583821, 33.26333011272142 ], [ -116.422737672583821, 33.263446054750403 ], [ -116.423021696252462, 33.263446054750403 ], [ -116.423021696252462, 33.263561996779387 ], [ -116.423163708086776, 33.263561996779387 ], [ -116.423163708086776, 33.263677938808378 ], [ -116.424867850098607, 33.263677938808378 ], [ -116.424867850098607, 33.263793880837362 ], [ -116.427424063116362, 33.263793880837362 ], [ -116.427424063116362, 33.262982286634461 ], [ -116.427566074950676, 33.262982286634461 ], [ -116.427566074950676, 33.262866344605477 ], [ -116.427708086785003, 33.262866344605477 ], [ -116.427708086785003, 33.262750402576494 ], [ -116.427992110453644, 33.262750402576494 ], [ -116.427992110453644, 33.262634460547503 ], [ -116.428276134122271, 33.262634460547503 ], [ -116.428276134122271, 33.262518518518519 ], [ -116.42870216962524, 33.262518518518519 ], [ -116.42870216962524, 33.262402576489535 ], [ -116.429696252465476, 33.262402576489535 ], [ -116.429696252465476, 33.262518518518519 ], [ -116.429980276134117, 33.262518518518519 ], [ -116.429980276134117, 33.262634460547503 ], [ -116.43012228796843, 33.262634460547503 ], [ -116.43012228796843, 33.262750402576494 ], [ -116.430264299802744, 33.262750402576494 ], [ -116.430264299802744, 33.262982286634461 ], [ -116.430548323471385, 33.262982286634461 ], [ -116.430548323471385, 33.263098228663445 ], [ -116.430690335305712, 33.263098228663445 ], [ -116.430690335305712, 33.26333011272142 ], [ -116.431116370808667, 33.26333011272142 ], [ -116.431116370808667, 33.263677938808378 ], [ -116.430974358974353, 33.263677938808378 ], [ -116.430974358974353, 33.264025764895329 ], [ -116.431116370808667, 33.264025764895329 ], [ -116.431116370808667, 33.264605475040263 ], [ -116.43125838264298, 33.264605475040263 ], [ -116.43125838264298, 33.264721417069246 ], [ -116.431684418145949, 33.264721417069246 ], [ -116.431684418145949, 33.264953301127214 ], [ -116.431116370808667, 33.264953301127214 ], [ -116.431116370808667, 33.26483735909823 ], [ -116.429554240631148, 33.26483735909823 ], [ -116.429554240631148, 33.264721417069246 ], [ -116.429270216962507, 33.264721417069246 ], [ -116.429270216962507, 33.264605475040263 ], [ -116.428560157790912, 33.264605475040263 ], [ -116.428560157790912, 33.26483735909823 ], [ -116.427566074950676, 33.26483735909823 ], [ -116.427566074950676, 33.264721417069246 ], [ -116.427424063116362, 33.264721417069246 ], [ -116.427424063116362, 33.264489533011272 ], [ -116.427282051282035, 33.264489533011272 ], [ -116.427282051282035, 33.264373590982288 ], [ -116.426287968441798, 33.264373590982288 ], [ -116.426287968441798, 33.264605475040263 ], [ -116.426003944773171, 33.264605475040263 ], [ -116.426003944773171, 33.264489533011272 ], [ -116.425577909270203, 33.264489533011272 ], [ -116.425577909270203, 33.264605475040263 ], [ -116.425435897435889, 33.264605475040263 ], [ -116.425435897435889, 33.264721417069246 ], [ -116.425293885601562, 33.264721417069246 ], [ -116.425293885601562, 33.26483735909823 ], [ -116.424441814595653, 33.26483735909823 ], [ -116.424441814595653, 33.264953301127214 ], [ -116.423447731755417, 33.264953301127214 ], [ -116.423447731755417, 33.265069243156205 ], [ -116.423163708086776, 33.265069243156205 ], [ -116.423163708086776, 33.265185185185189 ], [ -116.423021696252462, 33.265185185185189 ], [ -116.423021696252462, 33.265069243156205 ], [ -116.422595660749494, 33.265069243156205 ], [ -116.422595660749494, 33.265185185185189 ], [ -116.421033530571989, 33.265185185185189 ], [ -116.421033530571989, 33.265301127214173 ], [ -116.420891518737662, 33.265301127214173 ], [ -116.420891518737662, 33.265764895330115 ], [ -116.421033530571989, 33.265764895330115 ], [ -116.421033530571989, 33.265880837359099 ], [ -116.421175542406303, 33.265880837359099 ], [ -116.421175542406303, 33.266460547504025 ], [ -116.421033530571989, 33.266460547504025 ], [ -116.421033530571989, 33.266576489533016 ], [ -116.420891518737662, 33.266576489533016 ], [ -116.420891518737662, 33.266692431561999 ], [ -116.420607495069021, 33.266692431561999 ], [ -116.420607495069021, 33.266808373590983 ], [ -116.420039447731753, 33.266808373590983 ], [ -116.420039447731753, 33.266924315619967 ], [ -116.419755424063112, 33.266924315619967 ], [ -116.419755424063112, 33.266808373590983 ], [ -116.419471400394471, 33.266808373590983 ], [ -116.419471400394471, 33.266692431561999 ], [ -116.419329388560143, 33.266692431561999 ], [ -116.419329388560143, 33.266576489533016 ], [ -116.41918737672583, 33.266576489533016 ], [ -116.41918737672583, 33.266344605475041 ], [ -116.419045364891517, 33.266344605475041 ], [ -116.419045364891517, 33.266228663446057 ], [ -116.41918737672583, 33.266228663446057 ], [ -116.41918737672583, 33.265996779388082 ], [ -116.419613412228784, 33.265996779388082 ], [ -116.419613412228784, 33.265533011272147 ], [ -116.419471400394471, 33.265533011272147 ], [ -116.419471400394471, 33.265069243156205 ], [ -116.419329388560143, 33.265069243156205 ], [ -116.419329388560143, 33.264953301127214 ], [ -116.419045364891517, 33.264953301127214 ], [ -116.419045364891517, 33.26483735909823 ], [ -116.418619329388548, 33.26483735909823 ], [ -116.418619329388548, 33.264953301127214 ], [ -116.418335305719907, 33.264953301127214 ], [ -116.418335305719907, 33.265069243156205 ], [ -116.418193293885594, 33.265069243156205 ], [ -116.418193293885594, 33.265185185185189 ], [ -116.418051282051266, 33.265185185185189 ], [ -116.418051282051266, 33.265301127214173 ], [ -116.417909270216953, 33.265301127214173 ], [ -116.417909270216953, 33.265533011272147 ], [ -116.417767258382639, 33.265533011272147 ], [ -116.417767258382639, 33.265648953301131 ], [ -116.417483234713998, 33.265648953301131 ], [ -116.417483234713998, 33.265764895330115 ], [ -116.416915187376716, 33.265764895330115 ], [ -116.416915187376716, 33.265880837359099 ], [ -116.416773175542403, 33.265880837359099 ], [ -116.416773175542403, 33.265764895330115 ], [ -116.416347140039434, 33.265764895330115 ], [ -116.416347140039434, 33.265996779388082 ], [ -116.416205128205121, 33.265996779388082 ], [ -116.416205128205121, 33.266112721417073 ], [ -116.41592110453648, 33.266112721417073 ], [ -116.41592110453648, 33.266228663446057 ], [ -116.415637080867839, 33.266228663446057 ], [ -116.415637080867839, 33.266344605475041 ], [ -116.415353057199198, 33.266344605475041 ], [ -116.415353057199198, 33.266460547504025 ], [ -116.414500986193289, 33.266460547504025 ], [ -116.414500986193289, 33.266576489533016 ], [ -116.414358974358962, 33.266576489533016 ], [ -116.414358974358962, 33.266460547504025 ], [ -116.413506903353053, 33.266460547504025 ], [ -116.413506903353053, 33.266344605475041 ], [ -116.41265483234713, 33.266344605475041 ], [ -116.41265483234713, 33.266112721417073 ], [ -116.412086785009848, 33.266112721417073 ], [ -116.412086785009848, 33.266228663446057 ], [ -116.411944773175534, 33.266228663446057 ], [ -116.411944773175534, 33.266344605475041 ], [ -116.411802761341221, 33.266344605475041 ], [ -116.411802761341221, 33.266460547504025 ], [ -116.411660749506893, 33.266460547504025 ], [ -116.411660749506893, 33.266924315619967 ], [ -116.411802761341221, 33.266924315619967 ], [ -116.411802761341221, 33.267040257648958 ], [ -116.411944773175534, 33.267040257648958 ], [ -116.411944773175534, 33.267272141706925 ], [ -116.411802761341221, 33.267272141706925 ], [ -116.411802761341221, 33.2675040257649 ], [ -116.411660749506893, 33.2675040257649 ], [ -116.411660749506893, 33.267735909822868 ], [ -116.41151873767258, 33.267735909822868 ], [ -116.41151873767258, 33.268083735909826 ], [ -116.411376725838252, 33.268083735909826 ], [ -116.411376725838252, 33.268779388083736 ], [ -116.411802761341221, 33.268779388083736 ], [ -116.411802761341221, 33.268895330112727 ], [ -116.412086785009848, 33.268895330112727 ], [ -116.412086785009848, 33.269011272141711 ], [ -116.412512820512816, 33.269011272141711 ], [ -116.412512820512816, 33.268895330112727 ], [ -116.41265483234713, 33.268895330112727 ], [ -116.41265483234713, 33.268663446054752 ], [ -116.412938856015771, 33.268663446054752 ], [ -116.412938856015771, 33.268547504025769 ], [ -116.413222879684412, 33.268547504025769 ], [ -116.413222879684412, 33.268431561996785 ], [ -116.414074950690321, 33.268431561996785 ], [ -116.414074950690321, 33.268315619967794 ], [ -116.414216962524648, 33.268315619967794 ], [ -116.414216962524648, 33.268431561996785 ], [ -116.415069033530557, 33.268431561996785 ], [ -116.415069033530557, 33.268547504025769 ], [ -116.415353057199198, 33.268547504025769 ], [ -116.415353057199198, 33.268663446054752 ], [ -116.41592110453648, 33.268663446054752 ], [ -116.41592110453648, 33.268779388083736 ], [ -116.416347140039434, 33.268779388083736 ], [ -116.416347140039434, 33.269011272141711 ], [ -116.416915187376716, 33.269011272141711 ], [ -116.416915187376716, 33.269127214170695 ], [ -116.41705719921103, 33.269127214170695 ], [ -116.41705719921103, 33.269243156199678 ], [ -116.417199211045357, 33.269243156199678 ], [ -116.417199211045357, 33.269475040257653 ], [ -116.417341222879671, 33.269475040257653 ], [ -116.417341222879671, 33.269706924315621 ], [ -116.417767258382639, 33.269706924315621 ], [ -116.417767258382639, 33.269822866344605 ], [ -116.418335305719907, 33.269822866344605 ], [ -116.418335305719907, 33.269938808373595 ], [ -116.418477317554235, 33.269938808373595 ], [ -116.418477317554235, 33.270170692431563 ], [ -116.418619329388548, 33.270170692431563 ], [ -116.418619329388548, 33.270286634460547 ], [ -116.418761341222876, 33.270286634460547 ], [ -116.418761341222876, 33.270402576489538 ], [ -116.418903353057189, 33.270402576489538 ], [ -116.418903353057189, 33.270518518518521 ], [ -116.419045364891517, 33.270518518518521 ], [ -116.419045364891517, 33.270634460547505 ], [ -116.41918737672583, 33.270634460547505 ], [ -116.41918737672583, 33.270750402576489 ], [ -116.419613412228784, 33.270750402576489 ], [ -116.419613412228784, 33.27086634460548 ], [ -116.420039447731753, 33.27086634460548 ], [ -116.420039447731753, 33.270750402576489 ], [ -116.421175542406303, 33.270750402576489 ], [ -116.421175542406303, 33.270634460547505 ], [ -116.421601577909257, 33.270634460547505 ], [ -116.421601577909257, 33.270750402576489 ], [ -116.421885601577898, 33.270750402576489 ], [ -116.421885601577898, 33.27086634460548 ], [ -116.422027613412226, 33.27086634460548 ], [ -116.422027613412226, 33.270982286634464 ], [ -116.422169625246539, 33.270982286634464 ], [ -116.422169625246539, 33.271098228663448 ], [ -116.422311637080853, 33.271098228663448 ], [ -116.422311637080853, 33.271214170692431 ], [ -116.42245364891518, 33.271214170692431 ], [ -116.42245364891518, 33.271446054750406 ], [ -116.422595660749494, 33.271446054750406 ], [ -116.422595660749494, 33.271677938808374 ], [ -116.422737672583821, 33.271677938808374 ], [ -116.422737672583821, 33.271909822866348 ], [ -116.422879684418135, 33.271909822866348 ], [ -116.422879684418135, 33.272141706924316 ], [ -116.423021696252462, 33.272141706924316 ], [ -116.423021696252462, 33.272489533011274 ], [ -116.423163708086776, 33.272489533011274 ], [ -116.423163708086776, 33.272721417069242 ], [ -116.423731755424058, 33.272721417069242 ], [ -116.423731755424058, 33.272953301127217 ], [ -116.424299802761325, 33.272953301127217 ], [ -116.424299802761325, 33.273301127214175 ], [ -116.424725838264294, 33.273301127214175 ], [ -116.424725838264294, 33.273533011272143 ], [ -116.424867850098607, 33.273533011272143 ], [ -116.424867850098607, 33.273996779388085 ], [ -116.424725838264294, 33.273996779388085 ], [ -116.424725838264294, 33.273764895330117 ], [ -116.424583826429966, 33.273764895330117 ], [ -116.424583826429966, 33.273417069243159 ], [ -116.424157790927012, 33.273417069243159 ], [ -116.424157790927012, 33.273301127214175 ], [ -116.423731755424058, 33.273301127214175 ], [ -116.423731755424058, 33.273764895330117 ], [ -116.42358974358973, 33.273764895330117 ], [ -116.42358974358973, 33.274112721417069 ], [ -116.423731755424058, 33.274112721417069 ], [ -116.423731755424058, 33.27422866344606 ], [ -116.424157790927012, 33.27422866344606 ], [ -116.424157790927012, 33.274576489533011 ], [ -116.424583826429966, 33.274576489533011 ], [ -116.424583826429966, 33.274692431562002 ], [ -116.424157790927012, 33.274692431562002 ], [ -116.424157790927012, 33.274808373590986 ], [ -116.424015779092699, 33.274808373590986 ], [ -116.424015779092699, 33.275040257648953 ], [ -116.423873767258371, 33.275040257648953 ], [ -116.423873767258371, 33.275272141706928 ], [ -116.42358974358973, 33.275272141706928 ], [ -116.42358974358973, 33.275388083735912 ], [ -116.423021696252462, 33.275388083735912 ], [ -116.423021696252462, 33.275504025764896 ], [ -116.422879684418135, 33.275504025764896 ], [ -116.422879684418135, 33.275851851851854 ], [ -116.422169625246539, 33.275851851851854 ], [ -116.422169625246539, 33.27573590982287 ], [ -116.421885601577898, 33.27573590982287 ], [ -116.421885601577898, 33.275619967793887 ], [ -116.421743589743585, 33.275619967793887 ], [ -116.421743589743585, 33.275504025764896 ], [ -116.421601577909257, 33.275504025764896 ], [ -116.421601577909257, 33.275388083735912 ], [ -116.421175542406303, 33.275388083735912 ], [ -116.421175542406303, 33.275272141706928 ], [ -116.420749506903348, 33.275272141706928 ], [ -116.420749506903348, 33.275388083735912 ], [ -116.420607495069021, 33.275388083735912 ], [ -116.420607495069021, 33.275504025764896 ], [ -116.420465483234707, 33.275504025764896 ], [ -116.420465483234707, 33.275619967793887 ], [ -116.42032347140038, 33.275619967793887 ], [ -116.42032347140038, 33.27573590982287 ], [ -116.420181459566066, 33.27573590982287 ], [ -116.420181459566066, 33.275851851851854 ], [ -116.420039447731753, 33.275851851851854 ], [ -116.420039447731753, 33.276315619967797 ], [ -116.419897435897425, 33.276315619967797 ], [ -116.419897435897425, 33.27643156199678 ], [ -116.419755424063112, 33.27643156199678 ], [ -116.419755424063112, 33.276315619967797 ], [ -116.419613412228784, 33.276315619967797 ], [ -116.419613412228784, 33.276199677938813 ], [ -116.419471400394471, 33.276199677938813 ], [ -116.419471400394471, 33.275967793880838 ], [ -116.41918737672583, 33.275967793880838 ], [ -116.41918737672583, 33.275851851851854 ], [ -116.418903353057189, 33.275851851851854 ], [ -116.418903353057189, 33.27573590982287 ], [ -116.418761341222876, 33.27573590982287 ], [ -116.418761341222876, 33.275619967793887 ], [ -116.418335305719907, 33.275619967793887 ], [ -116.418335305719907, 33.27573590982287 ], [ -116.417909270216953, 33.27573590982287 ], [ -116.417909270216953, 33.275851851851854 ], [ -116.417767258382639, 33.275851851851854 ], [ -116.417767258382639, 33.275967793880838 ], [ -116.417483234713998, 33.275967793880838 ], [ -116.417483234713998, 33.27643156199678 ], [ -116.417341222879671, 33.27643156199678 ], [ -116.417341222879671, 33.276663446054755 ], [ -116.417199211045357, 33.276663446054755 ], [ -116.417199211045357, 33.276779388083739 ], [ -116.416631163708075, 33.276779388083739 ], [ -116.416631163708075, 33.276895330112723 ], [ -116.416347140039434, 33.276895330112723 ], [ -116.416347140039434, 33.276779388083739 ], [ -116.416205128205121, 33.276779388083739 ], [ -116.416205128205121, 33.276663446054755 ], [ -116.415069033530557, 33.276663446054755 ], [ -116.415069033530557, 33.276547504025764 ], [ -116.41478500986193, 33.276547504025764 ], [ -116.41478500986193, 33.27643156199678 ], [ -116.414500986193289, 33.27643156199678 ], [ -116.414500986193289, 33.276315619967797 ], [ -116.413506903353053, 33.276315619967797 ], [ -116.413506903353053, 33.27643156199678 ], [ -116.413364891518725, 33.27643156199678 ], [ -116.413364891518725, 33.276663446054755 ], [ -116.413222879684412, 33.276663446054755 ], [ -116.413222879684412, 33.277243156199681 ], [ -116.413364891518725, 33.277243156199681 ], [ -116.413364891518725, 33.277475040257649 ], [ -116.413506903353053, 33.277475040257649 ], [ -116.413506903353053, 33.277822866344607 ], [ -116.413648915187366, 33.277822866344607 ], [ -116.413648915187366, 33.278054750402582 ], [ -116.413506903353053, 33.278054750402582 ], [ -116.413506903353053, 33.278286634460549 ], [ -116.413364891518725, 33.278286634460549 ], [ -116.413364891518725, 33.278866344605476 ], [ -116.412796844181457, 33.278866344605476 ], [ -116.412796844181457, 33.278982286634459 ], [ -116.41265483234713, 33.278982286634459 ], [ -116.41265483234713, 33.279446054750402 ], [ -116.412796844181457, 33.279446054750402 ], [ -116.412796844181457, 33.279677938808376 ], [ -116.412938856015771, 33.279677938808376 ], [ -116.412938856015771, 33.27979388083736 ], [ -116.413080867850084, 33.27979388083736 ], [ -116.413080867850084, 33.279909822866344 ], [ -116.413222879684412, 33.279909822866344 ], [ -116.413222879684412, 33.280373590982286 ], [ -116.413080867850084, 33.280373590982286 ], [ -116.413080867850084, 33.280837359098228 ], [ -116.413222879684412, 33.280837359098228 ], [ -116.413222879684412, 33.280953301127219 ], [ -116.413790927021694, 33.280953301127219 ], [ -116.413790927021694, 33.281648953301129 ], [ -116.413506903353053, 33.281648953301129 ], [ -116.413506903353053, 33.281764895330113 ], [ -116.413080867850084, 33.281764895330113 ], [ -116.413080867850084, 33.282112721417072 ], [ -116.413222879684412, 33.282112721417072 ], [ -116.413222879684412, 33.282228663446055 ], [ -116.413364891518725, 33.282228663446055 ], [ -116.413364891518725, 33.282344605475039 ], [ -116.413506903353053, 33.282344605475039 ], [ -116.413506903353053, 33.28246054750403 ], [ -116.413790927021694, 33.28246054750403 ], [ -116.413790927021694, 33.282692431561998 ], [ -116.413932938856007, 33.282692431561998 ], [ -116.413932938856007, 33.283388083735915 ], [ -116.413790927021694, 33.283388083735915 ], [ -116.413790927021694, 33.283735909822866 ], [ -116.413932938856007, 33.283735909822866 ], [ -116.413932938856007, 33.283851851851857 ], [ -116.414074950690321, 33.283851851851857 ], [ -116.414074950690321, 33.284083735909824 ], [ -116.413932938856007, 33.284083735909824 ], [ -116.413932938856007, 33.284199677938808 ], [ -116.413790927021694, 33.284199677938808 ], [ -116.413790927021694, 33.284315619967799 ], [ -116.413648915187366, 33.284315619967799 ], [ -116.413648915187366, 33.284431561996783 ], [ -116.413506903353053, 33.284431561996783 ], [ -116.413506903353053, 33.284547504025767 ], [ -116.413364891518725, 33.284547504025767 ], [ -116.413364891518725, 33.284663446054751 ], [ -116.413222879684412, 33.284663446054751 ], [ -116.413222879684412, 33.284779388083741 ], [ -116.413080867850084, 33.284779388083741 ], [ -116.413080867850084, 33.284895330112725 ], [ -116.412796844181457, 33.284895330112725 ], [ -116.412796844181457, 33.285011272141709 ], [ -116.41265483234713, 33.285011272141709 ], [ -116.41265483234713, 33.285475040257651 ], [ -116.412796844181457, 33.285475040257651 ], [ -116.412796844181457, 33.285590982286635 ], [ -116.412938856015771, 33.285590982286635 ], [ -116.412938856015771, 33.285706924315619 ], [ -116.413222879684412, 33.285706924315619 ], [ -116.413222879684412, 33.285938808373594 ], [ -116.413364891518725, 33.285938808373594 ], [ -116.413364891518725, 33.286750402576494 ], [ -116.413506903353053, 33.286750402576494 ], [ -116.413506903353053, 33.287098228663446 ], [ -116.413364891518725, 33.287098228663446 ], [ -116.413364891518725, 33.287214170692437 ], [ -116.413222879684412, 33.287214170692437 ], [ -116.413222879684412, 33.287677938808379 ], [ -116.413364891518725, 33.287677938808379 ], [ -116.413364891518725, 33.287909822866347 ], [ -116.413506903353053, 33.287909822866347 ], [ -116.413506903353053, 33.28802576489533 ], [ -116.413648915187366, 33.28802576489533 ], [ -116.413648915187366, 33.288373590982289 ], [ -116.413506903353053, 33.288373590982289 ], [ -116.413506903353053, 33.288721417069247 ], [ -116.413648915187366, 33.288721417069247 ], [ -116.413648915187366, 33.289069243156199 ], [ -116.413790927021694, 33.289069243156199 ], [ -116.413790927021694, 33.28918518518519 ], [ -116.414074950690321, 33.28918518518519 ], [ -116.414074950690321, 33.289301127214173 ], [ -116.414216962524648, 33.289301127214173 ], [ -116.414216962524648, 33.289533011272141 ], [ -116.414074950690321, 33.289533011272141 ], [ -116.414074950690321, 33.2898808373591 ], [ -116.413790927021694, 33.2898808373591 ], [ -116.413790927021694, 33.289996779388083 ], [ -116.413648915187366, 33.289996779388083 ], [ -116.413648915187366, 33.290228663446058 ], [ -116.412938856015771, 33.290228663446058 ], [ -116.412938856015771, 33.290112721417074 ], [ -116.412512820512816, 33.290112721417074 ], [ -116.412512820512816, 33.290228663446058 ], [ -116.412370808678489, 33.290228663446058 ], [ -116.412370808678489, 33.290344605475042 ], [ -116.411660749506893, 33.290344605475042 ], [ -116.411660749506893, 33.290228663446058 ], [ -116.411234714003939, 33.290228663446058 ], [ -116.411234714003939, 33.290112721417074 ], [ -116.411092702169611, 33.290112721417074 ], [ -116.411092702169611, 33.289996779388083 ], [ -116.410950690335298, 33.289996779388083 ], [ -116.410950690335298, 33.289764895330116 ], [ -116.410808678500985, 33.289764895330116 ], [ -116.410808678500985, 33.289533011272141 ], [ -116.410382642998016, 33.289533011272141 ], [ -116.410382642998016, 33.289417069243157 ], [ -116.410240631163703, 33.289417069243157 ], [ -116.410240631163703, 33.289069243156199 ], [ -116.410098619329375, 33.289069243156199 ], [ -116.410098619329375, 33.288721417069247 ], [ -116.409956607495062, 33.288721417069247 ], [ -116.409956607495062, 33.288489533011273 ], [ -116.409814595660748, 33.288489533011273 ], [ -116.409814595660748, 33.287330112721421 ], [ -116.409672583826421, 33.287330112721421 ], [ -116.409672583826421, 33.287098228663446 ], [ -116.409530571992107, 33.287098228663446 ], [ -116.409530571992107, 33.286982286634462 ], [ -116.40938856015778, 33.286982286634462 ], [ -116.40938856015778, 33.286634460547504 ], [ -116.408962524654825, 33.286634460547504 ], [ -116.408962524654825, 33.286402576489536 ], [ -116.408820512820512, 33.286402576489536 ], [ -116.408820512820512, 33.28582286634461 ], [ -116.408394477317543, 33.28582286634461 ], [ -116.408394477317543, 33.285475040257651 ], [ -116.40825246548323, 33.285475040257651 ], [ -116.40825246548323, 33.285011272141709 ], [ -116.408110453648902, 33.285011272141709 ], [ -116.408110453648902, 33.284895330112725 ], [ -116.407826429980275, 33.284895330112725 ], [ -116.407826429980275, 33.284779388083741 ], [ -116.407684418145948, 33.284779388083741 ], [ -116.407684418145948, 33.284431561996783 ], [ -116.407542406311634, 33.284431561996783 ], [ -116.407542406311634, 33.284315619967799 ], [ -116.407400394477307, 33.284315619967799 ], [ -116.407400394477307, 33.284083735909824 ], [ -116.407116370808666, 33.284083735909824 ], [ -116.407116370808666, 33.283619967793882 ], [ -116.406832347140039, 33.283619967793882 ], [ -116.406832347140039, 33.283504025764898 ], [ -116.40640631163707, 33.283504025764898 ], [ -116.40640631163707, 33.283619967793882 ], [ -116.406264299802757, 33.283619967793882 ], [ -116.406264299802757, 33.283504025764898 ], [ -116.406122287968429, 33.283504025764898 ], [ -116.406122287968429, 33.28315619967794 ], [ -116.405980276134116, 33.28315619967794 ], [ -116.405980276134116, 33.281996779388088 ], [ -116.405838264299803, 33.281996779388088 ], [ -116.405838264299803, 33.281880837359104 ], [ -116.405270216962521, 33.281880837359104 ], [ -116.405270216962521, 33.281648953301129 ], [ -116.405128205128193, 33.281648953301129 ], [ -116.405128205128193, 33.281533011272145 ], [ -116.40498619329388, 33.281533011272145 ], [ -116.40498619329388, 33.281417069243162 ], [ -116.404844181459566, 33.281417069243162 ], [ -116.404844181459566, 33.281301127214171 ], [ -116.404702169625239, 33.281301127214171 ], [ -116.404702169625239, 33.281185185185187 ], [ -116.404560157790925, 33.281185185185187 ], [ -116.404560157790925, 33.280953301127219 ], [ -116.404418145956598, 33.280953301127219 ], [ -116.404418145956598, 33.280837359098228 ], [ -116.404276134122284, 33.280837359098228 ], [ -116.404276134122284, 33.280721417069245 ], [ -116.404134122287957, 33.280721417069245 ], [ -116.404134122287957, 33.280489533011277 ], [ -116.403992110453643, 33.280489533011277 ], [ -116.403992110453643, 33.280373590982286 ], [ -116.40385009861933, 33.280373590982286 ], [ -116.40385009861933, 33.280141706924319 ], [ -116.403708086785002, 33.280141706924319 ], [ -116.403708086785002, 33.280025764895335 ], [ -116.403566074950689, 33.280025764895335 ], [ -116.403566074950689, 33.279909822866344 ], [ -116.403424063116361, 33.279909822866344 ], [ -116.403424063116361, 33.279677938808376 ], [ -116.403282051282048, 33.279677938808376 ], [ -116.403282051282048, 33.279561996779393 ], [ -116.40314003944772, 33.279561996779393 ], [ -116.40314003944772, 33.279446054750402 ], [ -116.402998027613407, 33.279446054750402 ], [ -116.402998027613407, 33.279214170692434 ], [ -116.402856015779093, 33.279214170692434 ], [ -116.402856015779093, 33.278866344605476 ], [ -116.401719921104529, 33.278866344605476 ], [ -116.401719921104529, 33.278982286634459 ], [ -116.401577909270216, 33.278982286634459 ], [ -116.401577909270216, 33.279677938808376 ], [ -116.401719921104529, 33.279677938808376 ], [ -116.401719921104529, 33.280953301127219 ], [ -116.402145956607484, 33.280953301127219 ], [ -116.402145956607484, 33.280837359098228 ], [ -116.402287968441811, 33.280837359098228 ], [ -116.402287968441811, 33.280953301127219 ], [ -116.402714003944766, 33.280953301127219 ], [ -116.402714003944766, 33.281069243156203 ], [ -116.402856015779093, 33.281069243156203 ], [ -116.402856015779093, 33.281185185185187 ], [ -116.402998027613407, 33.281185185185187 ], [ -116.402998027613407, 33.281301127214171 ], [ -116.40314003944772, 33.281301127214171 ], [ -116.40314003944772, 33.281648953301129 ], [ -116.403282051282048, 33.281648953301129 ], [ -116.403282051282048, 33.282228663446055 ], [ -116.403424063116361, 33.282228663446055 ], [ -116.403424063116361, 33.282576489533014 ], [ -116.403566074950689, 33.282576489533014 ], [ -116.403566074950689, 33.28315619967794 ], [ -116.403424063116361, 33.28315619967794 ], [ -116.403424063116361, 33.283272141706924 ], [ -116.403282051282048, 33.283272141706924 ], [ -116.403282051282048, 33.283388083735915 ], [ -116.402998027613407, 33.283388083735915 ], [ -116.402998027613407, 33.283504025764898 ], [ -116.402856015779093, 33.283504025764898 ], [ -116.402856015779093, 33.283619967793882 ], [ -116.402714003944766, 33.283619967793882 ], [ -116.402714003944766, 33.283735909822866 ], [ -116.402571992110452, 33.283735909822866 ], [ -116.402571992110452, 33.284315619967799 ], [ -116.402714003944766, 33.284315619967799 ], [ -116.402714003944766, 33.284431561996783 ], [ -116.403282051282048, 33.284431561996783 ], [ -116.403282051282048, 33.284315619967799 ], [ -116.403708086785002, 33.284315619967799 ], [ -116.403708086785002, 33.284199677938808 ], [ -116.404276134122284, 33.284199677938808 ], [ -116.404276134122284, 33.284315619967799 ], [ -116.404418145956598, 33.284315619967799 ], [ -116.404418145956598, 33.284431561996783 ], [ -116.404560157790925, 33.284431561996783 ], [ -116.404560157790925, 33.284547504025767 ], [ -116.404702169625239, 33.284547504025767 ], [ -116.404702169625239, 33.284663446054751 ], [ -116.404418145956598, 33.284663446054751 ], [ -116.404418145956598, 33.284895330112725 ], [ -116.404276134122284, 33.284895330112725 ], [ -116.404276134122284, 33.285011272141709 ], [ -116.404134122287957, 33.285011272141709 ], [ -116.404134122287957, 33.285127214170693 ], [ -116.403992110453643, 33.285127214170693 ], [ -116.403992110453643, 33.285243156199684 ], [ -116.40385009861933, 33.285243156199684 ], [ -116.40385009861933, 33.285359098228668 ], [ -116.403708086785002, 33.285359098228668 ], [ -116.403708086785002, 33.285475040257651 ], [ -116.403566074950689, 33.285475040257651 ], [ -116.403566074950689, 33.285938808373594 ], [ -116.403708086785002, 33.285938808373594 ], [ -116.403708086785002, 33.286054750402577 ], [ -116.40385009861933, 33.286054750402577 ], [ -116.40385009861933, 33.286170692431561 ], [ -116.403424063116361, 33.286170692431561 ], [ -116.403424063116361, 33.286286634460552 ], [ -116.403282051282048, 33.286286634460552 ], [ -116.403282051282048, 33.286866344605478 ], [ -116.40314003944772, 33.286866344605478 ], [ -116.40314003944772, 33.286982286634462 ], [ -116.402998027613407, 33.286982286634462 ], [ -116.402998027613407, 33.287098228663446 ], [ -116.402856015779093, 33.287098228663446 ], [ -116.402856015779093, 33.287214170692437 ], [ -116.402714003944766, 33.287214170692437 ], [ -116.402714003944766, 33.287330112721421 ], [ -116.402571992110452, 33.287330112721421 ], [ -116.402571992110452, 33.287446054750404 ], [ -116.402287968441811, 33.287446054750404 ], [ -116.402287968441811, 33.287561996779388 ], [ -116.40200394477317, 33.287561996779388 ], [ -116.40200394477317, 33.287677938808379 ], [ -116.401719921104529, 33.287677938808379 ], [ -116.401719921104529, 33.287793880837363 ], [ -116.401577909270216, 33.287793880837363 ], [ -116.401577909270216, 33.287909822866347 ], [ -116.401435897435888, 33.287909822866347 ], [ -116.401435897435888, 33.288721417069247 ], [ -116.401293885601575, 33.288721417069247 ], [ -116.401293885601575, 33.28918518518519 ], [ -116.401435897435888, 33.28918518518519 ], [ -116.401435897435888, 33.289533011272141 ], [ -116.401293885601575, 33.289533011272141 ], [ -116.401293885601575, 33.289648953301132 ], [ -116.401009861932934, 33.289648953301132 ], [ -116.401009861932934, 33.290228663446058 ], [ -116.401151873767247, 33.290228663446058 ], [ -116.401151873767247, 33.290808373590984 ], [ -116.401435897435888, 33.290808373590984 ], [ -116.401435897435888, 33.290924315619968 ], [ -116.401577909270216, 33.290924315619968 ], [ -116.401577909270216, 33.291040257648959 ], [ -116.401719921104529, 33.291040257648959 ], [ -116.401719921104529, 33.291156199677943 ], [ -116.402145956607484, 33.291156199677943 ], [ -116.402145956607484, 33.291272141706926 ], [ -116.402571992110452, 33.291272141706926 ], [ -116.402571992110452, 33.29138808373591 ], [ -116.402856015779093, 33.29138808373591 ], [ -116.402856015779093, 33.291504025764901 ], [ -116.40314003944772, 33.291504025764901 ], [ -116.40314003944772, 33.291619967793885 ], [ -116.403282051282048, 33.291619967793885 ], [ -116.403282051282048, 33.291735909822869 ], [ -116.403424063116361, 33.291735909822869 ], [ -116.403424063116361, 33.291851851851852 ], [ -116.403566074950689, 33.291851851851852 ], [ -116.403566074950689, 33.291967793880843 ], [ -116.403424063116361, 33.291967793880843 ], [ -116.403424063116361, 33.292199677938811 ], [ -116.403282051282048, 33.292199677938811 ], [ -116.403282051282048, 33.292315619967795 ], [ -116.40314003944772, 33.292315619967795 ], [ -116.40314003944772, 33.292431561996779 ], [ -116.401577909270216, 33.292431561996779 ], [ -116.401577909270216, 33.292547504025769 ], [ -116.401435897435888, 33.292547504025769 ], [ -116.401435897435888, 33.292663446054753 ], [ -116.400441814595652, 33.292663446054753 ], [ -116.400441814595652, 33.292779388083737 ], [ -116.400015779092698, 33.292779388083737 ], [ -116.400015779092698, 33.292895330112721 ], [ -116.399873767258384, 33.292895330112721 ], [ -116.399873767258384, 33.293127214170696 ], [ -116.399589743589743, 33.293127214170696 ], [ -116.399589743589743, 33.293243156199679 ], [ -116.399447731755416, 33.293243156199679 ], [ -116.399447731755416, 33.293359098228663 ], [ -116.398169625246538, 33.293359098228663 ], [ -116.398169625246538, 33.293475040257654 ], [ -116.397743589743584, 33.293475040257654 ], [ -116.397743589743584, 33.293590982286638 ], [ -116.39731755424063, 33.293590982286638 ], [ -116.39731755424063, 33.293706924315622 ], [ -116.397175542406302, 33.293706924315622 ], [ -116.397175542406302, 33.293822866344605 ], [ -116.396891518737675, 33.293822866344605 ], [ -116.396891518737675, 33.294286634460548 ], [ -116.397033530571989, 33.294286634460548 ], [ -116.397033530571989, 33.294402576489539 ], [ -116.397175542406302, 33.294402576489539 ], [ -116.397175542406302, 33.294518518518522 ], [ -116.39731755424063, 33.294518518518522 ], [ -116.39731755424063, 33.294634460547506 ], [ -116.397743589743584, 33.294634460547506 ], [ -116.397743589743584, 33.29475040257649 ], [ -116.397885601577912, 33.29475040257649 ], [ -116.397885601577912, 33.295214170692432 ], [ -116.398453648915179, 33.295214170692432 ], [ -116.398453648915179, 33.295330112721423 ], [ -116.39873767258382, 33.295330112721423 ], [ -116.39873767258382, 33.295446054750407 ], [ -116.398879684418148, 33.295446054750407 ], [ -116.398879684418148, 33.295561996779391 ], [ -116.399021696252461, 33.295561996779391 ], [ -116.399021696252461, 33.296141706924317 ], [ -116.399163708086775, 33.296141706924317 ], [ -116.399163708086775, 33.296257648953301 ], [ -116.399021696252461, 33.296257648953301 ], [ -116.399021696252461, 33.296489533011275 ], [ -116.398879684418148, 33.296489533011275 ], [ -116.398879684418148, 33.296837359098234 ], [ -116.399163708086775, 33.296837359098234 ], [ -116.399163708086775, 33.296953301127218 ], [ -116.399731755424057, 33.296953301127218 ], [ -116.399731755424057, 33.296837359098234 ], [ -116.400157790927011, 33.296837359098234 ], [ -116.400157790927011, 33.296721417069243 ], [ -116.400299802761339, 33.296721417069243 ], [ -116.400299802761339, 33.296605475040259 ], [ -116.400441814595652, 33.296605475040259 ], [ -116.400441814595652, 33.296489533011275 ], [ -116.40058382642998, 33.296489533011275 ], [ -116.40058382642998, 33.296373590982292 ], [ -116.400867850098621, 33.296373590982292 ], [ -116.400867850098621, 33.296257648953301 ], [ -116.401293885601575, 33.296257648953301 ], [ -116.401293885601575, 33.296141706924317 ], [ -116.401435897435888, 33.296141706924317 ], [ -116.401435897435888, 33.296257648953301 ], [ -116.401577909270216, 33.296257648953301 ], [ -116.401577909270216, 33.296605475040259 ], [ -116.403708086785002, 33.296605475040259 ], [ -116.403708086785002, 33.296489533011275 ], [ -116.40385009861933, 33.296489533011275 ], [ -116.40385009861933, 33.296605475040259 ], [ -116.404276134122284, 33.296605475040259 ], [ -116.404276134122284, 33.296489533011275 ], [ -116.405270216962521, 33.296489533011275 ], [ -116.405270216962521, 33.296837359098234 ], [ -116.405554240631162, 33.296837359098234 ], [ -116.405554240631162, 33.296953301127218 ], [ -116.407826429980275, 33.296953301127218 ], [ -116.407826429980275, 33.296837359098234 ], [ -116.408110453648902, 33.296837359098234 ], [ -116.408110453648902, 33.296721417069243 ], [ -116.40825246548323, 33.296721417069243 ], [ -116.40825246548323, 33.296373590982292 ], [ -116.408394477317543, 33.296373590982292 ], [ -116.408394477317543, 33.296141706924317 ], [ -116.408678500986184, 33.296141706924317 ], [ -116.408678500986184, 33.296025764895333 ], [ -116.408820512820512, 33.296025764895333 ], [ -116.408820512820512, 33.295909822866349 ], [ -116.408962524654825, 33.295909822866349 ], [ -116.408962524654825, 33.295793880837358 ], [ -116.409530571992107, 33.295793880837358 ], [ -116.409530571992107, 33.295677938808375 ], [ -116.410240631163703, 33.295677938808375 ], [ -116.410240631163703, 33.295793880837358 ], [ -116.410382642998016, 33.295793880837358 ], [ -116.410382642998016, 33.295909822866349 ], [ -116.410524654832344, 33.295909822866349 ], [ -116.410524654832344, 33.296257648953301 ], [ -116.410666666666657, 33.296257648953301 ], [ -116.410666666666657, 33.296373590982292 ], [ -116.410808678500985, 33.296373590982292 ], [ -116.410808678500985, 33.296953301127218 ], [ -116.411234714003939, 33.296953301127218 ], [ -116.411234714003939, 33.297069243156201 ], [ -116.411376725838252, 33.297069243156201 ], [ -116.411376725838252, 33.297185185185185 ], [ -116.41151873767258, 33.297185185185185 ], [ -116.41151873767258, 33.297533011272144 ], [ -116.411660749506893, 33.297533011272144 ], [ -116.411660749506893, 33.297764895330118 ], [ -116.41151873767258, 33.297764895330118 ], [ -116.41151873767258, 33.297996779388086 ], [ -116.411376725838252, 33.297996779388086 ], [ -116.411376725838252, 33.298576489533012 ], [ -116.411234714003939, 33.298576489533012 ], [ -116.411234714003939, 33.298692431561996 ], [ -116.410950690335298, 33.298692431561996 ], [ -116.410950690335298, 33.298808373590987 ], [ -116.410808678500985, 33.298808373590987 ], [ -116.410808678500985, 33.298924315619971 ], [ -116.410382642998016, 33.298924315619971 ], [ -116.410382642998016, 33.299040257648954 ], [ -116.409956607495062, 33.299040257648954 ], [ -116.409956607495062, 33.299156199677938 ], [ -116.409672583826421, 33.299156199677938 ], [ -116.409672583826421, 33.299272141706929 ], [ -116.409530571992107, 33.299272141706929 ], [ -116.409530571992107, 33.299388083735913 ], [ -116.40938856015778, 33.299388083735913 ], [ -116.40938856015778, 33.299967793880839 ], [ -116.410524654832344, 33.299967793880839 ], [ -116.410524654832344, 33.300083735909823 ], [ -116.410950690335298, 33.300083735909823 ], [ -116.410950690335298, 33.300199677938814 ], [ -116.411092702169611, 33.300199677938814 ], [ -116.411092702169611, 33.300431561996781 ], [ -116.411234714003939, 33.300431561996781 ], [ -116.411234714003939, 33.300547504025765 ], [ -116.411092702169611, 33.300547504025765 ], [ -116.411092702169611, 33.300895330112724 ], [ -116.411234714003939, 33.300895330112724 ], [ -116.411234714003939, 33.301011272141707 ], [ -116.411376725838252, 33.301011272141707 ], [ -116.411376725838252, 33.301127214170698 ], [ -116.41151873767258, 33.301127214170698 ], [ -116.41151873767258, 33.301706924315624 ], [ -116.411660749506893, 33.301706924315624 ], [ -116.411660749506893, 33.30228663446055 ], [ -116.411802761341221, 33.30228663446055 ], [ -116.411802761341221, 33.302866344605476 ], [ -116.412086785009848, 33.302866344605476 ], [ -116.412086785009848, 33.30298228663446 ], [ -116.412938856015771, 33.30298228663446 ], [ -116.412938856015771, 33.303098228663451 ], [ -116.413222879684412, 33.303098228663451 ], [ -116.413222879684412, 33.303330112721419 ], [ -116.413364891518725, 33.303330112721419 ], [ -116.413364891518725, 33.303446054750403 ], [ -116.413506903353053, 33.303446054750403 ], [ -116.413506903353053, 33.303677938808377 ], [ -116.413648915187366, 33.303677938808377 ], [ -116.413648915187366, 33.303793880837361 ], [ -116.413932938856007, 33.303793880837361 ], [ -116.413932938856007, 33.303909822866345 ], [ -116.414074950690321, 33.303909822866345 ], [ -116.414074950690321, 33.304025764895336 ], [ -116.415637080867839, 33.304025764895336 ], [ -116.415637080867839, 33.303909822866345 ], [ -116.41592110453648, 33.303909822866345 ], [ -116.41592110453648, 33.303793880837361 ], [ -116.416347140039434, 33.303793880837361 ], [ -116.416347140039434, 33.303561996779393 ], [ -116.416915187376716, 33.303561996779393 ], [ -116.416915187376716, 33.303677938808377 ], [ -116.417199211045357, 33.303677938808377 ], [ -116.417199211045357, 33.303793880837361 ], [ -116.417341222879671, 33.303793880837361 ], [ -116.417341222879671, 33.303909822866345 ], [ -116.417767258382639, 33.303909822866345 ], [ -116.417767258382639, 33.304025764895336 ], [ -116.418051282051266, 33.304025764895336 ], [ -116.418051282051266, 33.30414170692432 ], [ -116.418335305719907, 33.30414170692432 ], [ -116.418335305719907, 33.304257648953303 ], [ -116.418761341222876, 33.304257648953303 ], [ -116.418761341222876, 33.304489533011278 ], [ -116.418903353057189, 33.304489533011278 ], [ -116.418903353057189, 33.305417069243155 ], [ -116.418761341222876, 33.305417069243155 ], [ -116.418761341222876, 33.305880837359098 ], [ -116.418903353057189, 33.305880837359098 ], [ -116.418903353057189, 33.305996779388089 ], [ -116.419897435897425, 33.305996779388089 ], [ -116.419897435897425, 33.306112721417072 ], [ -116.420039447731753, 33.306112721417072 ], [ -116.420039447731753, 33.306460547504031 ], [ -116.420607495069021, 33.306460547504031 ], [ -116.420607495069021, 33.30634460547504 ], [ -116.420749506903348, 33.30634460547504 ], [ -116.420749506903348, 33.306112721417072 ], [ -116.420891518737662, 33.306112721417072 ], [ -116.420891518737662, 33.305996779388089 ], [ -116.421033530571989, 33.305996779388089 ], [ -116.421033530571989, 33.306112721417072 ], [ -116.421459566074944, 33.306112721417072 ], [ -116.421459566074944, 33.305996779388089 ], [ -116.422737672583821, 33.305996779388089 ], [ -116.422737672583821, 33.305880837359098 ], [ -116.422879684418135, 33.305880837359098 ], [ -116.422879684418135, 33.305301127214172 ], [ -116.423021696252462, 33.305301127214172 ], [ -116.423021696252462, 33.304721417069246 ], [ -116.423163708086776, 33.304721417069246 ], [ -116.423163708086776, 33.304489533011278 ], [ -116.423305719921089, 33.304489533011278 ], [ -116.423305719921089, 33.304257648953303 ], [ -116.42358974358973, 33.304257648953303 ], [ -116.42358974358973, 33.303793880837361 ], [ -116.423731755424058, 33.303793880837361 ], [ -116.423731755424058, 33.302634460547509 ], [ -116.42358974358973, 33.302634460547509 ], [ -116.42358974358973, 33.30228663446055 ], [ -116.423163708086776, 33.30228663446055 ], [ -116.423163708086776, 33.302170692431567 ], [ -116.423021696252462, 33.302170692431567 ], [ -116.423021696252462, 33.301938808373592 ], [ -116.422879684418135, 33.301938808373592 ], [ -116.422879684418135, 33.301822866344608 ], [ -116.42245364891518, 33.301822866344608 ], [ -116.42245364891518, 33.300547504025765 ], [ -116.422737672583821, 33.300547504025765 ], [ -116.422737672583821, 33.300199677938814 ], [ -116.422879684418135, 33.300199677938814 ], [ -116.422879684418135, 33.300083735909823 ], [ -116.423163708086776, 33.300083735909823 ], [ -116.423163708086776, 33.299967793880839 ], [ -116.42358974358973, 33.299967793880839 ], [ -116.42358974358973, 33.300083735909823 ], [ -116.423731755424058, 33.300083735909823 ], [ -116.423731755424058, 33.300547504025765 ], [ -116.424299802761325, 33.300547504025765 ], [ -116.424299802761325, 33.300431561996781 ], [ -116.424441814595653, 33.300431561996781 ], [ -116.424441814595653, 33.29811272141707 ], [ -116.424583826429966, 33.29811272141707 ], [ -116.424583826429966, 33.297185185185185 ], [ -116.424441814595653, 33.297185185185185 ], [ -116.424441814595653, 33.296489533011275 ], [ -116.424583826429966, 33.296489533011275 ], [ -116.424583826429966, 33.296141706924317 ], [ -116.424725838264294, 33.296141706924317 ], [ -116.424725838264294, 33.295909822866349 ], [ -116.424867850098607, 33.295909822866349 ], [ -116.424867850098607, 33.295793880837358 ], [ -116.425009861932935, 33.295793880837358 ], [ -116.425009861932935, 33.295677938808375 ], [ -116.425293885601562, 33.295677938808375 ], [ -116.425293885601562, 33.295561996779391 ], [ -116.42571992110453, 33.295561996779391 ], [ -116.42571992110453, 33.295677938808375 ], [ -116.426145956607485, 33.295677938808375 ], [ -116.426145956607485, 33.295793880837358 ], [ -116.426287968441798, 33.295793880837358 ], [ -116.426287968441798, 33.295909822866349 ], [ -116.426429980276126, 33.295909822866349 ], [ -116.426429980276126, 33.296141706924317 ], [ -116.426571992110439, 33.296141706924317 ], [ -116.426571992110439, 33.296953301127218 ], [ -116.426429980276126, 33.296953301127218 ], [ -116.426429980276126, 33.298228663446061 ], [ -116.426287968441798, 33.298228663446061 ], [ -116.426287968441798, 33.298576489533012 ], [ -116.426145956607485, 33.298576489533012 ], [ -116.426145956607485, 33.298692431561996 ], [ -116.425861932938844, 33.298692431561996 ], [ -116.425861932938844, 33.29961996779388 ], [ -116.426003944773171, 33.29961996779388 ], [ -116.426003944773171, 33.299851851851855 ], [ -116.426287968441798, 33.299851851851855 ], [ -116.426287968441798, 33.299967793880839 ], [ -116.426714003944767, 33.299967793880839 ], [ -116.426714003944767, 33.300547504025765 ], [ -116.426571992110439, 33.300547504025765 ], [ -116.426571992110439, 33.300663446054756 ], [ -116.426429980276126, 33.300663446054756 ], [ -116.426429980276126, 33.300895330112724 ], [ -116.426287968441798, 33.300895330112724 ], [ -116.426287968441798, 33.301011272141707 ], [ -116.426145956607485, 33.301011272141707 ], [ -116.426145956607485, 33.301127214170698 ], [ -116.426003944773171, 33.301127214170698 ], [ -116.426003944773171, 33.301243156199682 ], [ -116.425861932938844, 33.301243156199682 ], [ -116.425861932938844, 33.301359098228666 ], [ -116.42571992110453, 33.301359098228666 ], [ -116.42571992110453, 33.30147504025765 ], [ -116.425435897435889, 33.30147504025765 ], [ -116.425435897435889, 33.301706924315624 ], [ -116.425293885601562, 33.301706924315624 ], [ -116.425293885601562, 33.302402576489534 ], [ -116.425151873767248, 33.302402576489534 ], [ -116.425151873767248, 33.302634460547509 ], [ -116.425009861932935, 33.302634460547509 ], [ -116.425009861932935, 33.30298228663446 ], [ -116.425151873767248, 33.30298228663446 ], [ -116.425151873767248, 33.303098228663451 ], [ -116.425009861932935, 33.303098228663451 ], [ -116.425009861932935, 33.303561996779393 ], [ -116.424867850098607, 33.303561996779393 ], [ -116.424867850098607, 33.303909822866345 ], [ -116.425009861932935, 33.303909822866345 ], [ -116.425009861932935, 33.304025764895336 ], [ -116.425151873767248, 33.304025764895336 ], [ -116.425151873767248, 33.30414170692432 ], [ -116.425293885601562, 33.30414170692432 ], [ -116.425293885601562, 33.304257648953303 ], [ -116.425577909270203, 33.304257648953303 ], [ -116.425577909270203, 33.304373590982287 ], [ -116.426998027613408, 33.304373590982287 ], [ -116.426998027613408, 33.304257648953303 ], [ -116.427282051282035, 33.304257648953303 ], [ -116.427282051282035, 33.304373590982287 ], [ -116.427992110453644, 33.304373590982287 ], [ -116.427992110453644, 33.304257648953303 ], [ -116.428276134122271, 33.304257648953303 ], [ -116.428276134122271, 33.30414170692432 ], [ -116.428418145956599, 33.30414170692432 ], [ -116.428418145956599, 33.304025764895336 ], [ -116.428560157790912, 33.304025764895336 ], [ -116.428560157790912, 33.303909822866345 ], [ -116.42870216962524, 33.303909822866345 ], [ -116.42870216962524, 33.303793880837361 ], [ -116.428844181459553, 33.303793880837361 ], [ -116.428844181459553, 33.303677938808377 ], [ -116.428986193293881, 33.303677938808377 ], [ -116.428986193293881, 33.303446054750403 ], [ -116.429128205128194, 33.303446054750403 ], [ -116.429128205128194, 33.303098228663451 ], [ -116.429980276134117, 33.303098228663451 ], [ -116.429980276134117, 33.303214170692435 ], [ -116.429412228796835, 33.303214170692435 ], [ -116.429412228796835, 33.303677938808377 ], [ -116.429554240631148, 33.303677938808377 ], [ -116.429554240631148, 33.303909822866345 ], [ -116.429696252465476, 33.303909822866345 ], [ -116.429696252465476, 33.304025764895336 ], [ -116.429838264299789, 33.304025764895336 ], [ -116.429838264299789, 33.304373590982287 ], [ -116.429980276134117, 33.304373590982287 ], [ -116.429980276134117, 33.304721417069246 ], [ -116.43012228796843, 33.304721417069246 ], [ -116.43012228796843, 33.304837359098229 ], [ -116.430264299802744, 33.304837359098229 ], [ -116.430264299802744, 33.30495330112722 ], [ -116.431116370808667, 33.30495330112722 ], [ -116.431116370808667, 33.304837359098229 ], [ -116.43125838264298, 33.304837359098229 ], [ -116.43125838264298, 33.305417069243155 ], [ -116.431542406311621, 33.305417069243155 ], [ -116.431542406311621, 33.305533011272146 ], [ -116.431400394477308, 33.305533011272146 ], [ -116.431400394477308, 33.305880837359098 ], [ -116.430974358974353, 33.305880837359098 ], [ -116.430974358974353, 33.305764895330114 ], [ -116.430690335305712, 33.305764895330114 ], [ -116.430690335305712, 33.30564895330113 ], [ -116.430548323471385, 33.30564895330113 ], [ -116.430548323471385, 33.305533011272146 ], [ -116.430406311637071, 33.305533011272146 ], [ -116.430406311637071, 33.305301127214172 ], [ -116.430264299802744, 33.305301127214172 ], [ -116.430264299802744, 33.305185185185188 ], [ -116.42870216962524, 33.305185185185188 ], [ -116.42870216962524, 33.305301127214172 ], [ -116.428418145956599, 33.305301127214172 ], [ -116.428418145956599, 33.305417069243155 ], [ -116.428134122287958, 33.305417069243155 ], [ -116.428134122287958, 33.305533011272146 ], [ -116.427566074950676, 33.305533011272146 ], [ -116.427566074950676, 33.30564895330113 ], [ -116.42685601577908, 33.30564895330113 ], [ -116.42685601577908, 33.305533011272146 ], [ -116.426429980276126, 33.305533011272146 ], [ -116.426429980276126, 33.305417069243155 ], [ -116.425435897435889, 33.305417069243155 ], [ -116.425435897435889, 33.305533011272146 ], [ -116.425293885601562, 33.305533011272146 ], [ -116.425293885601562, 33.30564895330113 ], [ -116.425009861932935, 33.30564895330113 ], [ -116.425009861932935, 33.305880837359098 ], [ -116.424867850098607, 33.305880837359098 ], [ -116.424867850098607, 33.305996779388089 ], [ -116.424725838264294, 33.305996779388089 ], [ -116.424725838264294, 33.30634460547504 ], [ -116.424867850098607, 33.30634460547504 ], [ -116.424867850098607, 33.307040257648957 ], [ -116.425009861932935, 33.307040257648957 ], [ -116.425009861932935, 33.307156199677941 ], [ -116.425151873767248, 33.307156199677941 ], [ -116.425151873767248, 33.307619967793883 ], [ -116.425009861932935, 33.307619967793883 ], [ -116.425009861932935, 33.307851851851858 ], [ -116.424157790927012, 33.307851851851858 ], [ -116.424157790927012, 33.307967793880842 ], [ -116.424015779092699, 33.307967793880842 ], [ -116.424015779092699, 33.308083735909825 ], [ -116.423731755424058, 33.308083735909825 ], [ -116.423731755424058, 33.307967793880842 ], [ -116.42358974358973, 33.307967793880842 ], [ -116.42358974358973, 33.307735909822867 ], [ -116.423163708086776, 33.307735909822867 ], [ -116.423163708086776, 33.307851851851858 ], [ -116.423021696252462, 33.307851851851858 ], [ -116.423021696252462, 33.307967793880842 ], [ -116.422879684418135, 33.307967793880842 ], [ -116.422879684418135, 33.308083735909825 ], [ -116.422737672583821, 33.308083735909825 ], [ -116.422737672583821, 33.308199677938809 ], [ -116.42245364891518, 33.308199677938809 ], [ -116.42245364891518, 33.3083156199678 ], [ -116.422027613412226, 33.3083156199678 ], [ -116.422027613412226, 33.308431561996784 ], [ -116.421601577909257, 33.308431561996784 ], [ -116.421601577909257, 33.308547504025768 ], [ -116.420749506903348, 33.308547504025768 ], [ -116.420749506903348, 33.308663446054751 ], [ -116.420181459566066, 33.308663446054751 ], [ -116.420181459566066, 33.30901127214171 ], [ -116.420891518737662, 33.30901127214171 ], [ -116.420891518737662, 33.309127214170694 ], [ -116.421033530571989, 33.309127214170694 ], [ -116.421033530571989, 33.309243156199678 ], [ -116.421175542406303, 33.309243156199678 ], [ -116.421175542406303, 33.309359098228668 ], [ -116.421317554240616, 33.309359098228668 ], [ -116.421317554240616, 33.30970692431562 ], [ -116.421459566074944, 33.30970692431562 ], [ -116.421459566074944, 33.309938808373595 ], [ -116.421601577909257, 33.309938808373595 ], [ -116.421601577909257, 33.310054750402578 ], [ -116.421743589743585, 33.310054750402578 ], [ -116.421743589743585, 33.310170692431562 ], [ -116.421885601577898, 33.310170692431562 ], [ -116.421885601577898, 33.310286634460553 ], [ -116.422027613412226, 33.310286634460553 ], [ -116.422027613412226, 33.310402576489537 ], [ -116.42245364891518, 33.310402576489537 ], [ -116.42245364891518, 33.310518518518521 ], [ -116.423021696252462, 33.310518518518521 ], [ -116.423021696252462, 33.310402576489537 ], [ -116.423873767258371, 33.310402576489537 ], [ -116.423873767258371, 33.310518518518521 ], [ -116.424583826429966, 33.310518518518521 ], [ -116.424583826429966, 33.310634460547504 ], [ -116.425009861932935, 33.310634460547504 ], [ -116.425009861932935, 33.310866344605479 ], [ -116.425151873767248, 33.310866344605479 ], [ -116.425151873767248, 33.310982286634463 ], [ -116.425435897435889, 33.310982286634463 ], [ -116.425435897435889, 33.311098228663447 ], [ -116.425577909270203, 33.311098228663447 ], [ -116.425577909270203, 33.31167793880838 ], [ -116.425435897435889, 33.31167793880838 ], [ -116.425435897435889, 33.312025764895331 ], [ -116.425009861932935, 33.312025764895331 ], [ -116.425009861932935, 33.312141706924315 ], [ -116.424867850098607, 33.312141706924315 ], [ -116.424867850098607, 33.312489533011274 ], [ -116.425009861932935, 33.312489533011274 ], [ -116.425009861932935, 33.312605475040257 ], [ -116.424867850098607, 33.312605475040257 ], [ -116.424867850098607, 33.312953301127216 ], [ -116.425293885601562, 33.312953301127216 ], [ -116.425293885601562, 33.3130692431562 ], [ -116.425435897435889, 33.3130692431562 ], [ -116.425435897435889, 33.313301127214174 ], [ -116.425577909270203, 33.313301127214174 ], [ -116.425577909270203, 33.313533011272142 ], [ -116.42571992110453, 33.313533011272142 ], [ -116.42571992110453, 33.313648953301133 ], [ -116.425861932938844, 33.313648953301133 ], [ -116.425861932938844, 33.313764895330117 ], [ -116.426003944773171, 33.313764895330117 ], [ -116.426003944773171, 33.3138808373591 ], [ -116.426287968441798, 33.3138808373591 ], [ -116.426287968441798, 33.313996779388084 ], [ -116.426571992110439, 33.313996779388084 ], [ -116.426571992110439, 33.314112721417075 ], [ -116.426998027613408, 33.314112721417075 ], [ -116.426998027613408, 33.314228663446059 ], [ -116.427424063116362, 33.314228663446059 ], [ -116.427424063116362, 33.314576489533017 ], [ -116.427566074950676, 33.314576489533017 ], [ -116.427566074950676, 33.314924315619969 ], [ -116.427992110453644, 33.314924315619969 ], [ -116.427992110453644, 33.31504025764896 ], [ -116.428560157790912, 33.31504025764896 ], [ -116.428560157790912, 33.315388083735911 ], [ -116.42870216962524, 33.315388083735911 ], [ -116.42870216962524, 33.315504025764895 ], [ -116.428986193293881, 33.315504025764895 ], [ -116.428986193293881, 33.315619967793886 ], [ -116.429412228796835, 33.315619967793886 ], [ -116.429412228796835, 33.31573590982287 ], [ -116.429696252465476, 33.31573590982287 ], [ -116.429696252465476, 33.315851851851853 ], [ -116.429838264299789, 33.315851851851853 ], [ -116.429838264299789, 33.315967793880837 ], [ -116.429980276134117, 33.315967793880837 ], [ -116.429980276134117, 33.316315619967796 ], [ -116.43012228796843, 33.316315619967796 ], [ -116.43012228796843, 33.316663446054754 ], [ -116.430264299802744, 33.316663446054754 ], [ -116.430264299802744, 33.316895330112722 ], [ -116.430406311637071, 33.316895330112722 ], [ -116.430406311637071, 33.317011272141713 ], [ -116.430548323471385, 33.317011272141713 ], [ -116.430548323471385, 33.317127214170696 ], [ -116.431116370808667, 33.317127214170696 ], [ -116.431116370808667, 33.317011272141713 ], [ -116.431826429980262, 33.317011272141713 ], [ -116.431826429980262, 33.317127214170696 ], [ -116.432252465483216, 33.317127214170696 ], [ -116.432252465483216, 33.31724315619968 ], [ -116.432394477317544, 33.31724315619968 ], [ -116.432394477317544, 33.317359098228664 ], [ -116.432536489151857, 33.317359098228664 ], [ -116.432536489151857, 33.317475040257655 ], [ -116.432820512820498, 33.317475040257655 ], [ -116.432820512820498, 33.317706924315623 ], [ -116.432962524654826, 33.317706924315623 ], [ -116.432962524654826, 33.317938808373597 ], [ -116.433104536489139, 33.317938808373597 ], [ -116.433104536489139, 33.318054750402581 ], [ -116.433246548323453, 33.318054750402581 ], [ -116.433246548323453, 33.318518518518523 ], [ -116.43338856015778, 33.318518518518523 ], [ -116.43338856015778, 33.318634460547507 ], [ -116.433530571992094, 33.318634460547507 ], [ -116.433530571992094, 33.318982286634466 ], [ -116.433672583826421, 33.318982286634466 ], [ -116.433672583826421, 33.319214170692433 ], [ -116.433814595660735, 33.319214170692433 ], [ -116.433814595660735, 33.319446054750408 ], [ -116.433956607495062, 33.319446054750408 ], [ -116.433956607495062, 33.319561996779392 ], [ -116.434098619329376, 33.319561996779392 ], [ -116.434098619329376, 33.319793880837359 ], [ -116.434240631163689, 33.319793880837359 ], [ -116.434240631163689, 33.31990982286635 ], [ -116.434382642998017, 33.31990982286635 ], [ -116.434382642998017, 33.320025764895334 ], [ -116.434666666666658, 33.320025764895334 ], [ -116.434666666666658, 33.320141706924318 ], [ -116.436228796844162, 33.320141706924318 ], [ -116.436228796844162, 33.320257648953302 ], [ -116.436654832347131, 33.320257648953302 ], [ -116.436654832347131, 33.320373590982292 ], [ -116.436796844181444, 33.320373590982292 ], [ -116.436796844181444, 33.320489533011276 ], [ -116.436938856015772, 33.320489533011276 ], [ -116.436938856015772, 33.320953301127219 ], [ -116.436796844181444, 33.320953301127219 ], [ -116.436796844181444, 33.321069243156202 ], [ -116.436512820512803, 33.321069243156202 ], [ -116.436512820512803, 33.321185185185186 ], [ -116.436228796844162, 33.321185185185186 ], [ -116.436228796844162, 33.321301127214177 ], [ -116.435660749506894, 33.321301127214177 ], [ -116.435660749506894, 33.321417069243161 ], [ -116.435376725838253, 33.321417069243161 ], [ -116.435376725838253, 33.321533011272145 ], [ -116.435234714003926, 33.321533011272145 ], [ -116.435234714003926, 33.321648953301128 ], [ -116.434950690335299, 33.321648953301128 ], [ -116.434950690335299, 33.321764895330112 ], [ -116.434808678500971, 33.321764895330112 ], [ -116.434808678500971, 33.321880837359103 ], [ -116.434382642998017, 33.321880837359103 ], [ -116.434382642998017, 33.321996779388087 ], [ -116.434240631163689, 33.321996779388087 ], [ -116.434240631163689, 33.322228663446054 ], [ -116.434098619329376, 33.322228663446054 ], [ -116.434098619329376, 33.322112721417071 ], [ -116.433814595660735, 33.322112721417071 ], [ -116.433814595660735, 33.321996779388087 ], [ -116.433672583826421, 33.321996779388087 ], [ -116.433672583826421, 33.321880837359103 ], [ -116.433530571992094, 33.321880837359103 ], [ -116.433530571992094, 33.321764895330112 ], [ -116.43338856015778, 33.321764895330112 ], [ -116.43338856015778, 33.321417069243161 ], [ -116.433246548323453, 33.321417069243161 ], [ -116.433246548323453, 33.321185185185186 ], [ -116.433104536489139, 33.321185185185186 ], [ -116.433104536489139, 33.321069243156202 ], [ -116.432394477317544, 33.321069243156202 ], [ -116.432394477317544, 33.320721417069244 ], [ -116.432252465483216, 33.320721417069244 ], [ -116.432252465483216, 33.32060547504026 ], [ -116.432110453648903, 33.32060547504026 ], [ -116.432110453648903, 33.320489533011276 ], [ -116.43196844181459, 33.320489533011276 ], [ -116.43196844181459, 33.320257648953302 ], [ -116.431684418145949, 33.320257648953302 ], [ -116.431684418145949, 33.320141706924318 ], [ -116.431400394477308, 33.320141706924318 ], [ -116.431400394477308, 33.320025764895334 ], [ -116.43125838264298, 33.320025764895334 ], [ -116.43125838264298, 33.31990982286635 ], [ -116.431116370808667, 33.31990982286635 ], [ -116.431116370808667, 33.319446054750408 ], [ -116.430974358974353, 33.319446054750408 ], [ -116.430974358974353, 33.319214170692433 ], [ -116.430548323471385, 33.319214170692433 ], [ -116.430548323471385, 33.319098228663449 ], [ -116.430264299802744, 33.319098228663449 ], [ -116.430264299802744, 33.318982286634466 ], [ -116.43012228796843, 33.318982286634466 ], [ -116.43012228796843, 33.318866344605475 ], [ -116.429980276134117, 33.318866344605475 ], [ -116.429980276134117, 33.318750402576491 ], [ -116.429838264299789, 33.318750402576491 ], [ -116.429838264299789, 33.318634460547507 ], [ -116.429696252465476, 33.318634460547507 ], [ -116.429696252465476, 33.318286634460549 ], [ -116.429554240631148, 33.318286634460549 ], [ -116.429554240631148, 33.318054750402581 ], [ -116.429270216962507, 33.318054750402581 ], [ -116.429270216962507, 33.317938808373597 ], [ -116.429128205128194, 33.317938808373597 ], [ -116.429128205128194, 33.317822866344606 ], [ -116.428986193293881, 33.317822866344606 ], [ -116.428986193293881, 33.317706924315623 ], [ -116.428844181459553, 33.317706924315623 ], [ -116.428844181459553, 33.317475040257655 ], [ -116.42870216962524, 33.317475040257655 ], [ -116.42870216962524, 33.317359098228664 ], [ -116.428418145956599, 33.317359098228664 ], [ -116.428418145956599, 33.31724315619968 ], [ -116.428276134122271, 33.31724315619968 ], [ -116.428276134122271, 33.317127214170696 ], [ -116.428134122287958, 33.317127214170696 ], [ -116.428134122287958, 33.317011272141713 ], [ -116.427992110453644, 33.317011272141713 ], [ -116.427992110453644, 33.316895330112722 ], [ -116.427850098619317, 33.316895330112722 ], [ -116.427850098619317, 33.316663446054754 ], [ -116.427566074950676, 33.316663446054754 ], [ -116.427566074950676, 33.316431561996779 ], [ -116.427424063116362, 33.316431561996779 ], [ -116.427424063116362, 33.315851851851853 ], [ -116.427282051282035, 33.315851851851853 ], [ -116.427282051282035, 33.315619967793886 ], [ -116.42685601577908, 33.315619967793886 ], [ -116.42685601577908, 33.31573590982287 ], [ -116.426571992110439, 33.31573590982287 ], [ -116.426571992110439, 33.315851851851853 ], [ -116.426429980276126, 33.315851851851853 ], [ -116.426429980276126, 33.315967793880837 ], [ -116.426287968441798, 33.315967793880837 ], [ -116.426287968441798, 33.316083735909828 ], [ -116.426145956607485, 33.316083735909828 ], [ -116.426145956607485, 33.316315619967796 ], [ -116.426003944773171, 33.316315619967796 ], [ -116.426003944773171, 33.316431561996779 ], [ -116.425577909270203, 33.316431561996779 ], [ -116.425577909270203, 33.316315619967796 ], [ -116.425435897435889, 33.316315619967796 ], [ -116.425435897435889, 33.316199677938812 ], [ -116.425151873767248, 33.316199677938812 ], [ -116.425151873767248, 33.315967793880837 ], [ -116.424725838264294, 33.315967793880837 ], [ -116.424725838264294, 33.315851851851853 ], [ -116.424441814595653, 33.315851851851853 ], [ -116.424441814595653, 33.31573590982287 ], [ -116.424299802761325, 33.31573590982287 ], [ -116.424299802761325, 33.315619967793886 ], [ -116.423731755424058, 33.315619967793886 ], [ -116.423731755424058, 33.315851851851853 ], [ -116.42358974358973, 33.315851851851853 ], [ -116.42358974358973, 33.316315619967796 ], [ -116.423447731755417, 33.316315619967796 ], [ -116.423447731755417, 33.316663446054754 ], [ -116.423021696252462, 33.316663446054754 ], [ -116.423021696252462, 33.31654750402577 ], [ -116.422737672583821, 33.31654750402577 ], [ -116.422737672583821, 33.316315619967796 ], [ -116.422595660749494, 33.316315619967796 ], [ -116.422595660749494, 33.316083735909828 ], [ -116.42245364891518, 33.316083735909828 ], [ -116.42245364891518, 33.315619967793886 ], [ -116.422595660749494, 33.315619967793886 ], [ -116.422595660749494, 33.315272141706927 ], [ -116.42245364891518, 33.315272141706927 ], [ -116.42245364891518, 33.313533011272142 ], [ -116.422311637080853, 33.313533011272142 ], [ -116.422311637080853, 33.313417069243158 ], [ -116.422169625246539, 33.313417069243158 ], [ -116.422169625246539, 33.313301127214174 ], [ -116.422027613412226, 33.313301127214174 ], [ -116.422027613412226, 33.313185185185191 ], [ -116.421743589743585, 33.313185185185191 ], [ -116.421743589743585, 33.3130692431562 ], [ -116.420465483234707, 33.3130692431562 ], [ -116.420465483234707, 33.313185185185191 ], [ -116.420039447731753, 33.313185185185191 ], [ -116.420039447731753, 33.313764895330117 ], [ -116.419897435897425, 33.313764895330117 ], [ -116.419897435897425, 33.314924315619969 ], [ -116.419613412228784, 33.314924315619969 ], [ -116.419613412228784, 33.314692431562001 ], [ -116.419471400394471, 33.314692431562001 ], [ -116.419471400394471, 33.313996779388084 ], [ -116.419329388560143, 33.313996779388084 ], [ -116.419329388560143, 33.313185185185191 ], [ -116.419471400394471, 33.313185185185191 ], [ -116.419471400394471, 33.3130692431562 ], [ -116.419613412228784, 33.3130692431562 ], [ -116.419613412228784, 33.312837359098232 ], [ -116.419897435897425, 33.312837359098232 ], [ -116.419897435897425, 33.312025764895331 ], [ -116.418193293885594, 33.312025764895331 ], [ -116.418193293885594, 33.312141706924315 ], [ -116.418051282051266, 33.312141706924315 ], [ -116.418051282051266, 33.312257648953306 ], [ -116.417767258382639, 33.312257648953306 ], [ -116.417767258382639, 33.312489533011274 ], [ -116.417625246548312, 33.312489533011274 ], [ -116.417625246548312, 33.312605475040257 ], [ -116.417483234713998, 33.312605475040257 ], [ -116.417483234713998, 33.312837359098232 ], [ -116.417341222879671, 33.312837359098232 ], [ -116.417341222879671, 33.312953301127216 ], [ -116.41705719921103, 33.312953301127216 ], [ -116.41705719921103, 33.312837359098232 ], [ -116.416773175542403, 33.312837359098232 ], [ -116.416773175542403, 33.312721417069248 ], [ -116.416489151873762, 33.312721417069248 ], [ -116.416489151873762, 33.312605475040257 ], [ -116.416347140039434, 33.312605475040257 ], [ -116.416347140039434, 33.311909822866347 ], [ -116.416205128205121, 33.311909822866347 ], [ -116.416205128205121, 33.311793880837364 ], [ -116.416063116370793, 33.311793880837364 ], [ -116.416063116370793, 33.31167793880838 ], [ -116.415779092702167, 33.31167793880838 ], [ -116.415779092702167, 33.311446054750405 ], [ -116.415637080867839, 33.311446054750405 ], [ -116.415637080867839, 33.311214170692438 ], [ -116.415495069033526, 33.311214170692438 ], [ -116.415495069033526, 33.310982286634463 ], [ -116.415353057199198, 33.310982286634463 ], [ -116.415353057199198, 33.310866344605479 ], [ -116.415211045364885, 33.310866344605479 ], [ -116.415211045364885, 33.310634460547504 ], [ -116.415069033530557, 33.310634460547504 ], [ -116.415069033530557, 33.310518518518521 ], [ -116.414927021696244, 33.310518518518521 ], [ -116.414927021696244, 33.310402576489537 ], [ -116.41478500986193, 33.310402576489537 ], [ -116.41478500986193, 33.310170692431562 ], [ -116.414642998027603, 33.310170692431562 ], [ -116.414642998027603, 33.310054750402578 ], [ -116.414500986193289, 33.310054750402578 ], [ -116.414500986193289, 33.30970692431562 ], [ -116.414358974358962, 33.30970692431562 ], [ -116.414358974358962, 33.309475040257652 ], [ -116.414216962524648, 33.309475040257652 ], [ -116.414216962524648, 33.309127214170694 ], [ -116.414074950690321, 33.309127214170694 ], [ -116.414074950690321, 33.30901127214171 ], [ -116.413364891518725, 33.30901127214171 ], [ -116.413364891518725, 33.308895330112726 ], [ -116.41265483234713, 33.308895330112726 ], [ -116.41265483234713, 33.30901127214171 ], [ -116.412370808678489, 33.30901127214171 ], [ -116.412370808678489, 33.309243156199678 ], [ -116.412086785009848, 33.309243156199678 ], [ -116.412086785009848, 33.309359098228668 ], [ -116.411802761341221, 33.309359098228668 ], [ -116.411802761341221, 33.309475040257652 ], [ -116.411376725838252, 33.309475040257652 ], [ -116.411376725838252, 33.309359098228668 ], [ -116.410808678500985, 33.309359098228668 ], [ -116.410808678500985, 33.309475040257652 ], [ -116.410524654832344, 33.309475040257652 ], [ -116.410524654832344, 33.309590982286636 ], [ -116.410382642998016, 33.309590982286636 ], [ -116.410382642998016, 33.309938808373595 ], [ -116.410098619329375, 33.309938808373595 ], [ -116.410098619329375, 33.310634460547504 ], [ -116.410240631163703, 33.310634460547504 ], [ -116.410240631163703, 33.310866344605479 ], [ -116.409956607495062, 33.310866344605479 ], [ -116.409956607495062, 33.311446054750405 ], [ -116.409814595660748, 33.311446054750405 ], [ -116.409814595660748, 33.311793880837364 ], [ -116.409672583826421, 33.311793880837364 ], [ -116.409672583826421, 33.311909822866347 ], [ -116.409530571992107, 33.311909822866347 ], [ -116.409530571992107, 33.312025764895331 ], [ -116.408962524654825, 33.312025764895331 ], [ -116.408962524654825, 33.311330112721421 ], [ -116.408820512820512, 33.311330112721421 ], [ -116.408820512820512, 33.310982286634463 ], [ -116.408536489151871, 33.310982286634463 ], [ -116.408536489151871, 33.310866344605479 ], [ -116.40825246548323, 33.310866344605479 ], [ -116.40825246548323, 33.310634460547504 ], [ -116.408110453648902, 33.310634460547504 ], [ -116.408110453648902, 33.310402576489537 ], [ -116.407968441814589, 33.310402576489537 ], [ -116.407968441814589, 33.309938808373595 ], [ -116.407826429980275, 33.309938808373595 ], [ -116.407826429980275, 33.30970692431562 ], [ -116.407684418145948, 33.30970692431562 ], [ -116.407684418145948, 33.309359098228668 ], [ -116.407542406311634, 33.309359098228668 ], [ -116.407542406311634, 33.309127214170694 ], [ -116.406832347140039, 33.309127214170694 ], [ -116.406832347140039, 33.309359098228668 ], [ -116.406690335305711, 33.309359098228668 ], [ -116.406690335305711, 33.309475040257652 ], [ -116.406548323471398, 33.309475040257652 ], [ -116.406548323471398, 33.309590982286636 ], [ -116.40640631163707, 33.309590982286636 ], [ -116.40640631163707, 33.30970692431562 ], [ -116.406264299802757, 33.30970692431562 ], [ -116.406264299802757, 33.309822866344611 ], [ -116.406122287968429, 33.309822866344611 ], [ -116.406122287968429, 33.310518518518521 ], [ -116.405980276134116, 33.310518518518521 ], [ -116.405980276134116, 33.310750402576495 ], [ -116.405838264299803, 33.310750402576495 ], [ -116.405838264299803, 33.310982286634463 ], [ -116.405696252465475, 33.310982286634463 ], [ -116.405696252465475, 33.311214170692438 ], [ -116.405412228796834, 33.311214170692438 ], [ -116.405412228796834, 33.311330112721421 ], [ -116.405270216962521, 33.311330112721421 ], [ -116.405270216962521, 33.311561996779389 ], [ -116.405128205128193, 33.311561996779389 ], [ -116.405128205128193, 33.312257648953306 ], [ -116.40498619329388, 33.312257648953306 ], [ -116.40498619329388, 33.312605475040257 ], [ -116.404844181459566, 33.312605475040257 ], [ -116.404844181459566, 33.312489533011274 ], [ -116.404560157790925, 33.312489533011274 ], [ -116.404560157790925, 33.31237359098229 ], [ -116.404418145956598, 33.31237359098229 ], [ -116.404418145956598, 33.312141706924315 ], [ -116.404276134122284, 33.312141706924315 ], [ -116.404276134122284, 33.312025764895331 ], [ -116.403708086785002, 33.312025764895331 ], [ -116.403708086785002, 33.311909822866347 ], [ -116.403566074950689, 33.311909822866347 ], [ -116.403566074950689, 33.311446054750405 ], [ -116.403424063116361, 33.311446054750405 ], [ -116.403424063116361, 33.311214170692438 ], [ -116.403282051282048, 33.311214170692438 ], [ -116.403282051282048, 33.310866344605479 ], [ -116.40314003944772, 33.310866344605479 ], [ -116.40314003944772, 33.310634460547504 ], [ -116.402998027613407, 33.310634460547504 ], [ -116.402998027613407, 33.310518518518521 ], [ -116.402856015779093, 33.310518518518521 ], [ -116.402856015779093, 33.310286634460553 ], [ -116.402714003944766, 33.310286634460553 ], [ -116.402714003944766, 33.310170692431562 ], [ -116.402429980276125, 33.310170692431562 ], [ -116.402429980276125, 33.309938808373595 ], [ -116.40200394477317, 33.309938808373595 ], [ -116.40200394477317, 33.310054750402578 ], [ -116.401719921104529, 33.310054750402578 ], [ -116.401719921104529, 33.310170692431562 ], [ -116.401577909270216, 33.310170692431562 ], [ -116.401577909270216, 33.310750402576495 ], [ -116.401435897435888, 33.310750402576495 ], [ -116.401435897435888, 33.310866344605479 ], [ -116.401293885601575, 33.310866344605479 ], [ -116.401293885601575, 33.311098228663447 ], [ -116.401151873767247, 33.311098228663447 ], [ -116.401151873767247, 33.311214170692438 ], [ -116.401009861932934, 33.311214170692438 ], [ -116.401009861932934, 33.311330112721421 ], [ -116.400867850098621, 33.311330112721421 ], [ -116.400867850098621, 33.311446054750405 ], [ -116.400725838264293, 33.311446054750405 ], [ -116.400725838264293, 33.31167793880838 ], [ -116.40058382642998, 33.31167793880838 ], [ -116.40058382642998, 33.312257648953306 ], [ -116.400441814595652, 33.312257648953306 ], [ -116.400441814595652, 33.312489533011274 ], [ -116.400299802761339, 33.312489533011274 ], [ -116.400299802761339, 33.312605475040257 ], [ -116.400157790927011, 33.312605475040257 ], [ -116.400157790927011, 33.312721417069248 ], [ -116.399873767258384, 33.312721417069248 ], [ -116.399873767258384, 33.312837359098232 ], [ -116.399731755424057, 33.312837359098232 ], [ -116.399731755424057, 33.313301127214174 ], [ -116.399589743589743, 33.313301127214174 ], [ -116.399589743589743, 33.313648953301133 ], [ -116.399447731755416, 33.313648953301133 ], [ -116.399447731755416, 33.313996779388084 ], [ -116.399589743589743, 33.313996779388084 ], [ -116.399589743589743, 33.314112721417075 ], [ -116.399873767258384, 33.314112721417075 ], [ -116.399873767258384, 33.314344605475043 ], [ -116.400015779092698, 33.314344605475043 ], [ -116.400015779092698, 33.314576489533017 ], [ -116.40058382642998, 33.314576489533017 ], [ -116.40058382642998, 33.314460547504027 ], [ -116.400867850098621, 33.314460547504027 ], [ -116.400867850098621, 33.314344605475043 ], [ -116.401151873767247, 33.314344605475043 ], [ -116.401151873767247, 33.314228663446059 ], [ -116.401577909270216, 33.314228663446059 ], [ -116.401577909270216, 33.314344605475043 ], [ -116.401861932938857, 33.314344605475043 ], [ -116.401861932938857, 33.314460547504027 ], [ -116.40200394477317, 33.314460547504027 ], [ -116.40200394477317, 33.314576489533017 ], [ -116.402145956607484, 33.314576489533017 ], [ -116.402145956607484, 33.314692431562001 ], [ -116.402287968441811, 33.314692431562001 ], [ -116.402287968441811, 33.314924315619969 ], [ -116.402145956607484, 33.314924315619969 ], [ -116.402145956607484, 33.31504025764896 ], [ -116.401861932938857, 33.31504025764896 ], [ -116.401861932938857, 33.315156199677944 ], [ -116.401719921104529, 33.315156199677944 ], [ -116.401719921104529, 33.315272141706927 ], [ -116.401577909270216, 33.315272141706927 ], [ -116.401577909270216, 33.315504025764895 ], [ -116.401435897435888, 33.315504025764895 ], [ -116.401435897435888, 33.31573590982287 ], [ -116.401293885601575, 33.31573590982287 ], [ -116.401293885601575, 33.316083735909828 ], [ -116.401435897435888, 33.316083735909828 ], [ -116.401435897435888, 33.317475040257655 ], [ -116.401293885601575, 33.317475040257655 ], [ -116.401293885601575, 33.317938808373597 ], [ -116.401577909270216, 33.317938808373597 ], [ -116.401577909270216, 33.318054750402581 ], [ -116.402714003944766, 33.318054750402581 ], [ -116.402714003944766, 33.317938808373597 ], [ -116.402856015779093, 33.317938808373597 ], [ -116.402856015779093, 33.317706924315623 ], [ -116.402998027613407, 33.317706924315623 ], [ -116.402998027613407, 33.317475040257655 ], [ -116.40314003944772, 33.317475040257655 ], [ -116.40314003944772, 33.317127214170696 ], [ -116.403282051282048, 33.317127214170696 ], [ -116.403282051282048, 33.317011272141713 ], [ -116.403424063116361, 33.317011272141713 ], [ -116.403424063116361, 33.316895330112722 ], [ -116.403566074950689, 33.316895330112722 ], [ -116.403566074950689, 33.316663446054754 ], [ -116.403708086785002, 33.316663446054754 ], [ -116.403708086785002, 33.31654750402577 ], [ -116.403992110453643, 33.31654750402577 ], [ -116.403992110453643, 33.316431561996779 ], [ -116.404276134122284, 33.316431561996779 ], [ -116.404276134122284, 33.31654750402577 ], [ -116.404560157790925, 33.31654750402577 ], [ -116.404560157790925, 33.316663446054754 ], [ -116.404702169625239, 33.316663446054754 ], [ -116.404702169625239, 33.316779388083738 ], [ -116.404844181459566, 33.316779388083738 ], [ -116.404844181459566, 33.316895330112722 ], [ -116.40498619329388, 33.316895330112722 ], [ -116.40498619329388, 33.317011272141713 ], [ -116.405128205128193, 33.317011272141713 ], [ -116.405128205128193, 33.317127214170696 ], [ -116.405270216962521, 33.317127214170696 ], [ -116.405270216962521, 33.318286634460549 ], [ -116.405412228796834, 33.318286634460549 ], [ -116.405412228796834, 33.31840257648954 ], [ -116.405554240631162, 33.31840257648954 ], [ -116.405554240631162, 33.318518518518523 ], [ -116.405696252465475, 33.318518518518523 ], [ -116.405696252465475, 33.318634460547507 ], [ -116.405838264299803, 33.318634460547507 ], [ -116.405838264299803, 33.318750402576491 ], [ -116.405980276134116, 33.318750402576491 ], [ -116.405980276134116, 33.318982286634466 ], [ -116.405838264299803, 33.318982286634466 ], [ -116.405838264299803, 33.319330112721417 ], [ -116.40640631163707, 33.319330112721417 ], [ -116.40640631163707, 33.319446054750408 ], [ -116.406548323471398, 33.319446054750408 ], [ -116.406548323471398, 33.319561996779392 ], [ -116.406690335305711, 33.319561996779392 ], [ -116.406690335305711, 33.319793880837359 ], [ -116.406832347140039, 33.319793880837359 ], [ -116.406832347140039, 33.31990982286635 ], [ -116.406974358974352, 33.31990982286635 ], [ -116.406974358974352, 33.320141706924318 ], [ -116.407684418145948, 33.320141706924318 ], [ -116.407684418145948, 33.320257648953302 ], [ -116.407826429980275, 33.320257648953302 ], [ -116.407826429980275, 33.320373590982292 ], [ -116.40825246548323, 33.320373590982292 ], [ -116.40825246548323, 33.320489533011276 ], [ -116.408820512820512, 33.320489533011276 ], [ -116.408820512820512, 33.32060547504026 ], [ -116.408962524654825, 33.32060547504026 ], [ -116.408962524654825, 33.321069243156202 ], [ -116.407968441814589, 33.321069243156202 ], [ -116.407968441814589, 33.320953301127219 ], [ -116.407542406311634, 33.320953301127219 ], [ -116.407542406311634, 33.321069243156202 ], [ -116.406974358974352, 33.321069243156202 ], [ -116.406974358974352, 33.320953301127219 ], [ -116.406548323471398, 33.320953301127219 ], [ -116.406548323471398, 33.320837359098235 ], [ -116.40640631163707, 33.320837359098235 ], [ -116.40640631163707, 33.320721417069244 ], [ -116.406264299802757, 33.320721417069244 ], [ -116.406264299802757, 33.32060547504026 ], [ -116.406122287968429, 33.32060547504026 ], [ -116.406122287968429, 33.320489533011276 ], [ -116.405554240631162, 33.320489533011276 ], [ -116.405554240631162, 33.32060547504026 ], [ -116.405412228796834, 33.32060547504026 ], [ -116.405412228796834, 33.320837359098235 ], [ -116.405270216962521, 33.320837359098235 ], [ -116.405270216962521, 33.321069243156202 ], [ -116.40498619329388, 33.321069243156202 ], [ -116.40498619329388, 33.321185185185186 ], [ -116.404844181459566, 33.321185185185186 ], [ -116.404844181459566, 33.321648953301128 ], [ -116.404702169625239, 33.321648953301128 ], [ -116.404702169625239, 33.321764895330112 ], [ -116.404560157790925, 33.321764895330112 ], [ -116.404560157790925, 33.322228663446054 ], [ -116.404844181459566, 33.322228663446054 ], [ -116.404844181459566, 33.323735909822872 ], [ -116.404702169625239, 33.323735909822872 ], [ -116.404702169625239, 33.323851851851856 ], [ -116.404560157790925, 33.323851851851856 ], [ -116.404560157790925, 33.324547504025766 ], [ -116.404702169625239, 33.324547504025766 ], [ -116.404702169625239, 33.324895330112724 ], [ -116.404844181459566, 33.324895330112724 ], [ -116.404844181459566, 33.325127214170692 ], [ -116.40498619329388, 33.325127214170692 ], [ -116.40498619329388, 33.325243156199683 ], [ -116.405980276134116, 33.325243156199683 ], [ -116.405980276134116, 33.325359098228667 ], [ -116.40640631163707, 33.325359098228667 ], [ -116.40640631163707, 33.325590982286634 ], [ -116.406548323471398, 33.325590982286634 ], [ -116.406548323471398, 33.326054750402577 ], [ -116.40640631163707, 33.326054750402577 ], [ -116.40640631163707, 33.326170692431567 ], [ -116.406264299802757, 33.326170692431567 ], [ -116.406264299802757, 33.326750402576494 ], [ -116.406548323471398, 33.326750402576494 ], [ -116.406548323471398, 33.327098228663452 ], [ -116.406832347140039, 33.327098228663452 ], [ -116.406832347140039, 33.327214170692436 ], [ -116.406974358974352, 33.327214170692436 ], [ -116.406974358974352, 33.32733011272142 ], [ -116.407258382642993, 33.32733011272142 ], [ -116.407258382642993, 33.327446054750403 ], [ -116.407542406311634, 33.327446054750403 ], [ -116.407542406311634, 33.327561996779394 ], [ -116.407968441814589, 33.327561996779394 ], [ -116.407968441814589, 33.327677938808378 ], [ -116.408820512820512, 33.327677938808378 ], [ -116.408820512820512, 33.327446054750403 ], [ -116.408962524654825, 33.327446054750403 ], [ -116.408962524654825, 33.327098228663452 ], [ -116.410524654832344, 33.327098228663452 ], [ -116.410524654832344, 33.32733011272142 ], [ -116.410666666666657, 33.32733011272142 ], [ -116.410666666666657, 33.327561996779394 ], [ -116.410808678500985, 33.327561996779394 ], [ -116.410808678500985, 33.327793880837362 ], [ -116.410950690335298, 33.327793880837362 ], [ -116.410950690335298, 33.328025764895337 ], [ -116.411092702169611, 33.328025764895337 ], [ -116.411092702169611, 33.328373590982288 ], [ -116.411234714003939, 33.328373590982288 ], [ -116.411234714003939, 33.329185185185189 ], [ -116.411092702169611, 33.329185185185189 ], [ -116.411092702169611, 33.329417069243156 ], [ -116.410950690335298, 33.329417069243156 ], [ -116.410950690335298, 33.329533011272147 ], [ -116.410666666666657, 33.329533011272147 ], [ -116.410666666666657, 33.329648953301131 ], [ -116.410382642998016, 33.329648953301131 ], [ -116.410382642998016, 33.329764895330115 ], [ -116.410240631163703, 33.329764895330115 ], [ -116.410240631163703, 33.330112721417073 ], [ -116.411376725838252, 33.330112721417073 ], [ -116.411376725838252, 33.329764895330115 ], [ -116.41151873767258, 33.329764895330115 ], [ -116.41151873767258, 33.329533011272147 ], [ -116.412086785009848, 33.329533011272147 ], [ -116.412086785009848, 33.329185185185189 ], [ -116.412938856015771, 33.329185185185189 ], [ -116.412938856015771, 33.329069243156205 ], [ -116.413222879684412, 33.329069243156205 ], [ -116.413222879684412, 33.328953301127214 ], [ -116.413364891518725, 33.328953301127214 ], [ -116.413364891518725, 33.32883735909823 ], [ -116.413506903353053, 33.32883735909823 ], [ -116.413506903353053, 33.328721417069247 ], [ -116.413790927021694, 33.328721417069247 ], [ -116.413790927021694, 33.328489533011272 ], [ -116.413932938856007, 33.328489533011272 ], [ -116.413932938856007, 33.328025764895337 ], [ -116.414074950690321, 33.328025764895337 ], [ -116.414074950690321, 33.327214170692436 ], [ -116.414216962524648, 33.327214170692436 ], [ -116.414216962524648, 33.327098228663452 ], [ -116.414642998027603, 33.327098228663452 ], [ -116.414642998027603, 33.327214170692436 ], [ -116.41478500986193, 33.327214170692436 ], [ -116.41478500986193, 33.327561996779394 ], [ -116.414927021696244, 33.327561996779394 ], [ -116.414927021696244, 33.327793880837362 ], [ -116.415069033530557, 33.327793880837362 ], [ -116.415069033530557, 33.327909822866346 ], [ -116.415211045364885, 33.327909822866346 ], [ -116.415211045364885, 33.328025764895337 ], [ -116.415779092702167, 33.328025764895337 ], [ -116.415779092702167, 33.327909822866346 ], [ -116.416063116370793, 33.327909822866346 ], [ -116.416063116370793, 33.327793880837362 ], [ -116.416205128205121, 33.327793880837362 ], [ -116.416205128205121, 33.327677938808378 ], [ -116.416347140039434, 33.327677938808378 ], [ -116.416347140039434, 33.327561996779394 ], [ -116.416489151873762, 33.327561996779394 ], [ -116.416489151873762, 33.327214170692436 ], [ -116.416631163708075, 33.327214170692436 ], [ -116.416631163708075, 33.327098228663452 ], [ -116.416915187376716, 33.327098228663452 ], [ -116.416915187376716, 33.327214170692436 ], [ -116.41705719921103, 33.327214170692436 ], [ -116.41705719921103, 33.327677938808378 ], [ -116.416915187376716, 33.327677938808378 ], [ -116.416915187376716, 33.327909822866346 ], [ -116.416773175542403, 33.327909822866346 ], [ -116.416773175542403, 33.32814170692432 ], [ -116.416631163708075, 33.32814170692432 ], [ -116.416631163708075, 33.328257648953304 ], [ -116.416489151873762, 33.328257648953304 ], [ -116.416489151873762, 33.328721417069247 ], [ -116.416347140039434, 33.328721417069247 ], [ -116.416347140039434, 33.329185185185189 ], [ -116.416063116370793, 33.329185185185189 ], [ -116.416063116370793, 33.329301127214173 ], [ -116.41592110453648, 33.329301127214173 ], [ -116.41592110453648, 33.329533011272147 ], [ -116.415779092702167, 33.329533011272147 ], [ -116.415779092702167, 33.329648953301131 ], [ -116.415637080867839, 33.329648953301131 ], [ -116.415637080867839, 33.329764895330115 ], [ -116.415353057199198, 33.329764895330115 ], [ -116.415353057199198, 33.329880837359099 ], [ -116.415211045364885, 33.329880837359099 ], [ -116.415211045364885, 33.329764895330115 ], [ -116.415069033530557, 33.329764895330115 ], [ -116.415069033530557, 33.329648953301131 ], [ -116.414927021696244, 33.329648953301131 ], [ -116.414927021696244, 33.329533011272147 ], [ -116.41478500986193, 33.329533011272147 ], [ -116.41478500986193, 33.329417069243156 ], [ -116.414216962524648, 33.329417069243156 ], [ -116.414216962524648, 33.329880837359099 ], [ -116.414074950690321, 33.329880837359099 ], [ -116.414074950690321, 33.330112721417073 ], [ -116.413790927021694, 33.330112721417073 ], [ -116.413790927021694, 33.330576489533016 ], [ -116.413648915187366, 33.330576489533016 ], [ -116.413648915187366, 33.330808373590983 ], [ -116.413506903353053, 33.330808373590983 ], [ -116.413506903353053, 33.330924315619974 ], [ -116.413364891518725, 33.330924315619974 ], [ -116.413364891518725, 33.330808373590983 ], [ -116.413222879684412, 33.330808373590983 ], [ -116.413222879684412, 33.330692431561999 ], [ -116.413080867850084, 33.330692431561999 ], [ -116.413080867850084, 33.330576489533016 ], [ -116.412938856015771, 33.330576489533016 ], [ -116.412938856015771, 33.330460547504032 ], [ -116.41265483234713, 33.330460547504032 ], [ -116.41265483234713, 33.330228663446057 ], [ -116.412512820512816, 33.330228663446057 ], [ -116.412512820512816, 33.330112721417073 ], [ -116.411802761341221, 33.330112721417073 ], [ -116.411802761341221, 33.330228663446057 ], [ -116.411234714003939, 33.330228663446057 ], [ -116.411234714003939, 33.330576489533016 ], [ -116.411092702169611, 33.330576489533016 ], [ -116.411092702169611, 33.330692431561999 ], [ -116.410666666666657, 33.330692431561999 ], [ -116.410666666666657, 33.330576489533016 ], [ -116.410382642998016, 33.330576489533016 ], [ -116.410382642998016, 33.330460547504032 ], [ -116.410240631163703, 33.330460547504032 ], [ -116.410240631163703, 33.330344605475041 ], [ -116.410098619329375, 33.330344605475041 ], [ -116.410098619329375, 33.330228663446057 ], [ -116.409956607495062, 33.330228663446057 ], [ -116.409956607495062, 33.330112721417073 ], [ -116.409672583826421, 33.330112721417073 ], [ -116.409672583826421, 33.329880837359099 ], [ -116.40938856015778, 33.329880837359099 ], [ -116.40938856015778, 33.329648953301131 ], [ -116.409246548323466, 33.329648953301131 ], [ -116.409246548323466, 33.329417069243156 ], [ -116.409104536489139, 33.329417069243156 ], [ -116.409104536489139, 33.329301127214173 ], [ -116.408962524654825, 33.329301127214173 ], [ -116.408962524654825, 33.328953301127214 ], [ -116.407684418145948, 33.328953301127214 ], [ -116.407684418145948, 33.32883735909823 ], [ -116.406548323471398, 33.32883735909823 ], [ -116.406548323471398, 33.328721417069247 ], [ -116.405412228796834, 33.328721417069247 ], [ -116.405412228796834, 33.328605475040263 ], [ -116.405270216962521, 33.328605475040263 ], [ -116.405270216962521, 33.328489533011272 ], [ -116.405128205128193, 33.328489533011272 ], [ -116.405128205128193, 33.32814170692432 ], [ -116.404702169625239, 33.32814170692432 ], [ -116.404702169625239, 33.328025764895337 ], [ -116.404560157790925, 33.328025764895337 ], [ -116.404560157790925, 33.327909822866346 ], [ -116.404418145956598, 33.327909822866346 ], [ -116.404418145956598, 33.327793880837362 ], [ -116.404276134122284, 33.327793880837362 ], [ -116.404276134122284, 33.327677938808378 ], [ -116.404134122287957, 33.327677938808378 ], [ -116.404134122287957, 33.327561996779394 ], [ -116.403992110453643, 33.327561996779394 ], [ -116.403992110453643, 33.327446054750403 ], [ -116.40385009861933, 33.327446054750403 ], [ -116.40385009861933, 33.32733011272142 ], [ -116.403424063116361, 33.32733011272142 ], [ -116.403424063116361, 33.327446054750403 ], [ -116.403282051282048, 33.327446054750403 ], [ -116.403282051282048, 33.327561996779394 ], [ -116.40314003944772, 33.327561996779394 ], [ -116.40314003944772, 33.327677938808378 ], [ -116.402998027613407, 33.327677938808378 ], [ -116.402998027613407, 33.327909822866346 ], [ -116.402856015779093, 33.327909822866346 ], [ -116.402856015779093, 33.32814170692432 ], [ -116.402571992110452, 33.32814170692432 ], [ -116.402571992110452, 33.328257648953304 ], [ -116.402429980276125, 33.328257648953304 ], [ -116.402429980276125, 33.329069243156205 ], [ -116.402571992110452, 33.329069243156205 ], [ -116.402571992110452, 33.329533011272147 ], [ -116.402714003944766, 33.329533011272147 ], [ -116.402714003944766, 33.32999677938809 ], [ -116.402856015779093, 33.32999677938809 ], [ -116.402856015779093, 33.330112721417073 ], [ -116.40314003944772, 33.330112721417073 ], [ -116.40314003944772, 33.330228663446057 ], [ -116.403282051282048, 33.330228663446057 ], [ -116.403282051282048, 33.330460547504032 ], [ -116.403424063116361, 33.330460547504032 ], [ -116.403424063116361, 33.330576489533016 ], [ -116.403566074950689, 33.330576489533016 ], [ -116.403566074950689, 33.330692431561999 ], [ -116.403708086785002, 33.330692431561999 ], [ -116.403708086785002, 33.330808373590983 ], [ -116.40385009861933, 33.330808373590983 ], [ -116.40385009861933, 33.330924315619974 ], [ -116.403992110453643, 33.330924315619974 ], [ -116.403992110453643, 33.331156199677942 ], [ -116.404134122287957, 33.331156199677942 ], [ -116.404134122287957, 33.331272141706926 ], [ -116.404276134122284, 33.331272141706926 ], [ -116.404276134122284, 33.331388083735916 ], [ -116.404418145956598, 33.331388083735916 ], [ -116.404418145956598, 33.3315040257649 ], [ -116.404702169625239, 33.3315040257649 ], [ -116.404702169625239, 33.331619967793884 ], [ -116.40498619329388, 33.331619967793884 ], [ -116.40498619329388, 33.331735909822868 ], [ -116.405270216962521, 33.331735909822868 ], [ -116.405270216962521, 33.332547504025769 ], [ -116.405128205128193, 33.332547504025769 ], [ -116.405128205128193, 33.332431561996785 ], [ -116.404418145956598, 33.332431561996785 ], [ -116.404418145956598, 33.332315619967794 ], [ -116.404276134122284, 33.332315619967794 ], [ -116.404276134122284, 33.33219967793881 ], [ -116.40314003944772, 33.33219967793881 ], [ -116.40314003944772, 33.332083735909826 ], [ -116.402998027613407, 33.332083735909826 ], [ -116.402998027613407, 33.331851851851852 ], [ -116.402856015779093, 33.331851851851852 ], [ -116.402856015779093, 33.331735909822868 ], [ -116.402429980276125, 33.331735909822868 ], [ -116.402429980276125, 33.331619967793884 ], [ -116.402287968441811, 33.331619967793884 ], [ -116.402287968441811, 33.3315040257649 ], [ -116.401719921104529, 33.3315040257649 ], [ -116.401719921104529, 33.331388083735916 ], [ -116.401577909270216, 33.331388083735916 ], [ -116.401577909270216, 33.331272141706926 ], [ -116.400725838264293, 33.331272141706926 ], [ -116.400725838264293, 33.331388083735916 ], [ -116.40058382642998, 33.331388083735916 ], [ -116.40058382642998, 33.3315040257649 ], [ -116.400441814595652, 33.3315040257649 ], [ -116.400441814595652, 33.331735909822868 ], [ -116.400299802761339, 33.331735909822868 ], [ -116.400299802761339, 33.332315619967794 ], [ -116.400441814595652, 33.332315619967794 ], [ -116.400441814595652, 33.332779388083736 ], [ -116.40058382642998, 33.332779388083736 ], [ -116.40058382642998, 33.333243156199678 ], [ -116.400725838264293, 33.333243156199678 ], [ -116.400725838264293, 33.333475040257653 ], [ -116.400867850098621, 33.333475040257653 ], [ -116.400867850098621, 33.333590982286637 ], [ -116.401151873767247, 33.333590982286637 ], [ -116.401151873767247, 33.333706924315621 ], [ -116.401577909270216, 33.333706924315621 ], [ -116.401577909270216, 33.334402576489538 ], [ -116.402287968441811, 33.334402576489538 ], [ -116.402287968441811, 33.334286634460554 ], [ -116.402714003944766, 33.334286634460554 ], [ -116.402714003944766, 33.334170692431563 ], [ -116.403566074950689, 33.334170692431563 ], [ -116.403566074950689, 33.334286634460554 ], [ -116.404560157790925, 33.334286634460554 ], [ -116.404560157790925, 33.334402576489538 ], [ -116.405270216962521, 33.334402576489538 ], [ -116.405270216962521, 33.334518518518522 ], [ -116.405412228796834, 33.334518518518522 ], [ -116.405412228796834, 33.334634460547505 ], [ -116.405980276134116, 33.334634460547505 ], [ -116.405980276134116, 33.334750402576496 ], [ -116.406264299802757, 33.334750402576496 ], [ -116.406264299802757, 33.33486634460548 ], [ -116.40640631163707, 33.33486634460548 ], [ -116.40640631163707, 33.335330112721422 ], [ -116.406264299802757, 33.335330112721422 ], [ -116.406264299802757, 33.33556199677939 ], [ -116.406122287968429, 33.33556199677939 ], [ -116.406122287968429, 33.335793880837365 ], [ -116.405980276134116, 33.335793880837365 ], [ -116.405980276134116, 33.336141706924316 ], [ -116.405128205128193, 33.336141706924316 ], [ -116.405128205128193, 33.336025764895332 ], [ -116.404418145956598, 33.336025764895332 ], [ -116.404418145956598, 33.336373590982291 ], [ -116.404560157790925, 33.336373590982291 ], [ -116.404560157790925, 33.336489533011274 ], [ -116.40498619329388, 33.336489533011274 ], [ -116.40498619329388, 33.336605475040258 ], [ -116.405270216962521, 33.336605475040258 ], [ -116.405270216962521, 33.337996779388085 ], [ -116.405128205128193, 33.337996779388085 ], [ -116.405128205128193, 33.338576489533011 ], [ -116.405270216962521, 33.338576489533011 ], [ -116.405270216962521, 33.338808373590986 ], [ -116.405554240631162, 33.338808373590986 ], [ -116.405554240631162, 33.33892431561997 ], [ -116.405696252465475, 33.33892431561997 ], [ -116.405696252465475, 33.339156199677944 ], [ -116.40385009861933, 33.339156199677944 ], [ -116.40385009861933, 33.339040257648954 ], [ -116.403566074950689, 33.339040257648954 ], [ -116.403566074950689, 33.338808373590986 ], [ -116.403424063116361, 33.338808373590986 ], [ -116.403424063116361, 33.338460547504027 ], [ -116.403282051282048, 33.338460547504027 ], [ -116.403282051282048, 33.338344605475044 ], [ -116.402998027613407, 33.338344605475044 ], [ -116.402998027613407, 33.33822866344606 ], [ -116.402571992110452, 33.33822866344606 ], [ -116.402571992110452, 33.338344605475044 ], [ -116.402287968441811, 33.338344605475044 ], [ -116.402287968441811, 33.338460547504027 ], [ -116.401435897435888, 33.338460547504027 ], [ -116.401435897435888, 33.338344605475044 ], [ -116.401009861932934, 33.338344605475044 ], [ -116.401009861932934, 33.338460547504027 ], [ -116.400725838264293, 33.338460547504027 ], [ -116.400725838264293, 33.338576489533011 ], [ -116.400441814595652, 33.338576489533011 ], [ -116.400441814595652, 33.338692431562002 ], [ -116.400299802761339, 33.338692431562002 ], [ -116.400299802761339, 33.339040257648954 ], [ -116.400015779092698, 33.339040257648954 ], [ -116.400015779092698, 33.339156199677944 ], [ -116.399731755424057, 33.339156199677944 ], [ -116.399731755424057, 33.339272141706928 ], [ -116.399589743589743, 33.339272141706928 ], [ -116.399589743589743, 33.339619967793887 ], [ -116.399731755424057, 33.339619967793887 ], [ -116.399731755424057, 33.340083735909829 ], [ -116.399873767258384, 33.340083735909829 ], [ -116.399873767258384, 33.34043156199678 ], [ -116.400015779092698, 33.34043156199678 ], [ -116.400015779092698, 33.340547504025771 ], [ -116.400157790927011, 33.340547504025771 ], [ -116.400157790927011, 33.340663446054755 ], [ -116.400299802761339, 33.340663446054755 ], [ -116.400299802761339, 33.340779388083739 ], [ -116.400441814595652, 33.340779388083739 ], [ -116.400441814595652, 33.341011272141714 ], [ -116.40058382642998, 33.341011272141714 ], [ -116.40058382642998, 33.341243156199681 ], [ -116.400725838264293, 33.341243156199681 ], [ -116.400725838264293, 33.341938808373591 ], [ -116.400867850098621, 33.341938808373591 ], [ -116.400867850098621, 33.342054750402582 ], [ -116.400725838264293, 33.342054750402582 ], [ -116.400725838264293, 33.342634460547508 ], [ -116.40058382642998, 33.342634460547508 ], [ -116.40058382642998, 33.342982286634467 ], [ -116.400725838264293, 33.342982286634467 ], [ -116.400725838264293, 33.344025764895335 ], [ -116.40058382642998, 33.344025764895335 ], [ -116.40058382642998, 33.344257648953302 ], [ -116.400015779092698, 33.344257648953302 ], [ -116.400015779092698, 33.344141706924319 ], [ -116.399731755424057, 33.344141706924319 ], [ -116.399731755424057, 33.344025764895335 ], [ -116.399589743589743, 33.344025764895335 ], [ -116.399589743589743, 33.343909822866351 ], [ -116.399447731755416, 33.343909822866351 ], [ -116.399447731755416, 33.34379388083736 ], [ -116.399305719921102, 33.34379388083736 ], [ -116.399305719921102, 33.343561996779393 ], [ -116.399163708086775, 33.343561996779393 ], [ -116.399163708086775, 33.343330112721418 ], [ -116.399021696252461, 33.343330112721418 ], [ -116.399021696252461, 33.34309822866345 ], [ -116.398879684418148, 33.34309822866345 ], [ -116.398879684418148, 33.342866344605476 ], [ -116.398595660749507, 33.342866344605476 ], [ -116.398595660749507, 33.342750402576492 ], [ -116.398311637080866, 33.342750402576492 ], [ -116.398311637080866, 33.342634460547508 ], [ -116.398027613412225, 33.342634460547508 ], [ -116.398027613412225, 33.342518518518524 ], [ -116.397885601577912, 33.342518518518524 ], [ -116.397885601577912, 33.34159098228664 ], [ -116.397743589743584, 33.34159098228664 ], [ -116.397743589743584, 33.341243156199681 ], [ -116.397459566074943, 33.341243156199681 ], [ -116.397459566074943, 33.341011272141714 ], [ -116.39731755424063, 33.341011272141714 ], [ -116.39731755424063, 33.340779388083739 ], [ -116.397175542406302, 33.340779388083739 ], [ -116.397175542406302, 33.340315619967797 ], [ -116.397033530571989, 33.340315619967797 ], [ -116.397033530571989, 33.339967793880838 ], [ -116.396891518737675, 33.339967793880838 ], [ -116.396891518737675, 33.339619967793887 ], [ -116.396749506903348, 33.339619967793887 ], [ -116.396749506903348, 33.339388083735912 ], [ -116.396607495069034, 33.339388083735912 ], [ -116.396607495069034, 33.339156199677944 ], [ -116.396039447731752, 33.339156199677944 ], [ -116.396039447731752, 33.339040257648954 ], [ -116.395897435897425, 33.339040257648954 ], [ -116.395897435897425, 33.338576489533011 ], [ -116.395755424063111, 33.338576489533011 ], [ -116.395755424063111, 33.33822866344606 ], [ -116.395613412228798, 33.33822866344606 ], [ -116.395613412228798, 33.338112721417076 ], [ -116.39547140039447, 33.338112721417076 ], [ -116.39547140039447, 33.337880837359101 ], [ -116.395329388560157, 33.337880837359101 ], [ -116.395329388560157, 33.337764895330118 ], [ -116.395187376725829, 33.337764895330118 ], [ -116.395187376725829, 33.337648953301134 ], [ -116.394903353057188, 33.337648953301134 ], [ -116.394903353057188, 33.337533011272143 ], [ -116.39433530571992, 33.337533011272143 ], [ -116.39433530571992, 33.337417069243159 ], [ -116.394193293885593, 33.337417069243159 ], [ -116.394193293885593, 33.337185185185191 ], [ -116.393909270216952, 33.337185185185191 ], [ -116.393909270216952, 33.337069243156201 ], [ -116.393625246548325, 33.337069243156201 ], [ -116.393625246548325, 33.336953301127217 ], [ -116.393341222879684, 33.336953301127217 ], [ -116.393341222879684, 33.336837359098233 ], [ -116.393057199211043, 33.336837359098233 ], [ -116.393057199211043, 33.336721417069249 ], [ -116.392773175542402, 33.336721417069249 ], [ -116.392773175542402, 33.336605475040258 ], [ -116.392631163708089, 33.336605475040258 ], [ -116.392631163708089, 33.336489533011274 ], [ -116.392489151873761, 33.336489533011274 ], [ -116.392489151873761, 33.336257648953307 ], [ -116.392347140039448, 33.336257648953307 ], [ -116.392347140039448, 33.336141706924316 ], [ -116.39220512820512, 33.336141706924316 ], [ -116.39220512820512, 33.33486634460548 ], [ -116.392063116370807, 33.33486634460548 ], [ -116.392063116370807, 33.334518518518522 ], [ -116.391921104536479, 33.334518518518522 ], [ -116.391921104536479, 33.334402576489538 ], [ -116.391779092702166, 33.334402576489538 ], [ -116.391779092702166, 33.334286634460554 ], [ -116.391637080867852, 33.334286634460554 ], [ -116.391637080867852, 33.334170692431563 ], [ -116.391495069033525, 33.334170692431563 ], [ -116.391495069033525, 33.334054750402579 ], [ -116.391353057199211, 33.334054750402579 ], [ -116.391353057199211, 33.333822866344612 ], [ -116.391211045364884, 33.333822866344612 ], [ -116.391211045364884, 33.333706924315621 ], [ -116.39106903353057, 33.333706924315621 ], [ -116.39106903353057, 33.333590982286637 ], [ -116.390927021696243, 33.333590982286637 ], [ -116.390927021696243, 33.333359098228669 ], [ -116.390785009861929, 33.333359098228669 ], [ -116.390785009861929, 33.333243156199678 ], [ -116.390642998027616, 33.333243156199678 ], [ -116.390642998027616, 33.333127214170695 ], [ -116.389932938856006, 33.333127214170695 ], [ -116.389932938856006, 33.333243156199678 ], [ -116.389790927021693, 33.333243156199678 ], [ -116.389790927021693, 33.334170692431563 ], [ -116.389648915187379, 33.334170692431563 ], [ -116.389648915187379, 33.334982286634464 ], [ -116.389506903353052, 33.334982286634464 ], [ -116.389506903353052, 33.336721417069249 ], [ -116.389648915187379, 33.336721417069249 ], [ -116.389648915187379, 33.336953301127217 ], [ -116.389790927021693, 33.336953301127217 ], [ -116.389790927021693, 33.337185185185191 ], [ -116.389932938856006, 33.337185185185191 ], [ -116.389932938856006, 33.337301127214175 ], [ -116.390074950690334, 33.337301127214175 ], [ -116.390074950690334, 33.337417069243159 ], [ -116.390358974358975, 33.337417069243159 ], [ -116.390358974358975, 33.337648953301134 ], [ -116.390500986193288, 33.337648953301134 ], [ -116.390500986193288, 33.337764895330118 ], [ -116.390642998027616, 33.337764895330118 ], [ -116.390642998027616, 33.337880837359101 ], [ -116.390785009861929, 33.337880837359101 ], [ -116.390785009861929, 33.337996779388085 ], [ -116.390927021696243, 33.337996779388085 ], [ -116.390927021696243, 33.33822866344606 ], [ -116.39106903353057, 33.33822866344606 ], [ -116.39106903353057, 33.338344605475044 ], [ -116.391211045364884, 33.338344605475044 ], [ -116.391211045364884, 33.338576489533011 ], [ -116.391353057199211, 33.338576489533011 ], [ -116.391353057199211, 33.338692431562002 ], [ -116.391495069033525, 33.338692431562002 ], [ -116.391495069033525, 33.338808373590986 ], [ -116.391637080867852, 33.338808373590986 ], [ -116.391637080867852, 33.33892431561997 ], [ -116.391779092702166, 33.33892431561997 ], [ -116.391779092702166, 33.339040257648954 ], [ -116.391921104536479, 33.339040257648954 ], [ -116.391921104536479, 33.339156199677944 ], [ -116.392063116370807, 33.339156199677944 ], [ -116.392063116370807, 33.339272141706928 ], [ -116.39220512820512, 33.339272141706928 ], [ -116.39220512820512, 33.339851851851854 ], [ -116.392347140039448, 33.339851851851854 ], [ -116.392347140039448, 33.340083735909829 ], [ -116.392489151873761, 33.340083735909829 ], [ -116.392489151873761, 33.34043156199678 ], [ -116.392631163708089, 33.34043156199678 ], [ -116.392631163708089, 33.340663446054755 ], [ -116.392773175542402, 33.340663446054755 ], [ -116.392773175542402, 33.340895330112723 ], [ -116.392915187376715, 33.340895330112723 ], [ -116.392915187376715, 33.341243156199681 ], [ -116.393057199211043, 33.341243156199681 ], [ -116.393057199211043, 33.34159098228664 ], [ -116.393199211045356, 33.34159098228664 ], [ -116.393199211045356, 33.341822866344607 ], [ -116.393341222879684, 33.341822866344607 ], [ -116.393341222879684, 33.342054750402582 ], [ -116.393483234713997, 33.342054750402582 ], [ -116.393483234713997, 33.342170692431566 ], [ -116.394051282051279, 33.342170692431566 ], [ -116.394051282051279, 33.34228663446055 ], [ -116.394193293885593, 33.34228663446055 ], [ -116.394193293885593, 33.342982286634467 ], [ -116.394619329388561, 33.342982286634467 ], [ -116.394619329388561, 33.34309822866345 ], [ -116.394761341222875, 33.34309822866345 ], [ -116.394761341222875, 33.343330112721418 ], [ -116.394903353057188, 33.343330112721418 ], [ -116.394903353057188, 33.343561996779393 ], [ -116.395045364891516, 33.343561996779393 ], [ -116.395045364891516, 33.343677938808376 ], [ -116.395187376725829, 33.343677938808376 ], [ -116.395187376725829, 33.34379388083736 ], [ -116.395329388560157, 33.34379388083736 ], [ -116.395329388560157, 33.343909822866351 ], [ -116.39547140039447, 33.343909822866351 ], [ -116.39547140039447, 33.344025764895335 ], [ -116.395613412228798, 33.344025764895335 ], [ -116.395613412228798, 33.344141706924319 ], [ -116.395755424063111, 33.344141706924319 ], [ -116.395755424063111, 33.344257648953302 ], [ -116.396039447731752, 33.344257648953302 ], [ -116.396039447731752, 33.344373590982293 ], [ -116.396181459566066, 33.344373590982293 ], [ -116.396181459566066, 33.344489533011277 ], [ -116.396465483234707, 33.344489533011277 ], [ -116.396465483234707, 33.344605475040261 ], [ -116.396607495069034, 33.344605475040261 ], [ -116.396607495069034, 33.344721417069245 ], [ -116.396749506903348, 33.344721417069245 ], [ -116.396749506903348, 33.344953301127219 ], [ -116.396891518737675, 33.344953301127219 ], [ -116.396891518737675, 33.345185185185187 ], [ -116.397601577909271, 33.345185185185187 ], [ -116.397601577909271, 33.345301127214171 ], [ -116.397743589743584, 33.345301127214171 ], [ -116.397743589743584, 33.345533011272146 ], [ -116.397885601577912, 33.345533011272146 ], [ -116.397885601577912, 33.345996779388088 ], [ -116.398169625246538, 33.345996779388088 ], [ -116.398169625246538, 33.346112721417072 ], [ -116.398311637080866, 33.346112721417072 ], [ -116.398311637080866, 33.346228663446055 ], [ -116.398453648915179, 33.346228663446055 ], [ -116.398453648915179, 33.346344605475046 ], [ -116.398595660749507, 33.346344605475046 ], [ -116.398595660749507, 33.34646054750403 ], [ -116.39873767258382, 33.34646054750403 ], [ -116.39873767258382, 33.346692431561998 ], [ -116.398879684418148, 33.346692431561998 ], [ -116.398879684418148, 33.346924315619972 ], [ -116.399021696252461, 33.346924315619972 ], [ -116.399021696252461, 33.347040257648956 ], [ -116.399163708086775, 33.347040257648956 ], [ -116.399163708086775, 33.34715619967794 ], [ -116.399305719921102, 33.34715619967794 ], [ -116.399305719921102, 33.347272141706931 ], [ -116.399447731755416, 33.347272141706931 ], [ -116.399447731755416, 33.347388083735915 ], [ -116.399731755424057, 33.347388083735915 ], [ -116.399731755424057, 33.347504025764898 ], [ -116.399873767258384, 33.347504025764898 ], [ -116.399873767258384, 33.347619967793882 ], [ -116.400015779092698, 33.347619967793882 ], [ -116.400015779092698, 33.347735909822873 ], [ -116.400157790927011, 33.347735909822873 ], [ -116.400157790927011, 33.347967793880841 ], [ -116.400299802761339, 33.347967793880841 ], [ -116.400299802761339, 33.348199677938808 ], [ -116.402714003944766, 33.348199677938808 ], [ -116.402714003944766, 33.347851851851857 ], [ -116.402571992110452, 33.347851851851857 ], [ -116.402571992110452, 33.347040257648956 ], [ -116.402287968441811, 33.347040257648956 ], [ -116.402287968441811, 33.346808373590989 ], [ -116.40200394477317, 33.346808373590989 ], [ -116.40200394477317, 33.346692431561998 ], [ -116.401719921104529, 33.346692431561998 ], [ -116.401719921104529, 33.346344605475046 ], [ -116.40200394477317, 33.346344605475046 ], [ -116.40200394477317, 33.346228663446055 ], [ -116.402287968441811, 33.346228663446055 ], [ -116.402287968441811, 33.346576489533014 ], [ -116.402714003944766, 33.346576489533014 ], [ -116.402714003944766, 33.346808373590989 ], [ -116.402856015779093, 33.346808373590989 ], [ -116.402856015779093, 33.346924315619972 ], [ -116.402998027613407, 33.346924315619972 ], [ -116.402998027613407, 33.347040257648956 ], [ -116.40314003944772, 33.347040257648956 ], [ -116.40314003944772, 33.34715619967794 ], [ -116.403282051282048, 33.34715619967794 ], [ -116.403282051282048, 33.347272141706931 ], [ -116.403424063116361, 33.347272141706931 ], [ -116.403424063116361, 33.347388083735915 ], [ -116.403566074950689, 33.347388083735915 ], [ -116.403566074950689, 33.347504025764898 ], [ -116.403708086785002, 33.347504025764898 ], [ -116.403708086785002, 33.347619967793882 ], [ -116.40385009861933, 33.347619967793882 ], [ -116.40385009861933, 33.348431561996783 ], [ -116.403992110453643, 33.348431561996783 ], [ -116.403992110453643, 33.348547504025767 ], [ -116.404134122287957, 33.348547504025767 ], [ -116.404134122287957, 33.348779388083742 ], [ -116.404276134122284, 33.348779388083742 ], [ -116.404276134122284, 33.348895330112725 ], [ -116.404134122287957, 33.348895330112725 ], [ -116.404134122287957, 33.349127214170693 ], [ -116.403566074950689, 33.349127214170693 ], [ -116.403566074950689, 33.349011272141709 ], [ -116.402998027613407, 33.349011272141709 ], [ -116.402998027613407, 33.349127214170693 ], [ -116.402429980276125, 33.349127214170693 ], [ -116.402429980276125, 33.349359098228668 ], [ -116.402287968441811, 33.349359098228668 ], [ -116.402287968441811, 33.349590982286635 ], [ -116.402145956607484, 33.349590982286635 ], [ -116.402145956607484, 33.34982286634461 ], [ -116.40200394477317, 33.34982286634461 ], [ -116.40200394477317, 33.350170692431568 ], [ -116.401861932938857, 33.350170692431568 ], [ -116.401861932938857, 33.350750402576494 ], [ -116.401719921104529, 33.350750402576494 ], [ -116.401719921104529, 33.351098228663453 ], [ -116.401861932938857, 33.351098228663453 ], [ -116.401861932938857, 33.351214170692437 ], [ -116.402287968441811, 33.351214170692437 ], [ -116.402287968441811, 33.352489533011273 ], [ -116.402429980276125, 33.352489533011273 ], [ -116.402429980276125, 33.352953301127215 ], [ -116.402571992110452, 33.352953301127215 ], [ -116.402571992110452, 33.353301127214174 ], [ -116.402714003944766, 33.353301127214174 ], [ -116.402714003944766, 33.353417069243157 ], [ -116.402856015779093, 33.353417069243157 ], [ -116.402856015779093, 33.353533011272148 ], [ -116.402998027613407, 33.353533011272148 ], [ -116.402998027613407, 33.353648953301132 ], [ -116.40314003944772, 33.353648953301132 ], [ -116.40314003944772, 33.353764895330116 ], [ -116.403424063116361, 33.353764895330116 ], [ -116.403424063116361, 33.35399677938809 ], [ -116.403566074950689, 33.35399677938809 ], [ -116.403566074950689, 33.354228663446058 ], [ -116.403708086785002, 33.354228663446058 ], [ -116.403708086785002, 33.354692431562 ], [ -116.40385009861933, 33.354692431562 ], [ -116.40385009861933, 33.35538808373591 ], [ -116.403992110453643, 33.35538808373591 ], [ -116.403992110453643, 33.357243156199679 ], [ -116.404418145956598, 33.357243156199679 ], [ -116.404418145956598, 33.357590982286638 ], [ -116.404276134122284, 33.357590982286638 ], [ -116.404276134122284, 33.357706924315622 ], [ -116.403992110453643, 33.357706924315622 ], [ -116.403992110453643, 33.358170692431564 ], [ -116.404134122287957, 33.358170692431564 ], [ -116.404134122287957, 33.358402576489539 ], [ -116.404276134122284, 33.358402576489539 ], [ -116.404276134122284, 33.358634460547506 ], [ -116.404418145956598, 33.358634460547506 ], [ -116.404418145956598, 33.35875040257649 ], [ -116.404702169625239, 33.35875040257649 ], [ -116.404702169625239, 33.358866344605481 ], [ -116.40498619329388, 33.358866344605481 ], [ -116.40498619329388, 33.358982286634465 ], [ -116.405128205128193, 33.358982286634465 ], [ -116.405128205128193, 33.359098228663449 ], [ -116.405270216962521, 33.359098228663449 ], [ -116.405270216962521, 33.359446054750407 ], [ -116.406122287968429, 33.359446054750407 ], [ -116.406122287968429, 33.359561996779391 ], [ -116.406832347140039, 33.359561996779391 ], [ -116.406832347140039, 33.359677938808375 ], [ -116.407116370808666, 33.359677938808375 ], [ -116.407116370808666, 33.359793880837366 ], [ -116.407258382642993, 33.359793880837366 ], [ -116.407258382642993, 33.359909822866349 ], [ -116.407400394477307, 33.359909822866349 ], [ -116.407400394477307, 33.360141706924317 ], [ -116.407684418145948, 33.360141706924317 ], [ -116.407684418145948, 33.360257648953308 ], [ -116.408820512820512, 33.360257648953308 ], [ -116.408820512820512, 33.360373590982292 ], [ -116.408962524654825, 33.360373590982292 ], [ -116.408962524654825, 33.360837359098234 ], [ -116.409672583826421, 33.360837359098234 ], [ -116.409672583826421, 33.36072141706925 ], [ -116.410950690335298, 33.36072141706925 ], [ -116.410950690335298, 33.360953301127218 ], [ -116.411092702169611, 33.360953301127218 ], [ -116.411092702169611, 33.361069243156201 ], [ -116.412512820512816, 33.361069243156201 ], [ -116.412512820512816, 33.361301127214176 ], [ -116.41265483234713, 33.361301127214176 ], [ -116.41265483234713, 33.36141706924316 ], [ -116.413222879684412, 33.36141706924316 ], [ -116.413222879684412, 33.361301127214176 ], [ -116.413648915187366, 33.361301127214176 ], [ -116.413648915187366, 33.36141706924316 ], [ -116.414074950690321, 33.36141706924316 ], [ -116.414074950690321, 33.361533011272144 ], [ -116.414358974358962, 33.361533011272144 ], [ -116.414358974358962, 33.361648953301128 ], [ -116.41478500986193, 33.361648953301128 ], [ -116.41478500986193, 33.361764895330118 ], [ -116.415211045364885, 33.361764895330118 ], [ -116.415211045364885, 33.361648953301128 ], [ -116.415637080867839, 33.361648953301128 ], [ -116.415637080867839, 33.361533011272144 ], [ -116.416063116370793, 33.361533011272144 ], [ -116.416063116370793, 33.36141706924316 ], [ -116.416347140039434, 33.36141706924316 ], [ -116.416347140039434, 33.361185185185192 ], [ -116.416915187376716, 33.361185185185192 ], [ -116.416915187376716, 33.361069243156201 ], [ -116.417199211045357, 33.361069243156201 ], [ -116.417199211045357, 33.361185185185192 ], [ -116.417767258382639, 33.361185185185192 ], [ -116.417767258382639, 33.361301127214176 ], [ -116.418193293885594, 33.361301127214176 ], [ -116.418193293885594, 33.361185185185192 ], [ -116.418335305719907, 33.361185185185192 ], [ -116.418335305719907, 33.361301127214176 ], [ -116.418903353057189, 33.361301127214176 ], [ -116.418903353057189, 33.361764895330118 ], [ -116.418761341222876, 33.361764895330118 ], [ -116.418761341222876, 33.361996779388086 ], [ -116.418193293885594, 33.361996779388086 ], [ -116.418193293885594, 33.36211272141707 ], [ -116.418051282051266, 33.36211272141707 ], [ -116.418051282051266, 33.362228663446061 ], [ -116.417341222879671, 33.362228663446061 ], [ -116.417341222879671, 33.362344605475045 ], [ -116.417199211045357, 33.362344605475045 ], [ -116.417199211045357, 33.362460547504028 ], [ -116.41705719921103, 33.362460547504028 ], [ -116.41705719921103, 33.362576489533012 ], [ -116.416347140039434, 33.362576489533012 ], [ -116.416347140039434, 33.362344605475045 ], [ -116.415637080867839, 33.362344605475045 ], [ -116.415637080867839, 33.362228663446061 ], [ -116.41478500986193, 33.362228663446061 ], [ -116.41478500986193, 33.362344605475045 ], [ -116.414642998027603, 33.362344605475045 ], [ -116.414642998027603, 33.362692431562003 ], [ -116.41478500986193, 33.362692431562003 ], [ -116.41478500986193, 33.362924315619971 ], [ -116.414927021696244, 33.362924315619971 ], [ -116.414927021696244, 33.363040257648954 ], [ -116.415069033530557, 33.363040257648954 ], [ -116.415069033530557, 33.363156199677945 ], [ -116.415211045364885, 33.363156199677945 ], [ -116.415211045364885, 33.363272141706929 ], [ -116.415353057199198, 33.363272141706929 ], [ -116.415353057199198, 33.363388083735913 ], [ -116.415495069033526, 33.363388083735913 ], [ -116.415495069033526, 33.363967793880839 ], [ -116.415637080867839, 33.363967793880839 ], [ -116.415637080867839, 33.364431561996781 ], [ -116.415495069033526, 33.364431561996781 ], [ -116.415495069033526, 33.36477938808374 ], [ -116.415637080867839, 33.36477938808374 ], [ -116.415637080867839, 33.364895330112724 ], [ -116.416489151873762, 33.364895330112724 ], [ -116.416489151873762, 33.36477938808374 ], [ -116.417199211045357, 33.36477938808374 ], [ -116.417199211045357, 33.364663446054756 ], [ -116.41918737672583, 33.364663446054756 ], [ -116.41918737672583, 33.36477938808374 ], [ -116.419897435897425, 33.36477938808374 ], [ -116.419897435897425, 33.364895330112724 ], [ -116.420039447731753, 33.364895330112724 ], [ -116.420039447731753, 33.365359098228666 ], [ -116.420607495069021, 33.365359098228666 ], [ -116.420607495069021, 33.36547504025765 ], [ -116.420891518737662, 33.36547504025765 ], [ -116.420891518737662, 33.365590982286641 ], [ -116.421033530571989, 33.365590982286641 ], [ -116.421033530571989, 33.365706924315624 ], [ -116.421317554240616, 33.365706924315624 ], [ -116.421317554240616, 33.365822866344608 ], [ -116.421459566074944, 33.365822866344608 ], [ -116.421459566074944, 33.365938808373592 ], [ -116.421317554240616, 33.365938808373592 ], [ -116.421317554240616, 33.36628663446055 ], [ -116.422595660749494, 33.36628663446055 ], [ -116.422595660749494, 33.366750402576493 ], [ -116.42245364891518, 33.366750402576493 ], [ -116.42245364891518, 33.367214170692435 ], [ -116.422311637080853, 33.367214170692435 ], [ -116.422311637080853, 33.367561996779393 ], [ -116.42245364891518, 33.367561996779393 ], [ -116.42245364891518, 33.367793880837361 ], [ -116.422595660749494, 33.367793880837361 ], [ -116.422595660749494, 33.367909822866345 ], [ -116.422737672583821, 33.367909822866345 ], [ -116.422737672583821, 33.36814170692432 ], [ -116.422879684418135, 33.36814170692432 ], [ -116.422879684418135, 33.368257648953303 ], [ -116.423021696252462, 33.368257648953303 ], [ -116.423021696252462, 33.368373590982287 ], [ -116.423163708086776, 33.368373590982287 ], [ -116.423163708086776, 33.368605475040262 ], [ -116.423731755424058, 33.368605475040262 ], [ -116.423731755424058, 33.368489533011278 ], [ -116.424583826429966, 33.368489533011278 ], [ -116.424583826429966, 33.368605475040262 ], [ -116.425009861932935, 33.368605475040262 ], [ -116.425009861932935, 33.368721417069246 ], [ -116.425435897435889, 33.368721417069246 ], [ -116.425435897435889, 33.368837359098229 ], [ -116.425861932938844, 33.368837359098229 ], [ -116.425861932938844, 33.36895330112722 ], [ -116.426145956607485, 33.36895330112722 ], [ -116.426145956607485, 33.369185185185188 ], [ -116.426287968441798, 33.369185185185188 ], [ -116.426287968441798, 33.369301127214172 ], [ -116.426571992110439, 33.369301127214172 ], [ -116.426571992110439, 33.369417069243163 ], [ -116.426714003944767, 33.369417069243163 ], [ -116.426714003944767, 33.369533011272146 ], [ -116.426998027613408, 33.369533011272146 ], [ -116.426998027613408, 33.36964895330113 ], [ -116.427424063116362, 33.36964895330113 ], [ -116.427424063116362, 33.369301127214172 ], [ -116.427992110453644, 33.369301127214172 ], [ -116.427992110453644, 33.369417069243163 ], [ -116.428134122287958, 33.369417069243163 ], [ -116.428134122287958, 33.36964895330113 ], [ -116.427992110453644, 33.36964895330113 ], [ -116.427992110453644, 33.369764895330114 ], [ -116.427850098619317, 33.369764895330114 ], [ -116.427850098619317, 33.369880837359105 ], [ -116.427566074950676, 33.369880837359105 ], [ -116.427566074950676, 33.370112721417073 ], [ -116.427424063116362, 33.370112721417073 ], [ -116.427424063116362, 33.370692431561999 ], [ -116.427282051282035, 33.370692431561999 ], [ -116.427282051282035, 33.37080837359099 ], [ -116.426571992110439, 33.37080837359099 ], [ -116.426571992110439, 33.370924315619973 ], [ -116.426429980276126, 33.370924315619973 ], [ -116.426429980276126, 33.371040257648957 ], [ -116.426145956607485, 33.371040257648957 ], [ -116.426145956607485, 33.371504025764899 ], [ -116.426287968441798, 33.371504025764899 ], [ -116.426287968441798, 33.371619967793883 ], [ -116.426571992110439, 33.371619967793883 ], [ -116.426571992110439, 33.371735909822867 ], [ -116.42685601577908, 33.371735909822867 ], [ -116.42685601577908, 33.371851851851858 ], [ -116.427282051282035, 33.371851851851858 ], [ -116.427282051282035, 33.371967793880842 ], [ -116.427424063116362, 33.371967793880842 ], [ -116.427424063116362, 33.3723156199678 ], [ -116.429128205128194, 33.3723156199678 ], [ -116.429128205128194, 33.372199677938809 ], [ -116.429696252465476, 33.372199677938809 ], [ -116.429696252465476, 33.3723156199678 ], [ -116.429980276134117, 33.3723156199678 ], [ -116.429980276134117, 33.372431561996784 ], [ -116.43012228796843, 33.372431561996784 ], [ -116.43012228796843, 33.372547504025768 ], [ -116.430264299802744, 33.372547504025768 ], [ -116.430264299802744, 33.372663446054752 ], [ -116.430548323471385, 33.372663446054752 ], [ -116.430548323471385, 33.372779388083742 ], [ -116.430974358974353, 33.372779388083742 ], [ -116.430974358974353, 33.372895330112726 ], [ -116.43196844181459, 33.372895330112726 ], [ -116.43196844181459, 33.372779388083742 ], [ -116.432394477317544, 33.372779388083742 ], [ -116.432394477317544, 33.372663446054752 ], [ -116.432536489151857, 33.372663446054752 ], [ -116.432536489151857, 33.372547504025768 ], [ -116.432820512820498, 33.372547504025768 ], [ -116.432820512820498, 33.372431561996784 ], [ -116.432962524654826, 33.372431561996784 ], [ -116.432962524654826, 33.3723156199678 ], [ -116.433672583826421, 33.3723156199678 ], [ -116.433672583826421, 33.372431561996784 ], [ -116.433814595660735, 33.372431561996784 ], [ -116.433814595660735, 33.373822866344611 ], [ -116.433672583826421, 33.373822866344611 ], [ -116.433672583826421, 33.373938808373595 ], [ -116.43196844181459, 33.373938808373595 ], [ -116.43196844181459, 33.374054750402578 ], [ -116.431400394477308, 33.374054750402578 ], [ -116.431400394477308, 33.374170692431569 ], [ -116.43125838264298, 33.374170692431569 ], [ -116.43125838264298, 33.374054750402578 ], [ -116.431116370808667, 33.374054750402578 ], [ -116.431116370808667, 33.373938808373595 ], [ -116.430264299802744, 33.373938808373595 ], [ -116.430264299802744, 33.373822866344611 ], [ -116.429696252465476, 33.373822866344611 ], [ -116.429696252465476, 33.373706924315627 ], [ -116.429412228796835, 33.373706924315627 ], [ -116.429412228796835, 33.373590982286636 ], [ -116.429128205128194, 33.373590982286636 ], [ -116.429128205128194, 33.373475040257652 ], [ -116.428844181459553, 33.373475040257652 ], [ -116.428844181459553, 33.373359098228669 ], [ -116.428418145956599, 33.373359098228669 ], [ -116.428418145956599, 33.373475040257652 ], [ -116.428134122287958, 33.373475040257652 ], [ -116.428134122287958, 33.373590982286636 ], [ -116.427992110453644, 33.373590982286636 ], [ -116.427992110453644, 33.373706924315627 ], [ -116.427850098619317, 33.373706924315627 ], [ -116.427850098619317, 33.373938808373595 ], [ -116.427566074950676, 33.373938808373595 ], [ -116.427566074950676, 33.374054750402578 ], [ -116.427424063116362, 33.374054750402578 ], [ -116.427424063116362, 33.374286634460553 ], [ -116.427282051282035, 33.374286634460553 ], [ -116.427282051282035, 33.374402576489537 ], [ -116.426998027613408, 33.374402576489537 ], [ -116.426998027613408, 33.374518518518521 ], [ -116.42685601577908, 33.374518518518521 ], [ -116.42685601577908, 33.374634460547504 ], [ -116.426714003944767, 33.374634460547504 ], [ -116.426714003944767, 33.374866344605479 ], [ -116.426571992110439, 33.374866344605479 ], [ -116.426571992110439, 33.375214170692438 ], [ -116.426287968441798, 33.375214170692438 ], [ -116.426287968441798, 33.375330112721421 ], [ -116.426145956607485, 33.375330112721421 ], [ -116.426145956607485, 33.374866344605479 ], [ -116.42571992110453, 33.374866344605479 ], [ -116.42571992110453, 33.374982286634463 ], [ -116.425577909270203, 33.374982286634463 ], [ -116.425577909270203, 33.375330112721421 ], [ -116.42571992110453, 33.375330112721421 ], [ -116.42571992110453, 33.375561996779389 ], [ -116.425577909270203, 33.375561996779389 ], [ -116.425577909270203, 33.37567793880838 ], [ -116.425435897435889, 33.37567793880838 ], [ -116.425435897435889, 33.375793880837364 ], [ -116.425151873767248, 33.375793880837364 ], [ -116.425151873767248, 33.375909822866348 ], [ -116.424725838264294, 33.375909822866348 ], [ -116.424725838264294, 33.376025764895331 ], [ -116.424441814595653, 33.376025764895331 ], [ -116.424441814595653, 33.376141706924322 ], [ -116.423731755424058, 33.376141706924322 ], [ -116.423731755424058, 33.375446054750405 ] ], [ [ -116.422169625246539, 33.36814170692432 ], [ -116.422169625246539, 33.368489533011278 ], [ -116.422595660749494, 33.368489533011278 ], [ -116.422595660749494, 33.36814170692432 ], [ -116.422169625246539, 33.36814170692432 ] ], [ [ -116.421317554240616, 33.366866344605477 ], [ -116.421317554240616, 33.367330112721419 ], [ -116.421743589743585, 33.367330112721419 ], [ -116.421743589743585, 33.366866344605477 ], [ -116.421317554240616, 33.366866344605477 ] ], [ [ -116.415353057199198, 33.36628663446055 ], [ -116.415353057199198, 33.366634460547509 ], [ -116.41592110453648, 33.366634460547509 ], [ -116.41592110453648, 33.36628663446055 ], [ -116.415353057199198, 33.36628663446055 ] ], [ [ -116.414216962524648, 33.365359098228666 ], [ -116.414216962524648, 33.364431561996781 ], [ -116.413648915187366, 33.364431561996781 ], [ -116.413648915187366, 33.364663446054756 ], [ -116.413506903353053, 33.364663446054756 ], [ -116.413506903353053, 33.36477938808374 ], [ -116.41265483234713, 33.36477938808374 ], [ -116.41265483234713, 33.364315619967797 ], [ -116.412512820512816, 33.364315619967797 ], [ -116.412512820512816, 33.36408373590983 ], [ -116.411660749506893, 33.36408373590983 ], [ -116.411660749506893, 33.363967793880839 ], [ -116.410808678500985, 33.363967793880839 ], [ -116.410808678500985, 33.363851851851855 ], [ -116.410240631163703, 33.363851851851855 ], [ -116.410240631163703, 33.363735909822871 ], [ -116.409814595660748, 33.363735909822871 ], [ -116.409814595660748, 33.363619967793888 ], [ -116.409104536489139, 33.363619967793888 ], [ -116.409104536489139, 33.363388083735913 ], [ -116.408962524654825, 33.363388083735913 ], [ -116.408962524654825, 33.363272141706929 ], [ -116.407968441814589, 33.363272141706929 ], [ -116.407968441814589, 33.363851851851855 ], [ -116.408110453648902, 33.363851851851855 ], [ -116.408110453648902, 33.36408373590983 ], [ -116.40825246548323, 33.36408373590983 ], [ -116.40825246548323, 33.364199677938814 ], [ -116.408394477317543, 33.364199677938814 ], [ -116.408394477317543, 33.364315619967797 ], [ -116.409104536489139, 33.364315619967797 ], [ -116.409104536489139, 33.364431561996781 ], [ -116.409814595660748, 33.364431561996781 ], [ -116.409814595660748, 33.364547504025765 ], [ -116.410240631163703, 33.364547504025765 ], [ -116.410240631163703, 33.364663446054756 ], [ -116.410524654832344, 33.364663446054756 ], [ -116.410524654832344, 33.36477938808374 ], [ -116.410950690335298, 33.36477938808374 ], [ -116.410950690335298, 33.364895330112724 ], [ -116.411376725838252, 33.364895330112724 ], [ -116.411376725838252, 33.365011272141707 ], [ -116.412512820512816, 33.365011272141707 ], [ -116.412512820512816, 33.365127214170698 ], [ -116.41265483234713, 33.365127214170698 ], [ -116.41265483234713, 33.36547504025765 ], [ -116.413932938856007, 33.36547504025765 ], [ -116.413932938856007, 33.365359098228666 ], [ -116.414216962524648, 33.365359098228666 ] ], [ [ -116.403708086785002, 33.360953301127218 ], [ -116.403708086785002, 33.361648953301128 ], [ -116.40385009861933, 33.361648953301128 ], [ -116.40385009861933, 33.362344605475045 ], [ -116.403992110453643, 33.362344605475045 ], [ -116.403992110453643, 33.363156199677945 ], [ -116.40385009861933, 33.363156199677945 ], [ -116.40385009861933, 33.363272141706929 ], [ -116.403708086785002, 33.363272141706929 ], [ -116.403708086785002, 33.363619967793888 ], [ -116.403566074950689, 33.363619967793888 ], [ -116.403566074950689, 33.364315619967797 ], [ -116.403424063116361, 33.364315619967797 ], [ -116.403424063116361, 33.364895330112724 ], [ -116.403566074950689, 33.364895330112724 ], [ -116.403566074950689, 33.365011272141707 ], [ -116.403992110453643, 33.365011272141707 ], [ -116.403992110453643, 33.364895330112724 ], [ -116.404134122287957, 33.364895330112724 ], [ -116.404134122287957, 33.364663446054756 ], [ -116.404276134122284, 33.364663446054756 ], [ -116.404276134122284, 33.363967793880839 ], [ -116.404702169625239, 33.363967793880839 ], [ -116.404702169625239, 33.36408373590983 ], [ -116.405128205128193, 33.36408373590983 ], [ -116.405128205128193, 33.363967793880839 ], [ -116.405270216962521, 33.363967793880839 ], [ -116.405270216962521, 33.363619967793888 ], [ -116.405412228796834, 33.363619967793888 ], [ -116.405412228796834, 33.363272141706929 ], [ -116.405838264299803, 33.363272141706929 ], [ -116.405838264299803, 33.363156199677945 ], [ -116.405980276134116, 33.363156199677945 ], [ -116.405980276134116, 33.362692431562003 ], [ -116.405696252465475, 33.362692431562003 ], [ -116.405696252465475, 33.362576489533012 ], [ -116.405554240631162, 33.362576489533012 ], [ -116.405554240631162, 33.362460547504028 ], [ -116.405270216962521, 33.362460547504028 ], [ -116.405270216962521, 33.362344605475045 ], [ -116.405128205128193, 33.362344605475045 ], [ -116.405128205128193, 33.36211272141707 ], [ -116.40498619329388, 33.36211272141707 ], [ -116.40498619329388, 33.361996779388086 ], [ -116.404844181459566, 33.361996779388086 ], [ -116.404844181459566, 33.361764895330118 ], [ -116.404702169625239, 33.361764895330118 ], [ -116.404702169625239, 33.361648953301128 ], [ -116.404560157790925, 33.361648953301128 ], [ -116.404560157790925, 33.36141706924316 ], [ -116.404418145956598, 33.36141706924316 ], [ -116.404418145956598, 33.360605475040259 ], [ -116.404276134122284, 33.360605475040259 ], [ -116.404276134122284, 33.360257648953308 ], [ -116.403566074950689, 33.360257648953308 ], [ -116.403566074950689, 33.360953301127218 ], [ -116.403708086785002, 33.360953301127218 ] ], [ [ -116.403566074950689, 33.359909822866349 ], [ -116.403424063116361, 33.359909822866349 ], [ -116.403424063116361, 33.359793880837366 ], [ -116.403282051282048, 33.359793880837366 ], [ -116.403282051282048, 33.359677938808375 ], [ -116.402998027613407, 33.359677938808375 ], [ -116.402998027613407, 33.359446054750407 ], [ -116.402856015779093, 33.359446054750407 ], [ -116.402856015779093, 33.359214170692432 ], [ -116.402714003944766, 33.359214170692432 ], [ -116.402714003944766, 33.359098228663449 ], [ -116.402571992110452, 33.359098228663449 ], [ -116.402571992110452, 33.358982286634465 ], [ -116.402429980276125, 33.358982286634465 ], [ -116.402429980276125, 33.358866344605481 ], [ -116.402145956607484, 33.358866344605481 ], [ -116.402145956607484, 33.35875040257649 ], [ -116.401577909270216, 33.35875040257649 ], [ -116.401577909270216, 33.358634460547506 ], [ -116.401435897435888, 33.358634460547506 ], [ -116.401435897435888, 33.358402576489539 ], [ -116.401009861932934, 33.358402576489539 ], [ -116.401009861932934, 33.358518518518522 ], [ -116.400725838264293, 33.358518518518522 ], [ -116.400725838264293, 33.358866344605481 ], [ -116.401009861932934, 33.358866344605481 ], [ -116.401009861932934, 33.358982286634465 ], [ -116.401151873767247, 33.358982286634465 ], [ -116.401151873767247, 33.359098228663449 ], [ -116.401435897435888, 33.359098228663449 ], [ -116.401435897435888, 33.359330112721423 ], [ -116.401577909270216, 33.359330112721423 ], [ -116.401577909270216, 33.359561996779391 ], [ -116.40200394477317, 33.359561996779391 ], [ -116.40200394477317, 33.359677938808375 ], [ -116.402571992110452, 33.359677938808375 ], [ -116.402571992110452, 33.359793880837366 ], [ -116.402856015779093, 33.359793880837366 ], [ -116.402856015779093, 33.360141706924317 ], [ -116.402998027613407, 33.360141706924317 ], [ -116.402998027613407, 33.360257648953308 ], [ -116.403566074950689, 33.360257648953308 ], [ -116.403566074950689, 33.359909822866349 ] ], [ [ -116.413648915187366, 33.363272141706929 ], [ -116.413648915187366, 33.36408373590983 ], [ -116.414216962524648, 33.36408373590983 ], [ -116.414216962524648, 33.363272141706929 ], [ -116.413648915187366, 33.363272141706929 ] ], [ [ -116.400725838264293, 33.362692431562003 ], [ -116.400725838264293, 33.361880837359102 ], [ -116.40058382642998, 33.361880837359102 ], [ -116.40058382642998, 33.361648953301128 ], [ -116.400441814595652, 33.361648953301128 ], [ -116.400441814595652, 33.361533011272144 ], [ -116.399731755424057, 33.361533011272144 ], [ -116.399731755424057, 33.361764895330118 ], [ -116.399589743589743, 33.361764895330118 ], [ -116.399589743589743, 33.361880837359102 ], [ -116.399447731755416, 33.361880837359102 ], [ -116.399447731755416, 33.362344605475045 ], [ -116.399589743589743, 33.362344605475045 ], [ -116.399589743589743, 33.362460547504028 ], [ -116.399731755424057, 33.362460547504028 ], [ -116.399731755424057, 33.362576489533012 ], [ -116.400015779092698, 33.362576489533012 ], [ -116.400015779092698, 33.362692431562003 ], [ -116.400157790927011, 33.362692431562003 ], [ -116.400157790927011, 33.362924315619971 ], [ -116.40058382642998, 33.362924315619971 ], [ -116.40058382642998, 33.362692431562003 ], [ -116.400725838264293, 33.362692431562003 ] ], [ [ -116.396039447731752, 33.355040257648959 ], [ -116.396039447731752, 33.354808373590984 ], [ -116.395897435897425, 33.354808373590984 ], [ -116.395897435897425, 33.354344605475042 ], [ -116.39547140039447, 33.354344605475042 ], [ -116.39547140039447, 33.354228663446058 ], [ -116.395045364891516, 33.354228663446058 ], [ -116.395045364891516, 33.354112721417074 ], [ -116.394903353057188, 33.354112721417074 ], [ -116.394903353057188, 33.3538808373591 ], [ -116.394761341222875, 33.3538808373591 ], [ -116.394761341222875, 33.353764895330116 ], [ -116.394619329388561, 33.353764895330116 ], [ -116.394619329388561, 33.353648953301132 ], [ -116.39433530571992, 33.353648953301132 ], [ -116.39433530571992, 33.353533011272148 ], [ -116.394193293885593, 33.353533011272148 ], [ -116.394193293885593, 33.352605475040264 ], [ -116.394051282051279, 33.352605475040264 ], [ -116.394051282051279, 33.352257648953305 ], [ -116.393483234713997, 33.352257648953305 ], [ -116.393483234713997, 33.353301127214174 ], [ -116.393625246548325, 33.353301127214174 ], [ -116.393625246548325, 33.3538808373591 ], [ -116.393767258382638, 33.3538808373591 ], [ -116.393767258382638, 33.354112721417074 ], [ -116.393909270216952, 33.354112721417074 ], [ -116.393909270216952, 33.354228663446058 ], [ -116.394193293885593, 33.354228663446058 ], [ -116.394193293885593, 33.354692431562 ], [ -116.39433530571992, 33.354692431562 ], [ -116.39433530571992, 33.354808373590984 ], [ -116.394619329388561, 33.354808373590984 ], [ -116.394619329388561, 33.354924315619968 ], [ -116.394903353057188, 33.354924315619968 ], [ -116.394903353057188, 33.355040257648959 ], [ -116.395045364891516, 33.355040257648959 ], [ -116.395045364891516, 33.355156199677943 ], [ -116.395329388560157, 33.355156199677943 ], [ -116.395329388560157, 33.35538808373591 ], [ -116.395613412228798, 33.35538808373591 ], [ -116.395613412228798, 33.355619967793885 ], [ -116.396181459566066, 33.355619967793885 ], [ -116.396181459566066, 33.355040257648959 ], [ -116.396039447731752, 33.355040257648959 ] ], [ [ -116.392347140039448, 33.354112721417074 ], [ -116.392347140039448, 33.353764895330116 ], [ -116.39220512820512, 33.353764895330116 ], [ -116.39220512820512, 33.353648953301132 ], [ -116.392063116370807, 33.353648953301132 ], [ -116.392063116370807, 33.353533011272148 ], [ -116.391495069033525, 33.353533011272148 ], [ -116.391495069033525, 33.353648953301132 ], [ -116.391353057199211, 33.353648953301132 ], [ -116.391353057199211, 33.354228663446058 ], [ -116.39220512820512, 33.354228663446058 ], [ -116.39220512820512, 33.354112721417074 ], [ -116.392347140039448, 33.354112721417074 ] ], [ [ -116.392489151873761, 33.351214170692437 ], [ -116.392489151873761, 33.351677938808379 ], [ -116.392631163708089, 33.351677938808379 ], [ -116.392631163708089, 33.351793880837363 ], [ -116.392773175542402, 33.351793880837363 ], [ -116.392773175542402, 33.351909822866347 ], [ -116.392915187376715, 33.351909822866347 ], [ -116.392915187376715, 33.35202576489533 ], [ -116.393341222879684, 33.35202576489533 ], [ -116.393341222879684, 33.351214170692437 ], [ -116.392489151873761, 33.351214170692437 ] ], [ [ -116.394193293885593, 33.343214170692434 ], [ -116.394193293885593, 33.343561996779393 ], [ -116.394619329388561, 33.343561996779393 ], [ -116.394619329388561, 33.343214170692434 ], [ -116.394193293885593, 33.343214170692434 ] ], [ [ -116.367495069033538, 33.341822866344607 ], [ -116.367495069033538, 33.342170692431566 ], [ -116.368205128205133, 33.342170692431566 ], [ -116.368205128205133, 33.341822866344607 ], [ -116.367495069033538, 33.341822866344607 ] ], [ [ -116.390500986193288, 33.338460547504027 ], [ -116.390500986193288, 33.33892431561997 ], [ -116.390927021696243, 33.33892431561997 ], [ -116.390927021696243, 33.338460547504027 ], [ -116.390500986193288, 33.338460547504027 ] ], [ [ -116.357270216962533, 33.337301127214175 ], [ -116.357270216962533, 33.337996779388085 ], [ -116.357696252465487, 33.337996779388085 ], [ -116.357696252465487, 33.337301127214175 ], [ -116.357270216962533, 33.337301127214175 ] ], [ [ -116.360394477317556, 33.336141706924316 ], [ -116.360394477317556, 33.336257648953307 ], [ -116.359968441814601, 33.336257648953307 ], [ -116.359968441814601, 33.336605475040258 ], [ -116.360110453648915, 33.336605475040258 ], [ -116.360110453648915, 33.336837359098233 ], [ -116.360252465483242, 33.336837359098233 ], [ -116.360252465483242, 33.336953301127217 ], [ -116.360394477317556, 33.336953301127217 ], [ -116.360394477317556, 33.337185185185191 ], [ -116.36082051282051, 33.337185185185191 ], [ -116.36082051282051, 33.336141706924316 ], [ -116.360394477317556, 33.336141706924316 ] ], [ [ -116.389080867850097, 33.336257648953307 ], [ -116.389080867850097, 33.336141706924316 ], [ -116.388654832347143, 33.336141706924316 ], [ -116.388654832347143, 33.336605475040258 ], [ -116.389222879684411, 33.336605475040258 ], [ -116.389222879684411, 33.336257648953307 ], [ -116.389080867850097, 33.336257648953307 ] ], [ [ -116.402287968441811, 33.335793880837365 ], [ -116.402287968441811, 33.335677938808374 ], [ -116.401577909270216, 33.335677938808374 ], [ -116.401577909270216, 33.336141706924316 ], [ -116.402998027613407, 33.336141706924316 ], [ -116.402998027613407, 33.335793880837365 ], [ -116.402287968441811, 33.335793880837365 ] ], [ [ -116.373317554240629, 33.335677938808374 ], [ -116.373317554240629, 33.336025764895332 ], [ -116.373743589743583, 33.336025764895332 ], [ -116.373743589743583, 33.335677938808374 ], [ -116.373317554240629, 33.335677938808374 ] ], [ [ -116.386098619329388, 33.334286634460554 ], [ -116.386098619329388, 33.334402576489538 ], [ -116.385956607495061, 33.334402576489538 ], [ -116.385956607495061, 33.334750402576496 ], [ -116.386098619329388, 33.334750402576496 ], [ -116.386098619329388, 33.334982286634464 ], [ -116.386240631163702, 33.334982286634464 ], [ -116.386240631163702, 33.335098228663448 ], [ -116.38666666666667, 33.335098228663448 ], [ -116.38666666666667, 33.334286634460554 ], [ -116.386098619329388, 33.334286634460554 ] ], [ [ -116.367495069033538, 33.334518518518522 ], [ -116.367495069033538, 33.334982286634464 ], [ -116.368205128205133, 33.334982286634464 ], [ -116.368205128205133, 33.334518518518522 ], [ -116.367495069033538, 33.334518518518522 ] ], [ [ -116.385530571992106, 33.333590982286637 ], [ -116.385530571992106, 33.333243156199678 ], [ -116.385388560157793, 33.333243156199678 ], [ -116.385388560157793, 33.333127214170695 ], [ -116.384252465483229, 33.333127214170695 ], [ -116.384252465483229, 33.333590982286637 ], [ -116.384394477317556, 33.333590982286637 ], [ -116.384394477317556, 33.333706924315621 ], [ -116.384678500986197, 33.333706924315621 ], [ -116.384678500986197, 33.333822866344612 ], [ -116.385388560157793, 33.333822866344612 ], [ -116.385388560157793, 33.333590982286637 ], [ -116.385530571992106, 33.333590982286637 ] ], [ [ -116.39731755424063, 33.333243156199678 ], [ -116.39731755424063, 33.333590982286637 ], [ -116.397743589743584, 33.333590982286637 ], [ -116.397743589743584, 33.333243156199678 ], [ -116.39731755424063, 33.333243156199678 ] ], [ [ -116.403708086785002, 33.326750402576494 ], [ -116.403708086785002, 33.32663446054751 ], [ -116.403566074950689, 33.32663446054751 ], [ -116.403566074950689, 33.326518518518519 ], [ -116.40314003944772, 33.326518518518519 ], [ -116.40314003944772, 33.326982286634461 ], [ -116.403282051282048, 33.326982286634461 ], [ -116.403282051282048, 33.327098228663452 ], [ -116.403424063116361, 33.327098228663452 ], [ -116.403424063116361, 33.327214170692436 ], [ -116.40385009861933, 33.327214170692436 ], [ -116.40385009861933, 33.326750402576494 ], [ -116.403708086785002, 33.326750402576494 ] ], [ [ -116.402998027613407, 33.325590982286634 ], [ -116.402998027613407, 33.325243156199683 ], [ -116.402856015779093, 33.325243156199683 ], [ -116.402856015779093, 33.325011272141708 ], [ -116.402429980276125, 33.325011272141708 ], [ -116.402429980276125, 33.325127214170692 ], [ -116.402287968441811, 33.325127214170692 ], [ -116.402287968441811, 33.325706924315625 ], [ -116.402429980276125, 33.325706924315625 ], [ -116.402429980276125, 33.325938808373593 ], [ -116.402571992110452, 33.325938808373593 ], [ -116.402571992110452, 33.326054750402577 ], [ -116.402714003944766, 33.326054750402577 ], [ -116.402714003944766, 33.326170692431567 ], [ -116.40314003944772, 33.326170692431567 ], [ -116.40314003944772, 33.325590982286634 ], [ -116.402998027613407, 33.325590982286634 ] ], [ [ -116.336536489151882, 33.319330112721417 ], [ -116.336536489151882, 33.319446054750408 ], [ -116.336394477317569, 33.319446054750408 ], [ -116.336394477317569, 33.31990982286635 ], [ -116.337104536489164, 33.31990982286635 ], [ -116.337104536489164, 33.319330112721417 ], [ -116.336536489151882, 33.319330112721417 ] ], [ [ -116.401009861932934, 33.318982286634466 ], [ -116.401009861932934, 33.318054750402581 ], [ -116.400157790927011, 33.318054750402581 ], [ -116.400157790927011, 33.318170692431565 ], [ -116.399873767258384, 33.318170692431565 ], [ -116.399873767258384, 33.318750402576491 ], [ -116.400015779092698, 33.318750402576491 ], [ -116.400015779092698, 33.319330112721417 ], [ -116.400157790927011, 33.319330112721417 ], [ -116.400157790927011, 33.319446054750408 ], [ -116.400867850098621, 33.319446054750408 ], [ -116.400867850098621, 33.318982286634466 ], [ -116.401009861932934, 33.318982286634466 ] ], [ [ -116.386382642998029, 33.299388083735913 ], [ -116.386382642998029, 33.299504025764897 ], [ -116.386240631163702, 33.299504025764897 ], [ -116.386240631163702, 33.300431561996781 ], [ -116.386382642998029, 33.300431561996781 ], [ -116.386382642998029, 33.300895330112724 ], [ -116.386808678500984, 33.300895330112724 ], [ -116.386808678500984, 33.299388083735913 ], [ -116.386382642998029, 33.299388083735913 ] ], [ [ -116.312820512820522, 33.295098228663448 ], [ -116.312820512820522, 33.294518518518522 ], [ -116.312536489151881, 33.294518518518522 ], [ -116.312536489151881, 33.294402576489539 ], [ -116.312394477317568, 33.294402576489539 ], [ -116.312394477317568, 33.294286634460548 ], [ -116.312252465483255, 33.294286634460548 ], [ -116.312252465483255, 33.293938808373596 ], [ -116.311826429980286, 33.293938808373596 ], [ -116.311826429980286, 33.293822866344605 ], [ -116.311684418145973, 33.293822866344605 ], [ -116.311684418145973, 33.293590982286638 ], [ -116.311542406311645, 33.293590982286638 ], [ -116.311542406311645, 33.293475040257654 ], [ -116.311258382643018, 33.293475040257654 ], [ -116.311258382643018, 33.293359098228663 ], [ -116.310548323471409, 33.293359098228663 ], [ -116.310548323471409, 33.293243156199679 ], [ -116.310264299802782, 33.293243156199679 ], [ -116.310264299802782, 33.293127214170696 ], [ -116.310122287968454, 33.293127214170696 ], [ -116.310122287968454, 33.293011272141712 ], [ -116.309980276134141, 33.293011272141712 ], [ -116.309980276134141, 33.292663446054753 ], [ -116.309838264299813, 33.292663446054753 ], [ -116.309838264299813, 33.292547504025769 ], [ -116.309554240631172, 33.292547504025769 ], [ -116.309554240631172, 33.292431561996779 ], [ -116.309128205128218, 33.292431561996779 ], [ -116.309128205128218, 33.292315619967795 ], [ -116.308702169625263, 33.292315619967795 ], [ -116.308702169625263, 33.292779388083737 ], [ -116.308986193293904, 33.292779388083737 ], [ -116.308986193293904, 33.293011272141712 ], [ -116.309128205128218, 33.293011272141712 ], [ -116.309128205128218, 33.293243156199679 ], [ -116.309270216962545, 33.293243156199679 ], [ -116.309270216962545, 33.293475040257654 ], [ -116.3096962524655, 33.293475040257654 ], [ -116.3096962524655, 33.293590982286638 ], [ -116.309838264299813, 33.293590982286638 ], [ -116.309838264299813, 33.293822866344605 ], [ -116.309980276134141, 33.293822866344605 ], [ -116.309980276134141, 33.293938808373596 ], [ -116.310406311637095, 33.293938808373596 ], [ -116.310406311637095, 33.29405475040258 ], [ -116.310548323471409, 33.29405475040258 ], [ -116.310548323471409, 33.294170692431564 ], [ -116.310690335305736, 33.294170692431564 ], [ -116.310690335305736, 33.294402576489539 ], [ -116.310974358974377, 33.294402576489539 ], [ -116.310974358974377, 33.294518518518522 ], [ -116.311116370808691, 33.294518518518522 ], [ -116.311116370808691, 33.294634460547506 ], [ -116.311400394477332, 33.294634460547506 ], [ -116.311400394477332, 33.29475040257649 ], [ -116.311542406311645, 33.29475040257649 ], [ -116.311542406311645, 33.294866344605481 ], [ -116.311684418145973, 33.294866344605481 ], [ -116.311684418145973, 33.294982286634465 ], [ -116.311826429980286, 33.294982286634465 ], [ -116.311826429980286, 33.295098228663448 ], [ -116.311968441814614, 33.295098228663448 ], [ -116.311968441814614, 33.295214170692432 ], [ -116.312110453648927, 33.295214170692432 ], [ -116.312110453648927, 33.295330112721423 ], [ -116.312252465483255, 33.295330112721423 ], [ -116.312252465483255, 33.295446054750407 ], [ -116.312536489151881, 33.295446054750407 ], [ -116.312536489151881, 33.295561996779391 ], [ -116.31296252465485, 33.295561996779391 ], [ -116.31296252465485, 33.295098228663448 ], [ -116.312820512820522, 33.295098228663448 ] ], [ [ -116.30458382642999, 33.289648953301132 ], [ -116.30458382642999, 33.289533011272141 ], [ -116.304441814595677, 33.289533011272141 ], [ -116.304441814595677, 33.289417069243157 ], [ -116.304299802761349, 33.289417069243157 ], [ -116.304299802761349, 33.289301127214173 ], [ -116.304157790927036, 33.289301127214173 ], [ -116.304157790927036, 33.28918518518519 ], [ -116.304015779092722, 33.28918518518519 ], [ -116.304015779092722, 33.289069243156199 ], [ -116.303873767258395, 33.289069243156199 ], [ -116.303873767258395, 33.288953301127215 ], [ -116.303589743589754, 33.288953301127215 ], [ -116.303589743589754, 33.288837359098231 ], [ -116.30344773175544, 33.288837359098231 ], [ -116.30344773175544, 33.288721417069247 ], [ -116.303021696252486, 33.288721417069247 ], [ -116.303021696252486, 33.288837359098231 ], [ -116.302879684418158, 33.288837359098231 ], [ -116.302879684418158, 33.289301127214173 ], [ -116.303021696252486, 33.289301127214173 ], [ -116.303021696252486, 33.289417069243157 ], [ -116.303163708086799, 33.289417069243157 ], [ -116.303163708086799, 33.289648953301132 ], [ -116.303305719921113, 33.289648953301132 ], [ -116.303305719921113, 33.289764895330116 ], [ -116.30344773175544, 33.289764895330116 ], [ -116.30344773175544, 33.2898808373591 ], [ -116.303589743589754, 33.2898808373591 ], [ -116.303589743589754, 33.289996779388083 ], [ -116.303873767258395, 33.289996779388083 ], [ -116.303873767258395, 33.290112721417074 ], [ -116.304725838264318, 33.290112721417074 ], [ -116.304725838264318, 33.289648953301132 ], [ -116.30458382642999, 33.289648953301132 ] ], [ [ -116.421743589743585, 33.274112721417069 ], [ -116.421743589743585, 33.273764895330117 ], [ -116.421601577909257, 33.273764895330117 ], [ -116.421601577909257, 33.273648953301127 ], [ -116.420607495069021, 33.273648953301127 ], [ -116.420607495069021, 33.273764895330117 ], [ -116.420465483234707, 33.273764895330117 ], [ -116.420465483234707, 33.274112721417069 ], [ -116.420749506903348, 33.274112721417069 ], [ -116.420749506903348, 33.27422866344606 ], [ -116.421459566074944, 33.27422866344606 ], [ -116.421459566074944, 33.274112721417069 ], [ -116.421743589743585, 33.274112721417069 ] ], [ [ -116.418335305719907, 33.272837359098233 ], [ -116.418335305719907, 33.273185185185184 ], [ -116.418477317554235, 33.273185185185184 ], [ -116.418477317554235, 33.273301127214175 ], [ -116.418903353057189, 33.273301127214175 ], [ -116.418903353057189, 33.273417069243159 ], [ -116.419897435897425, 33.273417069243159 ], [ -116.419897435897425, 33.272837359098233 ], [ -116.418335305719907, 33.272837359098233 ] ], [ [ -116.41592110453648, 33.272837359098233 ], [ -116.41592110453648, 33.272953301127217 ], [ -116.415779092702167, 33.272953301127217 ], [ -116.415779092702167, 33.273301127214175 ], [ -116.416347140039434, 33.273301127214175 ], [ -116.416347140039434, 33.272837359098233 ], [ -116.41592110453648, 33.272837359098233 ] ], [ [ -116.402856015779093, 33.268547504025769 ], [ -116.402856015779093, 33.268895330112727 ], [ -116.403708086785002, 33.268895330112727 ], [ -116.403708086785002, 33.268547504025769 ], [ -116.402856015779093, 33.268547504025769 ] ], [ [ -116.407968441814589, 33.266808373590983 ], [ -116.407968441814589, 33.266692431561999 ], [ -116.408110453648902, 33.266692431561999 ], [ -116.408110453648902, 33.266228663446057 ], [ -116.40825246548323, 33.266228663446057 ], [ -116.40825246548323, 33.265996779388082 ], [ -116.408394477317543, 33.265996779388082 ], [ -116.408394477317543, 33.265764895330115 ], [ -116.408820512820512, 33.265764895330115 ], [ -116.408820512820512, 33.265648953301131 ], [ -116.408962524654825, 33.265648953301131 ], [ -116.408962524654825, 33.265533011272147 ], [ -116.409104536489139, 33.265533011272147 ], [ -116.409104536489139, 33.265185185185189 ], [ -116.408962524654825, 33.265185185185189 ], [ -116.408962524654825, 33.264953301127214 ], [ -116.408820512820512, 33.264953301127214 ], [ -116.408820512820512, 33.26483735909823 ], [ -116.408394477317543, 33.26483735909823 ], [ -116.408394477317543, 33.264953301127214 ], [ -116.40825246548323, 33.264953301127214 ], [ -116.40825246548323, 33.265069243156205 ], [ -116.408110453648902, 33.265069243156205 ], [ -116.408110453648902, 33.265533011272147 ], [ -116.407968441814589, 33.265533011272147 ], [ -116.407968441814589, 33.265764895330115 ], [ -116.407826429980275, 33.265764895330115 ], [ -116.407826429980275, 33.265880837359099 ], [ -116.407684418145948, 33.265880837359099 ], [ -116.407684418145948, 33.265996779388082 ], [ -116.407400394477307, 33.265996779388082 ], [ -116.407400394477307, 33.266112721417073 ], [ -116.407258382642993, 33.266112721417073 ], [ -116.407258382642993, 33.266228663446057 ], [ -116.407116370808666, 33.266228663446057 ], [ -116.407116370808666, 33.266460547504025 ], [ -116.406974358974352, 33.266460547504025 ], [ -116.406974358974352, 33.266924315619967 ], [ -116.407400394477307, 33.266924315619967 ], [ -116.407400394477307, 33.266808373590983 ], [ -116.407968441814589, 33.266808373590983 ] ], [ [ -116.405270216962521, 33.264721417069246 ], [ -116.405270216962521, 33.265417069243156 ], [ -116.405696252465475, 33.265417069243156 ], [ -116.405696252465475, 33.264721417069246 ], [ -116.405270216962521, 33.264721417069246 ] ], [ [ -116.310264299802782, 33.260315619967798 ], [ -116.310264299802782, 33.26066344605475 ], [ -116.310690335305736, 33.26066344605475 ], [ -116.310690335305736, 33.260315619967798 ], [ -116.310264299802782, 33.260315619967798 ] ], [ [ -116.387518737672579, 33.25996779388084 ], [ -116.387518737672579, 33.259851851851856 ], [ -116.38780276134122, 33.259851851851856 ], [ -116.38780276134122, 33.259735909822865 ], [ -116.387944773175533, 33.259735909822865 ], [ -116.387944773175533, 33.259619967793881 ], [ -116.388086785009861, 33.259619967793881 ], [ -116.388086785009861, 33.259504025764898 ], [ -116.388228796844174, 33.259504025764898 ], [ -116.388228796844174, 33.259388083735914 ], [ -116.388370808678502, 33.259388083735914 ], [ -116.388370808678502, 33.259272141706923 ], [ -116.388512820512815, 33.259272141706923 ], [ -116.388512820512815, 33.259156199677939 ], [ -116.388654832347143, 33.259156199677939 ], [ -116.388654832347143, 33.259040257648955 ], [ -116.388796844181456, 33.259040257648955 ], [ -116.388796844181456, 33.258924315619971 ], [ -116.389080867850097, 33.258924315619971 ], [ -116.389080867850097, 33.258808373590988 ], [ -116.389222879684411, 33.258808373590988 ], [ -116.389222879684411, 33.258692431561997 ], [ -116.389506903353052, 33.258692431561997 ], [ -116.389506903353052, 33.258576489533013 ], [ -116.389648915187379, 33.258576489533013 ], [ -116.389648915187379, 33.258460547504029 ], [ -116.389932938856006, 33.258460547504029 ], [ -116.389932938856006, 33.258344605475045 ], [ -116.390074950690334, 33.258344605475045 ], [ -116.390074950690334, 33.258228663446054 ], [ -116.390358974358975, 33.258228663446054 ], [ -116.390358974358975, 33.257764895330112 ], [ -116.390500986193288, 33.257764895330112 ], [ -116.390500986193288, 33.256953301127218 ], [ -116.390358974358975, 33.256953301127218 ], [ -116.390358974358975, 33.256721417069244 ], [ -116.389790927021693, 33.256721417069244 ], [ -116.389790927021693, 33.25660547504026 ], [ -116.389506903353052, 33.25660547504026 ], [ -116.389506903353052, 33.256489533011276 ], [ -116.389080867850097, 33.256489533011276 ], [ -116.389080867850097, 33.256373590982285 ], [ -116.388512820512815, 33.256373590982285 ], [ -116.388512820512815, 33.256257648953301 ], [ -116.385814595660747, 33.256257648953301 ], [ -116.385814595660747, 33.256373590982285 ], [ -116.385388560157793, 33.256373590982285 ], [ -116.385388560157793, 33.256489533011276 ], [ -116.385246548323465, 33.256489533011276 ], [ -116.385246548323465, 33.25660547504026 ], [ -116.385104536489152, 33.25660547504026 ], [ -116.385104536489152, 33.256721417069244 ], [ -116.384962524654824, 33.256721417069244 ], [ -116.384962524654824, 33.257185185185186 ], [ -116.385104536489152, 33.257185185185186 ], [ -116.385104536489152, 33.25730112721417 ], [ -116.385246548323465, 33.25730112721417 ], [ -116.385246548323465, 33.257417069243161 ], [ -116.385530571992106, 33.257417069243161 ], [ -116.385530571992106, 33.257533011272145 ], [ -116.385672583826434, 33.257533011272145 ], [ -116.385672583826434, 33.257764895330112 ], [ -116.385530571992106, 33.257764895330112 ], [ -116.385530571992106, 33.257996779388087 ], [ -116.385388560157793, 33.257996779388087 ], [ -116.385388560157793, 33.259388083735914 ], [ -116.385530571992106, 33.259388083735914 ], [ -116.385530571992106, 33.259851851851856 ], [ -116.385672583826434, 33.259851851851856 ], [ -116.385672583826434, 33.25996779388084 ], [ -116.386240631163702, 33.25996779388084 ], [ -116.386240631163702, 33.260083735909824 ], [ -116.386950690335297, 33.260083735909824 ], [ -116.386950690335297, 33.25996779388084 ], [ -116.387518737672579, 33.25996779388084 ] ], [ [ -116.311968441814614, 33.258344605475045 ], [ -116.311968441814614, 33.257880837359103 ], [ -116.311826429980286, 33.257880837359103 ], [ -116.311826429980286, 33.257764895330112 ], [ -116.311400394477332, 33.257764895330112 ], [ -116.311400394477332, 33.257880837359103 ], [ -116.311258382643018, 33.257880837359103 ], [ -116.311258382643018, 33.258228663446054 ], [ -116.311400394477332, 33.258228663446054 ], [ -116.311400394477332, 33.258460547504029 ], [ -116.311826429980286, 33.258460547504029 ], [ -116.311826429980286, 33.258344605475045 ], [ -116.311968441814614, 33.258344605475045 ] ], [ [ -116.41705719921103, 33.256721417069244 ], [ -116.41705719921103, 33.25660547504026 ], [ -116.417199211045357, 33.25660547504026 ], [ -116.417199211045357, 33.256489533011276 ], [ -116.417341222879671, 33.256489533011276 ], [ -116.417341222879671, 33.256257648953301 ], [ -116.417625246548312, 33.256257648953301 ], [ -116.417625246548312, 33.256141706924318 ], [ -116.418051282051266, 33.256141706924318 ], [ -116.418051282051266, 33.256025764895334 ], [ -116.418335305719907, 33.256025764895334 ], [ -116.418335305719907, 33.255909822866343 ], [ -116.418477317554235, 33.255909822866343 ], [ -116.418477317554235, 33.255561996779392 ], [ -116.418193293885594, 33.255561996779392 ], [ -116.418193293885594, 33.255446054750408 ], [ -116.417767258382639, 33.255446054750408 ], [ -116.417767258382639, 33.255561996779392 ], [ -116.417483234713998, 33.255561996779392 ], [ -116.417483234713998, 33.255677938808375 ], [ -116.417341222879671, 33.255677938808375 ], [ -116.417341222879671, 33.255909822866343 ], [ -116.417199211045357, 33.255909822866343 ], [ -116.417199211045357, 33.256141706924318 ], [ -116.416915187376716, 33.256141706924318 ], [ -116.416915187376716, 33.256257648953301 ], [ -116.416347140039434, 33.256257648953301 ], [ -116.416347140039434, 33.256837359098228 ], [ -116.416915187376716, 33.256837359098228 ], [ -116.416915187376716, 33.256721417069244 ], [ -116.41705719921103, 33.256721417069244 ] ], [ [ -116.376725838264306, 33.239214170692435 ], [ -116.376725838264306, 33.239561996779386 ], [ -116.377151873767261, 33.239561996779386 ], [ -116.377151873767261, 33.239214170692435 ], [ -116.376725838264306, 33.239214170692435 ] ], [ [ -116.394903353057188, 33.237359098228666 ], [ -116.394903353057188, 33.237243156199682 ], [ -116.394193293885593, 33.237243156199682 ], [ -116.394193293885593, 33.237822866344608 ], [ -116.395187376725829, 33.237822866344608 ], [ -116.395187376725829, 33.237359098228666 ], [ -116.394903353057188, 33.237359098228666 ] ], [ [ -116.378429980276138, 33.237243156199682 ], [ -116.378429980276138, 33.236663446054749 ], [ -116.377861932938856, 33.236663446054749 ], [ -116.377861932938856, 33.237359098228666 ], [ -116.378287968441811, 33.237359098228666 ], [ -116.378287968441811, 33.237243156199682 ], [ -116.378429980276138, 33.237243156199682 ] ], [ [ -116.389648915187379, 33.22333011272142 ], [ -116.389648915187379, 33.22321417069243 ], [ -116.389790927021693, 33.22321417069243 ], [ -116.389790927021693, 33.222982286634462 ], [ -116.389932938856006, 33.222982286634462 ], [ -116.389932938856006, 33.222866344605478 ], [ -116.390074950690334, 33.222866344605478 ], [ -116.390074950690334, 33.222750402576494 ], [ -116.390216962524647, 33.222750402576494 ], [ -116.390216962524647, 33.222634460547503 ], [ -116.390500986193288, 33.222634460547503 ], [ -116.390500986193288, 33.22251851851852 ], [ -116.390642998027616, 33.22251851851852 ], [ -116.390642998027616, 33.222402576489536 ], [ -116.390927021696243, 33.222402576489536 ], [ -116.390927021696243, 33.222170692431561 ], [ -116.39106903353057, 33.222170692431561 ], [ -116.39106903353057, 33.221706924315619 ], [ -116.391211045364884, 33.221706924315619 ], [ -116.391211045364884, 33.221590982286635 ], [ -116.391637080867852, 33.221590982286635 ], [ -116.391637080867852, 33.221475040257651 ], [ -116.391779092702166, 33.221475040257651 ], [ -116.391779092702166, 33.221359098228668 ], [ -116.391921104536479, 33.221359098228668 ], [ -116.391921104536479, 33.221243156199677 ], [ -116.392063116370807, 33.221243156199677 ], [ -116.392063116370807, 33.221127214170693 ], [ -116.39220512820512, 33.221127214170693 ], [ -116.39220512820512, 33.221011272141709 ], [ -116.392489151873761, 33.221011272141709 ], [ -116.392489151873761, 33.220779388083734 ], [ -116.392631163708089, 33.220779388083734 ], [ -116.392631163708089, 33.220547504025767 ], [ -116.392773175542402, 33.220547504025767 ], [ -116.392773175542402, 33.220083735909824 ], [ -116.392915187376715, 33.220083735909824 ], [ -116.392915187376715, 33.219735909822866 ], [ -116.39220512820512, 33.219735909822866 ], [ -116.39220512820512, 33.21985185185185 ], [ -116.391779092702166, 33.21985185185185 ], [ -116.391779092702166, 33.219967793880841 ], [ -116.391495069033525, 33.219967793880841 ], [ -116.391495069033525, 33.220083735909824 ], [ -116.39106903353057, 33.220083735909824 ], [ -116.39106903353057, 33.220199677938808 ], [ -116.390642998027616, 33.220199677938808 ], [ -116.390642998027616, 33.220315619967792 ], [ -116.390500986193288, 33.220315619967792 ], [ -116.390500986193288, 33.220895330112725 ], [ -116.390358974358975, 33.220895330112725 ], [ -116.390358974358975, 33.221475040257651 ], [ -116.389932938856006, 33.221475040257651 ], [ -116.389932938856006, 33.221590982286635 ], [ -116.389506903353052, 33.221590982286635 ], [ -116.389506903353052, 33.221706924315619 ], [ -116.389364891518738, 33.221706924315619 ], [ -116.389364891518738, 33.221938808373594 ], [ -116.38780276134122, 33.221938808373594 ], [ -116.38780276134122, 33.222054750402577 ], [ -116.387518737672579, 33.222054750402577 ], [ -116.387518737672579, 33.222170692431561 ], [ -116.387376725838266, 33.222170692431561 ], [ -116.387376725838266, 33.222286634460552 ], [ -116.387234714003938, 33.222286634460552 ], [ -116.387234714003938, 33.222402576489536 ], [ -116.386382642998029, 33.222402576489536 ], [ -116.386382642998029, 33.22251851851852 ], [ -116.385956607495061, 33.22251851851852 ], [ -116.385956607495061, 33.222634460547503 ], [ -116.385672583826434, 33.222634460547503 ], [ -116.385672583826434, 33.222750402576494 ], [ -116.385388560157793, 33.222750402576494 ], [ -116.385388560157793, 33.222866344605478 ], [ -116.385246548323465, 33.222866344605478 ], [ -116.385246548323465, 33.222982286634462 ], [ -116.384962524654824, 33.222982286634462 ], [ -116.384962524654824, 33.223098228663446 ], [ -116.384678500986197, 33.223098228663446 ], [ -116.384678500986197, 33.22321417069243 ], [ -116.38453648915187, 33.22321417069243 ], [ -116.38453648915187, 33.22333011272142 ], [ -116.384394477317556, 33.22333011272142 ], [ -116.384394477317556, 33.223446054750404 ], [ -116.384110453648915, 33.223446054750404 ], [ -116.384110453648915, 33.223561996779388 ], [ -116.383968441814588, 33.223561996779388 ], [ -116.383968441814588, 33.223677938808372 ], [ -116.383542406311633, 33.223677938808372 ], [ -116.383542406311633, 33.223793880837363 ], [ -116.383116370808679, 33.223793880837363 ], [ -116.383116370808679, 33.224257648953305 ], [ -116.382974358974352, 33.224257648953305 ], [ -116.382974358974352, 33.224489533011273 ], [ -116.382832347140038, 33.224489533011273 ], [ -116.382832347140038, 33.224605475040256 ], [ -116.382548323471397, 33.224605475040256 ], [ -116.382548323471397, 33.224721417069247 ], [ -116.382406311637084, 33.224721417069247 ], [ -116.382406311637084, 33.225069243156199 ], [ -116.382264299802756, 33.225069243156199 ], [ -116.382264299802756, 33.225301127214173 ], [ -116.382122287968443, 33.225301127214173 ], [ -116.382122287968443, 33.225533011272141 ], [ -116.381980276134115, 33.225533011272141 ], [ -116.381980276134115, 33.225648953301132 ], [ -116.381838264299802, 33.225648953301132 ], [ -116.381838264299802, 33.225996779388083 ], [ -116.381696252465488, 33.225996779388083 ], [ -116.381696252465488, 33.226228663446058 ], [ -116.381554240631161, 33.226228663446058 ], [ -116.381554240631161, 33.226460547504026 ], [ -116.381412228796847, 33.226460547504026 ], [ -116.381412228796847, 33.226576489533009 ], [ -116.38127021696252, 33.226576489533009 ], [ -116.38127021696252, 33.226808373590984 ], [ -116.381128205128206, 33.226808373590984 ], [ -116.381128205128206, 33.227040257648952 ], [ -116.380986193293879, 33.227040257648952 ], [ -116.380986193293879, 33.227272141706926 ], [ -116.380844181459565, 33.227272141706926 ], [ -116.380844181459565, 33.227619967793885 ], [ -116.380702169625252, 33.227619967793885 ], [ -116.380702169625252, 33.227735909822869 ], [ -116.380560157790924, 33.227735909822869 ], [ -116.380560157790924, 33.227967793880836 ], [ -116.380418145956611, 33.227967793880836 ], [ -116.380418145956611, 33.228083735909827 ], [ -116.380276134122283, 33.228083735909827 ], [ -116.380276134122283, 33.228315619967795 ], [ -116.38013412228797, 33.228315619967795 ], [ -116.38013412228797, 33.228431561996778 ], [ -116.379992110453642, 33.228431561996778 ], [ -116.379992110453642, 33.228547504025769 ], [ -116.379850098619329, 33.228547504025769 ], [ -116.379850098619329, 33.228663446054753 ], [ -116.379566074950688, 33.228663446054753 ], [ -116.379566074950688, 33.228779388083737 ], [ -116.379424063116375, 33.228779388083737 ], [ -116.379424063116375, 33.229011272141712 ], [ -116.379282051282047, 33.229011272141712 ], [ -116.379282051282047, 33.229127214170695 ], [ -116.378571992110452, 33.229127214170695 ], [ -116.378571992110452, 33.229243156199679 ], [ -116.378429980276138, 33.229243156199679 ], [ -116.378429980276138, 33.229359098228663 ], [ -116.378287968441811, 33.229359098228663 ], [ -116.378287968441811, 33.229475040257654 ], [ -116.378145956607497, 33.229475040257654 ], [ -116.378145956607497, 33.229590982286638 ], [ -116.37800394477317, 33.229590982286638 ], [ -116.37800394477317, 33.229706924315622 ], [ -116.377861932938856, 33.229706924315622 ], [ -116.377861932938856, 33.229822866344605 ], [ -116.377719921104543, 33.229822866344605 ], [ -116.377719921104543, 33.229938808373589 ], [ -116.377293885601574, 33.229938808373589 ], [ -116.377293885601574, 33.23005475040258 ], [ -116.37686785009862, 33.23005475040258 ], [ -116.37686785009862, 33.230170692431564 ], [ -116.376725838264306, 33.230170692431564 ], [ -116.376725838264306, 33.230286634460548 ], [ -116.376583826429979, 33.230286634460548 ], [ -116.376583826429979, 33.230518518518522 ], [ -116.376299802761338, 33.230518518518522 ], [ -116.376299802761338, 33.230634460547506 ], [ -116.375589743589742, 33.230634460547506 ], [ -116.375589743589742, 33.230866344605474 ], [ -116.375163708086788, 33.230866344605474 ], [ -116.375163708086788, 33.230982286634465 ], [ -116.374737672583834, 33.230982286634465 ], [ -116.374737672583834, 33.231098228663448 ], [ -116.374453648915193, 33.231098228663448 ], [ -116.374453648915193, 33.231214170692432 ], [ -116.374311637080865, 33.231214170692432 ], [ -116.374311637080865, 33.231330112721416 ], [ -116.374169625246552, 33.231330112721416 ], [ -116.374169625246552, 33.231446054750407 ], [ -116.374027613412224, 33.231446054750407 ], [ -116.374027613412224, 33.231561996779391 ], [ -116.373885601577911, 33.231561996779391 ], [ -116.373885601577911, 33.231909822866349 ], [ -116.374027613412224, 33.231909822866349 ], [ -116.374027613412224, 33.232025764895333 ], [ -116.374169625246552, 33.232025764895333 ], [ -116.374169625246552, 33.232141706924317 ], [ -116.374311637080865, 33.232141706924317 ], [ -116.374311637080865, 33.232257648953301 ], [ -116.37502169625246, 33.232257648953301 ], [ -116.37502169625246, 33.232373590982291 ], [ -116.375589743589742, 33.232373590982291 ], [ -116.375589743589742, 33.232257648953301 ], [ -116.37573175542407, 33.232257648953301 ], [ -116.37573175542407, 33.232025764895333 ], [ -116.376015779092697, 33.232025764895333 ], [ -116.376015779092697, 33.231909822866349 ], [ -116.376299802761338, 33.231909822866349 ], [ -116.376299802761338, 33.231793880837358 ], [ -116.376441814595665, 33.231793880837358 ], [ -116.376441814595665, 33.231677938808375 ], [ -116.376725838264306, 33.231677938808375 ], [ -116.376725838264306, 33.231561996779391 ], [ -116.377009861932933, 33.231561996779391 ], [ -116.377009861932933, 33.231446054750407 ], [ -116.377151873767261, 33.231446054750407 ], [ -116.377151873767261, 33.231330112721416 ], [ -116.377435897435902, 33.231330112721416 ], [ -116.377435897435902, 33.231214170692432 ], [ -116.377719921104543, 33.231214170692432 ], [ -116.377719921104543, 33.231098228663448 ], [ -116.377861932938856, 33.231098228663448 ], [ -116.377861932938856, 33.230982286634465 ], [ -116.37800394477317, 33.230982286634465 ], [ -116.37800394477317, 33.23075040257649 ], [ -116.378145956607497, 33.23075040257649 ], [ -116.378145956607497, 33.230634460547506 ], [ -116.378714003944779, 33.230634460547506 ], [ -116.378714003944779, 33.230518518518522 ], [ -116.378998027613406, 33.230518518518522 ], [ -116.378998027613406, 33.230402576489531 ], [ -116.379282051282047, 33.230402576489531 ], [ -116.379282051282047, 33.230286634460548 ], [ -116.379424063116375, 33.230286634460548 ], [ -116.379424063116375, 33.23005475040258 ], [ -116.379992110453642, 33.23005475040258 ], [ -116.379992110453642, 33.229938808373589 ], [ -116.380276134122283, 33.229938808373589 ], [ -116.380276134122283, 33.229822866344605 ], [ -116.380560157790924, 33.229822866344605 ], [ -116.380560157790924, 33.229706924315622 ], [ -116.380702169625252, 33.229706924315622 ], [ -116.380702169625252, 33.229590982286638 ], [ -116.380844181459565, 33.229590982286638 ], [ -116.380844181459565, 33.229475040257654 ], [ -116.380986193293879, 33.229475040257654 ], [ -116.380986193293879, 33.229359098228663 ], [ -116.38127021696252, 33.229359098228663 ], [ -116.38127021696252, 33.229243156199679 ], [ -116.381412228796847, 33.229243156199679 ], [ -116.381412228796847, 33.229127214170695 ], [ -116.381696252465488, 33.229127214170695 ], [ -116.381696252465488, 33.229011272141712 ], [ -116.381838264299802, 33.229011272141712 ], [ -116.381838264299802, 33.228895330112721 ], [ -116.381980276134115, 33.228895330112721 ], [ -116.381980276134115, 33.228779388083737 ], [ -116.382122287968443, 33.228779388083737 ], [ -116.382122287968443, 33.228663446054753 ], [ -116.382264299802756, 33.228663446054753 ], [ -116.382264299802756, 33.228547504025769 ], [ -116.382406311637084, 33.228547504025769 ], [ -116.382406311637084, 33.228431561996778 ], [ -116.382548323471397, 33.228431561996778 ], [ -116.382548323471397, 33.228315619967795 ], [ -116.382974358974352, 33.228315619967795 ], [ -116.382974358974352, 33.228199677938811 ], [ -116.383116370808679, 33.228199677938811 ], [ -116.383116370808679, 33.227619967793885 ], [ -116.383826429980274, 33.227619967793885 ], [ -116.383826429980274, 33.227504025764894 ], [ -116.383968441814588, 33.227504025764894 ], [ -116.383968441814588, 33.227272141706926 ], [ -116.384110453648915, 33.227272141706926 ], [ -116.384110453648915, 33.227156199677943 ], [ -116.384252465483229, 33.227156199677943 ], [ -116.384252465483229, 33.227040257648952 ], [ -116.384394477317556, 33.227040257648952 ], [ -116.384394477317556, 33.226924315619968 ], [ -116.38453648915187, 33.226924315619968 ], [ -116.38453648915187, 33.226808373590984 ], [ -116.384678500986197, 33.226808373590984 ], [ -116.384678500986197, 33.226692431562 ], [ -116.384962524654824, 33.226692431562 ], [ -116.384962524654824, 33.226576489533009 ], [ -116.385104536489152, 33.226576489533009 ], [ -116.385104536489152, 33.226460547504026 ], [ -116.385246548323465, 33.226460547504026 ], [ -116.385246548323465, 33.226344605475042 ], [ -116.385388560157793, 33.226344605475042 ], [ -116.385388560157793, 33.226228663446058 ], [ -116.385530571992106, 33.226228663446058 ], [ -116.385530571992106, 33.226112721417074 ], [ -116.385672583826434, 33.226112721417074 ], [ -116.385672583826434, 33.225880837359099 ], [ -116.385814595660747, 33.225880837359099 ], [ -116.385814595660747, 33.225764895330116 ], [ -116.385956607495061, 33.225764895330116 ], [ -116.385956607495061, 33.225648953301132 ], [ -116.386098619329388, 33.225648953301132 ], [ -116.386098619329388, 33.225533011272141 ], [ -116.386382642998029, 33.225533011272141 ], [ -116.386382642998029, 33.225417069243157 ], [ -116.38666666666667, 33.225417069243157 ], [ -116.38666666666667, 33.225301127214173 ], [ -116.386808678500984, 33.225301127214173 ], [ -116.386808678500984, 33.224721417069247 ], [ -116.386950690335297, 33.224721417069247 ], [ -116.386950690335297, 33.224605475040256 ], [ -116.387518737672579, 33.224605475040256 ], [ -116.387518737672579, 33.224373590982289 ], [ -116.387660749506907, 33.224373590982289 ], [ -116.387660749506907, 33.224141706924314 ], [ -116.38780276134122, 33.224141706924314 ], [ -116.38780276134122, 33.223909822866347 ], [ -116.387944773175533, 33.223909822866347 ], [ -116.387944773175533, 33.223793880837363 ], [ -116.388086785009861, 33.223793880837363 ], [ -116.388086785009861, 33.223677938808372 ], [ -116.388228796844174, 33.223677938808372 ], [ -116.388228796844174, 33.223561996779388 ], [ -116.388654832347143, 33.223561996779388 ], [ -116.388654832347143, 33.223446054750404 ], [ -116.389222879684411, 33.223446054750404 ], [ -116.389222879684411, 33.22333011272142 ], [ -116.389648915187379, 33.22333011272142 ] ], [ [ -116.389222879684411, 33.223561996779388 ], [ -116.38893885601577, 33.223561996779388 ], [ -116.38893885601577, 33.223793880837363 ], [ -116.388796844181456, 33.223793880837363 ], [ -116.388796844181456, 33.223909822866347 ], [ -116.388654832347143, 33.223909822866347 ], [ -116.388654832347143, 33.224141706924314 ], [ -116.388512820512815, 33.224141706924314 ], [ -116.388512820512815, 33.224257648953305 ], [ -116.388370808678502, 33.224257648953305 ], [ -116.388370808678502, 33.224373590982289 ], [ -116.388228796844174, 33.224373590982289 ], [ -116.388228796844174, 33.224489533011273 ], [ -116.388086785009861, 33.224489533011273 ], [ -116.388086785009861, 33.224605475040256 ], [ -116.38780276134122, 33.224605475040256 ], [ -116.38780276134122, 33.225301127214173 ], [ -116.387944773175533, 33.225301127214173 ], [ -116.387944773175533, 33.225417069243157 ], [ -116.388370808678502, 33.225417069243157 ], [ -116.388370808678502, 33.225301127214173 ], [ -116.388512820512815, 33.225301127214173 ], [ -116.388512820512815, 33.22518518518519 ], [ -116.388654832347143, 33.22518518518519 ], [ -116.388654832347143, 33.225069243156199 ], [ -116.388796844181456, 33.225069243156199 ], [ -116.388796844181456, 33.224721417069247 ], [ -116.38893885601577, 33.224721417069247 ], [ -116.38893885601577, 33.224605475040256 ], [ -116.389222879684411, 33.224605475040256 ], [ -116.389222879684411, 33.224489533011273 ], [ -116.389648915187379, 33.224489533011273 ], [ -116.389648915187379, 33.224257648953305 ], [ -116.389790927021693, 33.224257648953305 ], [ -116.389790927021693, 33.223561996779388 ], [ -116.389648915187379, 33.223561996779388 ], [ -116.389648915187379, 33.223446054750404 ], [ -116.389222879684411, 33.223446054750404 ], [ -116.389222879684411, 33.223561996779388 ] ], [ [ -116.268086785009885, 33.229475040257654 ], [ -116.268086785009885, 33.229590982286638 ], [ -116.267802761341244, 33.229590982286638 ], [ -116.267802761341244, 33.229706924315622 ], [ -116.267660749506931, 33.229706924315622 ], [ -116.267660749506931, 33.229822866344605 ], [ -116.26737672583829, 33.229822866344605 ], [ -116.26737672583829, 33.229938808373589 ], [ -116.267234714003962, 33.229938808373589 ], [ -116.267234714003962, 33.230286634460548 ], [ -116.267092702169649, 33.230286634460548 ], [ -116.267092702169649, 33.23075040257649 ], [ -116.267234714003962, 33.23075040257649 ], [ -116.267234714003962, 33.230866344605474 ], [ -116.26737672583829, 33.230866344605474 ], [ -116.26737672583829, 33.230982286634465 ], [ -116.268512820512839, 33.230982286634465 ], [ -116.268512820512839, 33.229475040257654 ], [ -116.268086785009885, 33.229475040257654 ] ], [ [ -116.27319921104538, 33.23005475040258 ], [ -116.27319921104538, 33.230518518518522 ], [ -116.273625246548349, 33.230518518518522 ], [ -116.273625246548349, 33.23005475040258 ], [ -116.27319921104538, 33.23005475040258 ] ], [ [ -116.35201577909271, 33.229359098228663 ], [ -116.35201577909271, 33.229243156199679 ], [ -116.351873767258382, 33.229243156199679 ], [ -116.351873767258382, 33.229127214170695 ], [ -116.351589743589756, 33.229127214170695 ], [ -116.351589743589756, 33.229011272141712 ], [ -116.351163708086787, 33.229011272141712 ], [ -116.351163708086787, 33.228895330112721 ], [ -116.350311637080878, 33.228895330112721 ], [ -116.350311637080878, 33.229011272141712 ], [ -116.349743589743596, 33.229011272141712 ], [ -116.349743589743596, 33.228663446054753 ], [ -116.349175542406314, 33.228663446054753 ], [ -116.349175542406314, 33.229011272141712 ], [ -116.349317554240642, 33.229011272141712 ], [ -116.349317554240642, 33.229127214170695 ], [ -116.349743589743596, 33.229127214170695 ], [ -116.349743589743596, 33.229475040257654 ], [ -116.34988560157791, 33.229475040257654 ], [ -116.34988560157791, 33.229706924315622 ], [ -116.350169625246551, 33.229706924315622 ], [ -116.350169625246551, 33.229822866344605 ], [ -116.352157790927023, 33.229822866344605 ], [ -116.352157790927023, 33.229359098228663 ], [ -116.35201577909271, 33.229359098228663 ] ], [ [ -116.403566074950689, 33.228895330112721 ], [ -116.403566074950689, 33.229243156199679 ], [ -116.403992110453643, 33.229243156199679 ], [ -116.403992110453643, 33.228895330112721 ], [ -116.403566074950689, 33.228895330112721 ] ], [ [ -116.386808678500984, 33.228199677938811 ], [ -116.386808678500984, 33.227156199677943 ], [ -116.386382642998029, 33.227156199677943 ], [ -116.386382642998029, 33.227272141706926 ], [ -116.386240631163702, 33.227272141706926 ], [ -116.386240631163702, 33.227619967793885 ], [ -116.386098619329388, 33.227619967793885 ], [ -116.386098619329388, 33.227735909822869 ], [ -116.385956607495061, 33.227735909822869 ], [ -116.385956607495061, 33.228083735909827 ], [ -116.386098619329388, 33.228083735909827 ], [ -116.386098619329388, 33.228315619967795 ], [ -116.386240631163702, 33.228315619967795 ], [ -116.386240631163702, 33.228431561996778 ], [ -116.38666666666667, 33.228431561996778 ], [ -116.38666666666667, 33.228199677938811 ], [ -116.386808678500984, 33.228199677938811 ] ], [ [ -116.272205128205144, 33.227619967793885 ], [ -116.272205128205144, 33.228199677938811 ], [ -116.272773175542426, 33.228199677938811 ], [ -116.272773175542426, 33.227619967793885 ], [ -116.272205128205144, 33.227619967793885 ] ], [ [ -116.268654832347167, 33.227272141706926 ], [ -116.268654832347167, 33.227619967793885 ], [ -116.269222879684435, 33.227619967793885 ], [ -116.269222879684435, 33.227272141706926 ], [ -116.268654832347167, 33.227272141706926 ] ], [ [ -116.357270216962533, 33.226808373590984 ], [ -116.357270216962533, 33.226460547504026 ], [ -116.358406311637083, 33.226460547504026 ], [ -116.358406311637083, 33.226228663446058 ], [ -116.35854832347141, 33.226228663446058 ], [ -116.35854832347141, 33.225880837359099 ], [ -116.357980276134128, 33.225880837359099 ], [ -116.357980276134128, 33.225996779388083 ], [ -116.357128205128205, 33.225996779388083 ], [ -116.357128205128205, 33.226112721417074 ], [ -116.356986193293892, 33.226112721417074 ], [ -116.356986193293892, 33.226228663446058 ], [ -116.356702169625251, 33.226228663446058 ], [ -116.356702169625251, 33.227156199677943 ], [ -116.357128205128205, 33.227156199677943 ], [ -116.357128205128205, 33.226808373590984 ], [ -116.357270216962533, 33.226808373590984 ] ], [ [ -116.387376725838266, 33.226460547504026 ], [ -116.387376725838266, 33.225880837359099 ], [ -116.386808678500984, 33.225880837359099 ], [ -116.386808678500984, 33.226692431562 ], [ -116.387234714003938, 33.226692431562 ], [ -116.387234714003938, 33.226460547504026 ], [ -116.387376725838266, 33.226460547504026 ] ], [ [ -116.275329388560181, 33.225417069243157 ], [ -116.275329388560181, 33.225764895330116 ], [ -116.275897435897463, 33.225764895330116 ], [ -116.275897435897463, 33.225417069243157 ], [ -116.275329388560181, 33.225417069243157 ] ], [ [ -116.266382642998053, 33.225648953301132 ], [ -116.266382642998053, 33.225301127214173 ], [ -116.265814595660771, 33.225301127214173 ], [ -116.265814595660771, 33.22518518518519 ], [ -116.264962524654862, 33.22518518518519 ], [ -116.264962524654862, 33.225764895330116 ], [ -116.265814595660771, 33.225764895330116 ], [ -116.265814595660771, 33.225648953301132 ], [ -116.266382642998053, 33.225648953301132 ] ], [ [ -116.360678500986197, 33.225301127214173 ], [ -116.360678500986197, 33.22518518518519 ], [ -116.36082051282051, 33.22518518518519 ], [ -116.36082051282051, 33.224605475040256 ], [ -116.359116370808678, 33.224605475040256 ], [ -116.359116370808678, 33.224721417069247 ], [ -116.358974358974365, 33.224721417069247 ], [ -116.358974358974365, 33.225417069243157 ], [ -116.359542406311647, 33.225417069243157 ], [ -116.359542406311647, 33.225301127214173 ], [ -116.360678500986197, 33.225301127214173 ] ], [ [ -116.391211045364884, 33.225069243156199 ], [ -116.391211045364884, 33.224721417069247 ], [ -116.39106903353057, 33.224721417069247 ], [ -116.39106903353057, 33.224605475040256 ], [ -116.390500986193288, 33.224605475040256 ], [ -116.390500986193288, 33.22518518518519 ], [ -116.390642998027616, 33.22518518518519 ], [ -116.390642998027616, 33.225301127214173 ], [ -116.39106903353057, 33.225301127214173 ], [ -116.39106903353057, 33.225069243156199 ], [ -116.391211045364884, 33.225069243156199 ] ], [ [ -116.279589743589767, 33.224489533011273 ], [ -116.279589743589767, 33.224141706924314 ], [ -116.278027613412249, 33.224141706924314 ], [ -116.278027613412249, 33.224257648953305 ], [ -116.277459566074967, 33.224257648953305 ], [ -116.277459566074967, 33.224605475040256 ], [ -116.279163708086799, 33.224605475040256 ], [ -116.279163708086799, 33.224489533011273 ], [ -116.279589743589767, 33.224489533011273 ] ], [ [ -116.361814595660746, 33.224141706924314 ], [ -116.361814595660746, 33.22402576489533 ], [ -116.361956607495074, 33.22402576489533 ], [ -116.361956607495074, 33.223909822866347 ], [ -116.362240631163715, 33.223909822866347 ], [ -116.362240631163715, 33.223793880837363 ], [ -116.362524654832356, 33.223793880837363 ], [ -116.362524654832356, 33.223677938808372 ], [ -116.362808678500983, 33.223677938808372 ], [ -116.362808678500983, 33.223561996779388 ], [ -116.363092702169624, 33.223561996779388 ], [ -116.363092702169624, 33.223446054750404 ], [ -116.363234714003951, 33.223446054750404 ], [ -116.363234714003951, 33.22333011272142 ], [ -116.363376725838265, 33.22333011272142 ], [ -116.363376725838265, 33.22321417069243 ], [ -116.363518737672592, 33.22321417069243 ], [ -116.363518737672592, 33.223098228663446 ], [ -116.363802761341219, 33.223098228663446 ], [ -116.363802761341219, 33.222982286634462 ], [ -116.364512820512829, 33.222982286634462 ], [ -116.364512820512829, 33.222866344605478 ], [ -116.364654832347142, 33.222866344605478 ], [ -116.364654832347142, 33.221938808373594 ], [ -116.365080867850097, 33.221938808373594 ], [ -116.365080867850097, 33.22182286634461 ], [ -116.365222879684424, 33.22182286634461 ], [ -116.365222879684424, 33.221706924315619 ], [ -116.365648915187379, 33.221706924315619 ], [ -116.365648915187379, 33.221590982286635 ], [ -116.366927021696256, 33.221590982286635 ], [ -116.366927021696256, 33.221475040257651 ], [ -116.367211045364897, 33.221475040257651 ], [ -116.367211045364897, 33.221127214170693 ], [ -116.367069033530569, 33.221127214170693 ], [ -116.367069033530569, 33.220895330112725 ], [ -116.36593293885602, 33.220895330112725 ], [ -116.36593293885602, 33.221011272141709 ], [ -116.364654832347142, 33.221011272141709 ], [ -116.364654832347142, 33.221590982286635 ], [ -116.364512820512829, 33.221590982286635 ], [ -116.364512820512829, 33.221706924315619 ], [ -116.364228796844188, 33.221706924315619 ], [ -116.364228796844188, 33.22182286634461 ], [ -116.36408678500986, 33.22182286634461 ], [ -116.36408678500986, 33.221938808373594 ], [ -116.363802761341219, 33.221938808373594 ], [ -116.363802761341219, 33.222054750402577 ], [ -116.363660749506906, 33.222054750402577 ], [ -116.363660749506906, 33.222170692431561 ], [ -116.363376725838265, 33.222170692431561 ], [ -116.363376725838265, 33.222286634460552 ], [ -116.363092702169624, 33.222286634460552 ], [ -116.363092702169624, 33.222402576489536 ], [ -116.36295069033531, 33.222402576489536 ], [ -116.36295069033531, 33.22251851851852 ], [ -116.362666666666669, 33.22251851851852 ], [ -116.362666666666669, 33.222634460547503 ], [ -116.362524654832356, 33.222634460547503 ], [ -116.362524654832356, 33.222750402576494 ], [ -116.362382642998028, 33.222750402576494 ], [ -116.362382642998028, 33.222866344605478 ], [ -116.362098619329387, 33.222866344605478 ], [ -116.362098619329387, 33.222982286634462 ], [ -116.361956607495074, 33.222982286634462 ], [ -116.361956607495074, 33.223098228663446 ], [ -116.361672583826433, 33.223098228663446 ], [ -116.361672583826433, 33.22321417069243 ], [ -116.361246548323479, 33.22321417069243 ], [ -116.361246548323479, 33.22333011272142 ], [ -116.360962524654838, 33.22333011272142 ], [ -116.360962524654838, 33.224257648953305 ], [ -116.36153057199212, 33.224257648953305 ], [ -116.36153057199212, 33.224141706924314 ], [ -116.361814595660746, 33.224141706924314 ] ], [ [ -116.288394477317567, 33.22333011272142 ], [ -116.288394477317567, 33.222982286634462 ], [ -116.287968441814613, 33.222982286634462 ], [ -116.287968441814613, 33.222866344605478 ], [ -116.28811045364894, 33.222866344605478 ], [ -116.28811045364894, 33.222170692431561 ], [ -116.287968441814613, 33.222170692431561 ], [ -116.287968441814613, 33.222054750402577 ], [ -116.287542406311658, 33.222054750402577 ], [ -116.287542406311658, 33.221938808373594 ], [ -116.287116370808704, 33.221938808373594 ], [ -116.287116370808704, 33.222054750402577 ], [ -116.286974358974376, 33.222054750402577 ], [ -116.286974358974376, 33.22251851851852 ], [ -116.286832347140063, 33.22251851851852 ], [ -116.286832347140063, 33.222982286634462 ], [ -116.286974358974376, 33.222982286634462 ], [ -116.286974358974376, 33.223098228663446 ], [ -116.287116370808704, 33.223098228663446 ], [ -116.287116370808704, 33.223446054750404 ], [ -116.288252465483254, 33.223446054750404 ], [ -116.288252465483254, 33.22333011272142 ], [ -116.288394477317567, 33.22333011272142 ] ], [ [ -116.282856015779117, 33.222982286634462 ], [ -116.282856015779117, 33.22333011272142 ], [ -116.283282051282072, 33.22333011272142 ], [ -116.283282051282072, 33.222982286634462 ], [ -116.282856015779117, 33.222982286634462 ] ], [ [ -116.298619329388572, 33.222402576489536 ], [ -116.298619329388572, 33.222286634460552 ], [ -116.298193293885618, 33.222286634460552 ], [ -116.298193293885618, 33.222866344605478 ], [ -116.298903353057213, 33.222866344605478 ], [ -116.298903353057213, 33.222402576489536 ], [ -116.298619329388572, 33.222402576489536 ] ], [ [ -116.401435897435888, 33.222634460547503 ], [ -116.401435897435888, 33.22251851851852 ], [ -116.401577909270216, 33.22251851851852 ], [ -116.401577909270216, 33.222170692431561 ], [ -116.397885601577912, 33.222170692431561 ], [ -116.397885601577912, 33.222750402576494 ], [ -116.399305719921102, 33.222750402576494 ], [ -116.399305719921102, 33.222634460547503 ], [ -116.401435897435888, 33.222634460547503 ] ], [ [ -116.290240631163726, 33.221127214170693 ], [ -116.290240631163726, 33.220895330112725 ], [ -116.290524654832367, 33.220895330112725 ], [ -116.290524654832367, 33.220779388083734 ], [ -116.290666666666681, 33.220779388083734 ], [ -116.290666666666681, 33.220895330112725 ], [ -116.292086785009886, 33.220895330112725 ], [ -116.292086785009886, 33.220547504025767 ], [ -116.291234714003963, 33.220547504025767 ], [ -116.291234714003963, 33.219735909822866 ], [ -116.290666666666681, 33.219735909822866 ], [ -116.290666666666681, 33.219619967793882 ], [ -116.290240631163726, 33.219619967793882 ], [ -116.290240631163726, 33.219735909822866 ], [ -116.289956607495085, 33.219735909822866 ], [ -116.289956607495085, 33.219967793880841 ], [ -116.289814595660772, 33.219967793880841 ], [ -116.289814595660772, 33.220083735909824 ], [ -116.289672583826444, 33.220083735909824 ], [ -116.289672583826444, 33.220199677938808 ], [ -116.289530571992131, 33.220199677938808 ], [ -116.289530571992131, 33.220315619967792 ], [ -116.289388560157803, 33.220315619967792 ], [ -116.289388560157803, 33.220431561996783 ], [ -116.28924654832349, 33.220431561996783 ], [ -116.28924654832349, 33.220547504025767 ], [ -116.289104536489177, 33.220547504025767 ], [ -116.289104536489177, 33.220663446054751 ], [ -116.288962524654849, 33.220663446054751 ], [ -116.288962524654849, 33.220895330112725 ], [ -116.288820512820536, 33.220895330112725 ], [ -116.288820512820536, 33.221590982286635 ], [ -116.290098619329413, 33.221590982286635 ], [ -116.290098619329413, 33.221127214170693 ], [ -116.290240631163726, 33.221127214170693 ] ], [ [ -116.399163708086775, 33.220083735909824 ], [ -116.399163708086775, 33.219967793880841 ], [ -116.397885601577912, 33.219967793880841 ], [ -116.397885601577912, 33.220431561996783 ], [ -116.399305719921102, 33.220431561996783 ], [ -116.399305719921102, 33.220083735909824 ], [ -116.399163708086775, 33.220083735909824 ] ], [ [ -116.370903353057201, 33.219388083735915 ], [ -116.370903353057201, 33.219504025764898 ], [ -116.370477317554247, 33.219504025764898 ], [ -116.370477317554247, 33.219619967793882 ], [ -116.370193293885606, 33.219619967793882 ], [ -116.370193293885606, 33.219967793880841 ], [ -116.370761341222874, 33.219967793880841 ], [ -116.370761341222874, 33.220083735909824 ], [ -116.371897435897438, 33.220083735909824 ], [ -116.371897435897438, 33.219388083735915 ], [ -116.370903353057201, 33.219388083735915 ] ], [ [ -116.293790927021718, 33.21915619967794 ], [ -116.293790927021718, 33.219040257648956 ], [ -116.294074950690359, 33.219040257648956 ], [ -116.294074950690359, 33.218924315619972 ], [ -116.294500986193313, 33.218924315619972 ], [ -116.294500986193313, 33.218576489533014 ], [ -116.292370808678513, 33.218576489533014 ], [ -116.292370808678513, 33.218924315619972 ], [ -116.29251282051284, 33.218924315619972 ], [ -116.29251282051284, 33.219272141706924 ], [ -116.293364891518749, 33.219272141706924 ], [ -116.293364891518749, 33.21915619967794 ], [ -116.293790927021718, 33.21915619967794 ] ], [ [ -116.372891518737674, 33.219040257648956 ], [ -116.372891518737674, 33.218692431561998 ], [ -116.372607495069033, 33.218692431561998 ], [ -116.372607495069033, 33.218576489533014 ], [ -116.372181459566079, 33.218576489533014 ], [ -116.372181459566079, 33.218692431561998 ], [ -116.372039447731751, 33.218692431561998 ], [ -116.372039447731751, 33.21915619967794 ], [ -116.372749506903347, 33.21915619967794 ], [ -116.372749506903347, 33.219040257648956 ], [ -116.372891518737674, 33.219040257648956 ] ], [ [ -116.402571992110452, 33.218576489533014 ], [ -116.402571992110452, 33.21846054750403 ], [ -116.402287968441811, 33.21846054750403 ], [ -116.402287968441811, 33.218344605475039 ], [ -116.401719921104529, 33.218344605475039 ], [ -116.401719921104529, 33.218228663446055 ], [ -116.401577909270216, 33.218228663446055 ], [ -116.401577909270216, 33.218112721417071 ], [ -116.401435897435888, 33.218112721417071 ], [ -116.401435897435888, 33.217996779388088 ], [ -116.397885601577912, 33.217996779388088 ], [ -116.397885601577912, 33.218576489533014 ], [ -116.398879684418148, 33.218576489533014 ], [ -116.398879684418148, 33.218692431561998 ], [ -116.399305719921102, 33.218692431561998 ], [ -116.399305719921102, 33.218808373590981 ], [ -116.399873767258384, 33.218808373590981 ], [ -116.399873767258384, 33.218924315619972 ], [ -116.402714003944766, 33.218924315619972 ], [ -116.402714003944766, 33.219040257648956 ], [ -116.405128205128193, 33.219040257648956 ], [ -116.405128205128193, 33.218576489533014 ], [ -116.402571992110452, 33.218576489533014 ] ], [ [ -116.374453648915193, 33.21846054750403 ], [ -116.374453648915193, 33.217880837359097 ], [ -116.374027613412224, 33.217880837359097 ], [ -116.374027613412224, 33.217996779388088 ], [ -116.37360157790927, 33.217996779388088 ], [ -116.37360157790927, 33.218112721417071 ], [ -116.373459566074956, 33.218112721417071 ], [ -116.373459566074956, 33.218228663446055 ], [ -116.373317554240629, 33.218228663446055 ], [ -116.373317554240629, 33.218576489533014 ], [ -116.374311637080865, 33.218576489533014 ], [ -116.374311637080865, 33.21846054750403 ], [ -116.374453648915193, 33.21846054750403 ] ], [ [ -116.37573175542407, 33.217533011272145 ], [ -116.37573175542407, 33.21648953301127 ], [ -116.37502169625246, 33.21648953301127 ], [ -116.37502169625246, 33.216605475040261 ], [ -116.374879684418147, 33.216605475040261 ], [ -116.374879684418147, 33.216837359098228 ], [ -116.374737672583834, 33.216837359098228 ], [ -116.374737672583834, 33.217301127214171 ], [ -116.374595660749506, 33.217301127214171 ], [ -116.374595660749506, 33.217648953301129 ], [ -116.374737672583834, 33.217648953301129 ], [ -116.374737672583834, 33.217764895330113 ], [ -116.375589743589742, 33.217764895330113 ], [ -116.375589743589742, 33.217533011272145 ], [ -116.37573175542407, 33.217533011272145 ] ], [ [ -116.391211045364884, 33.215214170692434 ], [ -116.391211045364884, 33.21509822866345 ], [ -116.390500986193288, 33.21509822866345 ], [ -116.390500986193288, 33.214982286634459 ], [ -116.390358974358975, 33.214982286634459 ], [ -116.390358974358975, 33.214286634460549 ], [ -116.389932938856006, 33.214286634460549 ], [ -116.389932938856006, 33.214518518518517 ], [ -116.389790927021693, 33.214518518518517 ], [ -116.389790927021693, 33.214634460547508 ], [ -116.389506903353052, 33.214634460547508 ], [ -116.389506903353052, 33.214750402576492 ], [ -116.388512820512815, 33.214750402576492 ], [ -116.388512820512815, 33.214866344605475 ], [ -116.387660749506907, 33.214866344605475 ], [ -116.387660749506907, 33.214982286634459 ], [ -116.387518737672579, 33.214982286634459 ], [ -116.387518737672579, 33.21509822866345 ], [ -116.387376725838266, 33.21509822866345 ], [ -116.387376725838266, 33.215446054750402 ], [ -116.387518737672579, 33.215446054750402 ], [ -116.387518737672579, 33.215561996779392 ], [ -116.390074950690334, 33.215561996779392 ], [ -116.390074950690334, 33.215446054750402 ], [ -116.390358974358975, 33.215446054750402 ], [ -116.390358974358975, 33.215561996779392 ], [ -116.391495069033525, 33.215561996779392 ], [ -116.391495069033525, 33.215214170692434 ], [ -116.391211045364884, 33.215214170692434 ] ], [ [ -116.302737672583845, 33.214518518518517 ], [ -116.302737672583845, 33.213590982286632 ], [ -116.302595660749517, 33.213590982286632 ], [ -116.302595660749517, 33.213475040257649 ], [ -116.302453648915204, 33.213475040257649 ], [ -116.302453648915204, 33.213359098228665 ], [ -116.301885601577922, 33.213359098228665 ], [ -116.301885601577922, 33.213475040257649 ], [ -116.301743589743609, 33.213475040257649 ], [ -116.301743589743609, 33.214402576489533 ], [ -116.301885601577922, 33.214402576489533 ], [ -116.301885601577922, 33.214634460547508 ], [ -116.302453648915204, 33.214634460547508 ], [ -116.302453648915204, 33.214518518518517 ], [ -116.302737672583845, 33.214518518518517 ] ], [ [ -116.392347140039448, 33.213822866344607 ], [ -116.392347140039448, 33.213706924315623 ], [ -116.392489151873761, 33.213706924315623 ], [ -116.392489151873761, 33.213590982286632 ], [ -116.392631163708089, 33.213590982286632 ], [ -116.392631163708089, 33.21312721417069 ], [ -116.392347140039448, 33.21312721417069 ], [ -116.392347140039448, 33.213011272141706 ], [ -116.391921104536479, 33.213011272141706 ], [ -116.391921104536479, 33.21312721417069 ], [ -116.390785009861929, 33.21312721417069 ], [ -116.390785009861929, 33.213243156199681 ], [ -116.390500986193288, 33.213243156199681 ], [ -116.390500986193288, 33.213938808373591 ], [ -116.391779092702166, 33.213938808373591 ], [ -116.391779092702166, 33.213822866344607 ], [ -116.392347140039448, 33.213822866344607 ] ] ], [ [ [ -116.327589743589755, 33.384721417069244 ], [ -116.32389743589745, 33.384721417069244 ], [ -116.32389743589745, 33.38460547504026 ], [ -116.323471400394482, 33.38460547504026 ], [ -116.323471400394482, 33.384489533011276 ], [ -116.322761341222886, 33.384489533011276 ], [ -116.322761341222886, 33.384373590982293 ], [ -116.322477317554245, 33.384373590982293 ], [ -116.322477317554245, 33.383561996779392 ], [ -116.322335305719932, 33.383561996779392 ], [ -116.322335305719932, 33.382750402576491 ], [ -116.322477317554245, 33.382750402576491 ], [ -116.322477317554245, 33.382286634460549 ], [ -116.322619329388573, 33.382286634460549 ], [ -116.322619329388573, 33.382054750402581 ], [ -116.322761341222886, 33.382054750402581 ], [ -116.322761341222886, 33.381590982286639 ], [ -116.322903353057214, 33.381590982286639 ], [ -116.322903353057214, 33.381475040257655 ], [ -116.323045364891527, 33.381475040257655 ], [ -116.323045364891527, 33.381359098228664 ], [ -116.324039447731764, 33.381359098228664 ], [ -116.324039447731764, 33.381475040257655 ], [ -116.327589743589755, 33.381475040257655 ], [ -116.327589743589755, 33.381359098228664 ], [ -116.330003944773182, 33.381359098228664 ], [ -116.330003944773182, 33.381590982286639 ], [ -116.33014595660751, 33.381590982286639 ], [ -116.33014595660751, 33.382054750402581 ], [ -116.330287968441823, 33.382054750402581 ], [ -116.330287968441823, 33.382518518518523 ], [ -116.330429980276151, 33.382518518518523 ], [ -116.330429980276151, 33.383330112721424 ], [ -116.330287968441823, 33.383330112721424 ], [ -116.330287968441823, 33.384373590982293 ], [ -116.329719921104541, 33.384373590982293 ], [ -116.329719921104541, 33.384489533011276 ], [ -116.329151873767273, 33.384489533011276 ], [ -116.329151873767273, 33.38460547504026 ], [ -116.328867850098632, 33.38460547504026 ], [ -116.328867850098632, 33.384721417069244 ], [ -116.328015779092709, 33.384721417069244 ], [ -116.328015779092709, 33.384837359098235 ], [ -116.327589743589755, 33.384837359098235 ], [ -116.327589743589755, 33.384721417069244 ] ] ] ] } },
{ "type": "Feature", "properties": { "fan_class": "inactive", "confidence": "moderate for broad extents; low-moderate for small polygons", "source": "DRI 2015 presentation page 20 color-classified/georeferenced from PDF graticule" }, "geometry": { "type": "MultiPolygon", "coordinates": [ [ [ [ -116.395897435897425, 33.236895330112723 ], [ -116.395755424063111, 33.236895330112723 ], [ -116.395755424063111, 33.23677938808374 ], [ -116.395897435897425, 33.23677938808374 ], [ -116.395897435897425, 33.236663446054749 ], [ -116.396465483234707, 33.236663446054749 ], [ -116.396465483234707, 33.236547504025765 ], [ -116.396749506903348, 33.236547504025765 ], [ -116.396749506903348, 33.236315619967797 ], [ -116.396891518737675, 33.236315619967797 ], [ -116.396891518737675, 33.236199677938806 ], [ -116.397033530571989, 33.236199677938806 ], [ -116.397033530571989, 33.236083735909823 ], [ -116.397175542406302, 33.236083735909823 ], [ -116.397175542406302, 33.235967793880839 ], [ -116.397743589743584, 33.235967793880839 ], [ -116.397743589743584, 33.235851851851855 ], [ -116.398027613412225, 33.235851851851855 ], [ -116.398027613412225, 33.235735909822871 ], [ -116.398453648915179, 33.235735909822871 ], [ -116.398453648915179, 33.23561996779388 ], [ -116.398595660749507, 33.23561996779388 ], [ -116.398595660749507, 33.235504025764897 ], [ -116.39873767258382, 33.235504025764897 ], [ -116.39873767258382, 33.235388083735913 ], [ -116.399021696252461, 33.235388083735913 ], [ -116.399021696252461, 33.235272141706929 ], [ -116.399163708086775, 33.235272141706929 ], [ -116.399163708086775, 33.235156199677938 ], [ -116.399447731755416, 33.235156199677938 ], [ -116.399447731755416, 33.235040257648954 ], [ -116.399731755424057, 33.235040257648954 ], [ -116.399731755424057, 33.234924315619971 ], [ -116.400015779092698, 33.234924315619971 ], [ -116.400015779092698, 33.234808373590987 ], [ -116.400157790927011, 33.234808373590987 ], [ -116.400157790927011, 33.234692431561996 ], [ -116.400299802761339, 33.234692431561996 ], [ -116.400299802761339, 33.234576489533012 ], [ -116.400441814595652, 33.234576489533012 ], [ -116.400441814595652, 33.234460547504028 ], [ -116.40058382642998, 33.234460547504028 ], [ -116.40058382642998, 33.234344605475044 ], [ -116.400725838264293, 33.234344605475044 ], [ -116.400725838264293, 33.234228663446054 ], [ -116.401009861932934, 33.234228663446054 ], [ -116.401009861932934, 33.23411272141707 ], [ -116.401435897435888, 33.23411272141707 ], [ -116.401435897435888, 33.233996779388086 ], [ -116.401577909270216, 33.233996779388086 ], [ -116.401577909270216, 33.233648953301127 ], [ -116.402145956607484, 33.233648953301127 ], [ -116.402145956607484, 33.233533011272144 ], [ -116.402287968441811, 33.233533011272144 ], [ -116.402287968441811, 33.23341706924316 ], [ -116.402429980276125, 33.23341706924316 ], [ -116.402429980276125, 33.233185185185185 ], [ -116.402571992110452, 33.233185185185185 ], [ -116.402571992110452, 33.233069243156201 ], [ -116.402714003944766, 33.233069243156201 ], [ -116.402714003944766, 33.232953301127218 ], [ -116.402856015779093, 33.232953301127218 ], [ -116.402856015779093, 33.232837359098227 ], [ -116.402998027613407, 33.232837359098227 ], [ -116.402998027613407, 33.232489533011275 ], [ -116.40314003944772, 33.232489533011275 ], [ -116.40314003944772, 33.232141706924317 ], [ -116.402998027613407, 33.232141706924317 ], [ -116.402998027613407, 33.231561996779391 ], [ -116.40314003944772, 33.231561996779391 ], [ -116.40314003944772, 33.231330112721416 ], [ -116.403282051282048, 33.231330112721416 ], [ -116.403282051282048, 33.231214170692432 ], [ -116.403424063116361, 33.231214170692432 ], [ -116.403424063116361, 33.231098228663448 ], [ -116.403566074950689, 33.231098228663448 ], [ -116.403566074950689, 33.230866344605474 ], [ -116.403708086785002, 33.230866344605474 ], [ -116.403708086785002, 33.23075040257649 ], [ -116.40385009861933, 33.23075040257649 ], [ -116.40385009861933, 33.230634460547506 ], [ -116.403992110453643, 33.230634460547506 ], [ -116.403992110453643, 33.230518518518522 ], [ -116.404134122287957, 33.230518518518522 ], [ -116.404134122287957, 33.230170692431564 ], [ -116.404276134122284, 33.230170692431564 ], [ -116.404276134122284, 33.23005475040258 ], [ -116.404418145956598, 33.23005475040258 ], [ -116.404418145956598, 33.229938808373589 ], [ -116.404560157790925, 33.229938808373589 ], [ -116.404560157790925, 33.229822866344605 ], [ -116.405128205128193, 33.229822866344605 ], [ -116.405128205128193, 33.230170692431564 ], [ -116.405270216962521, 33.230170692431564 ], [ -116.405270216962521, 33.231561996779391 ], [ -116.405128205128193, 33.231561996779391 ], [ -116.405128205128193, 33.231909822866349 ], [ -116.40498619329388, 33.231909822866349 ], [ -116.40498619329388, 33.232141706924317 ], [ -116.404702169625239, 33.232141706924317 ], [ -116.404702169625239, 33.232257648953301 ], [ -116.404560157790925, 33.232257648953301 ], [ -116.404560157790925, 33.232605475040259 ], [ -116.404702169625239, 33.232605475040259 ], [ -116.404702169625239, 33.232837359098227 ], [ -116.405412228796834, 33.232837359098227 ], [ -116.405412228796834, 33.232953301127218 ], [ -116.405838264299803, 33.232953301127218 ], [ -116.405838264299803, 33.233185185185185 ], [ -116.405980276134116, 33.233185185185185 ], [ -116.405980276134116, 33.233996779388086 ], [ -116.406122287968429, 33.233996779388086 ], [ -116.406122287968429, 33.23411272141707 ], [ -116.406690335305711, 33.23411272141707 ], [ -116.406690335305711, 33.234344605475044 ], [ -116.406832347140039, 33.234344605475044 ], [ -116.406832347140039, 33.234460547504028 ], [ -116.406974358974352, 33.234460547504028 ], [ -116.406974358974352, 33.234808373590987 ], [ -116.406832347140039, 33.234808373590987 ], [ -116.406832347140039, 33.234924315619971 ], [ -116.406690335305711, 33.234924315619971 ], [ -116.406690335305711, 33.235040257648954 ], [ -116.406548323471398, 33.235040257648954 ], [ -116.406548323471398, 33.235156199677938 ], [ -116.406264299802757, 33.235156199677938 ], [ -116.406264299802757, 33.235272141706929 ], [ -116.406122287968429, 33.235272141706929 ], [ -116.406122287968429, 33.235388083735913 ], [ -116.405838264299803, 33.235388083735913 ], [ -116.405838264299803, 33.235504025764897 ], [ -116.405270216962521, 33.235504025764897 ], [ -116.405270216962521, 33.235388083735913 ], [ -116.403566074950689, 33.235388083735913 ], [ -116.403566074950689, 33.235504025764897 ], [ -116.403424063116361, 33.235504025764897 ], [ -116.403424063116361, 33.23561996779388 ], [ -116.402998027613407, 33.23561996779388 ], [ -116.402998027613407, 33.235735909822871 ], [ -116.401577909270216, 33.235735909822871 ], [ -116.401577909270216, 33.235504025764897 ], [ -116.401009861932934, 33.235504025764897 ], [ -116.401009861932934, 33.23561996779388 ], [ -116.400867850098621, 33.23561996779388 ], [ -116.400867850098621, 33.235851851851855 ], [ -116.400725838264293, 33.235851851851855 ], [ -116.400725838264293, 33.236315619967797 ], [ -116.399305719921102, 33.236315619967797 ], [ -116.399305719921102, 33.236431561996781 ], [ -116.399163708086775, 33.236431561996781 ], [ -116.399163708086775, 33.236547504025765 ], [ -116.398879684418148, 33.236547504025765 ], [ -116.398879684418148, 33.236663446054749 ], [ -116.397885601577912, 33.236663446054749 ], [ -116.397885601577912, 33.236895330112723 ], [ -116.397743589743584, 33.236895330112723 ], [ -116.397743589743584, 33.237011272141707 ], [ -116.397033530571989, 33.237011272141707 ], [ -116.397033530571989, 33.237127214170691 ], [ -116.396181459566066, 33.237127214170691 ], [ -116.396181459566066, 33.237011272141707 ], [ -116.395897435897425, 33.237011272141707 ], [ -116.395897435897425, 33.236895330112723 ] ] ], [ [ [ -116.400015779092698, 33.237127214170691 ], [ -116.400015779092698, 33.237011272141707 ], [ -116.399873767258384, 33.237011272141707 ], [ -116.399873767258384, 33.236895330112723 ], [ -116.400157790927011, 33.236895330112723 ], [ -116.400157790927011, 33.23677938808374 ], [ -116.400299802761339, 33.23677938808374 ], [ -116.400299802761339, 33.236663446054749 ], [ -116.400725838264293, 33.236663446054749 ], [ -116.400725838264293, 33.236547504025765 ], [ -116.401293885601575, 33.236547504025765 ], [ -116.401293885601575, 33.236431561996781 ], [ -116.401577909270216, 33.236431561996781 ], [ -116.401577909270216, 33.236547504025765 ], [ -116.402714003944766, 33.236547504025765 ], [ -116.402714003944766, 33.236431561996781 ], [ -116.402856015779093, 33.236431561996781 ], [ -116.402856015779093, 33.236315619967797 ], [ -116.40314003944772, 33.236315619967797 ], [ -116.40314003944772, 33.236199677938806 ], [ -116.403424063116361, 33.236199677938806 ], [ -116.403424063116361, 33.236083735909823 ], [ -116.403708086785002, 33.236083735909823 ], [ -116.403708086785002, 33.235967793880839 ], [ -116.404276134122284, 33.235967793880839 ], [ -116.404276134122284, 33.235851851851855 ], [ -116.405270216962521, 33.235851851851855 ], [ -116.405270216962521, 33.236083735909823 ], [ -116.405412228796834, 33.236083735909823 ], [ -116.405412228796834, 33.236663446054749 ], [ -116.402571992110452, 33.236663446054749 ], [ -116.402571992110452, 33.237011272141707 ], [ -116.402429980276125, 33.237011272141707 ], [ -116.402429980276125, 33.237127214170691 ], [ -116.402287968441811, 33.237127214170691 ], [ -116.402287968441811, 33.237243156199682 ], [ -116.402145956607484, 33.237243156199682 ], [ -116.402145956607484, 33.237359098228666 ], [ -116.401861932938857, 33.237359098228666 ], [ -116.401861932938857, 33.23747504025765 ], [ -116.40058382642998, 33.23747504025765 ], [ -116.40058382642998, 33.237359098228666 ], [ -116.400157790927011, 33.237359098228666 ], [ -116.400157790927011, 33.237127214170691 ], [ -116.400015779092698, 33.237127214170691 ] ] ], [ [ [ -116.401009861932934, 33.239446054750402 ], [ -116.401009861932934, 33.239330112721419 ], [ -116.401435897435888, 33.239330112721419 ], [ -116.401435897435888, 33.239098228663451 ], [ -116.401577909270216, 33.239098228663451 ], [ -116.401577909270216, 33.23898228663446 ], [ -116.402571992110452, 33.23898228663446 ], [ -116.402571992110452, 33.238866344605476 ], [ -116.402998027613407, 33.238866344605476 ], [ -116.402998027613407, 33.238750402576493 ], [ -116.40314003944772, 33.238750402576493 ], [ -116.40314003944772, 33.238402576489534 ], [ -116.402998027613407, 33.238402576489534 ], [ -116.402998027613407, 33.238170692431567 ], [ -116.403282051282048, 33.238170692431567 ], [ -116.403282051282048, 33.237706924315624 ], [ -116.402998027613407, 33.237706924315624 ], [ -116.402998027613407, 33.237590982286633 ], [ -116.40314003944772, 33.237590982286633 ], [ -116.40314003944772, 33.23747504025765 ], [ -116.40385009861933, 33.23747504025765 ], [ -116.40385009861933, 33.237359098228666 ], [ -116.404702169625239, 33.237359098228666 ], [ -116.404702169625239, 33.237243156199682 ], [ -116.405128205128193, 33.237243156199682 ], [ -116.405128205128193, 33.237127214170691 ], [ -116.405270216962521, 33.237127214170691 ], [ -116.405270216962521, 33.237011272141707 ], [ -116.405412228796834, 33.237011272141707 ], [ -116.405412228796834, 33.237127214170691 ], [ -116.405696252465475, 33.237127214170691 ], [ -116.405696252465475, 33.237243156199682 ], [ -116.405838264299803, 33.237243156199682 ], [ -116.405838264299803, 33.237590982286633 ], [ -116.405980276134116, 33.237590982286633 ], [ -116.405980276134116, 33.238634460547509 ], [ -116.405838264299803, 33.238634460547509 ], [ -116.405838264299803, 33.238750402576493 ], [ -116.405554240631162, 33.238750402576493 ], [ -116.405554240631162, 33.238866344605476 ], [ -116.405270216962521, 33.238866344605476 ], [ -116.405270216962521, 33.238518518518518 ], [ -116.405128205128193, 33.238518518518518 ], [ -116.405128205128193, 33.238402576489534 ], [ -116.403992110453643, 33.238402576489534 ], [ -116.403992110453643, 33.238518518518518 ], [ -116.40385009861933, 33.238518518518518 ], [ -116.40385009861933, 33.239330112721419 ], [ -116.403708086785002, 33.239330112721419 ], [ -116.403708086785002, 33.239561996779386 ], [ -116.403566074950689, 33.239561996779386 ], [ -116.403566074950689, 33.239677938808377 ], [ -116.401577909270216, 33.239677938808377 ], [ -116.401577909270216, 33.239561996779386 ], [ -116.401435897435888, 33.239561996779386 ], [ -116.401435897435888, 33.239446054750402 ], [ -116.401009861932934, 33.239446054750402 ] ] ], [ [ [ -116.39731755424063, 33.24234460547504 ], [ -116.397175542406302, 33.24234460547504 ], [ -116.397175542406302, 33.242112721417072 ], [ -116.397033530571989, 33.242112721417072 ], [ -116.397033530571989, 33.241880837359098 ], [ -116.396891518737675, 33.241880837359098 ], [ -116.396891518737675, 33.24164895330113 ], [ -116.396749506903348, 33.24164895330113 ], [ -116.396749506903348, 33.241069243156204 ], [ -116.396891518737675, 33.241069243156204 ], [ -116.396891518737675, 33.240837359098229 ], [ -116.397175542406302, 33.240837359098229 ], [ -116.397175542406302, 33.240721417069246 ], [ -116.397743589743584, 33.240721417069246 ], [ -116.397743589743584, 33.240837359098229 ], [ -116.397885601577912, 33.240837359098229 ], [ -116.397885601577912, 33.241185185185188 ], [ -116.398453648915179, 33.241185185185188 ], [ -116.398453648915179, 33.241301127214172 ], [ -116.398879684418148, 33.241301127214172 ], [ -116.398879684418148, 33.241417069243155 ], [ -116.399021696252461, 33.241417069243155 ], [ -116.399021696252461, 33.241996779388089 ], [ -116.398879684418148, 33.241996779388089 ], [ -116.398879684418148, 33.242112721417072 ], [ -116.39873767258382, 33.242112721417072 ], [ -116.39873767258382, 33.24234460547504 ], [ -116.398595660749507, 33.24234460547504 ], [ -116.398595660749507, 33.242460547504031 ], [ -116.398311637080866, 33.242460547504031 ], [ -116.398311637080866, 33.242576489533015 ], [ -116.397885601577912, 33.242576489533015 ], [ -116.397885601577912, 33.242692431561998 ], [ -116.397459566074943, 33.242692431561998 ], [ -116.397459566074943, 33.242576489533015 ], [ -116.39731755424063, 33.242576489533015 ], [ -116.39731755424063, 33.24234460547504 ] ] ], [ [ [ -116.410240631163703, 33.247909822866347 ], [ -116.410240631163703, 33.247677938808373 ], [ -116.410524654832344, 33.247677938808373 ], [ -116.410524654832344, 33.247446054750405 ], [ -116.410666666666657, 33.247446054750405 ], [ -116.410666666666657, 33.247098228663447 ], [ -116.410808678500985, 33.247098228663447 ], [ -116.410808678500985, 33.246750402576488 ], [ -116.410950690335298, 33.246750402576488 ], [ -116.410950690335298, 33.246518518518521 ], [ -116.411092702169611, 33.246518518518521 ], [ -116.411092702169611, 33.246054750402578 ], [ -116.411234714003939, 33.246054750402578 ], [ -116.411234714003939, 33.245822866344611 ], [ -116.411376725838252, 33.245822866344611 ], [ -116.411376725838252, 33.24570692431562 ], [ -116.411944773175534, 33.24570692431562 ], [ -116.411944773175534, 33.245822866344611 ], [ -116.412086785009848, 33.245822866344611 ], [ -116.412086785009848, 33.245938808373594 ], [ -116.412228796844175, 33.245938808373594 ], [ -116.412228796844175, 33.246170692431562 ], [ -116.412086785009848, 33.246170692431562 ], [ -116.412086785009848, 33.246982286634463 ], [ -116.412228796844175, 33.246982286634463 ], [ -116.412228796844175, 33.247561996779389 ], [ -116.412086785009848, 33.247561996779389 ], [ -116.412086785009848, 33.247677938808373 ], [ -116.411944773175534, 33.247677938808373 ], [ -116.411944773175534, 33.247793880837364 ], [ -116.411802761341221, 33.247793880837364 ], [ -116.411802761341221, 33.247909822866347 ], [ -116.411660749506893, 33.247909822866347 ], [ -116.411660749506893, 33.248025764895331 ], [ -116.411376725838252, 33.248025764895331 ], [ -116.411376725838252, 33.248141706924315 ], [ -116.410666666666657, 33.248141706924315 ], [ -116.410666666666657, 33.248025764895331 ], [ -116.410382642998016, 33.248025764895331 ], [ -116.410382642998016, 33.247909822866347 ], [ -116.410240631163703, 33.247909822866347 ] ] ], [ [ [ -116.425293885601562, 33.273764895330117 ], [ -116.425293885601562, 33.273533011272143 ], [ -116.425151873767248, 33.273533011272143 ], [ -116.425151873767248, 33.272953301127217 ], [ -116.425009861932935, 33.272953301127217 ], [ -116.425009861932935, 33.272837359098233 ], [ -116.424583826429966, 33.272837359098233 ], [ -116.424583826429966, 33.272721417069242 ], [ -116.424299802761325, 33.272721417069242 ], [ -116.424299802761325, 33.272489533011274 ], [ -116.424441814595653, 33.272489533011274 ], [ -116.424441814595653, 33.272257648953307 ], [ -116.424583826429966, 33.272257648953307 ], [ -116.424583826429966, 33.271909822866348 ], [ -116.424725838264294, 33.271909822866348 ], [ -116.424725838264294, 33.271793880837365 ], [ -116.424867850098607, 33.271793880837365 ], [ -116.424867850098607, 33.271446054750406 ], [ -116.425009861932935, 33.271446054750406 ], [ -116.425009861932935, 33.271330112721422 ], [ -116.425293885601562, 33.271330112721422 ], [ -116.425293885601562, 33.271214170692431 ], [ -116.425435897435889, 33.271214170692431 ], [ -116.425435897435889, 33.271098228663448 ], [ -116.425577909270203, 33.271098228663448 ], [ -116.425577909270203, 33.27086634460548 ], [ -116.42571992110453, 33.27086634460548 ], [ -116.42571992110453, 33.270634460547505 ], [ -116.426145956607485, 33.270634460547505 ], [ -116.426145956607485, 33.270518518518521 ], [ -116.426287968441798, 33.270518518518521 ], [ -116.426287968441798, 33.270286634460547 ], [ -116.426571992110439, 33.270286634460547 ], [ -116.426571992110439, 33.270170692431563 ], [ -116.42685601577908, 33.270170692431563 ], [ -116.42685601577908, 33.270286634460547 ], [ -116.426714003944767, 33.270286634460547 ], [ -116.426714003944767, 33.270750402576489 ], [ -116.426571992110439, 33.270750402576489 ], [ -116.426571992110439, 33.271909822866348 ], [ -116.426429980276126, 33.271909822866348 ], [ -116.426429980276126, 33.272373590982291 ], [ -116.426287968441798, 33.272373590982291 ], [ -116.426287968441798, 33.272721417069242 ], [ -116.427282051282035, 33.272721417069242 ], [ -116.427282051282035, 33.273301127214175 ], [ -116.427140039447721, 33.273301127214175 ], [ -116.427140039447721, 33.273417069243159 ], [ -116.426998027613408, 33.273417069243159 ], [ -116.426998027613408, 33.273648953301127 ], [ -116.42685601577908, 33.273648953301127 ], [ -116.42685601577908, 33.273880837359101 ], [ -116.426571992110439, 33.273880837359101 ], [ -116.426571992110439, 33.273996779388085 ], [ -116.426429980276126, 33.273996779388085 ], [ -116.426429980276126, 33.274112721417069 ], [ -116.425577909270203, 33.274112721417069 ], [ -116.425577909270203, 33.273996779388085 ], [ -116.425435897435889, 33.273996779388085 ], [ -116.425435897435889, 33.273764895330117 ], [ -116.425293885601562, 33.273764895330117 ] ] ], [ [ [ -116.400867850098621, 33.340547504025771 ], [ -116.400725838264293, 33.340547504025771 ], [ -116.400725838264293, 33.34043156199678 ], [ -116.40058382642998, 33.34043156199678 ], [ -116.40058382642998, 33.340315619967797 ], [ -116.400299802761339, 33.340315619967797 ], [ -116.400299802761339, 33.340083735909829 ], [ -116.400157790927011, 33.340083735909829 ], [ -116.400157790927011, 33.339967793880838 ], [ -116.400015779092698, 33.339967793880838 ], [ -116.400015779092698, 33.339504025764896 ], [ -116.399873767258384, 33.339504025764896 ], [ -116.399873767258384, 33.339272141706928 ], [ -116.400015779092698, 33.339272141706928 ], [ -116.400015779092698, 33.339156199677944 ], [ -116.400725838264293, 33.339156199677944 ], [ -116.400725838264293, 33.339040257648954 ], [ -116.401009861932934, 33.339040257648954 ], [ -116.401009861932934, 33.33892431561997 ], [ -116.401293885601575, 33.33892431561997 ], [ -116.401293885601575, 33.338808373590986 ], [ -116.401435897435888, 33.338808373590986 ], [ -116.401435897435888, 33.338692431562002 ], [ -116.401719921104529, 33.338692431562002 ], [ -116.401719921104529, 33.338576489533011 ], [ -116.402714003944766, 33.338576489533011 ], [ -116.402714003944766, 33.338692431562002 ], [ -116.402998027613407, 33.338692431562002 ], [ -116.402998027613407, 33.33892431561997 ], [ -116.40314003944772, 33.33892431561997 ], [ -116.40314003944772, 33.339156199677944 ], [ -116.402998027613407, 33.339156199677944 ], [ -116.402998027613407, 33.339272141706928 ], [ -116.402856015779093, 33.339272141706928 ], [ -116.402856015779093, 33.339619967793887 ], [ -116.402714003944766, 33.339619967793887 ], [ -116.402714003944766, 33.339851851851854 ], [ -116.402571992110452, 33.339851851851854 ], [ -116.402571992110452, 33.339967793880838 ], [ -116.402287968441811, 33.339967793880838 ], [ -116.402287968441811, 33.340083735909829 ], [ -116.401435897435888, 33.340083735909829 ], [ -116.401435897435888, 33.340199677938813 ], [ -116.401151873767247, 33.340199677938813 ], [ -116.401151873767247, 33.340779388083739 ], [ -116.401009861932934, 33.340779388083739 ], [ -116.401009861932934, 33.340663446054755 ], [ -116.400867850098621, 33.340663446054755 ], [ -116.400867850098621, 33.340547504025771 ] ] ], [ [ [ -116.414074950690321, 33.361301127214176 ], [ -116.414074950690321, 33.361185185185192 ], [ -116.413790927021694, 33.361185185185192 ], [ -116.413790927021694, 33.360953301127218 ], [ -116.413932938856007, 33.360953301127218 ], [ -116.413932938856007, 33.360837359098234 ], [ -116.414074950690321, 33.360837359098234 ], [ -116.414074950690321, 33.36072141706925 ], [ -116.414358974358962, 33.36072141706925 ], [ -116.414358974358962, 33.360605475040259 ], [ -116.414642998027603, 33.360605475040259 ], [ -116.414642998027603, 33.360489533011275 ], [ -116.414927021696244, 33.360489533011275 ], [ -116.414927021696244, 33.360373590982292 ], [ -116.415637080867839, 33.360373590982292 ], [ -116.415637080867839, 33.360489533011275 ], [ -116.416063116370793, 33.360489533011275 ], [ -116.416063116370793, 33.360373590982292 ], [ -116.41705719921103, 33.360373590982292 ], [ -116.41705719921103, 33.360257648953308 ], [ -116.417341222879671, 33.360257648953308 ], [ -116.417341222879671, 33.360489533011275 ], [ -116.417199211045357, 33.360489533011275 ], [ -116.417199211045357, 33.360605475040259 ], [ -116.41705719921103, 33.360605475040259 ], [ -116.41705719921103, 33.36072141706925 ], [ -116.416915187376716, 33.36072141706925 ], [ -116.416915187376716, 33.360837359098234 ], [ -116.416489151873762, 33.360837359098234 ], [ -116.416489151873762, 33.360953301127218 ], [ -116.416347140039434, 33.360953301127218 ], [ -116.416347140039434, 33.361185185185192 ], [ -116.416205128205121, 33.361185185185192 ], [ -116.416205128205121, 33.361301127214176 ], [ -116.415779092702167, 33.361301127214176 ], [ -116.415779092702167, 33.36141706924316 ], [ -116.415353057199198, 33.36141706924316 ], [ -116.415353057199198, 33.361533011272144 ], [ -116.414642998027603, 33.361533011272144 ], [ -116.414642998027603, 33.36141706924316 ], [ -116.414216962524648, 33.36141706924316 ], [ -116.414216962524648, 33.361301127214176 ], [ -116.414074950690321, 33.361301127214176 ] ] ], [ [ [ -116.421175542406303, 33.365359098228666 ], [ -116.421175542406303, 33.365243156199682 ], [ -116.420891518737662, 33.365243156199682 ], [ -116.420891518737662, 33.365127214170698 ], [ -116.420607495069021, 33.365127214170698 ], [ -116.420607495069021, 33.365011272141707 ], [ -116.42032347140038, 33.365011272141707 ], [ -116.42032347140038, 33.364895330112724 ], [ -116.420181459566066, 33.364895330112724 ], [ -116.420181459566066, 33.36477938808374 ], [ -116.420039447731753, 33.36477938808374 ], [ -116.420039447731753, 33.364547504025765 ], [ -116.419897435897425, 33.364547504025765 ], [ -116.419897435897425, 33.364431561996781 ], [ -116.419329388560143, 33.364431561996781 ], [ -116.419329388560143, 33.364315619967797 ], [ -116.418761341222876, 33.364315619967797 ], [ -116.418761341222876, 33.364199677938814 ], [ -116.417341222879671, 33.364199677938814 ], [ -116.417341222879671, 33.364315619967797 ], [ -116.416347140039434, 33.364315619967797 ], [ -116.416347140039434, 33.364199677938814 ], [ -116.416205128205121, 33.364199677938814 ], [ -116.416205128205121, 33.36408373590983 ], [ -116.41592110453648, 33.36408373590983 ], [ -116.41592110453648, 33.363735909822871 ], [ -116.415779092702167, 33.363735909822871 ], [ -116.415779092702167, 33.363272141706929 ], [ -116.415637080867839, 33.363272141706929 ], [ -116.415637080867839, 33.363156199677945 ], [ -116.415495069033526, 33.363156199677945 ], [ -116.415495069033526, 33.363040257648954 ], [ -116.415353057199198, 33.363040257648954 ], [ -116.415353057199198, 33.362808373590987 ], [ -116.415211045364885, 33.362808373590987 ], [ -116.415211045364885, 33.362576489533012 ], [ -116.416205128205121, 33.362576489533012 ], [ -116.416205128205121, 33.362692431562003 ], [ -116.416347140039434, 33.362692431562003 ], [ -116.416347140039434, 33.363040257648954 ], [ -116.416773175542403, 33.363040257648954 ], [ -116.416773175542403, 33.363156199677945 ], [ -116.417199211045357, 33.363156199677945 ], [ -116.417199211045357, 33.363272141706929 ], [ -116.417341222879671, 33.363272141706929 ], [ -116.417341222879671, 33.363967793880839 ], [ -116.417625246548312, 33.363967793880839 ], [ -116.417625246548312, 33.36408373590983 ], [ -116.418335305719907, 33.36408373590983 ], [ -116.418335305719907, 33.363967793880839 ], [ -116.418619329388548, 33.363967793880839 ], [ -116.418619329388548, 33.363851851851855 ], [ -116.41918737672583, 33.363851851851855 ], [ -116.41918737672583, 33.363735909822871 ], [ -116.419471400394471, 33.363735909822871 ], [ -116.419471400394471, 33.363619967793888 ], [ -116.419755424063112, 33.363619967793888 ], [ -116.419755424063112, 33.363504025764897 ], [ -116.419897435897425, 33.363504025764897 ], [ -116.419897435897425, 33.363388083735913 ], [ -116.420039447731753, 33.363388083735913 ], [ -116.420039447731753, 33.363272141706929 ], [ -116.420749506903348, 33.363272141706929 ], [ -116.420749506903348, 33.363156199677945 ], [ -116.420891518737662, 33.363156199677945 ], [ -116.420891518737662, 33.362924315619971 ], [ -116.421175542406303, 33.362924315619971 ], [ -116.421175542406303, 33.362808373590987 ], [ -116.421317554240616, 33.362808373590987 ], [ -116.421317554240616, 33.362692431562003 ], [ -116.422737672583821, 33.362692431562003 ], [ -116.422737672583821, 33.362576489533012 ], [ -116.424015779092699, 33.362576489533012 ], [ -116.424015779092699, 33.362692431562003 ], [ -116.424299802761325, 33.362692431562003 ], [ -116.424299802761325, 33.362808373590987 ], [ -116.424441814595653, 33.362808373590987 ], [ -116.424441814595653, 33.362924315619971 ], [ -116.424583826429966, 33.362924315619971 ], [ -116.424583826429966, 33.363040257648954 ], [ -116.424725838264294, 33.363040257648954 ], [ -116.424725838264294, 33.363156199677945 ], [ -116.424867850098607, 33.363156199677945 ], [ -116.424867850098607, 33.363272141706929 ], [ -116.425151873767248, 33.363272141706929 ], [ -116.425151873767248, 33.363504025764897 ], [ -116.425009861932935, 33.363504025764897 ], [ -116.425009861932935, 33.363851851851855 ], [ -116.424725838264294, 33.363851851851855 ], [ -116.424725838264294, 33.363967793880839 ], [ -116.424441814595653, 33.363967793880839 ], [ -116.424441814595653, 33.36408373590983 ], [ -116.424299802761325, 33.36408373590983 ], [ -116.424299802761325, 33.364199677938814 ], [ -116.424015779092699, 33.364199677938814 ], [ -116.424015779092699, 33.364315619967797 ], [ -116.423873767258371, 33.364315619967797 ], [ -116.423873767258371, 33.364431561996781 ], [ -116.423731755424058, 33.364431561996781 ], [ -116.423731755424058, 33.364663446054756 ], [ -116.42358974358973, 33.364663446054756 ], [ -116.42358974358973, 33.36477938808374 ], [ -116.423447731755417, 33.36477938808374 ], [ -116.423447731755417, 33.364895330112724 ], [ -116.423163708086776, 33.364895330112724 ], [ -116.423163708086776, 33.365011272141707 ], [ -116.423021696252462, 33.365011272141707 ], [ -116.423021696252462, 33.365127214170698 ], [ -116.422879684418135, 33.365127214170698 ], [ -116.422879684418135, 33.365243156199682 ], [ -116.422737672583821, 33.365243156199682 ], [ -116.422737672583821, 33.365359098228666 ], [ -116.422595660749494, 33.365359098228666 ], [ -116.422595660749494, 33.36547504025765 ], [ -116.422311637080853, 33.36547504025765 ], [ -116.422311637080853, 33.365590982286641 ], [ -116.421601577909257, 33.365590982286641 ], [ -116.421601577909257, 33.36547504025765 ], [ -116.421317554240616, 33.36547504025765 ], [ -116.421317554240616, 33.365359098228666 ], [ -116.421175542406303, 33.365359098228666 ] ] ], [ [ [ -116.423163708086776, 33.368025764895336 ], [ -116.423021696252462, 33.368025764895336 ], [ -116.423021696252462, 33.367793880837361 ], [ -116.422879684418135, 33.367793880837361 ], [ -116.422879684418135, 33.367561996779393 ], [ -116.422737672583821, 33.367561996779393 ], [ -116.422737672583821, 33.366982286634467 ], [ -116.422879684418135, 33.366982286634467 ], [ -116.422879684418135, 33.366402576489534 ], [ -116.423021696252462, 33.366402576489534 ], [ -116.423021696252462, 33.36628663446055 ], [ -116.42358974358973, 33.36628663446055 ], [ -116.42358974358973, 33.366170692431567 ], [ -116.423731755424058, 33.366170692431567 ], [ -116.423731755424058, 33.365359098228666 ], [ -116.423873767258371, 33.365359098228666 ], [ -116.423873767258371, 33.365243156199682 ], [ -116.424867850098607, 33.365243156199682 ], [ -116.424867850098607, 33.36547504025765 ], [ -116.425009861932935, 33.36547504025765 ], [ -116.425009861932935, 33.365706924315624 ], [ -116.425151873767248, 33.365706924315624 ], [ -116.425151873767248, 33.365822866344608 ], [ -116.425293885601562, 33.365822866344608 ], [ -116.425293885601562, 33.366054750402583 ], [ -116.425435897435889, 33.366054750402583 ], [ -116.425435897435889, 33.366170692431567 ], [ -116.425577909270203, 33.366170692431567 ], [ -116.425577909270203, 33.36628663446055 ], [ -116.425861932938844, 33.36628663446055 ], [ -116.425861932938844, 33.366634460547509 ], [ -116.42571992110453, 33.366634460547509 ], [ -116.42571992110453, 33.366750402576493 ], [ -116.425435897435889, 33.366750402576493 ], [ -116.425435897435889, 33.366866344605477 ], [ -116.425293885601562, 33.366866344605477 ], [ -116.425293885601562, 33.366982286634467 ], [ -116.425009861932935, 33.366982286634467 ], [ -116.425009861932935, 33.367098228663451 ], [ -116.424583826429966, 33.367098228663451 ], [ -116.424583826429966, 33.367214170692435 ], [ -116.423873767258371, 33.367214170692435 ], [ -116.423873767258371, 33.36744605475041 ], [ -116.423731755424058, 33.36744605475041 ], [ -116.423731755424058, 33.36814170692432 ], [ -116.42358974358973, 33.36814170692432 ], [ -116.42358974358973, 33.368257648953303 ], [ -116.423305719921089, 33.368257648953303 ], [ -116.423305719921089, 33.36814170692432 ], [ -116.423163708086776, 33.36814170692432 ], [ -116.423163708086776, 33.368025764895336 ] ] ], [ [ [ -116.419045364891517, 33.371967793880842 ], [ -116.419045364891517, 33.371851851851858 ], [ -116.418903353057189, 33.371851851851858 ], [ -116.418903353057189, 33.371735909822867 ], [ -116.418761341222876, 33.371735909822867 ], [ -116.418761341222876, 33.371619967793883 ], [ -116.418619329388548, 33.371619967793883 ], [ -116.418619329388548, 33.371040257648957 ], [ -116.418335305719907, 33.371040257648957 ], [ -116.418335305719907, 33.37080837359099 ], [ -116.418051282051266, 33.37080837359099 ], [ -116.418051282051266, 33.370692431561999 ], [ -116.417909270216953, 33.370692431561999 ], [ -116.417909270216953, 33.370576489533015 ], [ -116.417767258382639, 33.370576489533015 ], [ -116.417767258382639, 33.370344605475047 ], [ -116.417625246548312, 33.370344605475047 ], [ -116.417625246548312, 33.370112721417073 ], [ -116.417483234713998, 33.370112721417073 ], [ -116.417483234713998, 33.369996779388089 ], [ -116.417341222879671, 33.369996779388089 ], [ -116.417341222879671, 33.369880837359105 ], [ -116.41705719921103, 33.369880837359105 ], [ -116.41705719921103, 33.369764895330114 ], [ -116.416773175542403, 33.369764895330114 ], [ -116.416773175542403, 33.369533011272146 ], [ -116.416631163708075, 33.369533011272146 ], [ -116.416631163708075, 33.369417069243163 ], [ -116.416347140039434, 33.369417069243163 ], [ -116.416347140039434, 33.369301127214172 ], [ -116.415211045364885, 33.369301127214172 ], [ -116.415211045364885, 33.369417069243163 ], [ -116.414927021696244, 33.369417069243163 ], [ -116.414927021696244, 33.369301127214172 ], [ -116.413364891518725, 33.369301127214172 ], [ -116.413364891518725, 33.369185185185188 ], [ -116.412796844181457, 33.369185185185188 ], [ -116.412796844181457, 33.369069243156204 ], [ -116.41265483234713, 33.369069243156204 ], [ -116.41265483234713, 33.368605475040262 ], [ -116.412512820512816, 33.368605475040262 ], [ -116.412512820512816, 33.368373590982287 ], [ -116.412086785009848, 33.368373590982287 ], [ -116.412086785009848, 33.368257648953303 ], [ -116.411802761341221, 33.368257648953303 ], [ -116.411802761341221, 33.36814170692432 ], [ -116.41151873767258, 33.36814170692432 ], [ -116.41151873767258, 33.368025764895336 ], [ -116.411376725838252, 33.368025764895336 ], [ -116.411376725838252, 33.367909822866345 ], [ -116.411234714003939, 33.367909822866345 ], [ -116.411234714003939, 33.367793880837361 ], [ -116.410950690335298, 33.367793880837361 ], [ -116.410950690335298, 33.367677938808377 ], [ -116.410808678500985, 33.367677938808377 ], [ -116.410808678500985, 33.367561996779393 ], [ -116.410524654832344, 33.367561996779393 ], [ -116.410524654832344, 33.36744605475041 ], [ -116.410382642998016, 33.36744605475041 ], [ -116.410382642998016, 33.367330112721419 ], [ -116.410098619329375, 33.367330112721419 ], [ -116.410098619329375, 33.367214170692435 ], [ -116.409956607495062, 33.367214170692435 ], [ -116.409956607495062, 33.366982286634467 ], [ -116.409814595660748, 33.366982286634467 ], [ -116.409814595660748, 33.366866344605477 ], [ -116.410808678500985, 33.366866344605477 ], [ -116.410808678500985, 33.366982286634467 ], [ -116.411092702169611, 33.366982286634467 ], [ -116.411092702169611, 33.367098228663451 ], [ -116.411376725838252, 33.367098228663451 ], [ -116.411376725838252, 33.367214170692435 ], [ -116.411660749506893, 33.367214170692435 ], [ -116.411660749506893, 33.367330112721419 ], [ -116.412086785009848, 33.367330112721419 ], [ -116.412086785009848, 33.36744605475041 ], [ -116.412512820512816, 33.36744605475041 ], [ -116.412512820512816, 33.367561996779393 ], [ -116.41265483234713, 33.367561996779393 ], [ -116.41265483234713, 33.367793880837361 ], [ -116.413364891518725, 33.367793880837361 ], [ -116.413364891518725, 33.367909822866345 ], [ -116.413790927021694, 33.367909822866345 ], [ -116.413790927021694, 33.368025764895336 ], [ -116.414500986193289, 33.368025764895336 ], [ -116.414500986193289, 33.36814170692432 ], [ -116.415069033530557, 33.36814170692432 ], [ -116.415069033530557, 33.368257648953303 ], [ -116.415211045364885, 33.368257648953303 ], [ -116.415211045364885, 33.368373590982287 ], [ -116.415353057199198, 33.368373590982287 ], [ -116.415353057199198, 33.368489533011278 ], [ -116.415495069033526, 33.368489533011278 ], [ -116.415495069033526, 33.368721417069246 ], [ -116.415637080867839, 33.368721417069246 ], [ -116.415637080867839, 33.36895330112722 ], [ -116.416205128205121, 33.36895330112722 ], [ -116.416205128205121, 33.368837359098229 ], [ -116.416347140039434, 33.368837359098229 ], [ -116.416347140039434, 33.368605475040262 ], [ -116.416915187376716, 33.368605475040262 ], [ -116.416915187376716, 33.368721417069246 ], [ -116.418335305719907, 33.368721417069246 ], [ -116.418335305719907, 33.368605475040262 ], [ -116.418761341222876, 33.368605475040262 ], [ -116.418761341222876, 33.368489533011278 ], [ -116.420039447731753, 33.368489533011278 ], [ -116.420039447731753, 33.368373590982287 ], [ -116.42032347140038, 33.368373590982287 ], [ -116.42032347140038, 33.368257648953303 ], [ -116.420465483234707, 33.368257648953303 ], [ -116.420465483234707, 33.36814170692432 ], [ -116.420607495069021, 33.36814170692432 ], [ -116.420607495069021, 33.368025764895336 ], [ -116.420891518737662, 33.368025764895336 ], [ -116.420891518737662, 33.367909822866345 ], [ -116.421317554240616, 33.367909822866345 ], [ -116.421317554240616, 33.368025764895336 ], [ -116.421459566074944, 33.368025764895336 ], [ -116.421459566074944, 33.36814170692432 ], [ -116.421601577909257, 33.36814170692432 ], [ -116.421601577909257, 33.369301127214172 ], [ -116.421743589743585, 33.369301127214172 ], [ -116.421743589743585, 33.369533011272146 ], [ -116.421885601577898, 33.369533011272146 ], [ -116.421885601577898, 33.369764895330114 ], [ -116.422027613412226, 33.369764895330114 ], [ -116.422027613412226, 33.369880837359105 ], [ -116.422169625246539, 33.369880837359105 ], [ -116.422169625246539, 33.369996779388089 ], [ -116.422311637080853, 33.369996779388089 ], [ -116.422311637080853, 33.370112721417073 ], [ -116.422595660749494, 33.370112721417073 ], [ -116.422595660749494, 33.370228663446056 ], [ -116.422737672583821, 33.370228663446056 ], [ -116.422737672583821, 33.370460547504031 ], [ -116.422879684418135, 33.370460547504031 ], [ -116.422879684418135, 33.370924315619973 ], [ -116.423021696252462, 33.370924315619973 ], [ -116.423021696252462, 33.371504025764899 ], [ -116.423163708086776, 33.371504025764899 ], [ -116.423163708086776, 33.371619967793883 ], [ -116.423305719921089, 33.371619967793883 ], [ -116.423305719921089, 33.371735909822867 ], [ -116.423163708086776, 33.371735909822867 ], [ -116.423163708086776, 33.371851851851858 ], [ -116.422311637080853, 33.371851851851858 ], [ -116.422311637080853, 33.371967793880842 ], [ -116.422169625246539, 33.371967793880842 ], [ -116.422169625246539, 33.372083735909825 ], [ -116.422027613412226, 33.372083735909825 ], [ -116.422027613412226, 33.3723156199678 ], [ -116.419471400394471, 33.3723156199678 ], [ -116.419471400394471, 33.372199677938809 ], [ -116.419329388560143, 33.372199677938809 ], [ -116.419329388560143, 33.371967793880842 ], [ -116.419045364891517, 33.371967793880842 ] ] ], [ [ [ -116.425293885601562, 33.37637359098229 ], [ -116.425293885601562, 33.376141706924322 ], [ -116.425435897435889, 33.376141706924322 ], [ -116.425435897435889, 33.376025764895331 ], [ -116.425577909270203, 33.376025764895331 ], [ -116.425577909270203, 33.375909822866348 ], [ -116.425861932938844, 33.375909822866348 ], [ -116.425861932938844, 33.375793880837364 ], [ -116.426003944773171, 33.375793880837364 ], [ -116.426003944773171, 33.37567793880838 ], [ -116.426145956607485, 33.37567793880838 ], [ -116.426145956607485, 33.375561996779389 ], [ -116.426287968441798, 33.375561996779389 ], [ -116.426287968441798, 33.375446054750405 ], [ -116.426429980276126, 33.375446054750405 ], [ -116.426429980276126, 33.375330112721421 ], [ -116.426998027613408, 33.375330112721421 ], [ -116.426998027613408, 33.375214170692438 ], [ -116.427282051282035, 33.375214170692438 ], [ -116.427282051282035, 33.374866344605479 ], [ -116.427424063116362, 33.374866344605479 ], [ -116.427424063116362, 33.374518518518521 ], [ -116.427566074950676, 33.374518518518521 ], [ -116.427566074950676, 33.374402576489537 ], [ -116.427708086785003, 33.374402576489537 ], [ -116.427708086785003, 33.374286634460553 ], [ -116.427850098619317, 33.374286634460553 ], [ -116.427850098619317, 33.374170692431569 ], [ -116.427992110453644, 33.374170692431569 ], [ -116.427992110453644, 33.374054750402578 ], [ -116.428134122287958, 33.374054750402578 ], [ -116.428134122287958, 33.373938808373595 ], [ -116.428276134122271, 33.373938808373595 ], [ -116.428276134122271, 33.373822866344611 ], [ -116.428418145956599, 33.373822866344611 ], [ -116.428418145956599, 33.373706924315627 ], [ -116.429270216962507, 33.373706924315627 ], [ -116.429270216962507, 33.373822866344611 ], [ -116.429554240631148, 33.373822866344611 ], [ -116.429554240631148, 33.373938808373595 ], [ -116.429980276134117, 33.373938808373595 ], [ -116.429980276134117, 33.374054750402578 ], [ -116.430548323471385, 33.374054750402578 ], [ -116.430548323471385, 33.374170692431569 ], [ -116.431116370808667, 33.374170692431569 ], [ -116.431116370808667, 33.374402576489537 ], [ -116.431542406311621, 33.374402576489537 ], [ -116.431542406311621, 33.374286634460553 ], [ -116.432252465483216, 33.374286634460553 ], [ -116.432252465483216, 33.374170692431569 ], [ -116.432962524654826, 33.374170692431569 ], [ -116.432962524654826, 33.374286634460553 ], [ -116.433246548323453, 33.374286634460553 ], [ -116.433246548323453, 33.374402576489537 ], [ -116.43338856015778, 33.374402576489537 ], [ -116.43338856015778, 33.374518518518521 ], [ -116.433530571992094, 33.374518518518521 ], [ -116.433530571992094, 33.374866344605479 ], [ -116.43338856015778, 33.374866344605479 ], [ -116.43338856015778, 33.375098228663447 ], [ -116.433246548323453, 33.375098228663447 ], [ -116.433246548323453, 33.375330112721421 ], [ -116.432394477317544, 33.375330112721421 ], [ -116.432394477317544, 33.375214170692438 ], [ -116.432110453648903, 33.375214170692438 ], [ -116.432110453648903, 33.375098228663447 ], [ -116.43196844181459, 33.375098228663447 ], [ -116.43196844181459, 33.374982286634463 ], [ -116.431826429980262, 33.374982286634463 ], [ -116.431826429980262, 33.374866344605479 ], [ -116.431684418145949, 33.374866344605479 ], [ -116.431684418145949, 33.374750402576495 ], [ -116.431542406311621, 33.374750402576495 ], [ -116.431542406311621, 33.374634460547504 ], [ -116.431116370808667, 33.374634460547504 ], [ -116.431116370808667, 33.374750402576495 ], [ -116.430974358974353, 33.374750402576495 ], [ -116.430974358974353, 33.374866344605479 ], [ -116.430690335305712, 33.374866344605479 ], [ -116.430690335305712, 33.374750402576495 ], [ -116.43012228796843, 33.374750402576495 ], [ -116.43012228796843, 33.374866344605479 ], [ -116.429554240631148, 33.374866344605479 ], [ -116.429554240631148, 33.374982286634463 ], [ -116.429270216962507, 33.374982286634463 ], [ -116.429270216962507, 33.375098228663447 ], [ -116.429128205128194, 33.375098228663447 ], [ -116.429128205128194, 33.375214170692438 ], [ -116.428844181459553, 33.375214170692438 ], [ -116.428844181459553, 33.375330112721421 ], [ -116.427850098619317, 33.375330112721421 ], [ -116.427850098619317, 33.375446054750405 ], [ -116.427566074950676, 33.375446054750405 ], [ -116.427566074950676, 33.375561996779389 ], [ -116.427424063116362, 33.375561996779389 ], [ -116.427424063116362, 33.376141706924322 ], [ -116.427282051282035, 33.376141706924322 ], [ -116.427282051282035, 33.376257648953306 ], [ -116.426998027613408, 33.376257648953306 ], [ -116.426998027613408, 33.37637359098229 ], [ -116.426714003944767, 33.37637359098229 ], [ -116.426714003944767, 33.376489533011274 ], [ -116.426571992110439, 33.376489533011274 ], [ -116.426571992110439, 33.376605475040265 ], [ -116.426287968441798, 33.376605475040265 ], [ -116.426287968441798, 33.376721417069248 ], [ -116.425577909270203, 33.376721417069248 ], [ -116.425577909270203, 33.376605475040265 ], [ -116.425435897435889, 33.376605475040265 ], [ -116.425435897435889, 33.37637359098229 ], [ -116.425293885601562, 33.37637359098229 ] ] ], [ [ [ -116.307566074950699, 33.211156199677937 ], [ -116.307424063116386, 33.211156199677937 ], [ -116.307424063116386, 33.211040257648953 ], [ -116.307282051282073, 33.211040257648953 ], [ -116.307282051282073, 33.210460547504027 ], [ -116.307566074950699, 33.210460547504027 ], [ -116.307566074950699, 33.210344605475044 ], [ -116.30785009861934, 33.210344605475044 ], [ -116.30785009861934, 33.210228663446053 ], [ -116.309270216962545, 33.210228663446053 ], [ -116.309270216962545, 33.210112721417069 ], [ -116.310406311637095, 33.210112721417069 ], [ -116.310406311637095, 33.210228663446053 ], [ -116.310548323471409, 33.210228663446053 ], [ -116.310548323471409, 33.210460547504027 ], [ -116.310406311637095, 33.210460547504027 ], [ -116.310406311637095, 33.210692431561995 ], [ -116.310264299802782, 33.210692431561995 ], [ -116.310264299802782, 33.210808373590986 ], [ -116.309980276134141, 33.210808373590986 ], [ -116.309980276134141, 33.21092431561997 ], [ -116.309838264299813, 33.21092431561997 ], [ -116.309838264299813, 33.211040257648953 ], [ -116.309554240631172, 33.211040257648953 ], [ -116.309554240631172, 33.211156199677937 ], [ -116.309270216962545, 33.211156199677937 ], [ -116.309270216962545, 33.211272141706928 ], [ -116.309128205128218, 33.211272141706928 ], [ -116.309128205128218, 33.211388083735912 ], [ -116.30785009861934, 33.211388083735912 ], [ -116.30785009861934, 33.211272141706928 ], [ -116.307566074950699, 33.211272141706928 ], [ -116.307566074950699, 33.211156199677937 ] ] ], [ [ [ -116.299329388560167, 33.214866344605475 ], [ -116.299329388560167, 33.214750402576492 ], [ -116.299045364891541, 33.214750402576492 ], [ -116.299045364891541, 33.214634460547508 ], [ -116.2987613412229, 33.214634460547508 ], [ -116.2987613412229, 33.214518518518517 ], [ -116.298051282051304, 33.214518518518517 ], [ -116.298051282051304, 33.214634460547508 ], [ -116.297341222879695, 33.214634460547508 ], [ -116.297341222879695, 33.214518518518517 ], [ -116.297199211045381, 33.214518518518517 ], [ -116.297199211045381, 33.214402576489533 ], [ -116.297057199211068, 33.214402576489533 ], [ -116.297057199211068, 33.213359098228665 ], [ -116.296773175542427, 33.213359098228665 ], [ -116.296773175542427, 33.213243156199681 ], [ -116.296063116370831, 33.213243156199681 ], [ -116.296063116370831, 33.213475040257649 ], [ -116.295921104536504, 33.213475040257649 ], [ -116.295921104536504, 33.213590982286632 ], [ -116.295637080867863, 33.213590982286632 ], [ -116.295637080867863, 33.213822866344607 ], [ -116.295495069033549, 33.213822866344607 ], [ -116.295495069033549, 33.213938808373591 ], [ -116.295211045364908, 33.213938808373591 ], [ -116.295211045364908, 33.214054750402575 ], [ -116.294927021696267, 33.214054750402575 ], [ -116.294927021696267, 33.214170692431566 ], [ -116.294642998027626, 33.214170692431566 ], [ -116.294642998027626, 33.214054750402575 ], [ -116.294500986193313, 33.214054750402575 ], [ -116.294500986193313, 33.213938808373591 ], [ -116.294358974358985, 33.213938808373591 ], [ -116.294358974358985, 33.213475040257649 ], [ -116.294216962524672, 33.213475040257649 ], [ -116.294216962524672, 33.213359098228665 ], [ -116.294074950690359, 33.213359098228665 ], [ -116.294074950690359, 33.213243156199681 ], [ -116.294216962524672, 33.213243156199681 ], [ -116.294216962524672, 33.213011272141706 ], [ -116.294642998027626, 33.213011272141706 ], [ -116.294642998027626, 33.212895330112723 ], [ -116.295495069033549, 33.212895330112723 ], [ -116.295495069033549, 33.212663446054755 ], [ -116.296205128205145, 33.212663446054755 ], [ -116.296205128205145, 33.212547504025764 ], [ -116.297341222879695, 33.212547504025764 ], [ -116.297341222879695, 33.21243156199678 ], [ -116.298051282051304, 33.21243156199678 ], [ -116.298051282051304, 33.211967793880838 ], [ -116.298619329388572, 33.211967793880838 ], [ -116.298619329388572, 33.212083735909822 ], [ -116.298903353057213, 33.212083735909822 ], [ -116.298903353057213, 33.212315619967796 ], [ -116.299045364891541, 33.212315619967796 ], [ -116.299045364891541, 33.212895330112723 ], [ -116.299187376725854, 33.212895330112723 ], [ -116.299187376725854, 33.213011272141706 ], [ -116.299329388560167, 33.213011272141706 ], [ -116.299329388560167, 33.21312721417069 ], [ -116.299613412228808, 33.21312721417069 ], [ -116.299613412228808, 33.213243156199681 ], [ -116.300323471400404, 33.213243156199681 ], [ -116.300323471400404, 33.213359098228665 ], [ -116.300607495069045, 33.213359098228665 ], [ -116.300607495069045, 33.213475040257649 ], [ -116.300749506903372, 33.213475040257649 ], [ -116.300749506903372, 33.213590982286632 ], [ -116.300891518737686, 33.213590982286632 ], [ -116.300891518737686, 33.213706924315623 ], [ -116.301033530572013, 33.213706924315623 ], [ -116.301033530572013, 33.214402576489533 ], [ -116.300891518737686, 33.214402576489533 ], [ -116.300891518737686, 33.214750402576492 ], [ -116.300749506903372, 33.214750402576492 ], [ -116.300749506903372, 33.214866344605475 ], [ -116.300607495069045, 33.214866344605475 ], [ -116.300607495069045, 33.214982286634459 ], [ -116.300323471400404, 33.214982286634459 ], [ -116.300323471400404, 33.21509822866345 ], [ -116.300039447731777, 33.21509822866345 ], [ -116.300039447731777, 33.214982286634459 ], [ -116.299613412228808, 33.214982286634459 ], [ -116.299613412228808, 33.214866344605475 ], [ -116.299329388560167, 33.214866344605475 ] ] ], [ [ [ -116.283282051282072, 33.221243156199677 ], [ -116.283282051282072, 33.220083735909824 ], [ -116.283424063116385, 33.220083735909824 ], [ -116.283424063116385, 33.219967793880841 ], [ -116.283708086785026, 33.219967793880841 ], [ -116.283708086785026, 33.21985185185185 ], [ -116.283850098619354, 33.21985185185185 ], [ -116.283850098619354, 33.219735909822866 ], [ -116.284276134122308, 33.219735909822866 ], [ -116.284276134122308, 33.21915619967794 ], [ -116.284418145956622, 33.21915619967794 ], [ -116.284418145956622, 33.219040257648956 ], [ -116.284560157790949, 33.219040257648956 ], [ -116.284560157790949, 33.218924315619972 ], [ -116.28484418145959, 33.218924315619972 ], [ -116.28484418145959, 33.219040257648956 ], [ -116.284986193293904, 33.219040257648956 ], [ -116.284986193293904, 33.219272141706924 ], [ -116.285128205128231, 33.219272141706924 ], [ -116.285128205128231, 33.219388083735915 ], [ -116.285270216962545, 33.219388083735915 ], [ -116.285270216962545, 33.219619967793882 ], [ -116.285412228796858, 33.219619967793882 ], [ -116.285412228796858, 33.219967793880841 ], [ -116.285270216962545, 33.219967793880841 ], [ -116.285270216962545, 33.220199677938808 ], [ -116.284986193293904, 33.220199677938808 ], [ -116.284986193293904, 33.220315619967792 ], [ -116.284276134122308, 33.220315619967792 ], [ -116.284276134122308, 33.220431561996783 ], [ -116.284134122287981, 33.220431561996783 ], [ -116.284134122287981, 33.220547504025767 ], [ -116.283992110453667, 33.220547504025767 ], [ -116.283992110453667, 33.220663446054751 ], [ -116.283850098619354, 33.220663446054751 ], [ -116.283850098619354, 33.221127214170693 ], [ -116.283708086785026, 33.221127214170693 ], [ -116.283708086785026, 33.221475040257651 ], [ -116.283566074950713, 33.221475040257651 ], [ -116.283566074950713, 33.221590982286635 ], [ -116.283424063116385, 33.221590982286635 ], [ -116.283424063116385, 33.221475040257651 ], [ -116.283140039447744, 33.221475040257651 ], [ -116.283140039447744, 33.221243156199677 ], [ -116.283282051282072, 33.221243156199677 ] ] ], [ [ [ -116.274477317554258, 33.221590982286635 ], [ -116.274335305719944, 33.221590982286635 ], [ -116.274335305719944, 33.221243156199677 ], [ -116.274193293885617, 33.221243156199677 ], [ -116.274193293885617, 33.221011272141709 ], [ -116.274051282051303, 33.221011272141709 ], [ -116.274051282051303, 33.220431561996783 ], [ -116.27390927021699, 33.220431561996783 ], [ -116.27390927021699, 33.220083735909824 ], [ -116.274051282051303, 33.220083735909824 ], [ -116.274051282051303, 33.21985185185185 ], [ -116.274477317554258, 33.21985185185185 ], [ -116.274477317554258, 33.219619967793882 ], [ -116.274761341222899, 33.219619967793882 ], [ -116.274761341222899, 33.219504025764898 ], [ -116.275187376725853, 33.219504025764898 ], [ -116.275187376725853, 33.219388083735915 ], [ -116.276039447731776, 33.219388083735915 ], [ -116.276039447731776, 33.219272141706924 ], [ -116.277317554240653, 33.219272141706924 ], [ -116.277317554240653, 33.219040257648956 ], [ -116.277601577909294, 33.219040257648956 ], [ -116.277601577909294, 33.218924315619972 ], [ -116.277885601577935, 33.218924315619972 ], [ -116.277885601577935, 33.218808373590981 ], [ -116.278169625246562, 33.218808373590981 ], [ -116.278169625246562, 33.218692431561998 ], [ -116.278595660749531, 33.218692431561998 ], [ -116.278595660749531, 33.218576489533014 ], [ -116.279589743589767, 33.218576489533014 ], [ -116.279589743589767, 33.21846054750403 ], [ -116.279731755424081, 33.21846054750403 ], [ -116.279731755424081, 33.218344605475039 ], [ -116.280157790927035, 33.218344605475039 ], [ -116.280157790927035, 33.218228663446055 ], [ -116.280725838264317, 33.218228663446055 ], [ -116.280725838264317, 33.218112721417071 ], [ -116.28157790927024, 33.218112721417071 ], [ -116.28157790927024, 33.217996779388088 ], [ -116.282571992110476, 33.217996779388088 ], [ -116.282571992110476, 33.217880837359097 ], [ -116.282856015779117, 33.217880837359097 ], [ -116.282856015779117, 33.217996779388088 ], [ -116.283424063116385, 33.217996779388088 ], [ -116.283424063116385, 33.218228663446055 ], [ -116.283566074950713, 33.218228663446055 ], [ -116.283566074950713, 33.218344605475039 ], [ -116.283708086785026, 33.218344605475039 ], [ -116.283708086785026, 33.21846054750403 ], [ -116.283424063116385, 33.21846054750403 ], [ -116.283424063116385, 33.218576489533014 ], [ -116.283282051282072, 33.218576489533014 ], [ -116.283282051282072, 33.219040257648956 ], [ -116.282998027613431, 33.219040257648956 ], [ -116.282998027613431, 33.218808373590981 ], [ -116.282856015779117, 33.218808373590981 ], [ -116.282856015779117, 33.218692431561998 ], [ -116.282429980276149, 33.218692431561998 ], [ -116.282429980276149, 33.218924315619972 ], [ -116.282287968441835, 33.218924315619972 ], [ -116.282287968441835, 33.219040257648956 ], [ -116.282145956607508, 33.219040257648956 ], [ -116.282145956607508, 33.21915619967794 ], [ -116.282003944773194, 33.21915619967794 ], [ -116.282003944773194, 33.219388083735915 ], [ -116.281861932938881, 33.219388083735915 ], [ -116.281861932938881, 33.219504025764898 ], [ -116.281719921104553, 33.219504025764898 ], [ -116.281719921104553, 33.219735909822866 ], [ -116.28157790927024, 33.219735909822866 ], [ -116.28157790927024, 33.21985185185185 ], [ -116.281435897435912, 33.21985185185185 ], [ -116.281435897435912, 33.219967793880841 ], [ -116.281293885601599, 33.219967793880841 ], [ -116.281293885601599, 33.220083735909824 ], [ -116.281151873767271, 33.220083735909824 ], [ -116.281151873767271, 33.220199677938808 ], [ -116.281009861932958, 33.220199677938808 ], [ -116.281009861932958, 33.220315619967792 ], [ -116.280725838264317, 33.220315619967792 ], [ -116.280725838264317, 33.220431561996783 ], [ -116.280583826430004, 33.220431561996783 ], [ -116.280583826430004, 33.220547504025767 ], [ -116.280157790927035, 33.220547504025767 ], [ -116.280157790927035, 33.220663446054751 ], [ -116.279731755424081, 33.220663446054751 ], [ -116.279731755424081, 33.221011272141709 ], [ -116.279589743589767, 33.221011272141709 ], [ -116.279589743589767, 33.221590982286635 ], [ -116.278453648915203, 33.221590982286635 ], [ -116.278453648915203, 33.221706924315619 ], [ -116.27831163708089, 33.221706924315619 ], [ -116.27831163708089, 33.22182286634461 ], [ -116.278169625246562, 33.22182286634461 ], [ -116.278169625246562, 33.221938808373594 ], [ -116.277743589743608, 33.221938808373594 ], [ -116.277743589743608, 33.222054750402577 ], [ -116.277317554240653, 33.222054750402577 ], [ -116.277317554240653, 33.222170692431561 ], [ -116.276749506903371, 33.222170692431561 ], [ -116.276749506903371, 33.222286634460552 ], [ -116.276323471400417, 33.222286634460552 ], [ -116.276323471400417, 33.222402576489536 ], [ -116.276039447731776, 33.222402576489536 ], [ -116.276039447731776, 33.22251851851852 ], [ -116.275897435897463, 33.22251851851852 ], [ -116.275897435897463, 33.222634460547503 ], [ -116.275613412228822, 33.222634460547503 ], [ -116.275613412228822, 33.222750402576494 ], [ -116.275329388560181, 33.222750402576494 ], [ -116.275329388560181, 33.222866344605478 ], [ -116.275187376725853, 33.222866344605478 ], [ -116.275187376725853, 33.222982286634462 ], [ -116.274903353057226, 33.222982286634462 ], [ -116.274903353057226, 33.223098228663446 ], [ -116.274619329388585, 33.223098228663446 ], [ -116.274619329388585, 33.222982286634462 ], [ -116.274477317554258, 33.222982286634462 ], [ -116.274477317554258, 33.221590982286635 ] ] ], [ [ [ -116.3359684418146, 33.223098228663446 ], [ -116.3359684418146, 33.222982286634462 ], [ -116.335542406311646, 33.222982286634462 ], [ -116.335542406311646, 33.22251851851852 ], [ -116.335116370808691, 33.22251851851852 ], [ -116.335116370808691, 33.222402576489536 ], [ -116.335684418145959, 33.222402576489536 ], [ -116.335684418145959, 33.222286634460552 ], [ -116.3359684418146, 33.222286634460552 ], [ -116.3359684418146, 33.222170692431561 ], [ -116.336394477317569, 33.222170692431561 ], [ -116.336394477317569, 33.222054750402577 ], [ -116.336536489151882, 33.222054750402577 ], [ -116.336536489151882, 33.221938808373594 ], [ -116.336820512820523, 33.221938808373594 ], [ -116.336820512820523, 33.22182286634461 ], [ -116.336962524654837, 33.22182286634461 ], [ -116.336962524654837, 33.221706924315619 ], [ -116.337104536489164, 33.221706924315619 ], [ -116.337104536489164, 33.221590982286635 ], [ -116.337956607495073, 33.221590982286635 ], [ -116.337956607495073, 33.221706924315619 ], [ -116.338524654832355, 33.221706924315619 ], [ -116.338524654832355, 33.221938808373594 ], [ -116.338666666666668, 33.221938808373594 ], [ -116.338666666666668, 33.222170692431561 ], [ -116.338524654832355, 33.222170692431561 ], [ -116.338524654832355, 33.222286634460552 ], [ -116.338382642998042, 33.222286634460552 ], [ -116.338382642998042, 33.222402576489536 ], [ -116.338240631163714, 33.222402576489536 ], [ -116.338240631163714, 33.22251851851852 ], [ -116.338098619329401, 33.22251851851852 ], [ -116.338098619329401, 33.222750402576494 ], [ -116.337956607495073, 33.222750402576494 ], [ -116.337956607495073, 33.222866344605478 ], [ -116.33781459566076, 33.222866344605478 ], [ -116.33781459566076, 33.223098228663446 ], [ -116.337530571992119, 33.223098228663446 ], [ -116.337530571992119, 33.22321417069243 ], [ -116.337246548323478, 33.22321417069243 ], [ -116.337246548323478, 33.22333011272142 ], [ -116.336678500986196, 33.22333011272142 ], [ -116.336678500986196, 33.22321417069243 ], [ -116.336252465483241, 33.22321417069243 ], [ -116.336252465483241, 33.223098228663446 ], [ -116.3359684418146, 33.223098228663446 ] ] ], [ [ [ -116.269222879684435, 33.22518518518519 ], [ -116.269222879684435, 33.225069243156199 ], [ -116.26879684418148, 33.225069243156199 ], [ -116.26879684418148, 33.224721417069247 ], [ -116.268370808678526, 33.224721417069247 ], [ -116.268370808678526, 33.224837359098231 ], [ -116.267802761341244, 33.224837359098231 ], [ -116.267802761341244, 33.224721417069247 ], [ -116.267518737672603, 33.224721417069247 ], [ -116.267518737672603, 33.224605475040256 ], [ -116.266950690335335, 33.224605475040256 ], [ -116.266950690335335, 33.224489533011273 ], [ -116.266666666666694, 33.224489533011273 ], [ -116.266666666666694, 33.224257648953305 ], [ -116.266382642998053, 33.224257648953305 ], [ -116.266382642998053, 33.224141706924314 ], [ -116.266240631163726, 33.224141706924314 ], [ -116.266240631163726, 33.22402576489533 ], [ -116.265956607495099, 33.22402576489533 ], [ -116.265956607495099, 33.223909822866347 ], [ -116.265672583826458, 33.223909822866347 ], [ -116.265672583826458, 33.223793880837363 ], [ -116.264962524654862, 33.223793880837363 ], [ -116.264962524654862, 33.223677938808372 ], [ -116.264678500986221, 33.223677938808372 ], [ -116.264678500986221, 33.223561996779388 ], [ -116.264536489151894, 33.223561996779388 ], [ -116.264536489151894, 33.223446054750404 ], [ -116.26439447731758, 33.223446054750404 ], [ -116.26439447731758, 33.223098228663446 ], [ -116.264252465483253, 33.223098228663446 ], [ -116.264252465483253, 33.222634460547503 ], [ -116.26439447731758, 33.222634460547503 ], [ -116.26439447731758, 33.222402576489536 ], [ -116.264536489151894, 33.222402576489536 ], [ -116.264536489151894, 33.222286634460552 ], [ -116.264678500986221, 33.222286634460552 ], [ -116.264678500986221, 33.222170692431561 ], [ -116.264820512820535, 33.222170692431561 ], [ -116.264820512820535, 33.222054750402577 ], [ -116.264962524654862, 33.222054750402577 ], [ -116.264962524654862, 33.221938808373594 ], [ -116.265388560157817, 33.221938808373594 ], [ -116.265388560157817, 33.22182286634461 ], [ -116.265672583826458, 33.22182286634461 ], [ -116.265672583826458, 33.221706924315619 ], [ -116.265814595660771, 33.221706924315619 ], [ -116.265814595660771, 33.221590982286635 ], [ -116.265956607495099, 33.221590982286635 ], [ -116.265956607495099, 33.221706924315619 ], [ -116.266382642998053, 33.221706924315619 ], [ -116.266382642998053, 33.221590982286635 ], [ -116.268654832347167, 33.221590982286635 ], [ -116.268654832347167, 33.221475040257651 ], [ -116.269506903353076, 33.221475040257651 ], [ -116.269506903353076, 33.221359098228668 ], [ -116.269790927021717, 33.221359098228668 ], [ -116.269790927021717, 33.221243156199677 ], [ -116.270500986193312, 33.221243156199677 ], [ -116.270500986193312, 33.221127214170693 ], [ -116.272205128205144, 33.221127214170693 ], [ -116.272205128205144, 33.221590982286635 ], [ -116.27206311637083, 33.221590982286635 ], [ -116.27206311637083, 33.221706924315619 ], [ -116.270216962524671, 33.221706924315619 ], [ -116.270216962524671, 33.221590982286635 ], [ -116.269648915187403, 33.221590982286635 ], [ -116.269648915187403, 33.221706924315619 ], [ -116.269222879684435, 33.221706924315619 ], [ -116.269222879684435, 33.22182286634461 ], [ -116.268654832347167, 33.22182286634461 ], [ -116.268654832347167, 33.221938808373594 ], [ -116.268512820512839, 33.221938808373594 ], [ -116.268512820512839, 33.22251851851852 ], [ -116.268654832347167, 33.22251851851852 ], [ -116.268654832347167, 33.222634460547503 ], [ -116.269648915187403, 33.222634460547503 ], [ -116.269648915187403, 33.222750402576494 ], [ -116.270358974358999, 33.222750402576494 ], [ -116.270358974358999, 33.222634460547503 ], [ -116.271069033530594, 33.222634460547503 ], [ -116.271069033530594, 33.222750402576494 ], [ -116.271779092702189, 33.222750402576494 ], [ -116.271779092702189, 33.222866344605478 ], [ -116.271921104536517, 33.222866344605478 ], [ -116.271921104536517, 33.223098228663446 ], [ -116.271779092702189, 33.223098228663446 ], [ -116.271779092702189, 33.22321417069243 ], [ -116.271637080867876, 33.22321417069243 ], [ -116.271637080867876, 33.22333011272142 ], [ -116.271495069033548, 33.22333011272142 ], [ -116.271495069033548, 33.223793880837363 ], [ -116.271637080867876, 33.223793880837363 ], [ -116.271637080867876, 33.224141706924314 ], [ -116.271495069033548, 33.224141706924314 ], [ -116.271495069033548, 33.224257648953305 ], [ -116.271353057199235, 33.224257648953305 ], [ -116.271353057199235, 33.224373590982289 ], [ -116.271211045364907, 33.224373590982289 ], [ -116.271211045364907, 33.224837359098231 ], [ -116.271069033530594, 33.224837359098231 ], [ -116.271069033530594, 33.225069243156199 ], [ -116.270927021696281, 33.225069243156199 ], [ -116.270927021696281, 33.22518518518519 ], [ -116.270785009861953, 33.22518518518519 ], [ -116.270785009861953, 33.225301127214173 ], [ -116.270358974358999, 33.225301127214173 ], [ -116.270358974358999, 33.225417069243157 ], [ -116.269932938856044, 33.225417069243157 ], [ -116.269932938856044, 33.225301127214173 ], [ -116.269506903353076, 33.225301127214173 ], [ -116.269506903353076, 33.22518518518519 ], [ -116.269222879684435, 33.22518518518519 ] ] ], [ [ [ -116.374595660749506, 33.231909822866349 ], [ -116.374453648915193, 33.231909822866349 ], [ -116.374453648915193, 33.231793880837358 ], [ -116.374311637080865, 33.231793880837358 ], [ -116.374311637080865, 33.231561996779391 ], [ -116.374453648915193, 33.231561996779391 ], [ -116.374453648915193, 33.231446054750407 ], [ -116.374595660749506, 33.231446054750407 ], [ -116.374595660749506, 33.231330112721416 ], [ -116.374737672583834, 33.231330112721416 ], [ -116.374737672583834, 33.231214170692432 ], [ -116.375163708086788, 33.231214170692432 ], [ -116.375163708086788, 33.231098228663448 ], [ -116.375589743589742, 33.231098228663448 ], [ -116.375589743589742, 33.230866344605474 ], [ -116.37573175542407, 33.230866344605474 ], [ -116.37573175542407, 33.230634460547506 ], [ -116.376725838264306, 33.230634460547506 ], [ -116.376725838264306, 33.230518518518522 ], [ -116.37686785009862, 33.230518518518522 ], [ -116.37686785009862, 33.230402576489531 ], [ -116.377009861932933, 33.230402576489531 ], [ -116.377009861932933, 33.230286634460548 ], [ -116.377151873767261, 33.230286634460548 ], [ -116.377151873767261, 33.230170692431564 ], [ -116.377577909270215, 33.230170692431564 ], [ -116.377577909270215, 33.23005475040258 ], [ -116.37800394477317, 33.23005475040258 ], [ -116.37800394477317, 33.229938808373589 ], [ -116.378145956607497, 33.229938808373589 ], [ -116.378145956607497, 33.229822866344605 ], [ -116.378287968441811, 33.229822866344605 ], [ -116.378287968441811, 33.229706924315622 ], [ -116.378429980276138, 33.229706924315622 ], [ -116.378429980276138, 33.229590982286638 ], [ -116.378571992110452, 33.229590982286638 ], [ -116.378571992110452, 33.229359098228663 ], [ -116.378856015779093, 33.229359098228663 ], [ -116.378856015779093, 33.229243156199679 ], [ -116.379282051282047, 33.229243156199679 ], [ -116.379282051282047, 33.229127214170695 ], [ -116.379424063116375, 33.229127214170695 ], [ -116.379424063116375, 33.229011272141712 ], [ -116.379566074950688, 33.229011272141712 ], [ -116.379566074950688, 33.228895330112721 ], [ -116.379992110453642, 33.228895330112721 ], [ -116.379992110453642, 33.228779388083737 ], [ -116.38013412228797, 33.228779388083737 ], [ -116.38013412228797, 33.228663446054753 ], [ -116.380276134122283, 33.228663446054753 ], [ -116.380276134122283, 33.228431561996778 ], [ -116.380418145956611, 33.228431561996778 ], [ -116.380418145956611, 33.228315619967795 ], [ -116.380560157790924, 33.228315619967795 ], [ -116.380560157790924, 33.228199677938811 ], [ -116.380702169625252, 33.228199677938811 ], [ -116.380702169625252, 33.228083735909827 ], [ -116.380844181459565, 33.228083735909827 ], [ -116.380844181459565, 33.227967793880836 ], [ -116.380986193293879, 33.227967793880836 ], [ -116.380986193293879, 33.227851851851852 ], [ -116.381128205128206, 33.227851851851852 ], [ -116.381128205128206, 33.227272141706926 ], [ -116.38127021696252, 33.227272141706926 ], [ -116.38127021696252, 33.227040257648952 ], [ -116.381412228796847, 33.227040257648952 ], [ -116.381412228796847, 33.226808373590984 ], [ -116.381554240631161, 33.226808373590984 ], [ -116.381554240631161, 33.226576489533009 ], [ -116.381696252465488, 33.226576489533009 ], [ -116.381696252465488, 33.226460547504026 ], [ -116.381838264299802, 33.226460547504026 ], [ -116.381838264299802, 33.226112721417074 ], [ -116.381980276134115, 33.226112721417074 ], [ -116.381980276134115, 33.225880837359099 ], [ -116.382122287968443, 33.225880837359099 ], [ -116.382122287968443, 33.225648953301132 ], [ -116.382264299802756, 33.225648953301132 ], [ -116.382264299802756, 33.225533011272141 ], [ -116.382406311637084, 33.225533011272141 ], [ -116.382406311637084, 33.225301127214173 ], [ -116.382548323471397, 33.225301127214173 ], [ -116.382548323471397, 33.22518518518519 ], [ -116.382690335305725, 33.22518518518519 ], [ -116.382690335305725, 33.224953301127215 ], [ -116.382832347140038, 33.224953301127215 ], [ -116.382832347140038, 33.224721417069247 ], [ -116.382974358974352, 33.224721417069247 ], [ -116.382974358974352, 33.224605475040256 ], [ -116.383116370808679, 33.224605475040256 ], [ -116.383116370808679, 33.22402576489533 ], [ -116.383684418145961, 33.22402576489533 ], [ -116.383684418145961, 33.223909822866347 ], [ -116.383968441814588, 33.223909822866347 ], [ -116.383968441814588, 33.223793880837363 ], [ -116.384252465483229, 33.223793880837363 ], [ -116.384252465483229, 33.223677938808372 ], [ -116.38453648915187, 33.223677938808372 ], [ -116.38453648915187, 33.223561996779388 ], [ -116.384678500986197, 33.223561996779388 ], [ -116.384678500986197, 33.223446054750404 ], [ -116.384962524654824, 33.223446054750404 ], [ -116.384962524654824, 33.22333011272142 ], [ -116.385104536489152, 33.22333011272142 ], [ -116.385104536489152, 33.22321417069243 ], [ -116.385388560157793, 33.22321417069243 ], [ -116.385388560157793, 33.223098228663446 ], [ -116.385672583826434, 33.223098228663446 ], [ -116.385672583826434, 33.222982286634462 ], [ -116.385956607495061, 33.222982286634462 ], [ -116.385956607495061, 33.222866344605478 ], [ -116.386240631163702, 33.222866344605478 ], [ -116.386240631163702, 33.222750402576494 ], [ -116.386950690335297, 33.222750402576494 ], [ -116.386950690335297, 33.222634460547503 ], [ -116.387234714003938, 33.222634460547503 ], [ -116.387234714003938, 33.22251851851852 ], [ -116.387376725838266, 33.22251851851852 ], [ -116.387376725838266, 33.222402576489536 ], [ -116.387518737672579, 33.222402576489536 ], [ -116.387518737672579, 33.222286634460552 ], [ -116.38780276134122, 33.222286634460552 ], [ -116.38780276134122, 33.222170692431561 ], [ -116.389506903353052, 33.222170692431561 ], [ -116.389506903353052, 33.222054750402577 ], [ -116.389648915187379, 33.222054750402577 ], [ -116.389648915187379, 33.221590982286635 ], [ -116.390500986193288, 33.221590982286635 ], [ -116.390500986193288, 33.222286634460552 ], [ -116.390358974358975, 33.222286634460552 ], [ -116.390358974358975, 33.222402576489536 ], [ -116.389790927021693, 33.222402576489536 ], [ -116.389790927021693, 33.222634460547503 ], [ -116.389648915187379, 33.222634460547503 ], [ -116.389648915187379, 33.222866344605478 ], [ -116.389506903353052, 33.222866344605478 ], [ -116.389506903353052, 33.222982286634462 ], [ -116.389364891518738, 33.222982286634462 ], [ -116.389364891518738, 33.223098228663446 ], [ -116.389222879684411, 33.223098228663446 ], [ -116.389222879684411, 33.22321417069243 ], [ -116.388796844181456, 33.22321417069243 ], [ -116.388796844181456, 33.22333011272142 ], [ -116.388370808678502, 33.22333011272142 ], [ -116.388370808678502, 33.223446054750404 ], [ -116.388086785009861, 33.223446054750404 ], [ -116.388086785009861, 33.223561996779388 ], [ -116.38780276134122, 33.223561996779388 ], [ -116.38780276134122, 33.223677938808372 ], [ -116.387660749506907, 33.223677938808372 ], [ -116.387660749506907, 33.223909822866347 ], [ -116.387518737672579, 33.223909822866347 ], [ -116.387518737672579, 33.22402576489533 ], [ -116.387376725838266, 33.22402576489533 ], [ -116.387376725838266, 33.224257648953305 ], [ -116.387234714003938, 33.224257648953305 ], [ -116.387234714003938, 33.224489533011273 ], [ -116.386808678500984, 33.224489533011273 ], [ -116.386808678500984, 33.224953301127215 ], [ -116.38666666666667, 33.224953301127215 ], [ -116.38666666666667, 33.22518518518519 ], [ -116.386382642998029, 33.22518518518519 ], [ -116.386382642998029, 33.225301127214173 ], [ -116.386098619329388, 33.225301127214173 ], [ -116.386098619329388, 33.225417069243157 ], [ -116.385956607495061, 33.225417069243157 ], [ -116.385956607495061, 33.225533011272141 ], [ -116.385814595660747, 33.225533011272141 ], [ -116.385814595660747, 33.225648953301132 ], [ -116.385672583826434, 33.225648953301132 ], [ -116.385672583826434, 33.225764895330116 ], [ -116.385530571992106, 33.225764895330116 ], [ -116.385530571992106, 33.225880837359099 ], [ -116.385388560157793, 33.225880837359099 ], [ -116.385388560157793, 33.225996779388083 ], [ -116.385246548323465, 33.225996779388083 ], [ -116.385246548323465, 33.226112721417074 ], [ -116.385104536489152, 33.226112721417074 ], [ -116.385104536489152, 33.226228663446058 ], [ -116.384962524654824, 33.226228663446058 ], [ -116.384962524654824, 33.226344605475042 ], [ -116.384820512820511, 33.226344605475042 ], [ -116.384820512820511, 33.226460547504026 ], [ -116.384678500986197, 33.226460547504026 ], [ -116.384678500986197, 33.226576489533009 ], [ -116.384394477317556, 33.226576489533009 ], [ -116.384394477317556, 33.226692431562 ], [ -116.384252465483229, 33.226692431562 ], [ -116.384252465483229, 33.226808373590984 ], [ -116.384110453648915, 33.226808373590984 ], [ -116.384110453648915, 33.226924315619968 ], [ -116.383968441814588, 33.226924315619968 ], [ -116.383968441814588, 33.227040257648952 ], [ -116.383826429980274, 33.227040257648952 ], [ -116.383826429980274, 33.227156199677943 ], [ -116.383684418145961, 33.227156199677943 ], [ -116.383684418145961, 33.227504025764894 ], [ -116.38340039447732, 33.227504025764894 ], [ -116.38340039447732, 33.227619967793885 ], [ -116.383116370808679, 33.227619967793885 ], [ -116.383116370808679, 33.227851851851852 ], [ -116.382974358974352, 33.227851851851852 ], [ -116.382974358974352, 33.228083735909827 ], [ -116.382690335305725, 33.228083735909827 ], [ -116.382690335305725, 33.228199677938811 ], [ -116.382264299802756, 33.228199677938811 ], [ -116.382264299802756, 33.228315619967795 ], [ -116.382122287968443, 33.228315619967795 ], [ -116.382122287968443, 33.228431561996778 ], [ -116.381980276134115, 33.228431561996778 ], [ -116.381980276134115, 33.228663446054753 ], [ -116.381838264299802, 33.228663446054753 ], [ -116.381838264299802, 33.228779388083737 ], [ -116.381696252465488, 33.228779388083737 ], [ -116.381696252465488, 33.228895330112721 ], [ -116.381554240631161, 33.228895330112721 ], [ -116.381554240631161, 33.229011272141712 ], [ -116.38127021696252, 33.229011272141712 ], [ -116.38127021696252, 33.229127214170695 ], [ -116.380986193293879, 33.229127214170695 ], [ -116.380986193293879, 33.229243156199679 ], [ -116.380702169625252, 33.229243156199679 ], [ -116.380702169625252, 33.229359098228663 ], [ -116.380560157790924, 33.229359098228663 ], [ -116.380560157790924, 33.229475040257654 ], [ -116.380418145956611, 33.229475040257654 ], [ -116.380418145956611, 33.229590982286638 ], [ -116.380276134122283, 33.229590982286638 ], [ -116.380276134122283, 33.229706924315622 ], [ -116.379992110453642, 33.229706924315622 ], [ -116.379992110453642, 33.229822866344605 ], [ -116.379566074950688, 33.229822866344605 ], [ -116.379566074950688, 33.229938808373589 ], [ -116.379424063116375, 33.229938808373589 ], [ -116.379424063116375, 33.23005475040258 ], [ -116.379282051282047, 33.23005475040258 ], [ -116.379282051282047, 33.230170692431564 ], [ -116.378856015779093, 33.230170692431564 ], [ -116.378856015779093, 33.230286634460548 ], [ -116.378571992110452, 33.230286634460548 ], [ -116.378571992110452, 33.230518518518522 ], [ -116.378287968441811, 33.230518518518522 ], [ -116.378287968441811, 33.230634460547506 ], [ -116.377719921104543, 33.230634460547506 ], [ -116.377719921104543, 33.23075040257649 ], [ -116.377435897435902, 33.23075040257649 ], [ -116.377435897435902, 33.230982286634465 ], [ -116.377151873767261, 33.230982286634465 ], [ -116.377151873767261, 33.231098228663448 ], [ -116.377009861932933, 33.231098228663448 ], [ -116.377009861932933, 33.231214170692432 ], [ -116.376725838264306, 33.231214170692432 ], [ -116.376725838264306, 33.231330112721416 ], [ -116.376583826429979, 33.231330112721416 ], [ -116.376583826429979, 33.231446054750407 ], [ -116.376157790927024, 33.231446054750407 ], [ -116.376157790927024, 33.231561996779391 ], [ -116.375873767258383, 33.231561996779391 ], [ -116.375873767258383, 33.231677938808375 ], [ -116.37573175542407, 33.231677938808375 ], [ -116.37573175542407, 33.232025764895333 ], [ -116.375589743589742, 33.232025764895333 ], [ -116.375589743589742, 33.232141706924317 ], [ -116.374879684418147, 33.232141706924317 ], [ -116.374879684418147, 33.232025764895333 ], [ -116.374595660749506, 33.232025764895333 ], [ -116.374595660749506, 33.231909822866349 ] ] ], [ [ [ -116.265956607495099, 33.234228663446054 ], [ -116.265956607495099, 33.233880837359102 ], [ -116.265814595660771, 33.233880837359102 ], [ -116.265814595660771, 33.233764895330111 ], [ -116.266098619329412, 33.233764895330111 ], [ -116.266098619329412, 33.233648953301127 ], [ -116.266240631163726, 33.233648953301127 ], [ -116.266240631163726, 33.233533011272144 ], [ -116.266524654832367, 33.233533011272144 ], [ -116.266524654832367, 33.233301127214169 ], [ -116.266666666666694, 33.233301127214169 ], [ -116.266666666666694, 33.232489533011275 ], [ -116.266524654832367, 33.232489533011275 ], [ -116.266524654832367, 33.232025764895333 ], [ -116.266666666666694, 33.232025764895333 ], [ -116.266666666666694, 33.231909822866349 ], [ -116.266808678501008, 33.231909822866349 ], [ -116.266808678501008, 33.231793880837358 ], [ -116.267802761341244, 33.231793880837358 ], [ -116.267802761341244, 33.231909822866349 ], [ -116.268086785009885, 33.231909822866349 ], [ -116.268086785009885, 33.232025764895333 ], [ -116.268512820512839, 33.232025764895333 ], [ -116.268512820512839, 33.231793880837358 ], [ -116.268654832347167, 33.231793880837358 ], [ -116.268654832347167, 33.231446054750407 ], [ -116.269080867850121, 33.231446054750407 ], [ -116.269080867850121, 33.231330112721416 ], [ -116.269222879684435, 33.231330112721416 ], [ -116.269222879684435, 33.231214170692432 ], [ -116.269364891518762, 33.231214170692432 ], [ -116.269364891518762, 33.23075040257649 ], [ -116.269506903353076, 33.23075040257649 ], [ -116.269506903353076, 33.230634460547506 ], [ -116.269648915187403, 33.230634460547506 ], [ -116.269648915187403, 33.230518518518522 ], [ -116.269790927021717, 33.230518518518522 ], [ -116.269790927021717, 33.229822866344605 ], [ -116.269932938856044, 33.229822866344605 ], [ -116.269932938856044, 33.229706924315622 ], [ -116.270358974358999, 33.229706924315622 ], [ -116.270358974358999, 33.229590982286638 ], [ -116.270500986193312, 33.229590982286638 ], [ -116.270500986193312, 33.229706924315622 ], [ -116.270785009861953, 33.229706924315622 ], [ -116.270785009861953, 33.229822866344605 ], [ -116.270927021696281, 33.229822866344605 ], [ -116.270927021696281, 33.230518518518522 ], [ -116.271069033530594, 33.230518518518522 ], [ -116.271069033530594, 33.230982286634465 ], [ -116.270927021696281, 33.230982286634465 ], [ -116.270927021696281, 33.231098228663448 ], [ -116.270785009861953, 33.231098228663448 ], [ -116.270785009861953, 33.231214170692432 ], [ -116.270500986193312, 33.231214170692432 ], [ -116.270500986193312, 33.231330112721416 ], [ -116.270358974358999, 33.231330112721416 ], [ -116.270358974358999, 33.231446054750407 ], [ -116.270216962524671, 33.231446054750407 ], [ -116.270216962524671, 33.231793880837358 ], [ -116.270358974358999, 33.231793880837358 ], [ -116.270358974358999, 33.231909822866349 ], [ -116.270500986193312, 33.231909822866349 ], [ -116.270500986193312, 33.232025764895333 ], [ -116.27064299802764, 33.232025764895333 ], [ -116.27064299802764, 33.232141706924317 ], [ -116.270785009861953, 33.232141706924317 ], [ -116.270785009861953, 33.232257648953301 ], [ -116.270927021696281, 33.232257648953301 ], [ -116.270927021696281, 33.232837359098227 ], [ -116.27064299802764, 33.232837359098227 ], [ -116.27064299802764, 33.232953301127218 ], [ -116.270500986193312, 33.232953301127218 ], [ -116.270500986193312, 33.233069243156201 ], [ -116.270074950690358, 33.233069243156201 ], [ -116.270074950690358, 33.233185185185185 ], [ -116.269790927021717, 33.233185185185185 ], [ -116.269790927021717, 33.233301127214169 ], [ -116.269506903353076, 33.233301127214169 ], [ -116.269506903353076, 33.233880837359102 ], [ -116.269364891518762, 33.233880837359102 ], [ -116.269364891518762, 33.23411272141707 ], [ -116.269222879684435, 33.23411272141707 ], [ -116.269222879684435, 33.234228663446054 ], [ -116.268654832347167, 33.234228663446054 ], [ -116.268654832347167, 33.234460547504028 ], [ -116.266382642998053, 33.234460547504028 ], [ -116.266382642998053, 33.234344605475044 ], [ -116.266098619329412, 33.234344605475044 ], [ -116.266098619329412, 33.234228663446054 ], [ -116.265956607495099, 33.234228663446054 ] ] ], [ [ [ -116.386098619329388, 33.259619967793881 ], [ -116.386098619329388, 33.259504025764898 ], [ -116.385956607495061, 33.259504025764898 ], [ -116.385956607495061, 33.259388083735914 ], [ -116.385814595660747, 33.259388083735914 ], [ -116.385814595660747, 33.258924315619971 ], [ -116.385672583826434, 33.258924315619971 ], [ -116.385672583826434, 33.258576489533013 ], [ -116.385814595660747, 33.258576489533013 ], [ -116.385814595660747, 33.257880837359103 ], [ -116.385956607495061, 33.257880837359103 ], [ -116.385956607495061, 33.257764895330112 ], [ -116.38666666666667, 33.257764895330112 ], [ -116.38666666666667, 33.257417069243161 ], [ -116.386098619329388, 33.257417069243161 ], [ -116.386098619329388, 33.25730112721417 ], [ -116.385814595660747, 33.25730112721417 ], [ -116.385814595660747, 33.257185185185186 ], [ -116.385530571992106, 33.257185185185186 ], [ -116.385530571992106, 33.256953301127218 ], [ -116.385388560157793, 33.256953301127218 ], [ -116.385388560157793, 33.256837359098228 ], [ -116.385530571992106, 33.256837359098228 ], [ -116.385530571992106, 33.25660547504026 ], [ -116.385814595660747, 33.25660547504026 ], [ -116.385814595660747, 33.256489533011276 ], [ -116.386240631163702, 33.256489533011276 ], [ -116.386240631163702, 33.256373590982285 ], [ -116.387944773175533, 33.256373590982285 ], [ -116.387944773175533, 33.256489533011276 ], [ -116.388654832347143, 33.256489533011276 ], [ -116.388654832347143, 33.25660547504026 ], [ -116.389080867850097, 33.25660547504026 ], [ -116.389080867850097, 33.256721417069244 ], [ -116.389364891518738, 33.256721417069244 ], [ -116.389364891518738, 33.256837359098228 ], [ -116.389648915187379, 33.256837359098228 ], [ -116.389648915187379, 33.256953301127218 ], [ -116.390074950690334, 33.256953301127218 ], [ -116.390074950690334, 33.257069243156202 ], [ -116.390358974358975, 33.257069243156202 ], [ -116.390358974358975, 33.257417069243161 ], [ -116.390500986193288, 33.257417069243161 ], [ -116.390500986193288, 33.257648953301128 ], [ -116.390358974358975, 33.257648953301128 ], [ -116.390358974358975, 33.257764895330112 ], [ -116.389932938856006, 33.257764895330112 ], [ -116.389932938856006, 33.257880837359103 ], [ -116.389648915187379, 33.257880837359103 ], [ -116.389648915187379, 33.258112721417071 ], [ -116.389506903353052, 33.258112721417071 ], [ -116.389506903353052, 33.258344605475045 ], [ -116.389222879684411, 33.258344605475045 ], [ -116.389222879684411, 33.258460547504029 ], [ -116.389080867850097, 33.258460547504029 ], [ -116.389080867850097, 33.258576489533013 ], [ -116.388796844181456, 33.258576489533013 ], [ -116.388796844181456, 33.258692431561997 ], [ -116.388654832347143, 33.258692431561997 ], [ -116.388654832347143, 33.258808373590988 ], [ -116.388370808678502, 33.258808373590988 ], [ -116.388370808678502, 33.259040257648955 ], [ -116.388228796844174, 33.259040257648955 ], [ -116.388228796844174, 33.259156199677939 ], [ -116.388086785009861, 33.259156199677939 ], [ -116.388086785009861, 33.259272141706923 ], [ -116.387944773175533, 33.259272141706923 ], [ -116.387944773175533, 33.259388083735914 ], [ -116.38780276134122, 33.259388083735914 ], [ -116.38780276134122, 33.259504025764898 ], [ -116.387660749506907, 33.259504025764898 ], [ -116.387660749506907, 33.259619967793881 ], [ -116.387518737672579, 33.259619967793881 ], [ -116.387518737672579, 33.259735909822865 ], [ -116.387092702169625, 33.259735909822865 ], [ -116.387092702169625, 33.259851851851856 ], [ -116.386524654832343, 33.259851851851856 ], [ -116.386524654832343, 33.259735909822865 ], [ -116.386240631163702, 33.259735909822865 ], [ -116.386240631163702, 33.259619967793881 ], [ -116.386098619329388, 33.259619967793881 ] ] ], [ [ [ -116.40058382642998, 33.347851851851857 ], [ -116.400441814595652, 33.347851851851857 ], [ -116.400441814595652, 33.347619967793882 ], [ -116.400299802761339, 33.347619967793882 ], [ -116.400299802761339, 33.347504025764898 ], [ -116.400157790927011, 33.347504025764898 ], [ -116.400157790927011, 33.347388083735915 ], [ -116.400015779092698, 33.347388083735915 ], [ -116.400015779092698, 33.347272141706931 ], [ -116.399873767258384, 33.347272141706931 ], [ -116.399873767258384, 33.34715619967794 ], [ -116.399589743589743, 33.34715619967794 ], [ -116.399589743589743, 33.347040257648956 ], [ -116.399447731755416, 33.347040257648956 ], [ -116.399447731755416, 33.346924315619972 ], [ -116.399305719921102, 33.346924315619972 ], [ -116.399305719921102, 33.346808373590989 ], [ -116.399163708086775, 33.346808373590989 ], [ -116.399163708086775, 33.346576489533014 ], [ -116.399021696252461, 33.346576489533014 ], [ -116.399021696252461, 33.34646054750403 ], [ -116.398879684418148, 33.34646054750403 ], [ -116.398879684418148, 33.346228663446055 ], [ -116.39873767258382, 33.346228663446055 ], [ -116.39873767258382, 33.345996779388088 ], [ -116.398595660749507, 33.345996779388088 ], [ -116.398595660749507, 33.345880837359104 ], [ -116.398311637080866, 33.345880837359104 ], [ -116.398311637080866, 33.345764895330113 ], [ -116.398027613412225, 33.345764895330113 ], [ -116.398027613412225, 33.345648953301129 ], [ -116.397885601577912, 33.345648953301129 ], [ -116.397885601577912, 33.345185185185187 ], [ -116.39731755424063, 33.345185185185187 ], [ -116.39731755424063, 33.345069243156203 ], [ -116.397175542406302, 33.345069243156203 ], [ -116.397175542406302, 33.344837359098229 ], [ -116.397033530571989, 33.344837359098229 ], [ -116.397033530571989, 33.344605475040261 ], [ -116.396891518737675, 33.344605475040261 ], [ -116.396891518737675, 33.344489533011277 ], [ -116.396749506903348, 33.344489533011277 ], [ -116.396749506903348, 33.344373590982293 ], [ -116.396465483234707, 33.344373590982293 ], [ -116.396465483234707, 33.344257648953302 ], [ -116.396323471400393, 33.344257648953302 ], [ -116.396323471400393, 33.344141706924319 ], [ -116.396181459566066, 33.344141706924319 ], [ -116.396181459566066, 33.344025764895335 ], [ -116.395897435897425, 33.344025764895335 ], [ -116.395897435897425, 33.343909822866351 ], [ -116.395755424063111, 33.343909822866351 ], [ -116.395755424063111, 33.34379388083736 ], [ -116.395613412228798, 33.34379388083736 ], [ -116.395613412228798, 33.343677938808376 ], [ -116.39547140039447, 33.343677938808376 ], [ -116.39547140039447, 33.343561996779393 ], [ -116.395329388560157, 33.343561996779393 ], [ -116.395329388560157, 33.343446054750409 ], [ -116.395187376725829, 33.343446054750409 ], [ -116.395187376725829, 33.343214170692434 ], [ -116.395045364891516, 33.343214170692434 ], [ -116.395045364891516, 33.342982286634467 ], [ -116.394903353057188, 33.342982286634467 ], [ -116.394903353057188, 33.342750402576492 ], [ -116.394761341222875, 33.342750402576492 ], [ -116.394761341222875, 33.342634460547508 ], [ -116.394619329388561, 33.342634460547508 ], [ -116.394619329388561, 33.342518518518524 ], [ -116.39433530571992, 33.342518518518524 ], [ -116.39433530571992, 33.342402576489533 ], [ -116.394193293885593, 33.342402576489533 ], [ -116.394193293885593, 33.342170692431566 ], [ -116.394051282051279, 33.342170692431566 ], [ -116.394051282051279, 33.342054750402582 ], [ -116.393909270216952, 33.342054750402582 ], [ -116.393909270216952, 33.341822866344607 ], [ -116.393767258382638, 33.341822866344607 ], [ -116.393767258382638, 33.341706924315623 ], [ -116.393625246548325, 33.341706924315623 ], [ -116.393625246548325, 33.341475040257649 ], [ -116.393483234713997, 33.341475040257649 ], [ -116.393483234713997, 33.341243156199681 ], [ -116.393341222879684, 33.341243156199681 ], [ -116.393341222879684, 33.341011272141714 ], [ -116.393199211045356, 33.341011272141714 ], [ -116.393199211045356, 33.340779388083739 ], [ -116.393057199211043, 33.340779388083739 ], [ -116.393057199211043, 33.34043156199678 ], [ -116.392915187376715, 33.34043156199678 ], [ -116.392915187376715, 33.340083735909829 ], [ -116.392773175542402, 33.340083735909829 ], [ -116.392773175542402, 33.33973590982287 ], [ -116.392631163708089, 33.33973590982287 ], [ -116.392631163708089, 33.339156199677944 ], [ -116.392489151873761, 33.339156199677944 ], [ -116.392489151873761, 33.339040257648954 ], [ -116.392347140039448, 33.339040257648954 ], [ -116.392347140039448, 33.338808373590986 ], [ -116.39220512820512, 33.338808373590986 ], [ -116.39220512820512, 33.338692431562002 ], [ -116.391921104536479, 33.338692431562002 ], [ -116.391921104536479, 33.338576489533011 ], [ -116.391779092702166, 33.338576489533011 ], [ -116.391779092702166, 33.338460547504027 ], [ -116.391637080867852, 33.338460547504027 ], [ -116.391637080867852, 33.338344605475044 ], [ -116.391495069033525, 33.338344605475044 ], [ -116.391495069033525, 33.338112721417076 ], [ -116.391353057199211, 33.338112721417076 ], [ -116.391353057199211, 33.337996779388085 ], [ -116.391211045364884, 33.337996779388085 ], [ -116.391211045364884, 33.337764895330118 ], [ -116.39106903353057, 33.337764895330118 ], [ -116.39106903353057, 33.337533011272143 ], [ -116.390927021696243, 33.337533011272143 ], [ -116.390927021696243, 33.337417069243159 ], [ -116.390500986193288, 33.337417069243159 ], [ -116.390500986193288, 33.337185185185191 ], [ -116.390358974358975, 33.337185185185191 ], [ -116.390358974358975, 33.336953301127217 ], [ -116.390216962524647, 33.336953301127217 ], [ -116.390216962524647, 33.336837359098233 ], [ -116.390074950690334, 33.336837359098233 ], [ -116.390074950690334, 33.336721417069249 ], [ -116.389932938856006, 33.336721417069249 ], [ -116.389932938856006, 33.336489533011274 ], [ -116.389790927021693, 33.336489533011274 ], [ -116.389790927021693, 33.335214170692431 ], [ -116.389932938856006, 33.335214170692431 ], [ -116.389932938856006, 33.334518518518522 ], [ -116.390074950690334, 33.334518518518522 ], [ -116.390074950690334, 33.334170692431563 ], [ -116.390216962524647, 33.334170692431563 ], [ -116.390216962524647, 33.333822866344612 ], [ -116.390358974358975, 33.333822866344612 ], [ -116.390358974358975, 33.333590982286637 ], [ -116.390642998027616, 33.333590982286637 ], [ -116.390642998027616, 33.333706924315621 ], [ -116.390785009861929, 33.333706924315621 ], [ -116.390785009861929, 33.333822866344612 ], [ -116.390927021696243, 33.333822866344612 ], [ -116.390927021696243, 33.333938808373595 ], [ -116.39106903353057, 33.333938808373595 ], [ -116.39106903353057, 33.334054750402579 ], [ -116.391211045364884, 33.334054750402579 ], [ -116.391211045364884, 33.334170692431563 ], [ -116.391353057199211, 33.334170692431563 ], [ -116.391353057199211, 33.334286634460554 ], [ -116.391495069033525, 33.334286634460554 ], [ -116.391495069033525, 33.334518518518522 ], [ -116.391637080867852, 33.334518518518522 ], [ -116.391637080867852, 33.334634460547505 ], [ -116.391779092702166, 33.334634460547505 ], [ -116.391779092702166, 33.334982286634464 ], [ -116.391921104536479, 33.334982286634464 ], [ -116.391921104536479, 33.336257648953307 ], [ -116.392063116370807, 33.336257648953307 ], [ -116.392063116370807, 33.336489533011274 ], [ -116.39220512820512, 33.336489533011274 ], [ -116.39220512820512, 33.336605475040258 ], [ -116.392347140039448, 33.336605475040258 ], [ -116.392347140039448, 33.336721417069249 ], [ -116.392489151873761, 33.336721417069249 ], [ -116.392489151873761, 33.336837359098233 ], [ -116.392773175542402, 33.336837359098233 ], [ -116.392773175542402, 33.336953301127217 ], [ -116.393057199211043, 33.336953301127217 ], [ -116.393057199211043, 33.337069243156201 ], [ -116.393199211045356, 33.337069243156201 ], [ -116.393199211045356, 33.337185185185191 ], [ -116.393483234713997, 33.337185185185191 ], [ -116.393483234713997, 33.337301127214175 ], [ -116.393767258382638, 33.337301127214175 ], [ -116.393767258382638, 33.337417069243159 ], [ -116.394051282051279, 33.337417069243159 ], [ -116.394051282051279, 33.337533011272143 ], [ -116.394193293885593, 33.337533011272143 ], [ -116.394193293885593, 33.337764895330118 ], [ -116.394477317554234, 33.337764895330118 ], [ -116.394477317554234, 33.337880837359101 ], [ -116.394761341222875, 33.337880837359101 ], [ -116.394761341222875, 33.337996779388085 ], [ -116.394903353057188, 33.337996779388085 ], [ -116.394903353057188, 33.338112721417076 ], [ -116.395187376725829, 33.338112721417076 ], [ -116.395187376725829, 33.338344605475044 ], [ -116.395329388560157, 33.338344605475044 ], [ -116.395329388560157, 33.338576489533011 ], [ -116.39547140039447, 33.338576489533011 ], [ -116.39547140039447, 33.339040257648954 ], [ -116.395613412228798, 33.339040257648954 ], [ -116.395613412228798, 33.339156199677944 ], [ -116.395897435897425, 33.339156199677944 ], [ -116.395897435897425, 33.339272141706928 ], [ -116.396039447731752, 33.339272141706928 ], [ -116.396039447731752, 33.339388083735912 ], [ -116.396181459566066, 33.339388083735912 ], [ -116.396181459566066, 33.339619967793887 ], [ -116.396323471400393, 33.339619967793887 ], [ -116.396323471400393, 33.33973590982287 ], [ -116.396465483234707, 33.33973590982287 ], [ -116.396465483234707, 33.339851851851854 ], [ -116.396607495069034, 33.339851851851854 ], [ -116.396607495069034, 33.340083735909829 ], [ -116.396749506903348, 33.340083735909829 ], [ -116.396749506903348, 33.340315619967797 ], [ -116.396891518737675, 33.340315619967797 ], [ -116.396891518737675, 33.340663446054755 ], [ -116.397033530571989, 33.340663446054755 ], [ -116.397033530571989, 33.341127214170697 ], [ -116.397175542406302, 33.341127214170697 ], [ -116.397175542406302, 33.341359098228665 ], [ -116.39731755424063, 33.341359098228665 ], [ -116.39731755424063, 33.341475040257649 ], [ -116.397459566074943, 33.341475040257649 ], [ -116.397459566074943, 33.341706924315623 ], [ -116.397743589743584, 33.341706924315623 ], [ -116.397743589743584, 33.342170692431566 ], [ -116.397885601577912, 33.342170692431566 ], [ -116.397885601577912, 33.342866344605476 ], [ -116.398027613412225, 33.342866344605476 ], [ -116.398027613412225, 33.342982286634467 ], [ -116.398311637080866, 33.342982286634467 ], [ -116.398311637080866, 33.34309822866345 ], [ -116.398595660749507, 33.34309822866345 ], [ -116.398595660749507, 33.343214170692434 ], [ -116.39873767258382, 33.343214170692434 ], [ -116.39873767258382, 33.343446054750409 ], [ -116.398879684418148, 33.343446054750409 ], [ -116.398879684418148, 33.343561996779393 ], [ -116.399021696252461, 33.343561996779393 ], [ -116.399021696252461, 33.34379388083736 ], [ -116.399163708086775, 33.34379388083736 ], [ -116.399163708086775, 33.344025764895335 ], [ -116.399305719921102, 33.344025764895335 ], [ -116.399305719921102, 33.344141706924319 ], [ -116.399447731755416, 33.344141706924319 ], [ -116.399447731755416, 33.344257648953302 ], [ -116.399589743589743, 33.344257648953302 ], [ -116.399589743589743, 33.344373590982293 ], [ -116.399731755424057, 33.344373590982293 ], [ -116.399731755424057, 33.344489533011277 ], [ -116.400015779092698, 33.344489533011277 ], [ -116.400015779092698, 33.344605475040261 ], [ -116.400157790927011, 33.344605475040261 ], [ -116.400157790927011, 33.344721417069245 ], [ -116.400299802761339, 33.344721417069245 ], [ -116.400299802761339, 33.344837359098229 ], [ -116.400441814595652, 33.344837359098229 ], [ -116.400441814595652, 33.345069243156203 ], [ -116.40058382642998, 33.345069243156203 ], [ -116.40058382642998, 33.345185185185187 ], [ -116.400725838264293, 33.345185185185187 ], [ -116.400725838264293, 33.345417069243162 ], [ -116.400867850098621, 33.345417069243162 ], [ -116.400867850098621, 33.345648953301129 ], [ -116.401009861932934, 33.345648953301129 ], [ -116.401009861932934, 33.345880837359104 ], [ -116.401151873767247, 33.345880837359104 ], [ -116.401151873767247, 33.345996779388088 ], [ -116.401293885601575, 33.345996779388088 ], [ -116.401293885601575, 33.346112721417072 ], [ -116.401435897435888, 33.346112721417072 ], [ -116.401435897435888, 33.34646054750403 ], [ -116.401577909270216, 33.34646054750403 ], [ -116.401577909270216, 33.34715619967794 ], [ -116.401719921104529, 33.34715619967794 ], [ -116.401719921104529, 33.347272141706931 ], [ -116.40200394477317, 33.347272141706931 ], [ -116.40200394477317, 33.347388083735915 ], [ -116.402145956607484, 33.347388083735915 ], [ -116.402145956607484, 33.347504025764898 ], [ -116.402287968441811, 33.347504025764898 ], [ -116.402287968441811, 33.347851851851857 ], [ -116.402429980276125, 33.347851851851857 ], [ -116.402429980276125, 33.348083735909825 ], [ -116.402287968441811, 33.348083735909825 ], [ -116.402287968441811, 33.348199677938808 ], [ -116.400867850098621, 33.348199677938808 ], [ -116.400867850098621, 33.348083735909825 ], [ -116.40058382642998, 33.348083735909825 ], [ -116.40058382642998, 33.347851851851857 ] ] ], [ [ [ -116.380986193293879, 33.354228663446058 ], [ -116.380986193293879, 33.354112721417074 ], [ -116.380844181459565, 33.354112721417074 ], [ -116.380844181459565, 33.3538808373591 ], [ -116.380702169625252, 33.3538808373591 ], [ -116.380702169625252, 33.353648953301132 ], [ -116.380560157790924, 33.353648953301132 ], [ -116.380560157790924, 33.353533011272148 ], [ -116.380418145956611, 33.353533011272148 ], [ -116.380418145956611, 33.353417069243157 ], [ -116.380276134122283, 33.353417069243157 ], [ -116.380276134122283, 33.353069243156206 ], [ -116.38013412228797, 33.353069243156206 ], [ -116.38013412228797, 33.352373590982289 ], [ -116.379992110453642, 33.352373590982289 ], [ -116.379992110453642, 33.351677938808379 ], [ -116.379850098619329, 33.351677938808379 ], [ -116.379850098619329, 33.351330112721421 ], [ -116.379424063116375, 33.351330112721421 ], [ -116.379424063116375, 33.351793880837363 ], [ -116.379282051282047, 33.351793880837363 ], [ -116.379282051282047, 33.352257648953305 ], [ -116.378856015779093, 33.352257648953305 ], [ -116.378856015779093, 33.352141706924321 ], [ -116.378571992110452, 33.352141706924321 ], [ -116.378571992110452, 33.35202576489533 ], [ -116.378287968441811, 33.35202576489533 ], [ -116.378287968441811, 33.351793880837363 ], [ -116.378145956607497, 33.351793880837363 ], [ -116.378145956607497, 33.351330112721421 ], [ -116.37800394477317, 33.351330112721421 ], [ -116.37800394477317, 33.351214170692437 ], [ -116.377719921104543, 33.351214170692437 ], [ -116.377719921104543, 33.35051851851852 ], [ -116.377861932938856, 33.35051851851852 ], [ -116.377861932938856, 33.350402576489536 ], [ -116.37800394477317, 33.350402576489536 ], [ -116.37800394477317, 33.350286634460552 ], [ -116.378571992110452, 33.350286634460552 ], [ -116.378571992110452, 33.350402576489536 ], [ -116.378714003944779, 33.350402576489536 ], [ -116.378714003944779, 33.35051851851852 ], [ -116.378856015779093, 33.35051851851852 ], [ -116.378856015779093, 33.350750402576494 ], [ -116.378998027613406, 33.350750402576494 ], [ -116.378998027613406, 33.350982286634462 ], [ -116.379424063116375, 33.350982286634462 ], [ -116.379424063116375, 33.350286634460552 ], [ -116.379708086785016, 33.350286634460552 ], [ -116.379708086785016, 33.350402576489536 ], [ -116.38013412228797, 33.350402576489536 ], [ -116.38013412228797, 33.35051851851852 ], [ -116.380418145956611, 33.35051851851852 ], [ -116.380418145956611, 33.350634460547511 ], [ -116.380560157790924, 33.350634460547511 ], [ -116.380560157790924, 33.350750402576494 ], [ -116.380702169625252, 33.350750402576494 ], [ -116.380702169625252, 33.350866344605478 ], [ -116.380844181459565, 33.350866344605478 ], [ -116.380844181459565, 33.351098228663453 ], [ -116.380986193293879, 33.351098228663453 ], [ -116.380986193293879, 33.351214170692437 ], [ -116.38127021696252, 33.351214170692437 ], [ -116.38127021696252, 33.351330112721421 ], [ -116.381412228796847, 33.351330112721421 ], [ -116.381412228796847, 33.351677938808379 ], [ -116.381554240631161, 33.351677938808379 ], [ -116.381554240631161, 33.351909822866347 ], [ -116.381696252465488, 33.351909822866347 ], [ -116.381696252465488, 33.352257648953305 ], [ -116.381838264299802, 33.352257648953305 ], [ -116.381838264299802, 33.352489533011273 ], [ -116.381980276134115, 33.352489533011273 ], [ -116.381980276134115, 33.352837359098231 ], [ -116.382122287968443, 33.352837359098231 ], [ -116.382122287968443, 33.352953301127215 ], [ -116.382264299802756, 33.352953301127215 ], [ -116.382264299802756, 33.35318518518519 ], [ -116.382406311637084, 33.35318518518519 ], [ -116.382406311637084, 33.353417069243157 ], [ -116.382548323471397, 33.353417069243157 ], [ -116.382548323471397, 33.353533011272148 ], [ -116.382690335305725, 33.353533011272148 ], [ -116.382690335305725, 33.353648953301132 ], [ -116.382832347140038, 33.353648953301132 ], [ -116.382832347140038, 33.353764895330116 ], [ -116.382974358974352, 33.353764895330116 ], [ -116.382974358974352, 33.354460547504033 ], [ -116.382832347140038, 33.354460547504033 ], [ -116.382832347140038, 33.354344605475042 ], [ -116.381980276134115, 33.354344605475042 ], [ -116.381980276134115, 33.354228663446058 ], [ -116.380986193293879, 33.354228663446058 ] ] ], [ [ [ -116.322761341222886, 33.380199677938812 ], [ -116.322761341222886, 33.380083735909828 ], [ -116.322619329388573, 33.380083735909828 ], [ -116.322619329388573, 33.377764895330117 ], [ -116.322761341222886, 33.377764895330117 ], [ -116.322761341222886, 33.377533011272149 ], [ -116.323045364891527, 33.377533011272149 ], [ -116.323045364891527, 33.377417069243158 ], [ -116.329861932938869, 33.377417069243158 ], [ -116.329861932938869, 33.377533011272149 ], [ -116.330003944773182, 33.377533011272149 ], [ -116.330003944773182, 33.377648953301133 ], [ -116.33014595660751, 33.377648953301133 ], [ -116.33014595660751, 33.380199677938812 ], [ -116.330003944773182, 33.380199677938812 ], [ -116.330003944773182, 33.380315619967796 ], [ -116.329861932938869, 33.380315619967796 ], [ -116.329861932938869, 33.380431561996787 ], [ -116.323045364891527, 33.380431561996787 ], [ -116.323045364891527, 33.380315619967796 ], [ -116.322903353057214, 33.380315619967796 ], [ -116.322903353057214, 33.380199677938812 ], [ -116.322761341222886, 33.380199677938812 ] ] ] ] } }
]
}
